TAZID,CO_TAZID,DevAcres,HH,Job,Job_byAuto,Job_byTran,Job_byBike,Job_byWalk,act_Job_byAuto,act_Job_byTran,act_Job_byBike,act_Job_byWalk,Loss_Job_Cong,Loss_Job_Net,Loss_Job_Abs,act_Loss_Job_Cong,act_Loss_Job_Net,act_Loss_Job_Abs,HH_byAuto,HH_byTran,HH_byBike,HH_byWalk,act_HH_byAuto,act_HH_byTran,act_HH_byBike,act_HH_byWalk,Loss_HH_Cong,Loss_HH_Net,Loss_HH_Abs,act_Loss_HH_Cong,act_Loss_HH_Net,act_Loss_HH_Abs,tmp_Job_byTran_wk,tmp_Job_byTran_dr,tmp_HH_byTran_wk,tmp_HH_byTran_dr,tmp_Job_byAuto_FF,tmp_Job_byAuto_SL,tmp_HH_byAuto_FF,tmp_HH_byAuto_SL
         1,     43001,1725.62693,         0,         0,     32097,         0,      1284,         0,         0,         0,         0,         0,     -1221,    -11099,    -12320,         0,         0,         0,     14959,         0,      1735,         0,         0,         0,         0,         0,      -351,     -6838,     -7190,         0,         0,         0,         0,         0,         0,         0,     33318,     44417,     15310,     22149
         2,     43002,714.346992,         0,         0,     33888,      4460,      3492,         0,         0,         0,         0,         0,     -1811,     -9535,    -11346,         0,         0,         0,     16089,       970,      2653,         0,         0,         0,         0,         0,      -545,     -6250,     -6794,         0,         0,         0,         0,      4460,         0,       970,     35699,     45234,     16634,     22883
         3,     43003,409.738922,      34.7,       3.5,     38628,      4879,      4606,         4,   1340401,    169293,    159836,       121,     -1218,     -9914,    -11132,    -42274,   -344022,   -386295,     18316,      1057,      3370,        35,     64107,      3701,     11796,       121,      -350,     -6147,     -6497,     -1224,    -21515,    -22739,         0,      4879,         0,      1057,     39847,     49761,     18666,     24813
         4,     43004,577.140402,     478.1,     310.6,     38468,      7355,      6619,       369,  18391342,   3516342,   3164679,    176521,     -1893,     -8454,    -10348,   -905148,  -4042054,  -4947202,     18449,      1825,      3997,       483,   5730230,    566954,   1241600,    150072,      -584,     -5465,     -6049,   -181259,  -1697526,  -1878785,      3418,      7355,       932,      1825,     40361,     48815,     19032,     24498
         5,     43005,1788.62809,     538.9,     135.1,     40211,      7083,      8243,       325,  21669845,   3816924,   4441942,    175014,     -1900,     -8001,     -9901,  -1023948,  -4311682,  -5335630,     19327,      1723,      4441,       539,   2611051,    232824,    600026,     72805,      -597,     -5388,     -5985,    -80655,   -727901,   -808556,      5549,      7083,      1481,      1723,     42111,     50112,     19924,     25312
         6,     43006, 91.960244,         0,     348.4,     42380,     12135,      9606,      1003,         0,         0,         0,         0,     -1651,     -7048,     -8699,         0,         0,         0,     20459,      3444,      4954,       666,   7127994,   1199932,   1725808,    231971,      -504,     -4818,     -5322,   -175766,  -1678533,  -1854298,     12135,      7337,      3444,      1797,     44030,     51079,     20964,     25782
         7,     43007, 45.904394,      25.8,      11.8,     42844,      9266,     10929,      1431,   1105379,    239057,    281957,     36927,     -1006,     -6888,     -7894,    -25951,   -177718,   -203668,     20396,      2405,      5340,       650,    240676,     28379,     63006,      7668,      -334,     -5135,     -5468,     -3936,    -60589,    -64524,      9266,      7311,      2405,      1704,     43850,     50738,     20730,     25864
         8,     43008, 73.247052,         0,     553.3,     43765,      6032,     12898,       945,         0,         0,         0,         0,      -936,     -5989,     -6925,         0,         0,         0,     20645,      1644,      5941,       473,  11422650,    909555,   3287282,    261484,      -286,     -4478,     -4764,   -158265,  -2477415,  -2635680,         0,      6032,         0,      1644,     44701,     50690,     20931,     25408
         9,     43009,660.510269,     643.4,     210.6,     36975,      4695,      5951,       211,  23790018,   3020806,   3828554,    135500,     -1225,    -12532,    -13756,   -787903,  -8062994,  -8850897,     17471,      1019,      3592,       643,   3679295,    214518,    756439,    135500,      -351,     -7366,     -7717,    -74005,  -1551205,  -1625210,         0,      4695,         0,      1019,     38200,     50732,     17822,     25188
        10,     43010,1103.25972,     744.3,     183.5,     35992,      4825,     10510,       207,  26788840,   3591125,   7822228,    153932,     -1887,    -12301,    -14188,  -1404659,  -9155774, -10560433,     16895,      1252,      4966,       762,   3100304,    229716,    911259,    139744,      -700,     -7482,     -8182,   -128462,  -1372997,  -1501460,      4039,      4825,      1252,      1046,     37879,     50180,     17595,     25078
        11,     43011,2219.83992,      61.0,       3.6,     38494,         0,      6814,         4,   2348104,         0,    415644,       220,     -1596,     -8763,    -10359,    -97377,   -534544,   -631920,     18600,         0,      3585,        61,     66961,         0,     12905,       220,      -465,     -5348,     -5813,     -1672,    -19254,    -20927,         0,         0,         0,         0,     40090,     48853,     19065,     24413
        12,     43012,631.035682,      23.0,       5.2,     38012,         0,      2821,         5,    874278,         0,     64876,       120,     -1787,     -9267,    -11054,    -41098,   -213152,   -254250,     18332,         0,      1876,        23,     95326,         0,      9756,       120,      -509,     -5870,     -6379,     -2649,    -30524,    -33173,         0,         0,         0,         0,     39799,     49066,     18841,     24711
        13,     43013,593.438544,      60.0,       1.8,     42351,      4635,      6376,         8,   2541074,    278097,    382582,       468,     -1787,     -8047,     -9835,   -107242,   -482843,   -590085,     20627,       992,      3305,        74,     37128,      1785,      5950,       133,      -514,     -5150,     -5664,      -926,     -9270,    -10195,         0,      4635,         0,       992,     44139,     52186,     21141,     26291
        14,     43014,496.524149,      30.1,      56.3,     41293,      4531,      3396,        56,   1242923,    136395,    102227,      1695,     -1788,     -8213,    -10001,    -53817,   -247224,   -301041,     20064,       985,      2234,        30,   1129593,     55439,    125776,      1695,      -514,     -5483,     -5997,    -28951,   -308681,   -337632,         0,      4531,         0,       985,     43081,     51294,     20578,     26061
        15,     43015,578.499435,      39.4,       3.7,     43748,      4787,      5821,         4,   1723671,    188594,    229356,       146,     -1778,     -7731,     -9509,    -70065,   -304607,   -374672,     21374,      1022,      3056,        39,     79082,      3783,     11306,       146,      -514,     -5116,     -5629,     -1900,    -18929,    -20828,         0,      4787,         0,      1022,     45526,     53257,     21887,     27003
        16,     43016,369.873297,      72.1,      30.8,     46117,      6005,      8894,        31,   3325039,    432967,    641261,      2246,     -1743,     -5449,     -7192,   -125663,   -392858,   -518520,     22656,      1312,      4291,        84,    697791,     40402,    132165,      2581,      -508,     -3674,     -4182,    -15658,   -113150,   -128808,         0,      6005,         0,      1312,     47860,     53309,     23164,     26838
        17,     43017,1377.12976,      65.2,     349.7,     45648,      6472,     14411,       350,   2976249,    421976,    939575,     22800,     -1025,     -5950,     -6975,    -66824,   -387916,   -454740,     21966,      2104,      6414,        65,   7681363,    735617,   2242924,     22800,      -337,     -4058,     -4395,   -117887,  -1419034,  -1536921,      3594,      6472,       641,      2104,     46673,     52623,     22303,     26361
        18,     43018,464.795362,      76.7,      62.0,     48729,      6336,     12258,        74,   3737492,    486001,    940205,      5712,     -1621,     -4462,     -6084,   -124349,   -342261,   -466610,     24162,      1377,      5397,        86,   1498051,     85370,    334623,      5307,      -475,     -2982,     -3456,    -29441,   -184861,   -214303,         0,      6336,         0,      1377,     50350,     54812,     24637,     27619
        19,     43019,467.654668,     114.4,     160.5,     46012,      5992,      9232,       165,   5263798,    685503,   1056150,     18912,     -1749,     -6512,     -8262,   -200103,   -745013,   -945117,     22597,      1309,      4246,       262,   3626883,    210105,    681486,     42053,      -510,     -4276,     -4786,    -81874,   -686258,   -768132,         0,      5992,         0,      1309,     47761,     54274,     23108,     27383
        20,     43020, 46.520611,         0,      88.3,     45985,      6378,     14499,      1502,         0,         0,         0,         0,      -918,     -5594,     -6513,         0,         0,         0,     21816,      1630,      6555,       262,   1926312,    143931,    578808,     23143,      -282,     -4276,     -4558,    -24877,   -377582,   -402459,         0,      6378,         0,      1630,     46904,     52498,     22097,     26373
        21,     43021, 94.912065,      85.7,      66.3,     44776,     10836,     15756,      5868,   3837322,    928660,   1350304,    502918,      -925,     -6861,     -7786,    -79266,   -588008,   -667274,     21048,      2350,      6918,       556,   1395513,    155819,    458687,     36887,      -291,     -4994,     -5285,    -19321,   -331070,   -350391,     10836,      6817,      2350,      1931,     45701,     52562,     21340,     26333
        22,     43022, 51.967097,     150.4,      53.5,     44462,     13097,     16793,      3618,   6687124,   1969809,   2525607,    544153,     -1008,     -7883,     -8891,   -151618,  -1185604,  -1337222,     20874,      2979,      7035,       696,   1116750,    159360,    376379,     37225,      -353,     -5502,     -5855,    -18891,   -294333,   -313224,     13097,      6750,      2979,      1868,     45470,     53353,     21227,     26728
        23,     43023, 87.797784,         0,         0,     44767,     14021,     15043,      1954,         0,         0,         0,         0,      -939,     -6613,     -7552,         0,         0,         0,     20864,      3858,      6617,       326,         0,         0,         0,         0,      -310,     -4965,     -5275,         0,         0,         0,     14021,      6632,      3858,      1911,     45706,     52319,     21174,     26140
        24,     43024, 22.423837,     162.0,       3.4,     44695,     16768,     15006,      2664,   7240567,   2716407,   2430969,    431631,     -1174,     -6779,     -7954,   -190262,  -1098241,  -1288504,     20935,      4439,      6661,       367,     71178,     15093,     22648,      1248,      -429,     -4969,     -5398,     -1460,    -16894,    -18354,     16768,      6733,      4439,      1872,     45869,     52649,     21364,     26333
        25,     43025, 55.897763,         0,     794.1,     44670,     17379,     15254,      4017,         0,         0,         0,         0,     -1086,     -6366,     -7452,         0,         0,         0,     20876,      4964,      6750,       410,  16577825,   3941572,   5359940,    325443,      -387,     -4807,     -5195,   -307629,  -3817378,  -4125007,     17379,      6494,      4964,      1681,     45756,     52121,     21264,     26071
        26,     43026, 19.183164,      19.3,     264.2,     45664,     19231,     15492,      5669,    881314,    371166,    298997,    109407,     -1009,     -5930,     -6939,    -19473,   -114452,   -133924,     21396,      5173,      6847,       541,   5652899,   1366709,   1808929,    142804,      -350,     -4615,     -4964,    -92404,  -1219186,  -1311590,     19231,      6670,      5173,      1782,     46673,     52603,     21746,     26361
        27,     43027, 21.155020,     148.9,      15.9,     45829,     15899,     15539,      3747,   6823936,   2367411,   2313733,    558001,      -936,     -6418,     -7354,   -139398,   -955629,  -1095027,     21466,      4141,      6758,       390,    341307,     65843,    107451,      6204,      -307,     -4825,     -5131,     -4874,    -76716,    -81590,     15899,      6798,      4141,      1955,     46765,     53183,     21772,     26597
        28,     43028, 59.722067,         0,     370.7,     47497,     16867,     16086,      5240,         0,         0,         0,         0,      -900,     -5507,     -6407,         0,         0,         0,     22281,      4403,      6838,       525,   8259402,   1632223,   2534725,    194665,      -316,     -4428,     -4744,   -117224,  -1641445,  -1758669,     16867,      6559,      4403,      1753,     48396,     53903,     22597,     27025
        29,     43029, 25.158242,         0,     324.7,     46107,     19542,     15749,      6013,         0,         0,         0,         0,      -940,     -5752,     -6692,         0,         0,         0,     21629,      5223,      6865,       562,   7022823,   1696021,   2228918,    182583,      -317,     -4505,     -4822,   -103049,  -1462696,  -1565745,     19542,      6639,      5223,      1782,     47046,     52798,     21946,     26451
        30,     43030, 17.736186,         0,     407.7,     46657,     20404,     15958,      6555,         0,         0,         0,         0,      -936,     -5459,     -6395,         0,         0,         0,     21933,      5069,      6917,       612,   8942010,   2066623,   2820177,    249535,      -315,     -4368,     -4683,   -128472,  -1780844,  -1909316,     20404,      6786,      5069,      1712,     47592,     53051,     22248,     26616
        31,     43031, 15.786212,         0,     417.6,     46752,     20357,     16519,      6538,         0,         0,         0,         0,      -923,     -5615,     -6538,         0,         0,         0,     21930,      5025,      6966,       628,   9158152,   2098513,   2909072,    262235,      -318,     -4474,     -4792,   -132934,  -1868247,  -2001181,     20357,      6576,      5025,      1766,     47675,     53291,     22249,     26723
        32,     43032, 16.715941,         0,    1257.0,     46506,     18060,     16229,      6423,         0,         0,         0,         0,      -952,     -5741,     -6693,         0,         0,         0,     21822,      5094,      6970,       620,  27430570,   6403020,   8760804,    779457,      -339,     -4531,     -4870,   -426424,  -5695033,  -6121457,     18060,      6558,      5094,      1756,     47458,     53199,     22161,     26692
        33,     43033, 55.702348,      48.0,    1507.9,     46406,     15963,     16908,      5954,   2227477,    766214,    811592,    285799,      -955,     -6046,     -7002,    -45860,   -290212,   -336072,     21695,      4624,      7055,       642,  32714632,   6972748,  10638391,    968275,      -343,     -4744,     -5087,   -517751,  -7152860,  -7670610,     15963,      6599,      4624,      1762,     47361,     53407,     22039,     26782
        34,     43034,180.531115,         0,         0,     45882,     12042,     16053,      1183,         0,         0,         0,         0,      -957,     -6805,     -7762,         0,         0,         0,     21292,      3056,      6686,       262,         0,         0,         0,         0,      -345,     -5129,     -5474,         0,         0,         0,     12042,      6885,      3056,      1903,     46839,     53644,     21637,     26766
        35,     43035,202.679905,     157.0,      78.0,     47559,     16848,     18082,      1318,   7466810,   2645158,   2838812,    206871,      -811,     -6014,     -6825,   -127309,   -944140,  -1071449,     21710,      4099,      6908,       369,   1693355,    319704,    538830,     28788,      -413,     -5145,     -5558,    -32236,   -401316,   -433552,     16848,      6101,      4099,      1476,     48370,     54384,     22123,     27268
        36,     43036, 61.122869,     173.7,    1245.0,     45924,     14521,     17685,      5446,   7976967,   2522221,   3071875,    945942,     -1060,     -6678,     -7739,   -184172,  -1160024,  -1344196,     21295,      4043,      7114,       531,  26511837,   5034029,   8857046,    661527,      -413,     -5139,     -5552,   -514458,  -6397892,  -6912350,     14521,      6489,      4043,      1730,     46984,     53662,     21708,     26847
        37,     43037,659.114905,         0,      14.1,     43674,      7636,     19845,       508,         0,         0,         0,         0,     -1122,     -8739,     -9861,         0,         0,         0,     20330,      1984,      7326,       324,    286651,     27969,    103303,      4571,      -448,     -5654,     -6103,     -6323,    -79728,    -86051,      7636,      6454,      1889,      1984,     44795,     53535,     20778,     26433
        38,     43038, 55.230490,       8.7,       3.6,     45743,      5349,     21085,        94,    397962,     46540,    183440,       819,      -678,     -8093,     -8771,     -5896,    -70410,    -76306,     21216,      1156,      7328,       132,     76377,      4160,     26383,       476,      -281,     -5655,     -5937,     -1012,    -20360,    -21372,         0,      5349,         0,      1156,     46420,     54514,     21497,     27152
        39,     43039,231.249227,         0,     546.5,     41460,      5503,     15511,       547,         0,         0,         0,         0,      -993,    -10992,    -11985,         0,         0,         0,     18732,      1193,      5695,         0,  10236872,    651717,   3112301,         0,      -366,     -7301,     -7667,   -200241,  -3990047,  -4190288,         0,      5503,         0,      1193,     42453,     53445,     19098,     26399
        40,     43040,281.620299,     202.6,     429.3,     45194,     13587,     19081,       932,   9156244,   2752712,   3865785,    188753,     -1132,     -8221,     -9352,   -229299,  -1665487,  -1894786,     19330,      2965,      6115,       377,   8298355,   1272872,   2625195,    161819,      -734,     -7014,     -7748,   -314991,  -3011186,  -3326177,     13587,       125,      2965,        27,     46325,     54546,     20064,     27078
        41,     43041,312.745070,     532.9,    1017.8,     46547,     14902,     21331,      1057,  24805031,   7941148,  11367114,    563497,      -956,     -7489,     -8445,   -509381,  -3990698,  -4500079,     20470,      3465,      7037,       816,  20834609,   3526907,   7162491,    830460,      -547,     -6456,     -7003,   -557031,  -6570595,  -7127626,     14902,       825,      3465,       736,     47503,     54992,     21018,     27473
        42,     43042, 65.553398,     107.6,      21.1,     44824,      2487,     22055,       356,   4823067,    267586,   2373110,     38272,      -889,     -9403,    -10293,    -95676,  -1011814,  -1107490,     19637,      1137,      7410,       338,    414351,     23983,    156353,      7128,      -515,     -7545,     -8060,    -10870,   -159203,   -170073,         0,      2487,         0,      1137,     45713,     55117,     20153,     27698
        43,     43043, 92.306554,      14.5,       3.5,     44237,      4835,     22511,        46,    641443,     70108,    326403,       665,      -676,     -9475,    -10151,     -9797,   -137386,   -147183,     20013,      1021,      7500,       145,     70046,      3574,     26249,       506,      -273,     -6727,     -7000,      -956,    -23543,    -24499,         0,      4835,         0,      1021,     44913,     54388,     20286,     27013
        44,     43044, 54.488364,     154.5,       8.9,     46421,     18359,     22452,      1061,   7172101,   2836446,   3468760,    163974,     -1134,     -6921,     -8055,   -175250,  -1069295,  -1244545,     20015,      4390,      6849,       720,    178131,     39073,     60952,      6407,      -799,     -6211,     -7009,     -7109,    -55274,    -62383,     18359,       985,      4390,       933,     47556,     54477,     20813,     27024
        45,     43045,156.887397,      58.2,      11.0,     44796,     11367,     23212,       692,   2607154,    661535,   1350929,     40254,      -945,     -9372,    -10317,    -55013,   -545430,   -600443,     19295,      2507,      7283,       623,    212240,     27582,     80115,      6852,      -536,     -7703,     -8239,     -5892,    -84734,    -90626,     11367,       146,      2507,        75,     45742,     55113,     19830,     27533
        46,     43046,188.864399,       7.8,         0,     44190,       115,     23529,        37,    344684,       896,    183530,       291,      -816,     -9540,    -10356,     -6363,    -74412,    -80776,     18895,        25,      7510,       201,         0,         0,         0,         0,      -418,     -7826,     -8244,         0,         0,         0,         0,       115,         0,        25,     45006,     54546,     19314,     27140
        47,     43047,177.389070,      24.1,       5.9,     44352,       107,     23491,        10,   1068885,      2580,    566145,       247,      -712,     -9788,    -10500,    -17150,   -235896,   -253047,     19388,        23,      7524,        49,    114389,       137,     44394,       287,      -313,     -7695,     -8008,     -1849,    -45401,    -47250,         0,       107,         0,        23,     45064,     54852,     19701,     27396
        48,     43048,233.257463,         0,         0,     39179,       103,     14055,         0,         0,         0,         0,         0,     -2139,    -10444,    -12584,         0,         0,         0,     15835,        22,      4339,         0,         0,         0,         0,         0,     -1301,     -7936,     -9237,         0,         0,         0,         0,       103,         0,        22,     41318,     51763,     17136,     25072
        49,     43049, 56.709939,      93.1,     555.4,     46276,     18893,     20212,      2479,   4308334,   1758892,   1881707,    230801,     -1255,     -6669,     -7924,   -116843,   -620896,   -737740,     19850,      4374,      6098,       703,  11024863,   2429534,   3387013,    390631,      -902,     -6004,     -6906,   -501102,  -3334493,  -3835595,     18893,       137,      4374,        23,     47531,     54201,     20753,     26756
        50,     43050, 62.083765,      12.8,      79.5,     47018,     19915,     22252,       692,    601836,    254910,    284828,      8863,     -1114,     -6561,     -7675,    -14256,    -83978,    -98234,     20404,      4934,      6626,       598,   1622126,    392239,    526774,     47572,      -814,     -5947,     -6762,    -64724,   -472825,   -537549,     19915,      1003,      4934,       944,     48132,     54693,     21218,     27166
        51,     43051,107.990485,      14.8,       3.4,     45184,     17310,     23378,       224,    668729,    256182,    345993,      3309,     -1228,     -8268,     -9496,    -18180,   -122359,   -140540,     19262,      3989,      6850,       425,     65489,     13563,     23291,      1446,      -816,     -7080,     -7896,     -2774,    -24072,    -26846,     17310,       128,      3989,        27,     46413,     54680,     20077,     27157
        52,     43052,296.247525,      29.7,       1.8,     44465,     10006,     24879,        11,   1320600,    297192,    738917,       332,     -1230,     -9186,    -10416,    -36529,   -272837,   -309366,     18846,      1964,      7292,        75,     33923,      3535,     13125,       135,      -801,     -7721,     -8522,     -1441,    -13898,    -15339,     10006,       122,      1964,        26,     45695,     54881,     19647,     27368
        53,     43053,161.482196,         0,         0,     44387,       107,     24824,        11,         0,         0,         0,         0,      -709,    -10026,    -10735,         0,         0,         0,     19405,        23,      7499,        60,         0,         0,         0,         0,      -314,     -7853,     -8167,         0,         0,         0,         0,       107,         0,        23,     45096,     55122,     19719,     27572
        54,     43054,187.947395,      11.9,         0,     43523,      1065,     24919,        27,    517919,     12676,    296542,       324,      -683,    -10921,    -11604,     -8126,   -129956,   -138082,     19237,       406,      7463,       106,         0,         0,         0,         0,      -272,     -8006,     -8278,         0,         0,         0,         0,      1065,         0,       406,     44205,     55126,     19509,     27514
        55,     43055,112.230726,      49.4,    3051.1,     42153,     13115,     18144,      3359,   2082346,    647894,    896312,    165913,     -2099,     -9077,    -11176,   -103679,   -448419,   -552098,     17443,      3304,      5235,       292,  53219974,  10081962,  15973362,    890502,     -1283,     -7281,     -8564,  -3914859, -22215526, -26130386,     13115,       126,      3304,        22,     44252,     53329,     18726,     26007
        56,     43056, 12.457065,      24.8,       1.8,     46141,     21697,     20078,      3693,   1144289,    538075,    497944,     91599,     -1459,     -6874,     -8332,    -36172,   -170468,   -206640,     19724,      5168,      5907,       595,     35502,      9303,     10633,      1072,     -1059,     -6159,     -7219,     -1907,    -11087,    -12994,     21697,       139,      5168,        23,     47599,     54473,     20783,     26942
        57,     43057, 11.504439,      11.2,         0,     45093,     22386,     20798,      2516,    505037,    250721,    232937,     28184,     -1455,     -7261,     -8716,    -16298,    -81318,    -97616,     19064,      5381,      6140,       652,         0,         0,         0,         0,      -999,     -6379,     -7378,         0,         0,         0,     22386,       141,      5381,        24,     46548,     53808,     20063,     26443
        58,     43058, 20.839807,      37.4,         0,     46727,     21198,     20620,      3244,   1747577,    792804,    771173,    121340,     -1223,     -6650,     -7873,    -45729,   -248703,   -294432,     20108,      5005,      5940,       519,         0,         0,         0,         0,      -911,     -6005,     -6916,         0,         0,         0,     21198,       143,      5005,        24,     47949,     54599,     21019,     27024
        59,     43059, 42.712718,     162.9,         0,     46167,     22285,     21371,      2086,   7520665,   3630261,   3481359,    339807,     -1344,     -7129,     -8474,   -218942,  -1161393,  -1380334,     19740,      5238,      6164,       542,         0,         0,         0,         0,      -980,     -6341,     -7321,         0,         0,         0,     22285,       138,      5238,        23,     47511,     54641,     20720,     27062
        60,     43060, 32.878731,      71.8,      30.5,     47242,     22373,     22182,       615,   3391952,   1606381,   1592692,     44149,     -1254,     -6342,     -7597,    -90043,   -455390,   -545433,     20493,      5417,      6460,       573,    625042,    165229,    197015,     17464,      -935,     -5828,     -6763,    -28505,   -177759,   -206264,     22373,      4549,      5417,      2309,     48496,     54838,     21428,     27256
        61,     43061, 40.155740,       7.8,         0,     47813,     21266,     23252,       163,    372941,    165874,    181363,      1270,     -1182,     -6162,     -7344,     -9222,    -48065,    -57287,     20856,      5071,      6601,       368,         0,         0,         0,         0,      -918,     -5750,     -6668,         0,         0,         0,     21266,      3690,      5071,      1420,     48995,     55157,     21774,     27524
        62,     43062, 37.133481,       7.7,         0,     44317,     16702,     19817,      3336,    341239,    128607,    152594,     25687,     -1443,     -8015,     -9457,    -11109,    -61713,    -72822,     18611,      3718,      5581,       416,         0,         0,         0,         0,      -938,     -6792,     -7729,         0,         0,         0,     16702,       139,      3718,        23,     45759,     53774,     19549,     26340
        63,     43063,197.834349,       4.8,      27.6,     47181,     17790,     22426,        84,    226469,     85390,    107643,       404,     -1214,     -6690,     -7904,     -5827,    -32111,    -37937,     20386,      4103,      6172,       301,    562658,    113240,    170337,      8318,      -924,     -6113,     -7037,    -25514,   -168720,   -194234,     17790,      3749,      4103,      1377,     48395,     55085,     21311,     27424
        64,     43064,2823.35794,      74.3,     111.2,     38033,       100,     13039,       111,   2825821,      7428,    968804,      8262,     -1534,    -13405,    -14939,   -113969,   -996004,  -1109973,     15263,        18,      3088,        74,   1697212,      2040,    343438,      8262,      -938,     -9629,    -10566,   -104265,  -1070719,  -1174985,         0,       100,         0,        18,     39566,     52972,     16200,     25829
        65,     43065,354.902207,     110.3,         0,     47390,     16181,     25018,         6,   5227075,   1784729,   2759474,       624,     -1287,     -6881,     -8168,   -141903,   -758998,   -900901,     20616,      3387,      6472,       181,         0,         0,         0,         0,      -919,     -6284,     -7202,         0,         0,         0,     16181,      3662,      3387,      1533,     48676,     55557,     21534,     27818
        66,     43066,225.299718,      82.0,      73.0,     46560,     14694,     26058,       121,   3817947,   1204942,   2136785,      9886,     -1322,     -7682,     -9003,   -108373,   -629902,   -738275,     20066,      3107,      7203,       297,   1464816,    226791,    525803,     21683,      -925,     -6910,     -7836,    -67552,   -504458,   -572010,     14694,      4134,      3107,      1752,     47882,     55564,     20991,     27902
        67,     43067,222.353024,     168.3,      20.4,     45734,      7869,     25204,       631,   7697037,   1324357,   4241815,    106270,     -1321,     -8338,     -9659,   -222273,  -1403281,  -1625554,     19683,      1594,      7203,       550,    401541,     32522,    146946,     11211,      -846,     -7235,     -8081,    -17253,   -147594,   -164847,      7869,       291,      1594,       130,     47055,     55393,     20529,     27764
        68,     43068, 97.754819,     138.9,       8.0,     47346,     19560,     25130,       471,   6576293,   2716857,   3490578,     65363,     -1274,     -7227,     -8501,   -176932,  -1003844,  -1180776,     20713,      4405,      6671,       576,    165701,     35241,     53369,      4608,      -898,     -6458,     -7356,     -7185,    -51662,    -58847,     19560,      6755,      4405,      1968,     48619,     55846,     21611,     28069
        69,     43069,332.298115,     372.1,     735.2,     46824,     13841,     24488,      1414,  17423135,   5150371,   9112100,    526146,     -1344,     -7590,     -8935,   -500259,  -2824369,  -3324628,     20676,      3249,      6829,       837,  15201150,   2388916,   5020622,    615103,      -882,     -6456,     -7339,   -648652,  -4746691,  -5395343,     13841,      6997,      3249,      2204,     48168,     55759,     21558,     28015
        70,     43070,162.997742,     146.6,      24.8,     45847,      9236,     22832,       591,   6721161,   1353980,   3347140,     86620,     -1345,     -8740,    -10085,   -197247,  -1281247,  -1478494,     20079,      2165,      6725,       342,    497962,     53685,    166775,      8479,      -868,     -7239,     -8106,    -21522,   -179518,   -201040,      9236,      6941,      1840,      2165,     47192,     55932,     20947,     28186
        71,     43071,324.286414,         0,         0,     50286,      9885,     20951,       191,         0,         0,         0,         0,     -1365,     -5539,     -6903,         0,         0,         0,     24241,      2841,      6241,       159,         0,         0,         0,         0,      -589,     -4472,     -5061,         0,         0,         0,      9885,      7642,      2463,      2841,     51651,     57190,     24829,     29302
        72,     43072,124.765897,     109.4,      11.3,     48289,     21102,     23983,      1389,   5282797,   2308598,   2623780,    151919,     -1177,     -6484,     -7662,   -128794,   -709389,   -838183,     21390,      4694,      6126,       424,    241702,     53037,     69227,      4792,      -856,     -5854,     -6710,     -9670,    -66155,    -75825,     21102,      5744,      4694,      1899,     49466,     55950,     22245,     28100
        73,     43073, 75.628008,      89.0,     659.3,     49269,     24467,     23548,      4922,   4384925,   2177575,   2095778,    438086,     -1144,     -5972,     -7116,   -101810,   -531517,   -633327,     22214,      6294,      6095,       922,  14645969,   4149526,   4018561,    607778,      -832,     -5421,     -6253,   -548467,  -3574309,  -4122776,     24467,      6463,      6294,      2275,     50413,     56385,     23046,     28468
        74,     43074, 71.367392,      28.1,       6.3,     45965,     22205,     23827,      5865,   1291615,    623955,    669552,    164818,     -1312,     -7997,     -9310,    -36879,   -224720,   -261599,     19870,      5585,      6281,      1215,    125179,     35188,     39570,      7655,      -847,     -6884,     -7731,     -5337,    -43368,    -48705,     22205,      6731,      5585,      1958,     47277,     55275,     20717,     27601
        75,     43075, 57.299350,      40.9,       6.1,     48650,     17069,     24097,      4820,   1989789,    698130,    985563,    197125,     -1259,     -6399,     -7657,    -51482,   -261704,   -313185,     21968,      4908,      6450,      1253,    134007,     29937,     39344,      7642,      -860,     -5597,     -6458,     -5248,    -34144,    -39391,     17069,      5976,      4908,      2172,     49909,     56307,     22829,     28426
        76,     43076, 44.918354,      43.9,      18.4,     46780,     18951,     23740,      5251,   2053621,    831932,   1042183,    230520,     -1304,     -7572,     -8876,    -57239,   -332426,   -389665,     20807,      5192,      6445,      1334,    382840,     95537,    118597,     24540,      -877,     -6239,     -7117,    -16141,   -114805,   -130946,     18951,      5949,      5192,      2158,     48083,     55656,     21684,     27923
        77,     43077, 64.783154,         0,     386.8,     48170,     19914,     22949,      3552,         0,         0,         0,         0,     -1374,     -6840,     -8214,         0,         0,         0,     22463,      4934,      6369,       999,   8688629,   1908464,   2463606,    386563,      -740,     -5465,     -6205,   -286354,  -2113749,  -2400103,     19914,      6564,      4934,      2640,     49544,     56384,     23203,     28668
        78,     43078, 15.842050,         0,         0,     48225,     21315,     22954,      7900,         0,         0,         0,         0,     -1283,     -6555,     -7838,         0,         0,         0,     21786,      5929,      6023,      1219,         0,         0,         0,         0,      -864,     -5592,     -6456,         0,         0,         0,     21315,      6403,      5929,      2298,     49508,     56063,     22650,     28242
        79,     43079, 51.416551,     113.9,     426.8,     48354,     24213,     23240,      6063,   5507483,   2757911,   2646981,    690577,     -1292,     -6722,     -8014,   -147168,   -765682,   -912849,     22191,      6417,      6245,      1368,   9471266,   2738912,   2665522,    583753,      -793,     -5592,     -6385,   -338292,  -2386724,  -2725016,     24213,      6705,      6417,      2469,     49646,     56368,     22984,     28576
        80,     43080,222.018201,     100.1,    1030.8,     46708,     23201,     22662,      4845,   4675465,   2322456,   2268423,    484983,     -1305,     -7531,     -8836,   -130667,   -753861,   -884529,     20594,      6007,      5731,       616,  21228211,   6192166,   5907415,    634724,      -861,     -6359,     -7221,   -887922,  -6555357,  -7443279,     23201,      6455,      6007,      2357,     48013,     55544,     21455,     27815
        81,     43081, 25.558816,      60.2,     758.9,     48021,     24775,     22533,      8053,   2890867,   1491433,   1356477,    484816,     -1271,     -6652,     -7922,    -76496,   -400427,   -476923,     21526,      6899,      5816,      1085,  16335733,   5235721,   4413718,    823381,      -856,     -5786,     -6642,   -649812,  -4391002,  -5040814,     24775,      6858,      6899,      2527,     49292,     55943,     22382,     28168
        82,     43082, 24.842906,     222.5,     897.6,     49801,     24289,     22493,      8642,  11080777,   5404192,   5004626,   1922826,     -1146,     -5483,     -6629,   -255009,  -1220022,  -1475031,     23146,      6356,      5873,      1273,  20775800,   5704727,   5271665,   1142343,      -832,     -5012,     -5844,   -746546,  -4499055,  -5245601,     24289,      6392,      6356,      2296,     50947,     56431,     23978,     28990
        83,     43083, 27.643352,      60.5,     983.8,     48228,     19311,     22524,      6908,   2917810,   1168290,   1362719,    417941,      -999,     -6928,     -7927,    -60448,   -419155,   -479603,     21973,      5643,      5973,      1307,  21616823,   5551220,   5876023,   1285356,      -600,     -5835,     -6435,   -590563,  -5740174,  -6330737,     19311,      6699,      5643,      2470,     49227,     56156,     22573,     28408
        84,     43084, 30.114407,     129.7,    1604.7,     48538,     23821,     22783,      6118,   6295412,   3089546,   2954999,    793535,     -1251,     -6662,     -7913,   -162245,   -864033,  -1026278,     22316,      6467,      6100,      1313,  35809952,  10378171,   9788071,   2106498,      -764,     -5587,     -6351,  -1225958,  -8964942, -10190900,     23821,      6737,      6467,      2495,     49789,     56451,     23080,     28666
        85,     43085, 32.581527,     209.3,     617.1,     48396,     22368,     22569,      4984,  10129199,   4681555,   4723590,   1043158,     -1218,     -6916,     -8134,   -254911,  -1447475,  -1702386,     22540,      5681,      6097,      1153,  13909195,   3505793,   3762534,    711609,      -710,     -5550,     -6260,   -438265,  -3424974,  -3863239,     22368,      6577,      5681,      2646,     49614,     56529,     23250,     28800
        86,     43086, 63.941769,     169.3,     117.4,     48934,     13476,     22422,      3336,   8284451,   2281450,   3795994,    564712,     -1348,     -6445,     -7793,   -228154,  -1091185,  -1319340,     23124,      3880,      6155,       744,   2714751,    455565,    722569,     87306,      -694,     -5133,     -5827,    -81454,   -602588,   -684041,     13476,      6633,      3880,      2618,     50281,     56726,     23818,     28951
        87,     43087,  6.220923,         0,     398.1,     47316,     26876,     22100,      8304,         0,         0,         0,         0,     -1309,     -7283,     -8592,         0,         0,         0,     20980,      6981,      5645,      1086,   8352318,   2779002,   2247173,    432378,      -872,     -6316,     -7188,   -347083,  -2514484,  -2861566,     26876,      6699,      6981,      2426,     48625,     55908,     21852,     28169
        88,     43088, 13.820473,         0,     450.5,     47179,     25284,     22094,      8788,         0,         0,         0,         0,     -1379,     -7257,     -8636,         0,         0,         0,     20930,      6464,      5686,      1200,   9429130,   2911816,   2561764,    540556,      -932,     -6229,     -7161,   -419970,  -2806125,  -3226095,     25284,      6608,      6464,      2363,     48557,     55814,     21863,     28092
        89,     43089, 18.647811,     155.5,     151.5,     47372,     24488,     22186,      8128,   7366412,   3807930,   3449939,   1263882,     -1327,     -7195,     -8522,   -206335,  -1118883,  -1325218,     21219,      6116,      5801,      1325,   3214691,    926508,    878847,    200721,      -890,     -6109,     -6999,   -134838,   -925512,  -1060350,     24488,      6474,      6116,      2346,     48699,     55895,     22109,     28218
        90,     43090,940.735849,         0,         0,     40107,      2691,     16746,         0,         0,         0,         0,         0,     -1452,    -12225,    -13678,         0,         0,         0,     16507,       354,      3461,         0,         0,         0,         0,         0,      -897,     -9393,    -10290,         0,         0,         0,         0,      2691,         0,       354,     41560,     53785,     17404,     26797
        91,     43091, 52.469138,      49.1,     824.5,     45929,     22004,     21341,      5526,   2255106,   1080372,   1047835,    271349,     -1376,     -8165,     -9542,    -67581,   -400926,   -468507,     20084,      5356,      5258,       618,  16558866,   4415848,   4335187,    509729,      -894,     -6926,     -7820,   -737190,  -5710549,  -6447739,     22004,      6424,      5356,      2339,     47305,     55471,     20978,     27904
        92,     43092, 56.973078,     218.1,    1338.7,     45735,     17937,     21065,      5462,   9974786,   3911951,   4594189,   1191164,     -1412,     -8418,     -9830,   -307980,  -1835974,  -2143954,     19932,      4318,      5172,       614,  26682742,   5780524,   6923172,    822387,      -919,     -7180,     -8099,  -1229861,  -9611957, -10841818,     17937,      6427,      4318,      2335,     47147,     55565,     20851,     28031
        93,     43093, 65.905370,     114.3,    1011.0,     46154,     20303,     21395,      6352,   5275380,   2320610,   2445489,    726090,     -1429,     -7923,     -9351,   -163301,   -905549,  -1068850,     20213,      4969,      5348,       852,  20435099,   5024002,   5406601,    861442,      -937,     -6777,     -7714,   -946997,  -6851726,  -7798723,     20303,      6259,      4969,      2299,     47583,     55505,     21149,     27927
        94,     43094,220.302307,     114.4,         0,     45084,     18013,     21353,      4218,   5157573,   2060713,   2442828,    482485,     -1465,     -9564,    -11029,   -167564,  -1094159,  -1261723,     19573,      4014,      5492,       903,         0,         0,         0,         0,      -966,     -7840,     -8806,         0,         0,         0,     18013,      6156,      4014,      2223,     46548,     56113,     20539,     28379
        95,     43095, 59.095247,      71.7,      17.9,     47841,     17316,     21840,      2792,   3430191,   1241569,   1565938,    200165,     -1301,     -7483,     -8784,    -93304,   -536540,   -629844,     22522,      4027,      5893,       727,    403148,     72084,    105479,     13011,      -643,     -5678,     -6322,    -11518,   -101643,   -113161,     17316,      7616,      4027,      2822,     49142,     56625,     23166,     28844
        96,     43096,626.926917,     139.3,      24.8,     40651,      4416,     19903,        26,   5662664,    615138,   2772549,      3637,     -1727,    -13242,    -14969,   -240540,  -1844579,  -2085119,     16735,      1584,      5276,       145,    415017,     39280,    130851,      3585,     -1093,    -10406,    -11499,    -27111,   -258073,   -285183,      4110,      4416,       914,      1584,     42378,     55619,     17828,     28234
        97,     43097, 77.353573,     193.1,     222.8,     42380,     16266,     19330,      2638,   8183569,   3141044,   3732699,    509485,     -1532,    -11106,    -12638,   -295853,  -2144608,  -2440461,     17784,      3217,      4375,       301,   3962373,    716661,    974843,     66993,      -997,     -9034,    -10031,   -222059,  -2012828,  -2234887,     16266,      5643,      3217,      2176,     43912,     55018,     18781,     27815
        98,     43098, 57.179862,      86.8,    2315.6,     44728,     19174,     19896,      3281,   3882349,   1664276,   1726934,    284762,     -1558,     -9326,    -10884,   -135194,   -809499,   -944692,     19321,      4586,      4724,       488,  44738978,  10618487,  10938639,   1129361,     -1028,     -7872,     -8900,  -2381267, -18228395, -20609661,     19174,      5897,      4586,      2170,     46285,     55611,     20349,     28221
        99,     43099,176.317268,     135.6,       7.3,     42701,     17154,     20193,      1581,   5790220,   2326038,   2738198,    214385,     -1602,    -10912,    -12514,   -217221,  -1479617,  -1696837,     18010,      3424,      5052,       269,    131470,     24996,     36877,      1960,     -1041,     -8902,     -9944,     -7602,    -64988,    -72590,     17154,      5798,      3424,      2184,     44303,     55214,     19051,     27953
       100,     43100,174.466602,      97.5,    1904.3,     43153,     18717,     17879,      1909,   4207376,   1824903,   1743186,    186117,     -1714,    -11001,    -12715,   -167111,  -1072554,  -1239665,     18307,      4271,      4389,       143,  34862582,   8133575,   8357733,    271971,     -1120,     -9198,    -10318,  -2132172, -17516140, -19648312,     18717,      5995,      4271,      2240,     44867,     55867,     19427,     28625
       101,     43101,205.546134,      51.0,       5.6,     34532,     12995,     17431,      1949,   1761116,    662755,    888971,     99397,     -1815,    -17538,    -19353,    -92558,   -894431,   -986990,     13249,      2386,      4077,       181,     74192,     13360,     22832,      1012,     -1115,    -12904,    -14019,     -6245,    -72262,    -78508,     12995,      3829,      2386,       562,     36347,     53884,     14364,     27268
       102,     43102,256.913830,         0,     501.5,     34015,      4807,     11733,       502,         0,         0,         0,         0,     -1753,    -17939,    -19691,         0,         0,         0,     13129,       816,      2258,         0,   6584308,    409432,   1132138,         0,     -1032,    -12558,    -13590,   -517654,  -6297758,  -6815412,      4807,      4127,       678,       816,     35768,     53706,     14161,     26719
       103,     43103,605.424130,      41.8,      18.6,     32997,      8881,     12094,        19,   1379279,    371215,    505549,       777,     -1750,    -18886,    -20636,    -73138,   -789433,   -862571,     12596,      1418,      2426,        42,    234278,     26369,     45129,       777,     -1030,    -13334,    -14364,    -19153,   -248014,   -267167,      8881,      4041,      1418,       798,     34747,     53633,     13625,     26959
       104,     43104,208.656447,      66.3,     533.7,     38447,     11317,     15257,       536,   2549038,    750317,   1011507,     35540,     -1731,    -15386,    -17117,   -114757,  -1020121,  -1134878,     15399,      2002,      3342,        88,   8218580,   1068594,   1783654,     46793,     -1083,    -11909,    -12992,   -577892,  -6355865,  -6933757,     11317,      3213,      2002,       490,     40178,     55564,     16482,     28391
       105,     43105,199.682526,     190.7,      98.0,     45713,      6399,     16993,       253,   8717516,   1220226,   3240498,     48276,     -1102,     -7459,     -8560,   -210069,  -1422400,  -1632469,     22063,      2008,      6496,       316,   2162149,    196793,    636582,     31003,      -372,     -4687,     -5059,    -36422,   -459342,   -495764,      4707,      6399,      1191,      2008,     46815,     54274,     22434,     27122
       106,     43106,185.077468,     106.1,      41.6,     47382,      5950,     15123,       743,   5027207,    631242,   1604532,     78844,     -1625,     -5860,     -7484,   -172388,   -621718,   -794105,     23179,      1299,      5901,       744,    964263,     54040,    245496,     30964,      -524,     -3880,     -4404,    -21801,   -161400,   -183201,         0,      5950,         0,      1299,     49007,     54866,     23703,     27583
       107,     43107, 10.930745,       1.0,         0,     46806,      5598,     13098,      1213,     46806,      5598,     13098,      1213,     -2369,     -5559,     -7927,     -2369,     -5559,     -7927,     23163,      1254,      5341,      1063,         0,         0,         0,         0,      -783,     -3618,     -4402,         0,         0,         0,         0,      5598,         0,      1254,     49175,     54733,     23946,     27565
       108,     43108,321.697035,         0,         0,     44492,      5528,      8977,       561,         0,         0,         0,         0,     -2458,     -6933,     -9391,         0,         0,         0,     21917,      1215,      4149,       772,         0,         0,         0,         0,      -828,     -4439,     -5266,         0,         0,         0,         0,      5528,         0,      1215,     46950,     53883,     22745,     27184
       109,     43109,1477.48643,     182.9,     191.5,     39396,         0,      4723,       192,   7205488,         0,    863803,     35025,     -2545,    -10830,    -13375,   -465547,  -1980775,  -2446323,     19231,         0,      2631,       183,   3682718,         0,    503764,     35025,      -867,     -6690,     -7557,   -166032,  -1281119,  -1447151,         0,         0,         0,         0,     41941,     52771,     20098,     26788
       110,     43110,918.138127,      76.3,      13.1,     34303,         0,      2069,        13,   2617352,         0,    157848,      1000,     -1559,    -16796,    -18355,   -118949,  -1281504,  -1400453,     16696,         0,      1769,        76,    218717,         0,     23180,      1000,      -396,     -9692,    -10088,     -5186,   -126964,   -132150,         0,         0,         0,         0,     35862,     52658,     17092,     26784
       111,     43111,271.171840,      24.1,       1.7,     32334,         0,      2023,         2,    779258,         0,     48750,        41,     -1847,    -16044,    -17891,    -44515,   -386660,   -431176,     15664,         0,      1458,        24,     26628,         0,      2479,        41,      -550,     -9457,    -10007,      -935,    -16077,    -17012,         0,         0,         0,         0,     34181,     50225,     16213,     25670
       112,     43112,296.419379,      92.8,      72.3,     45103,      5355,     19773,       214,   4185523,    496930,   1834955,     19892,      -836,     -8663,     -9499,    -77577,   -803915,   -881492,     21552,      1160,      7045,       225,   1558218,     83841,    509359,     16299,      -316,     -5371,     -5688,    -22874,   -388344,   -411218,      3251,      5355,       816,      1160,     45939,     54601,     21868,     27240
       113,     43113, 90.898021,      25.1,      89.3,     46761,      6063,     17891,       297,   1173691,    152174,    449056,      7450,     -1644,     -6735,     -8379,    -41255,   -169052,   -210307,     22790,      1286,      6566,       506,   2035137,    114864,    586369,     45169,      -527,     -4391,     -4918,    -47045,   -392148,   -439192,         0,      6063,         0,      1286,     48404,     55139,     23317,     27708
       114,     43114,152.317089,     180.2,      36.1,     47491,      5715,     16028,       977,   8557951,   1029852,   2888210,    176099,     -1614,     -6256,     -7869,   -290777,  -1127254,  -1418031,     23367,      1258,      6039,       487,    843562,     45418,    217994,     17580,      -545,     -4001,     -4546,    -19688,   -144438,   -164127,         0,      5715,         0,      1258,     49105,     55361,     23913,     27914
       115,     43115, 18.768704,         0,     451.4,     45980,      5709,     12546,      1698,         0,         0,         0,         0,     -2327,     -5999,     -8327,         0,         0,         0,     22702,      1278,      5180,      1041,  10247623,    577011,   2338257,    469774,      -767,     -3833,     -4600,   -346266,  -1730370,  -2076636,         0,      5709,         0,      1278,     48307,     54307,     23469,     27302
       116,     43116, 64.172296,      84.1,      24.0,     48804,      5122,     15552,      1020,   4104429,    430747,   1307933,     85785,     -1937,     -5128,     -7065,   -162906,   -431250,   -594156,     24244,      1194,      5892,       334,    581853,     28650,    141412,      8022,      -610,     -3473,     -4083,    -14630,    -83351,    -97981,         0,      5122,         0,      1194,     50741,     55869,     24853,     28326
       117,     43117, 18.494271,         0,         0,     48105,      4775,     14408,      1213,         0,         0,         0,         0,     -2087,     -5497,     -7584,         0,         0,         0,     23879,      1090,      5626,       273,         0,         0,         0,         0,      -657,     -3692,     -4349,         0,         0,         0,         0,      4775,         0,      1090,     50192,     55689,     24536,     28228
       118,     43118,396.035312,         0,         0,     46882,      1854,     12154,        14,         0,         0,         0,         0,     -2111,     -6232,     -8342,         0,         0,         0,     23220,       572,      5056,         0,         0,         0,         0,         0,      -634,     -4008,     -4641,         0,         0,         0,         0,      1854,         0,       572,     48992,     55224,     23853,     27861
       119,     43119,501.771249,      14.1,     327.1,     44220,      5623,      6415,       327,    623506,     79283,     90445,      4612,     -2470,     -8472,    -10942,    -34824,   -119456,   -154279,     21782,      1247,      3359,        14,   7124795,    407856,   1098566,      4612,      -832,     -5437,     -6269,   -272169,  -1778301,  -2050470,         0,      5623,         0,      1247,     46690,     55162,     22614,     28050
       120,     43120,895.598806,      29.3,         0,     35154,         0,      3981,         0,   1029998,         0,    116641,         0,     -2506,    -15878,    -18384,    -73415,   -465237,   -538652,     17003,         0,      2307,        29,         0,         0,         0,         0,      -832,     -9387,    -10219,         0,         0,         0,         0,         0,         0,         0,     37659,     53538,     17835,     27222
       121,     43121,1716.02276,         0,         0,     44950,      5578,     20915,         0,         0,         0,         0,         0,     -2014,     -9225,    -11239,         0,         0,         0,     22178,      1259,      6910,         0,         0,         0,         0,         0,      -627,     -5713,     -6339,         0,         0,         0,         0,      5578,         0,      1259,     46964,     56189,     22804,     28517
       122,     43122,301.470394,       2.8,     890.2,     50611,     14227,     17504,      1390,    141710,     39837,     49012,      3892,     -1741,     -4382,     -6122,     -4874,    -12269,    -17143,     24980,      3844,      5880,        31,  22237101,   3421653,   5234599,     27901,      -581,     -3431,     -4012,   -517324,  -3054541,  -3571865,     14227,      9560,      3844,      2966,     52351,     56733,     25561,     28992
       123,     43123,103.988228,         0,     315.0,     51462,      9438,     14097,      1173,         0,         0,         0,         0,     -1713,     -3797,     -5509,         0,         0,         0,     25653,      2803,      5048,        26,   8080575,    882796,   1590104,      8101,      -556,     -3008,     -3564,   -175197,   -947411,  -1122608,         0,      9438,         0,      2803,     53175,     56972,     26209,     29216
       124,     43124,1054.54938,         0,         0,     31969,         0,      8143,         0,         0,         0,         0,         0,     -2507,    -20134,    -22641,         0,         0,         0,     15316,         0,      3864,         0,         0,         0,         0,         0,      -831,    -11290,    -12122,         0,         0,         0,         0,         0,         0,         0,     34476,     54610,     16148,     27438
       125,     43125,120.958959,      22.6,      48.8,     51560,     19133,     16799,       651,   1165251,    432406,    379653,     14712,     -1630,     -4135,     -5765,    -36842,    -93447,   -130289,     25537,      5361,      5464,        69,   1246182,    261635,    266643,      3346,      -546,     -3345,     -3891,    -26643,   -163254,   -189896,     19133,      7735,      5361,      3023,     53190,     57325,     26082,     29428
       126,     43126,1244.91035,       1.7,         0,     47953,     10968,     13525,         0,     81519,     18645,     22992,         0,     -2012,     -7272,     -9284,     -3420,    -12363,    -15783,     23494,      2444,      4306,         2,         0,         0,         0,         0,      -698,     -5339,     -6037,         0,         0,         0,     10968,      9840,      2056,      2444,     49964,     57237,     24192,     29531
       127,     43127,183.975261,      60.4,      43.7,     50543,     14596,     18195,        80,   3052770,    881572,   1098959,      4814,     -1644,     -5362,     -7006,    -99296,   -323887,   -423183,     24779,      3422,      5455,        77,   1082862,    149534,    238366,      3368,      -576,     -4202,     -4778,    -25166,   -183625,   -208791,     14596,      7664,      3422,      2955,     52187,     57549,     25355,     29557
       128,     43128,170.533507,         0,         0,     47967,      9681,     17696,        21,         0,         0,         0,         0,     -1897,     -7671,     -9568,         0,         0,         0,     23296,      2686,      4950,        78,         0,         0,         0,         0,      -643,     -5631,     -6274,         0,         0,         0,         0,      9681,         0,      2686,     49865,     57535,     23939,     29570
       129,     43129,4074.97630,       3.2,      63.6,     35605,      5192,       999,        64,    113935,     16615,      3196,       204,     -2517,    -13495,    -16012,     -8054,    -43185,    -51239,     17913,       967,       676,         3,   1139243,     61520,     42992,       204,      -821,     -8071,     -8892,    -52209,   -513293,   -565502,         0,      5192,         0,       967,     38122,     51617,     18734,     26804
       130,     43130,765.730222,      16.5,      14.9,     30894,         0,       226,        15,    509755,         0,      3724,       246,     -2306,    -16434,    -18740,    -38045,   -271164,   -309209,     16112,         0,       495,        17,    240073,         0,      7378,       246,      -718,     -9457,    -10175,    -10702,   -140913,   -151615,         0,         0,         0,         0,     33200,     49634,     16831,     26288
       131,     43131,11529.3808,      54.0,      14.5,     27625,         0,      1163,        15,   1491735,         0,     62782,       783,     -2518,    -20752,    -23269,   -135962,  -1120582,  -1256544,     14566,         0,      1298,        54,    211203,         0,     18819,       783,      -770,    -11578,    -12348,    -11170,   -167878,   -179047,         0,         0,         0,         0,     30143,     50894,     15336,     26914
       132,     43132,1381.97165,      38.2,      26.0,     27781,         0,       398,        26,   1061236,         0,     15189,       993,     -2307,    -20287,    -22594,    -88134,   -774948,   -863082,     14639,         0,       899,        38,    380609,         0,     23368,       993,      -718,    -11491,    -12210,    -18681,   -298768,   -317449,         0,         0,         0,         0,     30088,     50375,     15357,     26848
       133,     43133,2501.70911,      67.5,         0,     30373,         0,       364,         0,   2050193,         0,     24582,         0,     -2311,    -15731,    -18042,   -155997,  -1061846,  -1217842,     15954,         0,       918,        68,         0,         0,         0,         0,      -720,     -9308,    -10028,         0,         0,         0,         0,         0,         0,         0,     32684,     48415,     16675,     25982
       134,     43134,1398.93405,      84.9,      31.0,     19640,         0,       309,        31,   1667444,         0,     26236,      2632,     -2227,    -19103,    -21330,   -189099,  -1621828,  -1810927,     10733,         0,       892,        85,    332722,         0,     27637,      2632,      -647,    -10751,    -11398,    -20053,   -333283,   -353336,         0,         0,         0,         0,     21867,     40970,     11380,     22131
       135,     43135,1041.98860,     484.3,     246.6,     25067,         0,       446,       247,  12140095,         0,    216118,    119428,     -2226,    -17572,    -19798,  -1077810,  -8510226,  -9588036,     13498,         0,      1140,       484,   3328712,         0,    281051,    119428,      -650,     -9984,    -10634,   -160214,  -2462100,  -2622313,         0,         0,         0,         0,     27293,     44865,     14148,     24132
       136,     43136,1060.43246,     118.0,      11.0,     20801,         0,       390,        11,   2454564,         0,     46027,      1298,     -2229,    -18776,    -21004,   -262968,  -2215524,  -2478492,     11322,         0,      1069,       118,    124546,         0,     11757,      1298,      -649,    -10776,    -11425,     -7136,   -118533,   -125670,         0,         0,         0,         0,     23030,     41806,     11971,     22747
       137,     43137,291.193075,      44.5,       5.8,     18637,         0,       273,         6,    829328,         0,     12155,       258,     -2224,    -18460,    -20684,    -98962,   -821459,   -920422,     10229,         0,       821,        45,     59329,         0,      4764,       258,      -643,    -10678,    -11321,     -3731,    -61931,    -65662,         0,         0,         0,         0,     20860,     39320,     10872,     21550
       138,     43138,633.670519,      32.3,       1.1,     24431,         0,       716,         1,    789121,         0,     23131,        36,     -2191,    -18818,    -21009,    -70762,   -607837,   -678599,     13548,         0,      1310,        32,     14902,         0,      1441,        36,      -632,    -10287,    -10919,      -696,    -11315,    -12011,         0,         0,         0,         0,     26622,     45440,     14180,     24467
       139,     43139,1057.95552,      73.1,      20.8,     23190,         0,      1047,        21,   1695183,         0,     76552,      1520,     -2199,    -17803,    -20002,   -160760,  -1301413,  -1462174,     13205,         0,      1445,        73,    274671,         0,     30051,      1520,      -637,     -9663,    -10300,    -13245,   -201000,   -214245,         0,         0,         0,         0,     25389,     43192,     13842,     23506
       140,     43140,2320.00371,      78.4,       8.2,     20943,         0,      1300,         8,   1641911,         0,    101948,       643,     -2584,    -22132,    -24715,   -202549,  -1735115,  -1937664,     12480,         0,      1604,        78,    102336,         0,     13156,       643,      -792,    -11342,    -12134,     -6493,    -93005,    -99498,         0,         0,         0,         0,     23526,     45658,     13272,     24614
       141,     43141,1045.92022,     100.2,      12.2,     22795,         0,      1595,        12,   2284097,         0,    159798,      1222,     -2584,    -17088,    -19672,   -258942,  -1712216,  -1971157,     13440,         0,      1682,       100,    163962,         0,     20517,      1222,      -793,     -9150,     -9943,     -9676,   -111628,   -121304,         0,         0,         0,         0,     25380,     42468,     14233,     23382
       142,     43142,2146.69408,     100.6,     126.4,     22859,         0,      2146,       126,   2299658,         0,    215853,     12716,     -2585,    -20342,    -22927,   -260031,  -2046426,  -2306457,     13379,         0,      1947,       101,   1691049,         0,    246082,     12716,      -795,    -10771,    -11566,   -100453,  -1361454,  -1461907,         0,         0,         0,         0,     25444,     45786,     14173,     24944
       143,     43143,257.184683,      56.6,      67.1,     27005,      2380,      2074,        67,   1528487,    134684,    117386,      3811,     -2584,    -14551,    -17136,   -146270,   -823612,   -969882,     15506,       576,      1978,        59,   1040452,     38667,    132738,      3982,      -796,     -8026,     -8822,    -53407,   -538534,   -591941,         0,      2380,         0,       576,     29589,     44141,     16302,     24328
       144,     43144,136.097191,      28.2,      71.1,     30930,      2601,      2416,       346,    872233,     73341,     68120,      9749,     -2559,    -12523,    -15082,    -72175,   -353138,   -425312,     16944,       632,      1985,       235,   1204703,     44930,    141155,     16678,      -792,     -7585,     -8377,    -56292,   -539287,   -595579,      1728,      2601,       503,       632,     33490,     46012,     17736,     25320
       145,     43145,168.311244,     206.6,     282.5,     28981,      2506,      2286,       641,   5987441,    517768,    472382,    132439,     -2569,    -12754,    -15322,   -530747,  -2634878,  -3165625,     16340,       622,      2006,       457,   4616174,    175771,    566663,    129221,      -793,     -7419,     -8212,   -223956,  -2095973,  -2319929,      2330,      2506,       622,       608,     31550,     44303,     17133,     24553
       146,     43146,144.932070,     156.1,     149.3,     28358,      2519,      2201,       837,   4426713,    393192,    343653,    130581,     -2577,    -12841,    -15418,   -402309,  -2004512,  -2406821,     16129,       611,      2004,       496,   2408063,     91207,    299208,     74078,      -796,     -7365,     -8161,   -118769,  -1099619,  -1218389,      1077,      2519,       364,       611,     30935,     43777,     16925,     24290
       147,     43147,1635.88871,      25.4,      16.3,     30729,         0,      2117,        16,    780521,         0,     53769,       414,     -2518,    -16555,    -19073,    -63968,   -420495,   -484462,     16058,         0,      1499,        25,    261743,         0,     24432,       414,      -773,    -10167,    -10940,    -12603,   -165719,   -178321,         0,         0,         0,         0,     33248,     49803,     16831,     26998
       148,     43148,981.624852,      92.0,     102.7,     28651,         0,      2608,       122,   2635925,         0,    239908,     11181,     -2543,    -15234,    -17777,   -233977,  -1401501,  -1635478,     16169,         0,      1974,       105,   1660599,         0,    202735,     10799,      -786,     -8490,     -9277,    -80772,   -871933,   -952705,         0,         0,         0,         0,     31195,     46428,     16956,     25446
       149,     43149,222.556309,      91.2,     116.8,     29961,      3654,      2452,       553,   2732457,    333280,    223657,     50431,     -2570,    -12616,    -15186,   -234405,  -1150544,  -1384949,     16753,       888,      2040,       295,   1956714,    103717,    238224,     34477,      -797,     -7443,     -8240,    -93084,   -869372,   -962456,      3654,      2795,       888,       683,     32531,     45147,     17550,     24993
       150,     43150,345.847797,     291.4,     884.0,     28846,      2542,      2295,      1022,   8405607,    740870,    668848,    297769,     -2575,    -11806,    -14381,   -750457,  -3440272,  -4190730,     16402,       617,      2064,       438,  14499702,    545394,   1824524,    387578,      -798,     -6926,     -7725,   -705840,  -6122718,  -6828558,      1292,      2542,       414,       617,     31421,     43227,     17201,     24127
       151,     43151, 72.484294,      18.3,         0,     25062,      2226,      2206,       470,    458641,     40737,     40377,      8593,     -2580,    -13933,    -16512,    -47213,   -254966,   -302179,     14394,       539,      2012,       175,         0,         0,         0,         0,      -795,     -8183,     -8978,         0,         0,         0,         0,      2226,         0,       539,     27642,     41575,     15189,     23372
       152,     43152,208.397902,      30.8,       1.4,     27652,      2313,      2388,       409,    851671,     71229,     73554,     12610,     -2583,    -13006,    -15589,    -79559,   -400594,   -480153,     16118,       516,      2068,       183,     22565,       723,      2895,       256,      -802,     -7302,     -8104,     -1122,    -10223,    -11346,         0,      2313,         0,       516,     30235,     43241,     16920,     24222
       153,     43153,742.236190,     342.0,      86.1,     28105,      2091,      2613,        86,   9611876,    715019,    893737,     29446,     -2550,    -14828,    -17378,   -872116,  -5071099,  -5943214,     16470,       464,      1932,       342,   1418089,     39932,    166313,     29446,      -791,     -8029,     -8820,    -68094,   -691295,   -759389,         0,      2091,         0,       464,     30655,     45483,     17261,     25290
       154,     43154,650.821852,     165.0,      80.3,     24795,         0,      2347,        80,   4091213,         0,    387258,     13277,     -2594,    -15429,    -18023,   -428051,  -2545740,  -2973791,     15092,         0,      1976,       169,   1211909,         0,    158648,     13540,      -806,     -8210,     -9015,    -64689,   -659232,   -723920,         0,         0,         0,         0,     27389,     42818,     15898,     24107
       155,     43155,1163.76624,      67.9,      13.1,     22833,         0,      1878,        14,   1550394,         0,    127537,       972,     -2592,    -14734,    -17327,   -176029,  -1000441,  -1176470,     14080,         0,      1754,        71,    184446,         0,     22979,       935,      -804,     -8002,     -8806,    -10534,   -104827,   -115361,         0,         0,         0,         0,     25426,     40160,     14884,     22886
       156,     43156,109.650810,      25.6,       9.0,     22849,         0,      1911,        11,    584943,         0,     48928,       282,     -2580,    -14291,    -16872,    -66051,   -365860,   -431911,     13257,         0,      1764,        37,    119314,         0,     15878,       334,      -795,     -8560,     -9354,     -7152,    -77037,    -84188,         0,         0,         0,         0,     25429,     39721,     14052,     22611
       157,     43157,239.535030,       3.3,         0,     26745,      1113,      2224,         1,     88260,      3674,      7339,         3,     -2550,    -15774,    -18324,     -8414,    -52055,    -60470,     16278,       509,      1695,        41,         0,         0,         0,         0,      -792,     -8216,     -9009,         0,         0,         0,      1113,         0,       509,         0,     29295,     45069,     17071,     25287
       158,     43158,174.204558,      37.7,       1.0,     26131,      2700,      2222,         2,    985152,    101791,     83758,        85,     -2592,    -15885,    -18478,    -97731,   -598874,   -696605,     15783,       907,      1739,        52,     15783,       907,      1739,        52,      -807,     -8452,     -9259,      -807,     -8452,     -9259,      2700,         0,       907,         0,     28724,     44609,     16590,     25042
       159,     43159,659.568299,      99.0,      11.3,     25451,      1002,      1970,        14,   2519687,     99153,    195048,      1352,     -2590,    -14446,    -17036,   -256370,  -1430191,  -1686561,     15431,       478,      1697,       105,    174372,      5404,     19181,      1183,      -805,     -7839,     -8644,     -9094,    -88580,    -97674,      1002,         0,       478,         0,     28041,     42487,     16236,     24075
       160,     43160,687.078890,      64.4,         0,     19622,         0,      1447,         0,   1263632,         0,     93189,         0,     -2585,    -18474,    -21058,   -166444,  -1189700,  -1356145,     12438,         0,      1417,        64,         0,         0,         0,         0,      -801,    -10023,    -10824,         0,         0,         0,         0,         0,         0,         0,     22206,     40680,     13238,     23261
       161,     43161,521.862197,      84.7,       9.9,     17755,         0,       661,        26,   1503854,         0,     55962,      2204,     -2565,    -17617,    -20182,   -217248,  -1492183,  -1709430,     11484,         0,       863,       129,    113693,         0,      8546,      1279,      -793,     -9741,    -10534,     -7852,    -96439,   -104291,         0,         0,         0,         0,     20320,     37937,     12277,     22019
       162,     43162,196.889008,       5.0,       7.5,     23919,         0,      1580,        11,    119597,         0,      7902,        54,     -2593,    -16072,    -18666,    -12966,    -80362,    -93328,     14642,         0,      1426,        35,    109818,         0,     10697,       260,      -806,     -8759,     -9565,     -6045,    -65694,    -71739,         0,         0,         0,         0,     26513,     42585,     15448,     24208
       163,     43163,613.234353,      61.0,      22.1,     21253,         0,       647,        29,   1296440,         0,     39448,      1789,     -2591,    -16771,    -19362,   -158063,  -1023023,  -1181087,     13080,         0,       823,       123,    289070,         0,     18187,      2713,      -803,     -9362,    -10165,    -17748,   -206904,   -224652,         0,         0,         0,         0,     23844,     40615,     13883,     23245
       164,     43164,14272.9952,      16.2,         0,      2222,         0,        21,         0,     35992,         0,       336,         0,       -58,    -26671,    -26729,      -937,   -432071,   -433008,      1373,         0,       193,        16,         0,         0,         0,         0,       -24,    -13028,    -13052,         0,         0,         0,         0,         0,         0,         0,      2280,     28951,      1398,     14426
       165,     43165,452.346376,       7.8,         0,      5469,         0,        27,         0,     42657,         0,       212,         0,      -639,    -15423,    -16062,     -4984,   -120298,   -125282,      3077,         0,       285,         8,         0,         0,         0,         0,      -166,     -7359,     -7525,         0,         0,         0,         0,         0,         0,         0,      6108,     21531,      3244,     10603
       166,     43166,968.535311,      10.1,         0,      5146,         0,        28,         0,     51974,         0,       281,         0,      -541,    -12994,    -13534,     -5463,   -131235,   -136697,      2903,         0,       292,        10,         0,         0,         0,         0,      -147,     -6191,     -6338,         0,         0,         0,         0,         0,         0,         0,      5687,     18680,      3050,      9241
       167,     43167,731.884799,      29.2,         0,      6540,         0,        36,         3,    190961,         0,      1043,        90,      -908,    -14535,    -15443,    -26516,   -424425,   -450941,      3617,         0,       358,        59,         0,         0,         0,         0,      -224,     -7040,     -7264,         0,         0,         0,         0,         0,         0,         0,      7448,     21983,      3840,     10880
       168,     43168,392.860256,      86.5,       9.1,      7697,         0,        37,         9,    665765,         0,      3192,       787,     -1140,    -13974,    -15114,    -98590,  -1208790,  -1307380,      4177,         0,       369,        96,     38010,         0,      3353,       877,      -255,     -6910,     -7165,     -2318,    -62881,    -65199,         0,         0,         0,         0,      8836,     22811,      4432,     11342
       169,     43169,439.543588,      16.9,         0,      9249,         0,        37,         0,    156305,         0,       624,         0,     -1283,    -13685,    -14968,    -21681,   -231284,   -252965,      4884,         0,       369,        17,         0,         0,         0,         0,      -278,     -6951,     -7229,         0,         0,         0,         0,         0,         0,         0,     10532,     24217,      5162,     12113
       170,     43170,1728.80490,         0,         0,      6435,         0,        34,         0,         0,         0,         0,         0,      -880,    -13023,    -13903,         0,         0,         0,      3563,         0,       340,         0,         0,         0,         0,         0,      -218,     -6382,     -6600,         0,         0,         0,         0,         0,         0,         0,      7315,     20338,      3781,     10163
       171,     43171,714.171204,       8.1,         0,      6332,         0,        37,         0,     51291,         0,       299,         0,      -854,    -16973,    -17827,     -6918,   -137480,   -144398,      3513,         0,       369,         8,         0,         0,         0,         0,      -214,     -8232,     -8446,         0,         0,         0,         0,         0,         0,         0,      7186,     24159,      3727,     11958
       172,     43172,833.704243,     204.1,      27.8,      8001,         0,        37,        28,   1632970,         0,      7531,      5674,     -1178,    -16233,    -17410,   -240348,  -3313109,  -3553457,      4316,         0,       368,       204,    119990,         0,     10237,      5674,      -260,     -8112,     -8372,     -7225,   -225511,   -232736,         0,         0,         0,         0,      9178,     25411,      4576,     12688
       173,     43173,308.534302,       2.3,         0,      5377,         0,        32,         0,     12367,         0,        74,         0,      -609,    -19810,    -20419,     -1401,    -45562,    -46964,      3027,         0,       299,         2,         0,         0,         0,         0,      -161,     -9794,     -9954,         0,         0,         0,         0,         0,         0,         0,      5986,     25796,      3188,     12981
       174,     43174,12879.8339,      22.1,         0,      3408,         0,         0,         0,     75327,         0,         0,         0,      -144,     -9531,     -9674,     -3178,   -210626,   -213804,      1848,         0,        25,        22,         0,         0,         0,         0,       -70,     -4968,     -5038,         0,         0,         0,         0,         0,         0,         0,      3552,     13083,      1918,      6886
       175,     43175,144.382695,         0,         0,     11164,         0,       204,         0,         0,         0,         0,         0,     -1346,    -13033,    -14379,         0,         0,         0,      5715,         0,        84,         0,         0,         0,         0,         0,      -302,     -7101,     -7403,         0,         0,         0,         0,         0,         0,         0,     12511,     25543,      6017,     13118
       176,     43176,20512.4583,         0,         0,       695,         0,         0,         0,         0,         0,         0,         0,        -2,     -6290,     -6292,         0,         0,         0,       440,         0,         0,         0,         0,         0,         0,         0,        -1,     -3817,     -3818,         0,         0,         0,         0,         0,         0,         0,       697,      6987,       440,      4257
       177,     43177,289.366735,         0,         0,     12917,         0,      1643,         0,         0,         0,         0,         0,     -1391,    -15224,    -16615,         0,         0,         0,      6515,         0,       517,         0,         0,         0,         0,         0,      -322,     -8382,     -8704,         0,         0,         0,         0,         0,         0,         0,     14308,     29532,      6837,     15219
       178,     43178,5098.90728,       3.3,         0,      5946,         0,       154,         0,     19622,         0,       507,         0,      -756,    -15135,    -15891,     -2495,    -49944,    -52439,      3251,         0,        52,         3,         0,         0,         0,         0,      -195,     -7879,     -8073,         0,         0,         0,         0,         0,         0,         0,      6702,     21837,      3446,     11325
       179,     43179,82378.1308,      26.8,         0,       478,         0,         0,         0,     12810,         0,         0,         0,        -2,     -6846,     -6848,       -58,   -183464,   -183522,       283,         0,        27,        27,         0,         0,         0,         0,        -1,     -4236,     -4237,         0,         0,         0,         0,         0,         0,         0,       480,      7326,       284,      4520
       180,     43180,785.887644,     317.6,    1457.1,     20683,         0,      2015,      1457,   6568965,         0,    640050,    462775,     -1611,    -11764,    -13374,   -511626,  -3736097,  -4247724,     10346,         0,       850,       318,  15074604,         0,   1238367,    462775,      -411,     -6953,     -7365,   -599056, -10131877, -10730933,         0,         0,         0,         0,     22294,     34058,     10757,     17710
       181,     43181,8256.66025,      10.2,       1.1,      8128,         0,       578,         1,     82909,         0,      5896,        11,     -1208,    -14107,    -15315,    -12320,   -143890,   -156210,      4228,         0,       247,        10,      4651,         0,       271,        11,      -277,     -7889,     -8166,      -305,     -8678,     -8983,         0,         0,         0,         0,      9336,     23443,      4505,     12394
       182,     43182,6265.91272,       3.9,         0,     20837,         0,      1991,        33,     81263,         0,      7766,       129,     -1551,    -14150,    -15701,     -6049,    -55186,    -61235,     10411,         0,       842,         4,         0,         0,         0,         0,      -381,     -8070,     -8451,         0,         0,         0,         0,         0,         0,         0,     22388,     36538,     10792,     18862
       183,     43183,343.240789,         0,     237.2,     22792,         0,      2046,       237,         0,         0,         0,         0,     -1554,    -12612,    -14166,         0,         0,         0,     11418,         0,       906,         1,   2708348,         0,    214977,       129,      -388,     -7362,     -7749,    -91916,  -1746170,  -1838085,         0,         0,         0,         0,     24346,     36958,     11805,     19167
       184,     43184,948.640963,     294.7,     236.4,     20190,         0,      2079,       236,   5949861,         0,    612713,     69667,     -1567,    -14952,    -16519,   -461764,  -4406498,  -4868263,     10117,         0,       965,       295,   2391758,         0,    228069,     69667,      -388,     -8486,     -8874,    -91734,  -2006017,  -2097751,         0,         0,         0,         0,     21756,     36709,     10505,     18991
       185,     43185,1617.89237,     104.4,      21.0,     10911,         0,      1885,        21,   1139071,         0,    196766,      2192,     -1381,    -18236,    -19617,   -144194,  -1903809,  -2048003,      5511,         0,       829,       104,    115735,         0,     17414,      2192,      -320,    -10151,    -10471,     -6710,   -213171,   -219881,         0,         0,         0,         0,     12292,     30528,      5831,     15982
       186,     43186,854.602301,         0,         0,     15759,         0,      1867,         0,         0,         0,         0,         0,     -1440,    -16796,    -18237,         0,         0,         0,      7885,         0,       906,         0,         0,         0,         0,         0,      -338,     -9462,     -9800,         0,         0,         0,         0,         0,         0,         0,     17200,     33996,      8223,     17685
       187,     43187,662.199239,         0,         0,      8573,         0,       641,         0,         0,         0,         0,         0,     -1260,    -19453,    -20713,         0,         0,         0,      4438,         0,       379,         0,         0,         0,         0,         0,      -286,    -10793,    -11079,         0,         0,         0,         0,         0,         0,         0,      9832,     29286,      4724,     15517
       188,     43188,1355.83137,       5.9,         0,      4581,         0,        13,         0,     27031,         0,        76,         0,      -391,    -21843,    -22233,     -2305,   -128872,   -131177,      2412,         0,        73,         6,         0,         0,         0,         0,      -129,    -11775,    -11904,         0,         0,         0,         0,         0,         0,         0,      4972,     26815,      2541,     14316
       189,     43189,487.423274,       9.9,         0,      4274,         0,         0,         0,     42308,         0,         5,         0,      -320,    -15798,    -16119,     -3172,   -156402,   -159573,      2233,         0,        20,        10,         0,         0,         0,         0,      -118,     -8698,     -8817,         0,         0,         0,         0,         0,         0,         0,      4594,     20392,      2351,     11050
       190,     43190,10085.3168,         0,         0,       987,         0,         0,         0,         0,         0,         0,         0,        -1,    -17403,    -17404,         0,         0,         0,       505,         0,        19,         0,         0,         0,         0,         0,        -2,     -9670,     -9671,         0,         0,         0,         0,         0,         0,         0,       988,     18391,       507,     10176
       191,     43191,1827.42447,      15.9,         0,      1293,         0,         0,         0,     20564,         0,         0,         0,        -1,    -12685,    -12687,       -20,   -201699,   -201719,       741,         0,        17,        16,         0,         0,         0,         0,        -2,     -7267,     -7269,         0,         0,         0,         0,         0,         0,         0,      1295,     13980,       743,      8010
       192,     43192,550.359597,      42.8,       5.4,     20268,         0,      1750,        29,    867465,         0,     74896,      1258,     -1570,    -11996,    -13566,    -67205,   -513438,   -580643,     10085,         0,       914,        75,     54460,         0,      4933,       403,      -406,     -7157,     -7563,     -2192,    -38646,    -40838,         0,         0,         0,         0,     21838,     33834,     10491,     17648
       193,     43193,509.073894,      85.7,      64.6,     22472,         0,      1579,        67,   1925870,         0,    135324,      5708,     -1594,    -11753,    -13347,   -136646,  -1007203,  -1143849,     11251,         0,       897,       102,    726843,         0,     57921,      6563,      -425,     -7070,     -7495,    -27437,   -456735,   -484172,         0,         0,         0,         0,     24067,     35819,     11676,     18746
       194,     43194,842.354852,       7.1,         0,     18082,         0,      1539,         0,    128382,         0,     10928,         0,     -1548,    -12238,    -13786,    -10990,    -86893,    -97883,      9020,         0,       885,         7,         0,         0,         0,         0,      -396,     -7419,     -7815,         0,         0,         0,         0,         0,         0,         0,     19630,     31868,      9416,     16835
       195,     43195,2017.67412,       1.9,         0,     16433,         0,       347,         0,     31223,         0,       659,         0,     -1481,    -20477,    -21958,     -2814,    -38907,    -41721,      8182,         0,       367,         2,         0,         0,         0,         0,      -370,    -11071,    -11441,         0,         0,         0,         0,         0,         0,         0,     17914,     38391,      8552,     19624
       196,     43196,1133.24208,      11.5,         0,     22198,         0,      1071,         0,    255282,         0,     12317,         0,     -1574,    -13786,    -15360,    -18106,   -158539,   -176646,     11052,         0,       711,        12,         0,         0,         0,         0,      -412,     -8007,     -8419,         0,         0,         0,         0,         0,         0,         0,     23773,     37559,     11464,     19471
       197,     43197,555.057435,      35.9,         0,     24112,         0,       921,         0,    865610,         0,     33065,         0,     -1577,    -12793,    -14370,    -56608,   -459280,   -515888,     12032,         0,       719,        36,         0,         0,         0,         0,      -419,     -7632,     -8051,         0,         0,         0,         0,         0,         0,         0,     25689,     38482,     12451,     20083
       198,     43198,1034.86925,      77.9,      54.8,     23542,         0,      1123,        55,   1833927,         0,     87491,      4269,     -1596,    -11691,    -13287,   -124357,   -910700,  -1035057,     11776,         0,       780,        78,    645317,         0,     42728,      4269,      -428,     -7152,     -7581,    -23475,   -391937,   -415412,         0,         0,         0,         0,     25138,     36829,     12204,     19356
       199,     43199,2034.92383,      16.9,       4.7,     21649,         0,       369,         5,    365864,         0,      6237,        79,     -1587,    -12655,    -14242,    -26826,   -213867,   -240693,     10767,         0,       466,        17,     50607,         0,      2190,        79,      -417,     -7852,     -8270,     -1962,    -36905,    -38867,         0,         0,         0,         0,     23236,     35891,     11185,     19037
       200,     43200,695.545260,      12.9,         0,     28752,         0,       440,         0,    370901,         0,      5681,         0,     -1580,    -11476,    -13056,    -20379,   -148046,   -168425,     14421,         0,       521,        13,         0,         0,         0,         0,      -423,     -6864,     -7287,         0,         0,         0,         0,         0,         0,         0,     30332,     41808,     14844,     21708
       201,     43201,1564.06813,       2.9,         0,     27148,         0,       141,         0,     78729,         0,       408,         0,     -1567,    -10396,    -11963,     -4545,    -30147,    -34692,     12914,         0,       219,         3,         0,         0,         0,         0,      -407,     -6826,     -7233,         0,         0,         0,         0,         0,         0,         0,     28715,     39111,     13321,     20147
       202,     43202,1930.33520,      23.1,         0,     32762,         0,       284,         0,    756802,         0,      6559,         0,     -1579,    -11845,    -13423,    -36464,   -273616,   -310081,     16495,         0,       412,        23,         0,         0,         0,         0,      -421,     -6939,     -7360,         0,         0,         0,         0,         0,         0,         0,     34341,     46185,     16916,     23855
       203,     43203,947.824885,      48.0,      65.2,     27841,         0,       325,       145,   1336349,         0,     15603,      6970,     -1580,    -13566,    -15146,    -75831,   -651192,   -727023,     13945,         0,       453,        88,    909207,         0,     29515,      5762,      -423,     -8023,     -8447,    -27590,   -523131,   -550721,         0,         0,         0,         0,     29420,     42987,     14368,     22392
       204,     43204,539.120799,      44.1,      87.4,     31801,         0,       320,       147,   1402434,         0,     14125,      6486,     -1592,    -10157,    -11749,    -70199,   -447945,   -518145,     16008,         0,       443,        88,   1399106,         0,     38750,      7695,      -429,     -6365,     -6794,    -37490,   -556320,   -593810,         0,         0,         0,         0,     33393,     43551,     16437,     22802
       205,     43205,1786.24933,       9.7,         0,     25254,         0,       244,         0,    244966,         0,      2368,         0,     -1588,    -12791,    -14379,    -15403,   -124073,   -139476,     12588,         0,       312,        10,         0,         0,         0,         0,      -425,     -8021,     -8446,         0,         0,         0,         0,         0,         0,         0,     26842,     39633,     13012,     21033
       206,     43206,1310.72882,      17.9,      13.0,     25543,         0,       219,        13,    457218,         0,      3914,       233,     -1588,    -15498,    -17085,    -28419,   -277408,   -305826,     12738,         0,       274,        18,    165591,         0,      3563,       233,      -425,     -9390,     -9815,     -5527,   -122072,   -127599,         0,         0,         0,         0,     27131,     42628,     13163,     22553
       207,     43207,4915.97867,     114.7,      66.2,     36418,         0,       239,        66,   4177163,         0,     27412,      7593,     -1570,     -9473,    -11042,   -180034,  -1086514,  -1266548,     17802,         0,       459,       115,   1178509,         0,     30405,      7593,      -412,     -5924,     -6336,    -27252,   -392169,   -419422,         0,         0,         0,         0,     37988,     47460,     18214,     24138
       208,     43208,168.839276,      48.5,      59.4,     36275,         0,       264,        69,   1759357,         0,     12819,      3355,     -1571,    -10570,    -12141,    -76204,   -512630,   -588834,     18337,         0,       410,        56,   1089200,         0,     24365,      3341,      -420,     -6326,     -6746,    -24966,   -375768,   -400734,         0,         0,         0,         0,     37847,     48416,     18757,     25083
       209,     43209,1092.72720,      15.0,         0,     30452,         0,       339,         0,    456782,         0,      5092,         0,     -1565,    -18364,    -19929,    -23474,   -275460,   -298934,     15404,         0,       567,        15,         0,         0,         0,         0,      -393,     -9871,    -10264,         0,         0,         0,         0,         0,         0,         0,     32017,     50381,     15797,     25668
       210,     43210, 79.456169,       8.0,      10.1,     36880,         0,       255,        68,    295041,         0,      2037,       540,     -1568,    -10684,    -12252,    -12544,    -85474,    -98018,     18681,         0,       402,        84,    188682,         0,      4059,       851,      -400,     -6389,     -6789,     -4035,    -64533,    -68568,         0,         0,         0,         0,     38448,     49132,     19081,     25470
       211,     43211,679.411979,      48.2,         0,     33773,         0,       245,         6,   1627877,         0,     11818,       296,     -1566,    -12952,    -14518,    -75481,   -624273,   -699755,     17154,         0,       375,        53,         0,         0,         0,         0,      -393,     -7526,     -7919,         0,         0,         0,         0,         0,         0,         0,     35339,     48291,     17547,     25073
       212,     43212,2883.62077,       8.7,       5.9,     28778,         0,       181,         6,    250370,         0,      1573,        51,     -1563,    -18395,    -19958,    -13596,   -160036,   -173632,     14685,         0,       288,         9,     86640,         0,      1697,        51,      -392,    -10339,    -10731,     -2316,    -60998,    -63314,         0,         0,         0,         0,     30341,     48736,     15077,     25416
       213,     43213,318.340274,         0,         0,     31784,         0,      1112,         0,         0,         0,         0,         0,     -1560,    -16936,    -18497,         0,         0,         0,     15385,         0,      1166,         0,         0,         0,         0,         0,      -394,     -9884,    -10278,         0,         0,         0,         0,         0,         0,         0,     33345,     50281,     15779,     25662
       214,     43214,975.054828,      13.4,       1.7,     30702,         0,       471,         2,    411410,         0,      6314,        23,     -1565,    -19987,    -21552,    -20967,   -267826,   -288793,     15696,         0,       664,        13,     26682,         0,      1129,        23,      -393,    -10630,    -11024,      -668,    -18072,    -18740,         0,         0,         0,         0,     32267,     52254,     16089,     26719
       215,     43215,1142.62370,      74.0,       2.7,     28895,         0,       774,         3,   2138240,         0,     57275,       200,     -1417,    -22880,    -24298,   -104882,  -1693144,  -1798026,     15030,         0,       708,        74,     40580,         0,      1911,       200,      -361,    -12120,    -12482,      -976,    -32725,    -33700,         0,         0,         0,         0,     30312,     53193,     15391,     27511
       216,     43216,10080.2381,         0,         0,     13819,         0,        58,         0,         0,         0,         0,         0,     -1425,    -16967,    -18392,         0,         0,         0,      6844,         0,        85,         0,         0,         0,         0,         0,      -353,    -10215,    -10568,         0,         0,         0,         0,         0,         0,         0,     15245,     32211,      7197,     17412
       217,     43217,27727.1019,         0,         0,       488,         0,         0,         0,         0,         0,         0,         0,        -1,    -19449,    -19449,         0,         0,         0,       213,         0,         0,         0,         0,         0,         0,         0,        -1,    -11139,    -11139,         0,         0,         0,         0,         0,         0,         0,       489,     19937,       214,     11352
       218,     43218,4547.91756,         0,         0,       546,         0,         0,         0,         0,         0,         0,         0,        -1,     -8905,     -8906,         0,         0,         0,       242,         0,         9,         0,         0,         0,         0,         0,        -1,     -5618,     -5619,         0,         0,         0,         0,         0,         0,         0,       547,      9452,       242,      5861
       219,     43219,54406.3431,         0,         0,         0,         0,         0,         0,         0,         0,         0,         0,         0,      -775,      -775,         0,         0,         0,         0,         0,         0,         0,         0,         0,         0,         0,         0,      -727,      -727,         0,         0,         0,         0,         0,         0,         0,         0,       775,         0,       727
       220,     43220,33738.1326,       2.0,         0,         0,         0,         0,         0,         0,         0,         0,         0,         0,      -906,      -906,         0,     -1813,     -1813,         2,         0,         2,         2,         0,         0,         0,         0,         0,     -1046,     -1046,         0,         0,         0,         0,         0,         0,         0,         0,       906,         2,      1048
       221,     43221,319502.805,      18.4,         0,         0,         0,         0,         0,         0,         0,         0,         0,         0,         0,         0,         0,         0,         0,         0,         0,        18,        18,         0,         0,         0,         0,         0,       -19,       -19,         0,         0,         0,         0,         0,         0,         0,         0,         0,         0,        19
       222,     43222,8599.87056,      14.4,         0,     23315,         0,       140,         0,    335733,         0,      2020,         0,     -2295,    -14369,    -16665,    -33055,   -206918,   -239973,     12066,         0,       378,        14,         0,         0,         0,         0,      -713,     -8994,     -9707,         0,         0,         0,         0,         0,         0,         0,     25610,     39980,     12779,     21773
       223,     43223,4396.12960,       3.9,         0,      8452,         0,        21,         0,     32964,         0,        83,         0,     -1881,    -21940,    -23820,     -7335,    -85565,    -92900,      5196,         0,       104,         4,         0,         0,         0,         0,      -538,    -11995,    -12533,         0,         0,         0,         0,         0,         0,         0,     10333,     32273,      5734,     17729
       224,     43224,11000.4016,      24.0,         0,      1288,         0,         0,         0,     30911,         0,         0,         0,       -21,    -10519,    -10540,      -508,   -252446,   -252954,      1610,         0,        26,        24,         0,         0,         0,         0,        -8,     -5830,     -5838,         0,         0,         0,         0,         0,         0,         0,      1309,     11828,      1618,      7448
       225,     43225,5531.28058,       8.3,         0,     12907,         0,       151,         0,    107127,         0,      1253,         0,     -2164,    -21021,    -23185,    -17963,   -174472,   -192435,      7420,         0,       468,         8,         0,         0,         0,         0,      -603,    -11930,    -12533,         0,         0,         0,         0,         0,         0,         0,     15071,     36092,      8023,     19953
       226,     43226,6046.34577,      33.7,       3.6,       375,         0,         4,         4,     12654,         0,       121,       121,        -2,    -23498,    -23500,       -75,   -791889,   -791964,       609,         0,        35,        34,      2192,         0,       126,       121,        -2,    -13258,    -13260,        -8,    -47727,    -47735,         0,         0,         0,         0,       378,     23876,       611,     13869
       227,     43227,54410.6876,       6.7,         0,       468,         0,         0,         0,      3134,         0,         0,         0,        -2,     -8371,     -8373,       -15,    -56087,    -56102,       715,         0,        14,         7,         0,         0,         0,         0,        -2,     -5468,     -5470,         0,         0,         0,         0,         0,         0,         0,       470,      8841,       718,      6185
       228,     43228,638.113369,       4.3,         0,     23959,      2130,      2018,        39,    103023,      9161,      8677,       167,     -2578,    -14285,    -16863,    -11087,    -61424,    -72511,     13839,       515,      1914,        37,         0,         0,         0,         0,      -794,     -8153,     -8947,         0,         0,         0,         0,      2130,         0,       515,     26537,     40822,     14633,     22786
       229,     43229,2962.95230,      33.4,       3.3,     20268,         0,      1727,         4,    676962,         0,     57691,       131,     -2580,    -15552,    -18132,    -86178,   -519442,   -605620,     11928,         0,      1619,        35,     39361,         0,      5342,       116,      -793,     -9170,     -9962,     -2616,    -30260,    -32876,         0,         0,         0,         0,     22849,     38401,     12720,     21890
       230,     43230,717.040357,      64.7,      14.1,     14923,         0,       373,        14,    965505,         0,     24102,       912,     -2555,    -16225,    -18780,   -165290,  -1049764,  -1215054,      9150,         0,       519,        65,    129016,         0,      7313,       912,      -786,     -9807,    -10593,    -11086,   -138279,   -149365,         0,         0,         0,         0,     17478,     33703,      9936,     19743
       231,     43231,1015.01620,         0,         0,      4339,         0,         5,         0,         0,         0,         0,         0,     -1312,    -19083,    -20395,         0,         0,         0,      3664,         0,        43,         0,         0,         0,         0,         0,      -337,    -11299,    -11636,         0,         0,         0,         0,         0,         0,         0,      5651,     24734,      4002,     15301
       232,     43232,9026.77027,      26.1,         0,      6972,         0,        36,         0,    181979,         0,       943,         0,     -1201,    -21439,    -22639,    -31345,   -559545,   -590890,      5707,         0,       199,        26,         0,         0,         0,         0,      -349,    -11809,    -12157,         0,         0,         0,         0,         0,         0,         0,      8173,     29612,      6056,     17865
       233,     43233, 10.654470,         0,      82.4,     45396,      5657,     11002,      1646,         0,         0,         0,         0,     -2432,     -6441,     -8873,         0,         0,         0,     22414,      1267,      4772,       771,   1846938,    104405,    393187,     63521,      -813,     -4093,     -4907,    -67031,   -337281,   -404312,         0,      5657,         0,      1267,     47828,     54269,     23228,     27321
       234,     43234, 14.220555,         0,      17.9,     45538,      5668,     13293,      1528,         0,         0,         0,         0,     -2372,     -6274,     -8646,         0,         0,         0,     22483,      1269,      5378,      1090,    402453,     22721,     96275,     19518,      -781,     -3936,     -4717,    -13988,    -70449,    -84437,         0,      5668,         0,      1269,     47911,     54185,     23265,     27201
       235,     43235, 26.839507,      33.8,      51.7,     46524,      5772,     13617,      1740,   1572525,    195103,    460251,     58795,     -2315,     -5818,     -8133,    -78261,   -196637,   -274898,     23016,      1292,      5441,       960,   1189933,     66798,    281303,     49651,      -751,     -3728,     -4479,    -38847,   -192723,   -231571,         0,      5772,         0,      1292,     48840,     54657,     23768,     27495
       236,     43236, 29.218676,         0,     314.1,     46544,      5679,     12158,      1715,         0,         0,         0,         0,     -2334,     -5686,     -8020,         0,         0,         0,     23029,      1293,      5073,       901,   7233434,    406053,   1593499,    283056,      -761,     -3691,     -4452,   -238988,  -1159468,  -1398456,         0,      5679,         0,      1293,     48878,     54564,     23790,     27481
       237,     43237, 73.576519,         0,         0,     46668,      6131,     13852,       222,         0,         0,         0,         0,     -1688,     -5976,     -7665,         0,         0,         0,     22793,      1340,      5664,       535,         0,         0,         0,         0,      -510,     -3947,     -4456,         0,         0,         0,         0,      6131,         0,      1340,     48356,     54333,     23303,     27250
       238,     43238, 56.510442,         0,         0,     44079,      5508,     11383,       347,         0,         0,         0,         0,     -2409,     -7087,     -9497,         0,         0,         0,     21708,      1243,      4937,       866,         0,         0,         0,         0,      -800,     -4358,     -5158,         0,         0,         0,         0,      5508,         0,      1243,     46488,     53575,     22508,     26866
       239,     43239, 37.813200,      43.0,         0,     43667,      2406,      9675,       277,   1877660,    103444,    416009,     11920,     -2421,     -7236,     -9658,   -104120,   -311161,   -415282,     21491,       708,      4400,       837,         0,         0,         0,         0,      -802,     -4513,     -5315,         0,         0,         0,         0,      2406,         0,       708,     46088,     53324,     22293,     26806
       240,     43240, 42.520381,         0,         0,     45192,      5428,     12482,       702,         0,         0,         0,         0,     -2404,     -6533,     -8937,         0,         0,         0,     22308,      1232,      5207,       949,         0,         0,         0,         0,      -798,     -4077,     -4876,         0,         0,         0,         0,      5428,         0,      1232,     47596,     54129,     23107,     27184
       241,     43241,  5.917203,      63.9,         0,     44140,      5520,     11920,      1090,   2820543,    352723,    761711,     69650,     -2409,     -6946,     -9355,   -153941,   -443819,   -597760,     21733,      1252,      5028,       975,         0,         0,         0,         0,      -799,     -4274,     -5073,         0,         0,         0,         0,      5520,         0,      1252,     46549,     53495,     22532,     26805
       242,     43242, 24.125694,     146.8,         0,     42769,      5551,     10969,       709,   6278444,    814871,   1610233,    104011,     -2429,     -7724,    -10153,   -356535,  -1133855,  -1490390,     21005,      1220,      4778,       963,         0,         0,         0,         0,      -805,     -4681,     -5486,         0,         0,         0,         0,      5551,         0,      1220,     45197,     52921,     21810,     26491
       243,     43243, 25.460153,      87.8,         0,     42997,      5577,     10555,       917,   3775172,    489695,    926695,     80487,     -2424,     -7584,    -10008,   -212816,   -665918,   -878734,     21127,      1225,      4653,       936,         0,         0,         0,         0,      -802,     -4643,     -5445,         0,         0,         0,         0,      5577,         0,      1225,     45421,     53006,     21929,     26572
       244,     43244, 10.588014,      14.3,         0,     47079,      5548,      9834,       748,    673223,     79336,    140626,     10693,     -2448,     -5398,     -7846,    -35005,    -77186,   -112192,     23181,      1219,      4435,       919,         0,         0,         0,         0,      -817,     -3698,     -4516,         0,         0,         0,         0,      5548,         0,      1219,     49526,     54924,     23998,     27696
       245,     43245, 21.466963,      69.3,      22.5,     44040,      5509,     12216,      1426,   3051939,    381797,    846563,     98849,     -2411,     -7227,     -9639,   -167105,   -500861,   -667966,     21676,      1249,      5101,      1030,    487717,     28114,    114780,     23175,      -799,     -4420,     -5219,    -17981,    -99449,   -117430,         0,      5509,         0,      1249,     46451,     53678,     22475,     26895
       246,     43246, 10.977752,      98.4,         0,     43384,      5443,     10986,      1287,   4268962,    535581,   1081049,    126626,     -2475,     -7570,    -10046,   -243574,   -744905,   -988479,     21332,      1235,      4771,       927,         0,         0,         0,         0,      -830,     -4628,     -5458,         0,         0,         0,         0,      5443,         0,      1235,     45859,     53429,     22162,     26790
       247,     43247,  7.416598,     152.5,         0,     42996,      5583,     11413,      1456,   6556851,    851448,   1740504,    222105,     -2489,     -7963,    -10452,   -379612,  -1214291,  -1593903,     21125,      1227,      4886,       953,         0,         0,         0,         0,      -837,     -4807,     -5644,         0,         0,         0,         0,      5583,         0,      1227,     45485,     53448,     21962,     26769
       248,     43248,  6.095071,      94.3,         0,     42821,      5563,     11853,      1610,   4038058,    524628,   1117747,    151824,     -2490,     -8264,    -10753,   -234782,   -779256,  -1014038,     21032,      1222,      5003,      1008,         0,         0,         0,         0,      -838,     -4943,     -5781,         0,         0,         0,         0,      5563,         0,      1222,     45311,     53575,     21870,     26812
       249,     43249, 12.415642,      38.1,         0,     43207,      5425,     11290,      1588,   1646173,    206676,    430132,     60493,     -2487,     -7931,    -10418,    -94756,   -302155,   -396911,     21237,      1231,      4852,       940,         0,         0,         0,         0,      -836,     -4807,     -5643,         0,         0,         0,         0,      5425,         0,      1231,     45694,     53624,     22073,     26880
       250,     43250, 27.122640,      63.9,         0,     44437,      5557,     10469,      1482,   2839505,    355113,    668972,     94687,     -2453,     -6879,     -9332,   -156744,   -439590,   -596334,     21891,      1260,      4631,       884,         0,         0,         0,         0,      -825,     -4323,     -5148,         0,         0,         0,         0,      5557,         0,      1260,     46890,     53769,     22716,     27039
       251,     43251,187.581312,         0,         0,     45186,      5828,     15500,       161,         0,         0,         0,         0,     -1098,     -7776,     -8873,         0,         0,         0,     21806,      1629,      6331,       152,         0,         0,         0,         0,      -358,     -4940,     -5297,         0,         0,         0,         0,      5828,         0,      1629,     46283,     54059,     22163,     27103
       252,     43252, 27.311737,         0,     146.5,     48492,      5783,     13761,      1719,         0,         0,         0,         0,     -2212,     -4974,     -7186,         0,         0,         0,     24035,      1294,      5472,       559,   3521179,    189620,    801669,     81867,      -748,     -3391,     -4139,   -109595,   -496748,   -606343,         0,      5783,         0,      1294,     50705,     55679,     24783,     28174
       253,     43253, 16.877844,         0,     122.8,     46774,      5711,     12650,      1727,         0,         0,         0,         0,     -2363,     -5675,     -8038,         0,         0,         0,     23097,      1300,      5197,       680,   2836279,    159620,    638217,     83464,      -803,     -3684,     -4487,    -98547,   -452441,   -550988,         0,      5711,         0,      1300,     49137,     54812,     23899,     27584
       254,     43254,  9.707361,         0,     220.7,     45863,      5708,     11559,      1695,         0,         0,         0,         0,     -2413,     -6300,     -8713,         0,         0,         0,     22662,      1278,      4923,       659,   5001581,    282069,   1086499,    145439,      -803,     -4019,     -4822,   -177143,   -887034,  -1064177,         0,      5708,         0,      1278,     48276,     54576,     23465,     27484
       255,     43255,  5.318840,         0,     125.5,     45472,      5666,     11036,      1665,         0,         0,         0,         0,     -2432,     -6554,     -8987,         0,         0,         0,     22453,      1269,      4790,       560,   2817864,    159245,    601083,     70229,      -814,     -4162,     -4976,   -102104,   -522344,   -624448,         0,      5666,         0,      1269,     47905,     54459,     23267,     27429
       256,     43256, 14.091406,         0,      75.8,     44641,      5573,     11450,      1607,         0,         0,         0,         0,     -2434,     -7331,     -9765,         0,         0,         0,     22004,      1249,      4905,       409,   1667898,     94667,    371812,     31000,      -814,     -4536,     -5350,    -61707,   -343823,   -405530,         0,      5573,         0,      1249,     47075,     54406,     22818,     27354
       257,     43257,143.845174,         0,      54.2,     47355,      5666,     12626,      1204,         0,         0,         0,         0,     -2133,     -6069,     -8203,         0,         0,         0,     23531,      1269,      5216,       126,   1275360,     68785,    282726,      6839,      -666,     -3971,     -4636,    -36082,   -215204,   -251286,         0,      5666,         0,      1269,     49488,     55558,     24196,     28167
       258,     43258,274.662363,         0,         0,     48013,      8569,     14589,         8,         0,         0,         0,         0,     -2114,     -5315,     -7429,         0,         0,         0,     23836,      2745,      5625,         0,         0,         0,         0,         0,      -631,     -3541,     -4171,         0,         0,         0,         0,      8569,         0,      2745,     50127,     55442,     24466,     28007
       259,     43259, 99.783355,      24.5,     364.6,     49921,      9115,     15232,      1182,   1223053,    223322,    373175,     28949,     -1835,     -4743,     -6579,    -44964,   -116215,   -161179,     24805,      2699,      5519,        26,   9043882,    984205,   2012132,      9651,      -587,     -3457,     -4044,   -214059,  -1260432,  -1474491,         0,      9115,         0,      2699,     51756,     56499,     25392,     28849
       260,     43260,890.295836,         0,         0,     42568,      6318,      9683,         9,         0,         0,         0,         0,     -2504,    -11055,    -13559,         0,         0,         0,     21268,      1192,      3776,         0,         0,         0,         0,         0,      -828,     -6570,     -7399,         0,         0,         0,         0,      6318,         0,      1192,     45072,     56127,     22096,     28667
       261,     43261, 23.788433,     330.0,      35.4,     45500,     14226,     17409,      1247,  15014908,   4694732,   5744960,    411497,      -995,     -7431,     -8426,   -328504,  -2452087,  -2780591,     21497,      3347,      7074,       543,    761010,    118470,    250435,     19219,      -338,     -5102,     -5440,    -11976,   -180602,   -192578,     14226,      6673,      3347,      1881,     46495,     53926,     21836,     26938
       262,     43262, 49.529584,         0,     175.5,     45401,     13494,     17830,       272,         0,         0,         0,         0,      -933,     -7736,     -8669,         0,         0,         0,     21441,      3489,      7037,       462,   3762907,    612248,   1235046,     81132,      -311,     -5264,     -5575,    -54500,   -923856,   -978357,     13494,      6627,      3489,      1913,     46334,     54070,     21752,     27016
       263,     43263, 11.564121,         0,         0,     45328,      6295,     13978,      1035,         0,         0,         0,         0,      -920,     -5599,     -6519,         0,         0,         0,     21476,      1599,      6379,       244,         0,         0,         0,         0,      -284,     -4277,     -4561,         0,         0,         0,         0,      6295,         0,      1599,     46249,     51848,     21761,     26037
       264,     43264, 78.911158,      49.4,      82.1,     39217,      7477,      7765,       230,   1937324,    369362,    383610,     11375,     -1309,     -9234,    -10543,    -64675,   -456149,   -520824,     18697,      1883,      4274,       278,   1535022,    154626,    350885,     22799,      -412,     -5825,     -6237,    -33820,   -478215,   -512035,         0,      7477,         0,      1883,     40526,     49760,     19109,     24934
       265,     43265,135.394524,         0,      94.2,     40982,      8171,      8447,       632,         0,         0,         0,         0,     -1283,     -7915,     -9198,         0,         0,         0,     19602,      2404,      4527,       555,   1846514,    226462,    426423,     52252,      -407,     -5241,     -5649,    -38369,   -493736,   -532105,      8171,      7181,      2404,      1792,     42265,     50180,     20009,     25251
       266,     43266, 95.605831,     235.0,     116.6,     42877,     13310,      9552,       965,  10076042,   3127944,   2244777,    226851,     -1252,     -6680,     -7933,   -294334,  -1569886,  -1864220,     20625,      3711,      4843,       515,   2404911,    432648,    564730,     60011,      -394,     -4641,     -5035,    -45959,   -541088,   -587047,     13310,      6089,      3711,      1796,     44129,     50810,     21019,     25660
       267,     43267, 26.615670,         0,     413.6,     43417,     14600,     10217,      1192,         0,         0,         0,         0,     -1250,     -6643,     -7892,         0,         0,         0,     20918,      4334,      5088,       657,   8651806,   1792512,   2104366,    271559,      -393,     -4637,     -5031,   -162737,  -1917889,  -2080626,     14600,      6167,      4334,      1818,     44667,     51309,     21312,     25949
       268,     43268, 57.161785,     214.6,      92.6,     43233,     15249,     11216,      1436,   9277697,   3272495,   2406960,    308178,     -1176,     -6889,     -8066,   -252436,  -1478462,  -1730898,     20559,      4264,      5388,       759,   1903728,    394808,    498932,     70243,      -380,     -5076,     -5455,    -35156,   -470015,   -505172,     15249,      6185,      4264,      2012,     44409,     51298,     20938,     26014
       269,     43269, 33.707777,      58.6,      15.1,     42036,     10346,     11914,      1134,   2463337,    606267,    698178,     66461,     -1235,     -7866,     -9101,    -72367,   -460954,   -533321,     19739,      2996,      5557,       746,    298056,     45238,     83911,     11268,      -408,     -5675,     -6083,     -6160,    -85688,    -91849,     10346,      6194,      2996,      2138,     43271,     51138,     20147,     25821
       270,     43270, 17.882888,      84.1,      28.7,     41977,     14949,     12214,      1322,   3530247,   1257189,   1027193,    111192,     -1236,     -8045,     -9280,   -103934,   -676545,   -780480,     19706,      4292,      5682,       635,    565575,    123169,    163083,     18234,      -409,     -5780,     -6188,    -11727,   -165883,   -177610,     14949,      6333,      4292,      2135,     43213,     51257,     20115,     25895
       271,     43271, 13.388322,      11.4,         0,     43277,     15997,     12310,      1308,    493353,    182371,    140332,     14914,     -1175,     -7294,     -8470,    -13400,    -83157,    -96557,     20422,      4578,      5737,       598,         0,         0,         0,         0,      -379,     -5428,     -5807,         0,         0,         0,     15997,      6312,      4578,      2103,     44452,     51747,     20801,     26229
       272,     43272, 33.869037,     156.7,      10.0,     43022,     15675,     12866,      1009,   6741475,   2456204,   2016145,    158134,     -1161,     -7642,     -8803,   -181959,  -1197444,  -1379402,     20125,      4349,      5888,       533,    201247,     43490,     58885,      5327,      -377,     -5745,     -6122,     -3769,    -57450,    -61219,     15675,      6354,      4349,      1930,     44183,     51824,     20502,     26247
       273,     43273, 75.770917,         0,     150.4,     43316,     14638,     13386,       831,         0,         0,         0,         0,     -1275,     -6505,     -7780,         0,         0,         0,     20201,      4165,      6030,       425,   3038195,    626394,    906967,     63853,      -485,     -4843,     -5328,    -72869,   -728407,   -801276,     14638,      6418,      4165,      1914,     44591,     51096,     20685,     25528
       274,     43274, 55.469185,         0,         0,     43666,     17896,     18887,      3898,         0,         0,         0,         0,     -1726,     -7910,     -9636,         0,         0,         0,     18262,      4033,      5620,       514,         0,         0,         0,         0,     -1093,     -6702,     -7796,         0,         0,         0,     17896,       133,      4033,        23,     45392,     53302,     19356,     26058
       275,     43275, 21.871724,      55.0,      49.9,     45854,     20331,     19961,      3701,   2521946,   1118222,   1097843,    203533,     -1502,     -7164,     -8666,    -82604,   -394015,   -476620,     19542,      4728,      5764,       504,    975127,    235924,    287605,     25168,     -1067,     -6340,     -7407,    -53238,   -316355,   -369592,     20331,       137,      4728,        23,     47355,     54519,     20609,     26948
       276,     43276, 53.702442,     131.6,       7.9,     47003,     16182,     19391,      1066,   6185651,   2129575,   2551850,    140344,      -969,     -6886,     -7855,   -127508,   -906234,  -1033741,     20943,      3855,      6705,       744,    165449,     30455,     52971,      5879,      -564,     -5984,     -6547,     -4452,    -47272,    -51725,     16182,      1667,      3855,       880,     47972,     54859,     21506,     27490
       277,     43277, 22.651013,      50.2,      23.3,     47571,     16611,     25640,       327,   2388061,    833871,   1287136,     16425,     -1282,     -7057,     -8338,    -64349,   -354239,   -418588,     20736,      3703,      6975,       615,    483158,     86270,    162515,     14327,      -922,     -6496,     -7418,    -21486,   -151358,   -172843,     16611,      3771,      3703,      1568,     48853,     55909,     21659,     28155
       278,     43278, 73.337084,     167.9,      47.9,     48120,     18023,     25013,       953,   8079408,   3026088,   4199736,    159932,     -1214,     -6614,     -7829,   -203866,  -1110557,  -1314424,     21404,      3972,      6728,       804,   1025260,    190236,    322258,     38494,      -852,     -5902,     -6754,    -40821,   -282704,   -323525,     18023,      6676,      3972,      1887,     49335,     55949,     22256,     28158
       300,     51001,542.848881,     230.4,       5.9,     46230,      9295,      5718,        63,  10651466,   2141590,   1317453,     14549,     -2524,     -7762,    -10286,   -581526,  -1788283,  -2369808,     23109,      2180,      2473,       371,    136345,     12865,     14588,      2189,      -852,     -5386,     -6238,     -5027,    -31775,    -36802,      9295,      5364,      2180,      1116,     48754,     56516,     23961,     29347
       301,     51002,180.441731,     184.7,      75.2,     47318,     10973,      8537,        80,   8739709,   2026637,   1576766,     14719,     -2386,     -7251,     -9637,   -440668,  -1339300,  -1779968,     23618,      2628,      3129,       363,   1776065,    197646,    235303,     27281,      -820,     -5156,     -5976,    -61661,   -387707,   -449368,     10973,     10190,      2628,      2585,     49704,     56955,     24438,     29594
       302,     51003,1076.94370,     150.9,      41.0,     41702,      7040,      1510,        41,   6292774,   1062339,    227801,      6187,     -2561,    -11442,    -14004,   -386469,  -1726672,  -2113142,     20799,      1643,      1598,       151,    852775,     67357,     65507,      6187,      -867,     -7481,     -8348,    -35562,   -306725,   -342287,         0,      7040,         0,      1643,     44263,     55705,     21667,     29148
       303,     51004, 21.876469,     190.7,      12.9,     44597,     11071,      4521,        13,   8504563,   2111270,    862096,      2460,     -2559,     -9800,    -12359,   -488002,  -1868870,  -2356872,     22337,      2610,      2306,       196,    288148,     33670,     29748,      2526,      -869,     -6537,     -7406,    -11213,    -84327,    -95540,     11071,      8183,      2610,      1766,     47156,     56956,     23206,     29743
       304,     51005, 92.253578,         0,         0,     45418,      9638,      5838,        22,         0,         0,         0,         0,     -2552,     -8978,    -11530,         0,         0,         0,     22735,      2372,      2578,       232,         0,         0,         0,         0,      -865,     -6105,     -6970,         0,         0,         0,      9638,      8125,      2372,      1589,     47970,     56948,     23600,     29705
       305,     51006, 63.410203,      23.5,         0,     44437,      7058,      8507,        11,   1044262,    165859,    199920,       268,     -2381,     -9043,    -11425,    -55959,   -212520,   -268478,     22518,      1475,      3150,        94,         0,         0,         0,         0,      -760,     -5499,     -6259,         0,         0,         0,      5350,      7058,      1252,      1475,     46818,     55861,     23278,     28777
       306,     51007,134.292795,         0,         0,     44481,      7723,      6571,         6,         0,         0,         0,         0,     -2359,     -8824,    -11183,         0,         0,         0,     22569,      1833,      2766,       112,         0,         0,         0,         0,      -756,     -5509,     -6265,         0,         0,         0,      7723,      6480,      1833,      1224,     46840,     55664,     23325,     28834
       307,     51008,267.449394,         0,         0,     42507,      6988,      3659,         0,         0,         0,         0,         0,     -2582,    -11639,    -14220,         0,         0,         0,     21285,      1612,      2180,         0,         0,         0,         0,         0,      -880,     -7584,     -8464,         0,         0,         0,      4702,      6988,       998,      1612,     45089,     56727,     22164,     29749
       308,     51009,746.155512,     145.3,         0,     38727,      5640,       947,         0,   5627068,    819432,    137551,         0,     -2650,    -14467,    -17117,   -384998,  -2102064,  -2487062,     19468,      1058,      1432,       145,         0,         0,         0,         0,      -902,     -9152,    -10054,         0,         0,         0,         0,      5640,         0,      1058,     41377,     55844,     20370,     29523
       309,     51010,702.584977,     231.2,      21.1,     39748,      6203,      1568,        21,   9189636,   1434238,    362512,      4878,     -2649,    -14374,    -17023,   -612430,  -3323360,  -3935791,     19999,      1336,      1595,       231,    421981,     28198,     33656,      4878,      -903,     -9035,     -9938,    -19055,   -190635,   -209690,         0,      6203,         0,      1336,     42396,     56771,     20902,     29937
       310,     51011,3687.38049,      54.0,     505.9,     32956,         0,      1067,       506,   1779620,         0,     57631,     27319,     -2658,    -16899,    -19557,   -143525,   -912549,  -1056074,     16784,         0,       890,        54,   8490922,         0,    450169,     27319,      -884,    -10817,    -11701,   -447109,  -5472385,  -5919494,         0,         0,         0,         0,     35614,     52513,     17668,     28485
       311,     51012,233.999524,      21.9,         0,     42938,      6003,     10767,         0,    940348,    131471,    235793,         0,     -2368,    -11068,    -13436,    -51866,   -242384,   -294250,     22148,      1129,      3599,        41,         0,         0,         0,         0,      -756,     -6175,     -6931,         0,         0,         0,         0,      6003,         0,      1129,     45307,     56374,     22904,     29079
       312,     51013,300.352417,      25.5,         0,     43368,      5695,     13552,         3,   1105886,    145211,    345570,        76,     -2127,    -11923,    -14050,    -54232,   -304046,   -358279,     22781,      1068,      4023,        66,         0,         0,         0,         0,      -609,     -6219,     -6828,         0,         0,         0,         0,      5695,         0,      1068,     45495,     57418,     23390,     29609
       313,     51014,701.843407,     169.3,      16.2,     43982,      5750,     10053,        16,   7446149,    973399,   1702036,      2743,     -2123,    -11112,    -13235,   -359505,  -1881203,  -2240708,     23135,      1079,      3279,       174,    374794,     17481,     53112,      2818,      -607,     -5927,     -6534,     -9840,    -96018,   -105858,         0,      5750,         0,      1079,     46105,     57217,     23743,     29670
       314,     51015,186.289862,      57.6,      91.6,     47295,      5268,      7196,        92,   2724193,    303465,    414505,      5276,     -2056,     -8323,    -10378,   -118415,   -479385,   -597800,     24517,       983,      2530,        72,   2245724,     90052,    231750,      6618,      -595,     -4982,     -5577,    -54521,   -456332,   -510853,         0,      5268,         0,       983,     49351,     57673,     25112,     30094
       315,     51016,488.933594,      36.1,         0,     46453,      5154,      4253,        37,   1676959,    186068,    153516,      1342,     -2056,     -9250,    -11305,    -74209,   -333919,   -408128,     24056,       959,      1901,        59,         0,         0,         0,         0,      -595,     -5627,     -6222,         0,         0,         0,         0,      5154,         0,       959,     48509,     57759,     24652,     30279
       316,     51017, 86.474304,         0,         0,     42818,         0,      1807,         0,         0,         0,         0,         0,     -2059,    -12247,    -14306,         0,         0,         0,     22113,         0,      1407,         0,         0,         0,         0,         0,      -595,     -7352,     -7948,         0,         0,         0,         0,         0,         0,         0,     44877,     57124,     22708,     30060
       317,     51018, 71.676921,       2.6,         0,     39476,     12690,     16933,      1809,    102637,     32994,     44027,      4704,     -2058,    -14892,    -16949,     -5350,    -38719,    -44068,     20315,      2343,      4331,       116,         0,         0,         0,         0,      -595,     -7746,     -8341,         0,         0,         0,     12690,         0,      2343,         0,     41533,     56425,     20910,     28656
       318,     51019,546.099683,     100.1,     152.0,     43243,         0,     13684,       152,   4328673,         0,   1369792,     15215,     -2058,    -11763,    -13821,   -206010,  -1177483,  -1383492,     22315,         0,      3708,       101,   3391805,         0,    563567,     15304,      -595,     -6411,     -7006,    -90458,   -974435,  -1064893,         0,         0,         0,         0,     45302,     57065,     22910,     29320
       319,     51020,484.430610,      75.2,         0,     41053,         0,     11001,         0,   3087219,         0,    827282,         0,     -2058,    -13616,    -15674,   -154784,  -1023925,  -1178708,     21153,         0,      2584,        75,         0,         0,         0,         0,      -595,     -7443,     -8038,         0,         0,         0,         0,         0,         0,         0,     43112,     56728,     21748,     29191
       320,     51021,472.902317,      37.8,     100.0,     44115,         0,      4320,       100,   1667554,         0,    163277,      3780,     -2057,    -11101,    -13158,    -77761,   -419614,   -497375,     22777,         0,      1532,        38,   2277718,         0,    153218,      3780,      -595,     -6554,     -7149,    -59479,   -655395,   -714874,         0,         0,         0,         0,     46172,     57273,     23372,     29926
       321,     51022,2445.72430,         0,         0,     16541,         0,      1942,         0,         0,         0,         0,         0,     -1124,    -33183,    -34307,         0,         0,         0,      8858,         0,      1548,         0,         0,         0,         0,         0,      -512,    -17282,    -17794,         0,         0,         0,         0,         0,         0,         0,     17665,     50848,      9370,     26652
       322,     51023,711.768783,      34.9,       9.4,     43812,         0,      5187,        12,   1529041,         0,    181024,       435,     -2124,    -10548,    -12672,    -74119,   -368124,   -442243,     24148,         0,      4247,        40,    226993,         0,     39922,       373,      -615,     -4824,     -5439,     -5783,    -45347,    -51130,         0,         0,         0,         0,     45936,     56484,     24763,     29588
       323,     51024,144.306023,         0,         0,     29756,         0,      1465,         0,         0,         0,         0,         0,     -2124,    -22452,    -24576,         0,         0,         0,     17945,         0,       861,         1,         0,         0,         0,         0,      -619,    -10380,    -10998,         0,         0,         0,         0,         0,         0,         0,     31880,     54332,     18564,     28943
       324,     51025,207.407340,         0,         0,     31959,         0,      1016,         0,         0,         0,         0,         0,     -2128,    -21921,    -24050,         0,         0,         0,     18876,         0,       580,         0,         0,         0,         0,         0,      -620,    -10178,    -10798,         0,         0,         0,         0,         0,         0,         0,     34088,     56009,     19496,     29674
       325,     51026,189.411721,       1.2,         0,     34239,         0,      1331,         0,     41087,         0,      1597,         0,     -2116,    -19407,    -21523,     -2539,    -23288,    -25828,     20072,         0,       727,         1,         0,         0,         0,         0,      -616,     -8987,     -9604,         0,         0,         0,         0,         0,         0,         0,     36355,     55762,     20688,     29675
       326,     51027,439.159479,         0,         0,     37213,         0,       889,         0,         0,         0,         0,         0,     -2129,    -18079,    -20208,         0,         0,         0,     21239,         0,       758,         0,         0,         0,         0,         0,      -621,     -8374,     -8995,         0,         0,         0,         0,         0,         0,         0,     39342,     57422,     21860,     30234
       327,     51028,268.966953,         0,         0,     37738,         0,       916,         0,         0,         0,         0,         0,     -2128,    -17704,    -19832,         0,         0,         0,     21451,         0,       860,         0,         0,         0,         0,         0,      -620,     -8207,     -8827,         0,         0,         0,         0,         0,         0,         0,     39865,     57570,     22071,     30278
       328,     51029,403.635931,         0,         0,     31547,         0,       999,         0,         0,         0,         0,         0,     -2129,    -22260,    -24389,         0,         0,         0,     18603,         0,       570,         0,         0,         0,         0,         0,      -620,    -10457,    -11077,         0,         0,         0,         0,         0,         0,         0,     33676,     55936,     19223,     29680
       329,     51030,882.757580,     136.1,      27.2,     40007,         0,      1263,        27,   5444995,         0,    171921,      3702,     -2128,    -15602,    -17730,   -289586,  -2123427,  -2413014,     22457,         0,      1119,       136,    610822,         0,     30439,      3702,      -622,     -7151,     -7773,    -16912,   -194515,   -211427,         0,         0,         0,         0,     42135,     57737,     23078,     30230
       330,     51031,826.571978,         0,         0,     15654,         0,      1069,         0,         0,         0,         0,         0,     -1901,    -29395,    -31296,         0,         0,         0,     10146,         0,       548,         0,         0,         0,         0,         0,      -595,    -14820,    -15415,         0,         0,         0,         0,         0,         0,         0,     17555,     46950,     10741,     25561
       331,     51032,579.302245,       4.8,         0,     34974,         0,      1039,         0,    167877,         0,      4985,         0,     -2128,    -19546,    -21674,    -10216,    -93821,   -104037,     20133,         0,       834,         5,         0,         0,         0,         0,      -621,     -9188,     -9809,         0,         0,         0,         0,         0,         0,         0,     37103,     56649,     20755,     29942
       332,     51033,955.131816,       1.4,         0,     20709,         0,       982,         0,     28993,         0,      1375,         0,     -2106,    -28343,    -30449,     -2948,    -39681,    -42629,     12910,         0,       515,         1,         0,         0,         0,         0,      -613,    -13922,    -14535,         0,         0,         0,         0,         0,         0,         0,     22815,     51158,     13522,     27444
       333,     51034,564.718367,         0,         0,     23357,         0,      1525,         0,         0,         0,         0,         0,     -2095,    -25806,    -27901,         0,         0,         0,     14075,         0,      1452,         0,         0,         0,         0,         0,      -587,    -11901,    -12489,         0,         0,         0,         0,         0,         0,         0,     25452,     51259,     14663,     26564
       334,     51035,758.294186,         0,         0,     12634,         0,      1177,         0,         0,         0,         0,         0,     -1693,    -33994,    -35688,         0,         0,         0,      8610,         0,       950,         0,         0,         0,         0,         0,      -513,    -16640,    -17153,         0,         0,         0,         0,         0,         0,         0,     14327,     48321,      9123,     25763
       335,     51036,855.974154,         0,         0,      8572,         0,       763,         0,         0,         0,         0,         0,      -981,    -33395,    -34376,         0,         0,         0,      6651,         0,       449,         0,         0,         0,         0,         0,      -260,    -16760,    -17021,         0,         0,         0,         0,         0,         0,         0,      9553,     42948,      6911,     23672
       336,     51037,1316.41712,       9.6,         0,      9560,         0,      2055,         0,     91774,         0,     19729,         0,     -1125,    -33933,    -35058,    -10799,   -325758,   -336558,      7067,         0,      1850,        10,         0,         0,         0,         0,      -286,    -16337,    -16623,         0,         0,         0,         0,         0,         0,         0,     10685,     44618,      7353,     23690
       337,     51038,939.975581,         0,         0,     37133,      4835,      7509,         7,         0,         0,         0,         0,     -2679,    -13632,    -16311,         0,         0,         0,     21092,      1544,      5554,       242,         0,         0,         0,         0,      -880,     -6619,     -7499,         0,         0,         0,      4835,         0,      1544,         0,     39813,     53444,     21973,     28591
       338,     51039,1393.63434,         0,         0,     21497,         0,      2230,         0,         0,         0,         0,         0,     -2905,    -24634,    -27539,         0,         0,         0,     13877,         0,      2335,         0,         0,         0,         0,         0,      -988,    -11985,    -12973,         0,         0,         0,         0,         0,         0,         0,     24402,     49036,     14865,     26850
       339,     51040,2207.84557,       2.0,         0,      8421,         0,       580,         0,     16843,         0,      1159,         0,      -190,    -29130,    -29320,      -380,    -58261,    -58641,      6562,         0,       809,         2,         0,         0,         0,         0,      -140,    -14193,    -14333,         0,         0,         0,         0,         0,         0,         0,      8612,     37742,      6702,     20895
       340,     51041,2208.69268,      12.2,     520.8,     23778,         0,      1658,       521,    290091,         0,     20233,      6354,     -2127,    -24346,    -26473,    -25951,   -297020,   -322971,     15038,         0,      1260,        12,   7831555,         0,    656305,      6354,      -618,    -11677,    -12295,   -321793,  -6081569,  -6403361,         0,         0,         0,         0,     25905,     50251,     15655,     27333
       341,     51042,7221.17466,      37.7,         0,      7710,         0,       459,         0,    290674,         0,     17320,         0,      -619,    -32903,    -33521,    -23322,  -1240439,  -1263760,      6132,         0,       480,        38,         0,         0,         0,         0,      -195,    -16779,    -16974,         0,         0,         0,         0,         0,         0,         0,      8329,     41232,      6327,     23106
       342,     51043,3703.92834,      12.9,      10.7,      7200,         0,        33,        11,     92879,         0,       420,       138,     -1295,    -24105,    -25401,    -16712,   -310957,   -327668,      5854,         0,       167,        13,     62637,         0,      1786,       138,      -367,    -13353,    -13720,     -3923,   -142881,   -146804,         0,         0,         0,         0,      8495,     32601,      6221,     19574
       343,     51044,228.302944,       4.5,         0,     26076,         0,      2076,       111,    117344,         0,      9343,       501,     -2385,    -24784,    -27169,    -10731,   -111529,   -122260,     15298,         0,      2396,         5,         0,         0,         0,         0,      -887,    -11020,    -11907,         0,         0,         0,         0,         0,         0,         0,     28461,     53245,     16185,     27205
       344,     51045,212.642427,      14.0,         0,     42870,         0,      7808,         2,    600182,         0,    109316,        23,     -2147,    -10511,    -12658,    -30064,   -147151,   -177215,     23736,         0,      5854,        22,         0,         0,         0,         0,      -625,     -4809,     -5435,         0,         0,         0,         0,         0,         0,         0,     45018,     55528,     24361,     29171
       345,     51046,419.883679,         0,     118.5,     30740,         0,      2516,       119,         0,         0,         0,         0,     -2563,    -20519,    -23082,         0,         0,         0,     17806,         0,      2757,        12,   2110044,         0,    326718,      1451,      -918,     -8926,     -9844,   -108829,  -1057724,  -1166553,         0,         0,         0,         0,     33303,     53823,     18725,     27651
       346,     51047, 93.259176,      57.6,      12.9,     30005,         0,      4549,        48,   1728263,         0,    262036,      2776,     -2530,    -21458,    -23988,   -145730,  -1235965,  -1381695,     17405,         0,      3926,       229,    224520,         0,     50650,      2950,      -915,     -9696,    -10611,    -11805,   -125075,   -136881,         0,         0,         0,         0,     32535,     53992,     18320,     28016
       347,     51048, 77.368382,      21.8,      21.1,     29318,         0,      5393,        71,    639137,         0,    117573,      1548,     -2532,    -21704,    -24236,    -55187,   -473149,   -528336,     17059,         0,      4416,       385,    359935,         0,     93184,      8131,      -916,     -9896,    -10813,    -19332,   -208816,   -228148,         0,         0,         0,         0,     31850,     53554,     17975,     27871
       348,     51049,349.617318,     221.4,      29.5,     38651,         0,      7790,        76,   8557283,         0,   1724675,     16908,     -2277,    -13481,    -15757,   -504023,  -2984660,  -3488683,     21684,         0,      5816,       334,    639671,         0,    171576,      9859,      -694,     -6038,     -6732,    -20469,   -178125,   -198594,         0,         0,         0,         0,     40927,     54408,     22378,     28416
       349,     51050, 99.330031,      51.1,       1.1,     33611,         0,      4434,       286,   1717533,         0,    226601,     14597,     -2564,    -17522,    -20086,   -131036,   -895353,  -1026388,     19255,         0,      3820,       384,     21180,         0,      4202,       423,      -914,     -7672,     -8586,     -1005,     -8439,     -9445,         0,         0,         0,         0,     36176,     53697,     20169,     27841
       350,     51051,106.092975,      71.2,         0,     35329,         0,      5468,        97,   2515419,         0,    389345,      6906,     -2439,    -16056,    -18495,   -173674,  -1143203,  -1316876,     20109,         0,      4403,       404,         0,         0,         0,         0,      -841,     -7038,     -7879,         0,         0,         0,         0,         0,         0,         0,     37768,     53824,     20950,     27988
       351,     51052,146.815785,     177.2,      29.8,     36308,         0,      6585,        95,   6433776,         0,   1166869,     16824,     -2384,    -15172,    -17556,   -422407,  -2688463,  -3110870,     20593,         0,      5075,       485,    613666,         0,    151232,     14446,      -807,     -6681,     -7488,    -24057,   -199092,   -223149,         0,         0,         0,         0,     38692,     53864,     21400,     28081
       352,     51053,175.250641,       7.9,       3.4,     28412,         0,      2013,         3,    224452,         0,     15906,        27,     -2570,    -20489,    -23059,    -20302,   -161866,   -182168,     16623,         0,      2393,         8,     56519,         0,      8136,        27,      -922,     -8851,     -9773,     -3136,    -30093,    -33229,         0,         0,         0,         0,     30982,     51471,     17546,     26396
       353,     51054,182.309855,     216.0,     275.9,     33269,         0,      3620,       350,   7186185,         0,    781896,     75565,     -2565,    -17098,    -19663,   -553967,  -3693179,  -4247146,     19087,         0,      3371,       384,   5265999,         0,    930181,    105994,      -914,     -7396,     -8309,   -252058,  -2040460,  -2292518,         0,         0,         0,         0,     35834,     52932,     20000,     27396
       354,     51055,257.854034,      16.6,      46.9,     39337,         0,      9879,        70,    652988,         0,    163989,      1157,     -2303,    -11800,    -14103,    -38227,   -195888,   -234115,     22089,         0,      7018,       170,   1035952,         0,    329143,      7964,      -752,     -5244,     -5996,    -35263,   -245964,   -281227,         0,         0,         0,         0,     41639,     53440,     22840,     28085
       355,     51056,179.322392,      71.1,      23.1,     37717,         0,      8110,       226,   2681704,         0,    576646,     16103,     -2312,    -13008,    -15320,   -164363,   -924862,  -1089224,     21331,         0,      5932,       489,    492739,         0,    137019,     11290,      -779,     -5694,     -6472,    -17989,   -131525,   -149513,         0,         0,         0,         0,     40029,     53037,     22109,     27803
       356,     51057,274.318532,     214.5,     271.9,     33868,         0,      5862,       467,   7264637,         0,   1257379,    100216,     -2491,    -15724,    -18215,   -534300,  -3372762,  -3907062,     19544,         0,      4545,       584,   5314106,         0,   1235839,    158760,      -892,     -6761,     -7653,   -242524,  -1838416,  -2080940,         0,         0,         0,         0,     36359,     52083,     20436,     27198
       357,     51058,207.411981,     135.5,      75.0,     35394,         0,      7166,       639,   4795851,         0,    970966,     86588,     -2407,    -14375,    -16783,   -326181,  -1947851,  -2274033,     20315,         0,      5321,       652,   1523649,         0,    399070,     48882,      -849,     -6178,     -7027,    -63692,   -463356,   -527047,         0,         0,         0,         0,     37801,     52176,     21165,     27343
       358,     51059,220.877576,     185.5,      10.0,     31222,         0,      4426,       309,   5791745,         0,    821073,     57408,     -2544,    -17611,    -20154,   -471878,  -3266779,  -3738657,     18327,         0,      3724,       459,    183269,         0,     37241,      4591,      -923,     -7493,     -8416,     -9226,    -74932,    -84158,         0,         0,         0,         0,     33766,     51377,     19249,     26743
       359,     51060,180.085652,      28.5,         0,     37055,         0,     10619,       415,   1056066,         0,    302633,     11819,     -2286,    -12531,    -14817,    -65149,   -357144,   -422294,     21208,         0,      7372,       409,         0,         0,         0,         0,      -749,     -5427,     -6176,         0,         0,         0,         0,         0,         0,         0,     39341,     51872,     21957,     27384
       360,     51061,138.969843,      45.7,       2.6,     29545,         0,      3257,        11,   1350221,         0,    148866,       517,     -2573,    -18298,    -20872,   -117607,   -836240,   -953848,     17487,         0,      3176,       208,     45466,         0,      8258,       540,      -925,     -7754,     -8679,     -2405,    -20160,    -22565,         0,         0,         0,         0,     32119,     50417,     18412,     26166
       361,     51062,206.878310,     226.4,     174.6,     36044,         0,      9109,       983,   8160253,         0,   2062352,    222524,     -2285,    -13103,    -15388,   -517325,  -2966617,  -3483943,     20773,         0,      6439,       695,   3626972,         0,   1124205,    121330,      -750,     -5556,     -6306,   -131005,   -970068,  -1101073,         0,         0,         0,         0,     38329,     51432,     21523,     27079
       362,     51063, 37.103321,      29.3,     200.4,     33969,         0,      8188,      1136,    995283,         0,    239910,     33294,     -2349,    -14260,    -16609,    -68820,   -417820,   -486640,     19867,         0,      5848,       771,   3981299,         0,   1171955,    154421,      -793,     -6022,     -6816,   -159010,  -1206829,  -1365839,         0,         0,         0,         0,     36317,     50578,     20660,     26682
       363,     51064, 39.521744,     100.2,      35.6,     33499,         0,      7479,       862,   3356620,         0,    749368,     86401,     -2485,    -14965,    -17450,   -248964,  -1499484,  -1748448,     19549,         0,      5408,       624,    695941,         0,    192511,     22212,      -888,     -6382,     -7270,    -31601,   -227203,   -258803,         0,         0,         0,         0,     35984,     50949,     20437,     26819
       364,     51065, 32.967345,      31.8,      64.9,     35352,         0,     10630,      1030,   1124191,         0,    338039,     32761,     -2208,    -12945,    -15153,    -70199,   -411660,   -481859,     20549,         0,      7304,       770,   1333614,         0,    474026,     49941,      -725,     -5523,     -6247,    -47027,   -358421,   -405448,         0,         0,         0,         0,     37559,     50505,     21273,     26796
       365,     51066, 43.285079,      27.7,     110.0,     34429,         0,     11640,       500,    953684,         0,    322425,     13847,     -2389,    -13630,    -16018,    -66166,   -377538,   -443704,     20230,         0,      7917,       464,   2225341,         0,    870910,     51086,      -769,     -5824,     -6594,    -84632,   -640659,   -725291,         0,         0,         0,         0,     36818,     50447,     21000,     26824
       366,     51067, 40.883448,       7.3,       2.6,     34250,         0,     12352,       255,    250025,         0,     90172,      1859,     -2395,    -13477,    -15872,    -17482,    -98380,   -115862,     20143,         0,      8334,       323,     52373,         0,     21669,       839,      -776,     -5799,     -6575,     -2017,    -15078,    -17095,         0,         0,         0,         0,     36645,     50122,     20919,     26718
       367,     51068,116.543362,     163.3,     486.3,     34808,         0,      9757,      1256,   5684194,         0,   1593335,    205123,     -2296,    -12918,    -15214,   -374926,  -2109535,  -2484461,     20287,         0,      6733,       822,   9865348,         0,   3274032,    399948,      -769,     -5476,     -6245,   -374032,  -2662904,  -3036937,         0,         0,         0,         0,     37104,     50022,     21056,     26532
       368,     51069, 93.448746,     244.2,      93.3,     33933,         0,     11485,       749,   8286502,         0,   2804685,    182831,     -2400,    -13470,    -15870,   -586168,  -3289256,  -3875424,     19988,         0,      7754,       561,   1864897,         0,    723406,     52327,      -784,     -5745,     -6529,    -73164,   -536020,   -609184,         0,         0,         0,         0,     36334,     49803,     20772,     26517
       369,     51070,305.884017,      83.8,       7.9,     32011,         0,      6572,       266,   2682488,         0,    550704,     22312,     -2516,    -15542,    -18059,   -210879,  -1302451,  -1513330,     18731,         0,      4800,       272,    147972,         0,     37920,      2147,      -913,     -6715,     -7629,     -7214,    -53052,    -60265,         0,         0,         0,         0,     34527,     50069,     19644,     26359
       370,     51071, 96.491717,      77.3,     178.5,     33241,         0,      8432,      1027,   2569522,         0,    651775,     79358,     -2358,    -13963,    -16321,   -182251,  -1079369,  -1261620,     19514,         0,      5895,       647,   3483199,         0,   1052199,    115521,      -803,     -5926,     -6729,   -143256,  -1057831,  -1201087,         0,         0,         0,         0,     35599,     49562,     20316,     26242
       371,     51072, 86.749182,      93.8,      86.7,     33279,         0,      9915,       944,   3121553,         0,    930010,     88567,     -2228,    -13670,    -15898,   -209007,  -1282211,  -1491218,     19591,         0,      6739,       607,   1698503,         0,    584268,     52606,      -711,     -5840,     -6550,    -61602,   -506323,   -567924,         0,         0,         0,         0,     35507,     49177,     20301,     26141
       372,     51073,160.659328,     108.9,       6.4,     31302,         0,      8182,       191,   3408766,         0,    890984,     20803,     -2257,    -14822,    -17079,   -245776,  -1614136,  -1859912,     18609,         0,      5590,       312,    119098,         0,     35774,      1999,      -735,     -6397,     -7132,     -4705,    -40942,    -45647,         0,         0,         0,         0,     33559,     48381,     19344,     25741
       373,     51074,247.509665,      27.4,      32.0,     31353,         0,     10208,       275,    859061,         0,    279697,      7539,     -2255,    -14682,    -16937,    -61785,   -402280,   -464065,     18633,         0,      6762,       248,    596266,         0,    216376,      7952,      -735,     -6438,     -7174,    -23524,   -206030,   -229554,         0,         0,         0,         0,     33608,     48289,     19368,     25807
       374,     51075,415.423871,         0,         0,     29345,         0,     12031,        46,         0,         0,         0,         0,     -2268,    -16087,    -18356,         0,         0,         0,     17621,         0,      7801,        76,         0,         0,         0,         0,      -737,     -7260,     -7997,         0,         0,         0,         0,         0,         0,         0,     31613,     47700,     18358,     25618
       375,     51076,401.486297,     107.1,         0,     26001,         0,      6003,         6,   2784681,         0,    642963,       592,     -2222,    -19762,    -21984,   -238005,  -2116494,  -2354499,     16016,         0,      4237,       169,         0,         0,         0,         0,      -680,     -8758,     -9437,         0,         0,         0,         0,         0,         0,         0,     28223,     47985,     16695,     25453
       376,     51077,150.294086,         0,         0,     23595,         0,      3841,        12,         0,         0,         0,         0,     -2221,    -22113,    -24334,         0,         0,         0,     14773,         0,      3132,        55,         0,         0,         0,         0,      -679,     -9868,    -10547,         0,         0,         0,         0,         0,         0,         0,     25816,     47929,     15452,     25320
       377,     51078,103.574048,      15.3,         0,     31172,         0,      8207,        21,    476931,         0,    125570,       315,     -2241,    -14350,    -16590,    -34281,   -219550,   -253831,     18576,         0,      5441,       200,         0,         0,         0,         0,      -712,     -6220,     -6932,         0,         0,         0,         0,         0,         0,         0,     33413,     47762,     19288,     25508
       378,     51079,201.766026,         0,         0,     30702,         0,      9769,        21,         0,         0,         0,         0,     -2233,    -14296,    -16529,         0,         0,         0,     18336,         0,      6284,        66,         0,         0,         0,         0,      -712,     -6309,     -7020,         0,         0,         0,         0,         0,         0,         0,     32936,     47232,     19047,     25356
       379,     51080,128.103503,      32.3,         0,     30019,         0,      7609,         1,    969606,         0,    245773,        37,     -2194,    -15041,    -17236,    -70880,   -485828,   -556708,     18055,         0,      4953,        84,         0,         0,         0,         0,      -671,     -6545,     -7217,         0,         0,         0,         0,         0,         0,         0,     32213,     47254,     18726,     25272
       380,     51081,543.521951,         0,      65.7,     27403,         0,      4262,        66,         0,         0,         0,         0,     -2219,    -16877,    -19096,         0,         0,         0,     16729,         0,      3079,         4,   1099104,         0,    202288,       267,      -677,     -7357,     -8033,    -44447,   -483346,   -527793,         0,         0,         0,         0,     29623,     46499,     17406,     24763
       381,     51082, 73.495561,       1.0,         0,     30255,         0,      8804,        20,     30255,         0,      8804,        20,     -2183,    -14140,    -16324,     -2183,    -14140,    -16324,     18234,         0,      5503,        69,         0,         0,         0,         0,      -663,     -6163,     -6826,         0,         0,         0,         0,         0,         0,         0,     32438,     46578,     18897,     25059
       382,     51083, 77.125168,         0,         0,     30172,         0,      7540,         3,         0,         0,         0,         0,     -2185,    -14246,    -16431,         0,         0,         0,     18190,         0,      4771,        49,         0,         0,         0,         0,      -663,     -6155,     -6818,         0,         0,         0,         0,         0,         0,         0,     32356,     46603,     18853,     25008
       383,     51084,361.583925,      12.7,      16.8,     43546,         0,      6808,       317,    553029,         0,     86458,      4030,     -2232,    -10060,    -12293,    -28352,   -127764,   -156116,     24055,         0,      5195,        60,    404132,         0,     87277,      1009,      -671,     -4681,     -5352,    -11277,    -78644,    -89921,         0,         0,         0,         0,     45778,     55838,     24727,     29408
       384,     51085,327.431568,       2.1,         0,     39540,         0,      9042,         7,     83034,         0,     18989,        14,     -2491,    -12531,    -15023,     -5232,    -26316,    -31547,     22155,         0,      6608,        18,         0,         0,         0,         0,      -794,     -5834,     -6627,         0,         0,         0,         0,         0,         0,         0,     42031,     54562,     22948,     28782
       385,     51086,148.460759,       1.0,         0,     43211,     13136,      9296,       120,     43211,     13136,      9296,       120,     -2354,     -9139,    -11492,     -2354,     -9139,    -11492,     23967,      3991,      6700,        85,         0,         0,         0,         0,      -733,     -4313,     -5045,         0,         0,         0,     13136,         0,      3991,         0,     45565,     54703,     24700,     29012
       386,     51087,254.194311,       1.0,         0,     36458,         0,     10411,         0,     36458,         0,     10411,         0,     -2662,    -14473,    -17134,     -2662,    -14473,    -17134,     20717,         0,      7422,         6,         0,         0,         0,         0,      -881,     -6672,     -7553,         0,         0,         0,         0,         0,         0,         0,     39120,     53592,     21598,     28270
       387,     51088,168.734823,         0,         0,     40376,         0,     10991,         6,         0,         0,         0,         0,     -2474,    -10933,    -13407,         0,         0,         0,     22579,         0,      7750,         3,         0,         0,         0,         0,      -786,     -5148,     -5934,         0,         0,         0,         0,         0,         0,         0,     42850,     53783,     23364,     28513
       388,     51089,230.630104,       1.0,         0,     40760,         0,     11010,       109,     40760,         0,     11010,       109,     -2568,    -10248,    -12816,     -2568,    -10248,    -12816,     22884,         0,      7725,       186,         0,         0,         0,         0,      -834,     -4812,     -5646,         0,         0,         0,         0,         0,         0,         0,     43328,     53576,     23718,     28529
       389,     51090,169.860143,         0,         0,     36553,         0,     12120,         0,         0,         0,         0,         0,     -2709,    -13547,    -16255,         0,         0,         0,     20848,         0,      8385,         1,         0,         0,         0,         0,      -911,     -6215,     -7126,         0,         0,         0,         0,         0,         0,         0,     39262,     52809,     21759,     27974
       390,     51091,167.915471,         0,         0,     38278,         0,     12463,        27,         0,         0,         0,         0,     -2691,    -11942,    -14633,         0,         0,         0,     21741,         0,      8642,         5,         0,         0,         0,         0,      -894,     -5493,     -6387,         0,         0,         0,         0,         0,         0,         0,     40969,     52912,     22635,     28128
       391,     51092,220.025124,       2.0,      47.9,     40380,         0,     12417,       304,     80761,         0,     24833,       608,     -2619,     -9852,    -12471,     -5238,    -19705,    -24943,     22764,         0,      8559,       300,   1090372,         0,    409987,     14352,      -863,     -4593,     -5456,    -41334,   -220014,   -261348,         0,         0,         0,         0,     42999,     52852,     23626,     28220
       392,     51093, 97.688323,       2.4,         0,     39764,      7986,     13217,       949,     95434,     19167,     31720,      2276,     -2662,     -9753,    -12415,     -6389,    -23408,    -29797,     22496,      2158,      9043,       701,         0,         0,         0,         0,      -882,     -4537,     -5419,         0,         0,         0,      7986,         0,      2158,         0,     42426,     52180,     23379,     27916
       393,     51094, 34.286597,         0,         0,     38902,         0,     13309,       471,         0,         0,         0,         0,     -2674,    -10700,    -13374,         0,         0,         0,     22057,         0,      9164,       525,         0,         0,         0,         0,      -889,     -4947,     -5836,         0,         0,         0,         0,         0,         0,         0,     41576,     52276,     22946,     27894
       394,     51095,426.629075,       1.0,         0,     31490,         0,     12349,        86,     31490,         0,     12349,        86,     -3367,    -16987,    -20354,     -3367,    -16987,    -20354,     18883,         0,      8429,        50,         0,         0,         0,         0,     -1205,     -7377,     -8581,         0,         0,         0,         0,         0,         0,         0,     34857,     51844,     20088,     27465
       395,     51096,137.197218,         0,         0,     35895,         0,     13510,       340,         0,         0,         0,         0,     -2767,    -12703,    -15470,         0,         0,         0,     20835,         0,      9272,       292,         0,         0,         0,         0,      -925,     -5650,     -6574,         0,         0,         0,         0,         0,         0,         0,     38662,     51364,     21760,     27409
       396,     51097, 92.180413,     389.9,     257.2,     39391,      9953,     13521,      2239,  15358685,   3880629,   5271958,    872940,     -2693,     -9612,    -12304,  -1049839,  -3747674,  -4797514,     22429,      2755,      9257,      1060,   5768744,    708610,   2380829,    272604,      -889,     -4387,     -5276,   -228606,  -1128279,  -1356885,      9953,         0,      2755,         0,     42084,     51696,     23318,     27705
       397,     51098, 21.557171,       7.7,         0,     36787,      6135,     13664,      1045,    283263,     47243,    105210,      8049,     -2763,    -11784,    -14547,    -21275,    -90739,   -112014,     21286,      1724,      9375,       784,         0,         0,         0,         0,      -916,     -5256,     -6172,         0,         0,         0,      6135,         0,      1724,         0,     39550,     51335,     22202,     27458
       398,     51099,283.480838,         0,         0,     32931,         0,     13409,        34,         0,         0,         0,         0,     -3404,    -15096,    -18500,         0,         0,         0,     19597,         0,      9092,        12,         0,         0,         0,         0,     -1190,     -6583,     -7773,         0,         0,         0,         0,         0,         0,         0,     36336,     51431,     20787,     27370
       399,     51100, 40.581352,     121.2,      14.0,     37358,      7901,     13863,      2877,   4527760,    957578,   1680178,    348655,     -2758,    -10852,    -13610,   -334287,  -1315294,  -1649581,     21570,      2261,      9460,      1214,    301984,     31650,    132434,     16990,      -910,     -4859,     -5768,    -12734,    -68024,    -80757,      7901,         0,      2261,         0,     40116,     50968,     22480,     27339
       400,     51101, 31.416181,     100.7,      34.6,     38644,     10060,     13793,      3360,   3891475,   1013047,   1388920,    338366,     -2753,     -9820,    -12573,   -277184,   -988870,  -1266054,     22131,      2732,      9388,      1486,    765722,     94535,    324827,     51402,      -909,     -4456,     -5364,    -31435,   -154166,   -185601,     10060,         0,      2732,         0,     41397,     51217,     23039,     27495
       401,     51102, 15.753791,      28.7,     125.1,     37863,     10011,     13722,      3398,   1086655,    287322,    393828,     97513,     -2791,     -9677,    -12468,    -80099,   -277738,   -357837,     21720,      2938,      9330,      1613,   2717152,    367568,   1167128,    201804,      -939,     -4440,     -5379,   -117414,   -555505,   -672920,     10011,         0,      2938,         0,     40653,     50331,     22658,     27099
       402,     51103, 56.800698,      30.7,     279.8,     37410,      5205,     14000,      2194,   1148495,    159787,    429815,     67366,     -2752,    -10709,    -13461,    -84499,   -328752,   -413251,     21622,      1572,      9549,       922,   6049940,    439928,   2671940,    258000,      -898,     -4746,     -5644,   -251160,  -1328044,  -1579204,      5205,         0,      1572,         0,     40163,     50871,     22520,     27266
       403,     51104,146.811041,       4.8,         0,     34897,         0,     14009,       871,    167504,         0,     67245,      4181,     -3216,    -12675,    -15890,    -15435,    -60838,    -76274,     20532,         0,      9485,       233,         0,         0,         0,         0,     -1096,     -5538,     -6634,         0,         0,         0,         0,         0,         0,         0,     38112,     50787,     21628,     27165
       404,     51105, 40.536810,      80.6,     132.8,     37201,      5284,     14036,      3671,   2998433,    425904,   1131341,    295865,     -2749,    -10424,    -13173,   -221570,   -840159,  -1061729,     21558,      1533,      9545,      1293,   2862914,    203523,   1267619,    171654,      -894,     -4632,     -5525,   -118681,   -615068,   -733749,      5284,         0,      1533,         0,     39950,     50374,     22452,     27083
       405,     51106, 31.544987,      78.3,      67.8,     36202,      6560,     13948,      3933,   2834640,    513672,   1092118,    307978,     -2881,    -10320,    -13201,   -225543,   -808084,  -1033627,     21031,      1980,      9482,      1663,   1425868,    134228,    642867,    112758,      -970,     -4654,     -5624,    -65769,   -315570,   -381339,      6560,         0,      1980,         0,     39083,     49403,     22001,     26655
       406,     51107, 15.738090,      32.8,     803.9,     38799,      7353,     13874,      3721,   1272609,    241163,    455054,    122055,     -2868,     -9139,    -12007,    -94064,   -299760,   -393824,     22489,      2545,      9426,      1787,  18079289,   2045769,   7577765,   1436730,      -949,     -4155,     -5104,   -762637,  -3340164,  -4102801,      7353,         0,      2545,         0,     41667,     50806,     23438,     27593
       407,     51108, 27.668124,      74.7,      73.8,     36873,      5508,     14124,      4357,   2754439,    411410,   1055068,    325468,     -2983,    -10333,    -13316,   -222826,   -771879,   -994705,     21418,      2309,      9580,      1163,   1580648,    170389,    707039,     85830,      -997,     -4591,     -5588,    -73604,   -338785,   -412390,      5508,         0,      2309,         0,     39856,     50189,     22415,     27006
       408,     51109, 21.354747,      52.6,      92.6,     36978,      6587,     14036,      4572,   1945052,    346458,    738279,    240482,     -2987,    -10155,    -13142,   -157128,   -534145,   -691273,     21453,      2657,      9517,      1480,   1986560,    246038,    881261,    137075,     -1004,     -4554,     -5558,    -93014,   -421699,   -514713,      6587,         0,      2657,         0,     39965,     50120,     22458,     27012
       409,     51110, 10.731433,      11.4,     129.1,     36413,      6753,     13968,      4369,    415112,     76988,    159235,     49804,     -2967,     -9785,    -12752,    -33827,   -111545,   -145372,     21133,      2702,      9464,      1591,   2728265,    348888,   1221764,    205347,     -1011,     -4441,     -5452,   -130484,   -573361,   -703845,      6753,         0,      2702,         0,     39381,     49165,     22144,     26585
       410,     51111,109.851006,       6.0,         0,     33218,         0,     13446,        33,    199305,         0,     80675,       196,     -3317,    -13853,    -17170,    -19904,    -83118,   -103022,     19729,         0,      8808,        91,         0,         0,         0,         0,     -1161,     -5990,     -7151,         0,         0,         0,         0,         0,         0,         0,     36535,     50388,     20890,     26880
       411,     51112,153.868017,       3.0,     502.3,     35225,         0,     14206,      1955,    105675,         0,     42618,      5864,     -3131,    -11449,    -14579,     -9392,    -34347,    -43738,     20675,         0,      9583,       616,  10384982,         0,   4813661,    309416,     -1060,     -5028,     -6088,   -532385,  -2525777,  -3058162,         0,         0,         0,         0,     38355,     49804,     21735,     26763
       412,     51113,139.420820,       4.7,         0,     33786,         0,     14021,       385,    158794,         0,     65897,      1808,     -3380,    -12847,    -16227,    -15884,    -60381,    -76265,     20007,         0,      9246,        73,         0,         0,         0,         0,     -1178,     -5584,     -6763,         0,         0,         0,         0,         0,         0,         0,     37166,     50012,     21185,     26770
       413,     51114, 27.891239,      75.1,      33.1,     34462,      9416,     14025,      4978,   2588072,    707135,   1053250,    373821,     -3012,    -10805,    -13818,   -226227,   -811487,  -1037714,     20240,      3399,      9504,      1320,    669932,    112499,    314591,     43690,     -1029,     -4886,     -5915,    -34074,   -161711,   -195784,      9416,         0,      3399,         0,     37474,     48279,     21269,     26155
       414,     51115, 13.887322,      39.9,     123.3,     35722,      9515,     13957,      4919,   1425296,    379641,    556903,    196261,     -3068,     -9872,    -12940,   -122402,   -393897,   -516299,     20810,      3546,      9456,      1337,   2565840,    437216,   1165887,    164874,     -1058,     -4493,     -5551,   -130487,   -553980,   -684468,      9515,         0,      3546,         0,     38789,     48662,     21868,     26361
       415,     51116, 54.214325,      58.8,         0,     34020,      6953,     14123,      4129,   2000364,    408815,    830415,    242777,     -3011,    -11140,    -14151,   -177032,   -655027,   -832060,     20034,      2809,      9564,      1165,         0,         0,         0,         0,     -1025,     -4998,     -6023,         0,         0,         0,      6953,         0,      2809,         0,     37031,     48170,     21059,     26057
       416,     51117, 43.446216,      39.3,     753.5,     33261,      8224,     14045,      3731,   1307156,    323198,    551961,    146638,     -3184,    -11144,    -14329,   -125148,   -437974,   -563123,     19673,      2996,      9465,      1146,  14823860,   2257673,   7131599,    863740,     -1098,     -5037,     -6135,   -827467,  -3795352,  -4622819,      8224,         0,      2996,         0,     36445,     47590,     20772,     25808
       417,     51118, 34.307517,         0,     167.5,     34489,      4433,     14098,      2656,         0,         0,         0,         0,     -3046,    -11239,    -14285,         0,         0,         0,     20330,      1910,      9465,       922,   3405288,    319997,   1585391,    154402,     -1030,     -4976,     -6006,   -172527,   -833455,  -1005981,      4433,         0,      1910,         0,     37535,     48774,     21360,     26336
       418,     51119, 68.366399,     210.0,     433.5,     33830,     10240,     13922,      4381,   7104330,   2150306,   2923684,    919921,     -3169,    -10495,    -13663,   -665415,  -2203852,  -2869267,     19931,      3723,      9390,      1146,   8639975,   1613896,   4070378,    496942,     -1099,     -4781,     -5879,   -476268,  -2072370,  -2548639,     10240,         0,      3723,         0,     36999,     47493,     21029,     25810
       419,     51120,128.684573,       9.3,         0,     30438,         0,     13947,       226,    283070,         0,    129707,      2101,     -3024,    -14646,    -17670,    -28122,   -136211,   -164334,     18395,         0,      9042,       259,         0,         0,         0,         0,     -1022,     -6490,     -7512,         0,         0,         0,         0,         0,         0,         0,     33462,     48108,     19417,     25907
       420,     51121,109.597317,       8.4,         0,     30225,         0,     13303,         5,    253892,         0,    111747,        43,     -3007,    -15056,    -18063,    -25259,   -126473,   -151732,     18297,         0,      8514,        39,         0,         0,         0,         0,     -1012,     -6613,     -7626,         0,         0,         0,         0,         0,         0,         0,     33232,     48289,     19309,     25923
       421,     51122, 15.813034,         0,     242.4,     31779,      3691,     13975,      3215,         0,         0,         0,         0,     -3219,    -11840,    -15059,         0,         0,         0,     18998,      1522,      9364,      1036,   4605185,    368837,   2269777,    251207,     -1117,     -5337,     -6454,   -270784,  -1293746,  -1564530,      3691,         0,      1522,         0,     34998,     46839,     20115,     25453
       422,     51123,151.057202,     316.2,      84.2,     32688,      2283,     14037,      1893,  10335794,    721865,   4438481,    598703,     -3204,    -11933,    -15137,  -1012948,  -3773220,  -4786167,     19504,      1035,      9331,       654,   1642195,     87122,    785665,     55031,     -1097,     -5259,     -6356,    -92372,   -442779,   -535151,      2283,         0,      1035,         0,     35891,     47824,     20601,     25859
       423,     51124, 40.936237,         0,     413.0,     33345,     10581,     13810,      3965,         0,         0,         0,         0,     -3218,    -10350,    -13568,         0,         0,         0,     19707,      3933,      9224,       944,   8139161,   1624366,   3809568,    389917,     -1119,     -4717,     -5836,   -462060,  -1948164,  -2410224,     10581,         0,      3933,         0,     36563,     46913,     20826,     25543
       424,     51125, 29.253540,     170.0,      11.2,     31937,      4074,     13900,      3058,   5429310,    692507,   2362978,    519942,     -3269,    -11632,    -14901,   -555741,  -1977450,  -2533191,     19074,      1830,      9263,       955,    213629,     20498,    103748,     10697,     -1135,     -5252,     -6387,    -12715,    -58822,    -71538,      4074,         0,      1830,         0,     35206,     46838,     20209,     25461
       425,     51126, 62.150053,       3.0,         0,     30790,         0,     13545,        56,     92370,         0,     40636,       168,     -3035,    -13666,    -16701,     -9106,    -40999,    -50104,     18579,         0,      8608,       160,         0,         0,         0,         0,     -1026,     -6029,     -7055,         0,         0,         0,         0,         0,         0,         0,     33825,     47492,     19605,     25633
       426,     51127,185.826066,      11.9,         0,     30004,         0,     12599,         4,    357050,         0,    149931,        50,     -2992,    -14260,    -17252,    -35604,   -169696,   -205300,     18208,         0,      7866,        52,         0,         0,         0,         0,     -1008,     -6250,     -7258,         0,         0,         0,         0,         0,         0,         0,     32996,     47256,     19216,     25466
       427,     51128,219.710923,       5.0,      32.0,     32860,      2476,     13627,      1075,    164298,     12380,     68136,      5375,     -3236,    -11403,    -14639,    -16178,    -57016,    -73193,     19555,      1467,      8788,       377,    625754,     46959,    281200,     12061,     -1096,     -5095,     -6191,    -35085,   -163030,   -198115,      2476,         0,      1467,         0,     36095,     47498,     20651,     25746
       428,     51129, 90.763794,      15.1,         0,     29287,         0,     11325,         7,    442239,         0,    171001,       107,     -2978,    -14982,    -17961,    -44971,   -226234,   -271205,     17867,         0,      7064,        61,         0,         0,         0,         0,     -1003,     -6534,     -7538,         0,         0,         0,         0,         0,         0,         0,     32266,     47248,     18871,     25405
       429,     51130,252.709919,       2.0,         0,     31094,         0,     12999,        40,     62189,         0,     25997,        80,     -3235,    -13078,    -16312,     -6470,    -26155,    -32625,     18770,         0,      8099,        27,         0,         0,         0,         0,     -1109,     -5756,     -6865,         0,         0,         0,         0,         0,         0,         0,     34329,     47407,     19879,     25635
       430,     51131,166.512817,      15.9,       5.2,     30124,         0,     11569,        16,    478979,         0,    183944,       258,     -3170,    -13996,    -17166,    -50398,   -222540,   -272938,     18340,         0,      7062,        75,     95370,         0,     36720,       391,     -1084,     -6084,     -7168,     -5638,    -31638,    -37276,         0,         0,         0,         0,     33294,     47290,     19425,     25509
       431,     51132,214.077062,      31.9,       5.2,     29107,         0,      9465,        38,    928501,         0,    301934,      1224,     -3142,    -15043,    -18186,   -100244,   -479881,   -580126,     17853,         0,      5807,        81,     92834,         0,     30195,       420,     -1086,     -6504,     -7590,     -5646,    -33822,    -39468,         0,         0,         0,         0,     32249,     47292,     18939,     25443
       432,     51133,111.541512,       1.0,       6.3,     30792,         0,     10938,        67,     30792,         0,     10938,        67,     -3206,    -12492,    -15698,     -3206,    -12492,    -15698,     18658,         0,      6541,        86,    117547,         0,     41207,       541,     -1093,     -5437,     -6530,     -6888,    -34254,    -41142,         0,         0,         0,         0,     33998,     46490,     19752,     25189
       433,     51134,149.232428,      32.3,       5.2,     29995,         0,      9870,       115,    968848,         0,    318796,      3700,     -3167,    -13335,    -16503,   -102310,   -430725,   -533035,     18274,         0,      5849,        95,     95026,         0,     30416,       492,     -1085,     -5766,     -6851,     -5643,    -29985,    -35628,         0,         0,         0,         0,     33163,     46498,     19359,     25126
       434,     51135, 81.141532,         0,         0,     28379,         0,      8824,       134,         0,         0,         0,         0,     -3144,    -14741,    -17884,         0,         0,         0,     17485,         0,      5239,       133,         0,         0,         0,         0,     -1086,     -6441,     -7528,         0,         0,         0,         0,         0,         0,         0,     31523,     46264,     18571,     25012
       435,     51136,157.038990,      26.2,      39.4,     28802,         0,      7722,        94,    754618,         0,    202313,      2458,     -2278,    -15071,    -17349,    -59682,   -394862,   -454545,     17647,         0,      4602,       108,    695298,         0,    181336,      4257,      -702,     -6547,     -7250,    -27678,   -257960,   -285638,         0,         0,         0,         0,     31080,     46151,     18350,     24897
       436,     51137, 60.910933,      20.7,      70.1,     30083,         0,      8553,       142,    622725,         0,    177054,      2945,     -3174,    -12876,    -16050,    -65692,   -266534,   -332226,     18327,         0,      4924,        84,   1284700,         0,    345156,      5891,     -1087,     -5561,     -6648,    -76182,   -389813,   -465995,         0,         0,         0,         0,     33257,     46133,     19413,     24974
       437,     51138, 59.517477,         0,         0,     28812,         0,      7532,       156,         0,         0,         0,         0,     -3151,    -13862,    -17012,         0,         0,         0,     17704,         0,      4288,       119,         0,         0,         0,         0,     -1089,     -6026,     -7115,         0,         0,         0,         0,         0,         0,         0,     31963,     45824,     18793,     24819
       438,     51139,113.024265,      32.9,      28.7,     28675,         0,      6802,       138,    943398,         0,    223802,      4555,     -3144,    -13939,    -17083,   -103444,   -458598,   -562042,     17638,         0,      3876,       130,    506202,         0,    111249,      3738,     -1088,     -6052,     -7140,    -31220,   -173699,   -204920,         0,         0,         0,         0,     31819,     45758,     18726,     24778
       439,     51140, 63.735215,      19.4,      18.6,     28150,         0,      6031,        85,    546114,         0,    117005,      1642,     -2514,    -15044,    -17558,    -48773,   -291849,   -340622,     17330,         0,      3460,       116,    322340,         0,     64360,      2152,      -805,     -6577,     -7382,    -14977,   -122323,   -137300,         0,         0,         0,         0,     30664,     45708,     18135,     24712
       440,     51141,105.280760,      11.3,         0,     28274,         0,      5438,        66,    319500,         0,     61449,       743,     -2513,    -14893,    -17405,    -28394,   -168288,   -196682,     17396,         0,      3132,       103,         0,         0,         0,         0,      -805,     -6472,     -7277,         0,         0,         0,         0,         0,         0,         0,     30787,     45680,     18201,     24673
       441,     51142, 92.615731,      32.0,         0,     28367,         0,      5087,        92,    907733,         0,    162796,      2937,     -3149,    -13650,    -16799,   -100775,   -436805,   -537580,     17478,         0,      2799,       102,         0,         0,         0,         0,     -1090,     -5928,     -7018,         0,         0,         0,         0,         0,         0,         0,     31516,     45166,     18568,     24496
       442,     51143,455.313143,      60.6,     451.3,     44288,         0,      6519,       462,   2683869,         0,    395059,     28023,     -2203,     -9275,    -11479,   -133528,   -562084,   -695612,     24416,         0,      4965,        69,  11018959,         0,   2240669,     31262,      -666,     -4402,     -5067,   -300535,  -1986427,  -2286962,         0,         0,         0,         0,     46492,     55767,     25082,     29484
       443,     51144,337.132321,       7.7,         0,     36783,         0,      6529,         0,    283230,         0,     50271,         0,     -2679,    -13083,    -15762,    -20627,   -100739,   -121365,     20915,         0,      5022,         8,         0,         0,         0,         0,      -880,     -6543,     -7424,         0,         0,         0,         0,         0,         0,         0,     39462,     52545,     21795,     28338
       444,     51145,319.316905,     345.3,      10.3,     42324,         0,      9539,        65,  14614632,         0,   3293793,     22421,     -2354,     -9017,    -11372,   -812917,  -3113733,  -3926650,     23617,         0,      6817,       393,    243252,         0,     70215,      4052,      -723,     -4352,     -5075,     -7450,    -44821,    -52270,         0,         0,         0,         0,     44679,     53696,     24340,     28691
       445,     51146,119.682629,     101.7,     116.8,     41558,         0,     11650,       312,   4226450,         0,   1184814,     31755,     -2575,     -8936,    -11510,   -261829,   -908743,  -1170572,     23319,         0,      8056,       543,   2723665,         0,    940957,     63446,      -838,     -4251,     -5090,    -97931,   -496556,   -594487,         0,         0,         0,         0,     44133,     53068,     24158,     28409
       446,     51147,376.839616,      76.3,      44.6,     37028,         0,     11181,       172,   2825232,         0,    853123,     13136,     -2723,    -11093,    -13816,   -207767,   -846417,  -1054184,     21258,         0,      7786,       436,    948099,         0,    347239,     19458,      -901,     -5375,     -6276,    -40185,   -239734,   -279918,         0,         0,         0,         0,     39751,     50844,     22159,     27534
       447,     51148,201.707400,     276.1,     142.4,     39697,      3125,     11908,       464,  10960228,    862888,   3287728,    128119,     -2654,     -9748,    -12402,   -732763,  -2691298,  -3424060,     22457,       962,      8182,       537,   3197909,    136996,   1165087,     76492,      -869,     -4688,     -5557,   -123773,   -667560,   -791333,      3125,         0,       962,         0,     42351,     52098,     23326,     28014
       448,     51149,955.514379,      42.9,         0,     28060,         0,      7772,         0,   1203756,         0,    333423,         0,     -2980,    -18123,    -21103,   -127844,   -777461,   -905306,     17168,         0,      6004,        43,         0,         0,         0,         0,     -1020,     -8701,     -9720,         0,         0,         0,         0,         0,         0,         0,     31040,     49162,     18188,     26888
       449,     51150, 78.193181,       2.4,      19.7,     40180,      7159,     12877,      1117,     96431,     17182,     30905,      2681,     -2653,     -9058,    -11711,     -6367,    -21740,    -28107,     22739,      1960,      8746,      1042,    447955,     38607,    172287,     20536,      -874,     -4267,     -5142,    -17227,    -84065,   -101291,      7159,         0,      1960,         0,     42833,     51891,     23613,     27880
       450,     51151,1037.37327,      58.2,       5.2,     27825,         0,      5140,         5,   1619396,         0,    299131,       303,     -2978,    -16572,    -19550,   -173327,   -964496,  -1137823,     17073,         0,      4526,        58,     88780,         0,     23536,       303,     -1020,     -8058,     -9078,     -5302,    -41902,    -47204,         0,         0,         0,         0,     30803,     47375,     18093,     26151
       451,     51152, 85.403351,     135.0,      65.0,     37933,         0,     12730,       648,   5120963,         0,   1718483,     87463,     -2730,    -10305,    -13035,   -368514,  -1391191,  -1759705,     21720,         0,      8608,      1262,   1411801,         0,    559503,     82041,      -905,     -4902,     -5807,    -58804,   -318636,   -377440,         0,         0,         0,         0,     40663,     50968,     22625,     27527
       452,     51153, 68.734177,      28.1,     294.6,     38797,      9297,     13302,      2106,   1090192,    261244,    373775,     59179,     -2769,     -9851,    -12620,    -77819,   -276813,   -354631,     22162,      2601,      9017,      1469,   6528917,    766197,   2656439,    432809,      -927,     -4569,     -5495,   -272976,  -1345936,  -1618912,      9297,         0,      2601,         0,     41566,     51417,     23089,     27657
       453,     51154,416.858168,      72.5,     269.1,     33297,         0,     10349,       279,   2413998,         0,    750321,     20258,     -2750,    -12320,    -15070,   -199347,   -893230,  -1092577,     19591,         0,      7449,       122,   5271849,         0,   2004454,     32842,      -917,     -5969,     -6886,   -246745,  -1606157,  -1852902,         0,         0,         0,         0,     36046,     48367,     20508,     26476
       454,     51155,145.088052,     269.5,       9.0,     36264,         0,     12596,       237,   9773209,         0,   3394665,     63846,     -2744,    -10583,    -13327,   -739477,  -2852205,  -3591682,     20994,         0,      8523,      1076,    188945,         0,     76706,      9685,      -914,     -5045,     -5959,     -8225,    -45403,    -53628,         0,         0,         0,         0,     39008,     49591,     21908,     26953
       455,     51156, 16.569633,      30.4,     165.5,     37862,     10137,     13669,      3321,   1151013,    308179,    415530,    100959,     -2791,     -9615,    -12406,    -84841,   -292310,   -377152,     21720,      3155,      9286,      1703,   3594578,    522146,   1536814,    281822,      -939,     -4429,     -5368,   -155337,   -733051,   -888388,     10137,         0,      3155,         0,     40653,     50269,     22658,     27087
       456,     51157, 31.554383,      94.9,     273.5,     36909,     10315,     13580,      3106,   3502667,    978849,   1288727,    294759,     -2798,    -10104,    -12902,   -265570,   -958863,  -1224433,     21210,      3151,      9215,      1742,   5801021,    861896,   2520305,    476413,      -944,     -4741,     -5685,   -258201,  -1296673,  -1554874,     10315,         0,      3151,         0,     39707,     49811,     22154,     26895
       457,     51158, 31.387847,      89.7,         0,     37403,      8650,     13459,      2693,   3355058,    775933,   1207290,    241597,     -2776,    -10421,    -13197,   -248986,   -934802,  -1183788,     21551,      2424,      9120,      1708,         0,         0,         0,         0,      -930,     -4817,     -5747,         0,         0,         0,      8650,         0,      2424,         0,     40179,     50600,     22481,     27298
       458,     51159,185.114592,      66.5,       8.6,     35639,         0,     12014,       296,   2370010,         0,    798961,     19708,     -2730,    -11071,    -13801,   -181513,   -736240,   -917754,     20706,         0,      8216,       637,    178071,         0,     70661,      5476,      -908,     -5314,     -6222,     -7805,    -45700,    -53505,         0,         0,         0,         0,     38369,     49440,     21614,     26928
       459,     51160, 73.222518,     238.3,       9.5,     36799,         0,     13122,       712,   8769310,         0,   3126967,    169710,     -2734,    -10378,    -13111,   -651401,  -2472998,  -3124399,     21283,         0,      8823,      1595,    202192,         0,     83819,     15157,      -912,     -4867,     -5779,     -8665,    -46233,    -54898,         0,         0,         0,         0,     39533,     49911,     22195,     27062
       460,     51161, 69.296865,     188.9,       6.0,     37471,      5481,     13336,      1879,   7078227,   1035376,   2519143,    355026,     -2775,    -10011,    -12786,   -524167,  -1891076,  -2415244,     21595,      1602,      9001,      1741,    129572,      9611,     54004,     10446,      -929,     -4662,     -5591,     -5572,    -27974,    -33547,      5481,         0,      1602,         0,     40246,     50257,     22524,     27186
       461,     51162, 16.755901,      23.2,     405.9,     36850,      7344,     13818,      3581,    854924,    170379,    320579,     83072,     -2881,     -9830,    -12711,    -66831,   -228065,   -294896,     21320,      2543,      9383,      1840,   8653638,   1032201,   3808706,    746923,      -970,     -4483,     -5453,   -393863,  -1819562,  -2213425,      7344,         0,      2543,         0,     39731,     49561,     22290,     26773
       462,     51163,488.809710,       1.5,         0,     21057,         0,      2477,         1,     31586,         0,      3716,         1,     -2869,    -19904,    -22773,     -4303,    -29856,    -34159,     13689,         0,      2951,        10,         0,         0,         0,         0,      -985,     -9857,    -10842,         0,         0,         0,         0,         0,         0,         0,     23926,     43830,     14674,     24531
       463,     51164, 31.978552,      85.7,      98.4,     36334,      7033,     13732,      3443,   3113805,    602747,   1176821,    295104,     -2910,    -10124,    -13034,   -249400,   -867651,  -1117052,     21081,      2486,      9314,      1906,   2074399,    244611,    916523,    187596,      -987,     -4638,     -5625,    -97086,   -456371,   -553457,      7033,         0,      2486,         0,     39244,     49368,     22068,     26706
       464,     51165, 31.812865,      88.8,       1.2,     37317,      5896,     13604,      3123,   3313784,    523558,   1208003,    277294,     -2918,    -10071,    -12990,   -259154,   -894343,  -1153497,     21579,      1713,      9211,      1875,     25895,      2056,     11053,      2250,      -987,     -4612,     -5598,     -1184,     -5534,     -6718,      5896,         0,      1713,         0,     40236,     50307,     22566,     27177
       465,     51166, 11.041878,       9.8,     263.9,     36411,      6768,     13916,      4155,    356829,     66325,    136372,     40717,     -2968,     -9725,    -12693,    -29087,    -95308,   -124395,     21132,      2707,      9424,      1669,   5576736,    714260,   2486959,    440346,     -1011,     -4430,     -5441,   -266804,  -1168999,  -1435803,      6768,         0,      2707,         0,     39379,     49105,     22143,     26573
       466,     51167, 21.003551,      77.8,       7.2,     35647,      6892,     13832,      3894,   2773361,    536160,   1076154,    302945,     -2971,    -10044,    -13015,   -231134,   -781426,  -1012560,     20766,      2702,      9357,      1808,    149514,     19456,     67368,     13021,     -1012,     -4604,     -5616,     -7290,    -33145,    -40435,      6892,         0,      2702,         0,     38618,     48662,     21778,     26382
       467,     51168, 20.594265,      61.7,       7.8,     36351,      7003,     13710,      3382,   2242841,    432116,    845884,    208659,     -2927,    -10354,    -13281,   -180596,   -638859,   -819455,     21121,      2390,      9258,      1967,    164740,     18646,     72212,     15346,      -991,     -4762,     -5753,     -7729,    -37144,    -44874,      7003,         0,      2390,         0,     39278,     49632,     22111,     26874
       468,     51169,161.976319,     429.9,     196.6,     35703,         0,     13415,       906,  15348633,         0,   5766973,    389365,     -2964,    -10429,    -13393,  -1274107,  -4483616,  -5757722,     20818,         0,      9021,      1802,   4092893,         0,   1773609,    354358,     -1011,     -4864,     -5874,   -198698,   -956219,  -1154917,         0,         0,         0,         0,     38667,     49096,     21829,     26693
       469,     51170,181.238918,     107.1,     136.4,     33630,         0,     12898,       532,   3601733,         0,   1381361,     56955,     -2974,    -11610,    -14584,   -318489,  -1243445,  -1561934,     19850,         0,      8657,      1012,   2707509,         0,   1180869,    138067,     -1012,     -5483,     -6495,   -138041,   -747861,   -885902,         0,         0,         0,         0,     36603,     48214,     20862,     26345
       470,     51171,144.935839,      39.7,      30.1,     33117,         0,     11825,       257,   1314757,         0,    469463,     10199,     -2989,    -11893,    -14882,   -118665,   -472149,   -590815,     19592,         0,      8068,       288,    589723,         0,    242842,      8665,     -1019,     -5696,     -6716,    -30686,   -171459,   -202145,         0,         0,         0,         0,     36106,     47999,     20612,     26308
       471,     51172,396.339757,     119.4,      25.7,     30840,         0,      9298,        34,   3682327,         0,   1110168,      4031,     -3008,    -13150,    -16158,   -359150,  -1570130,  -1929280,     18516,         0,      6932,       194,    475849,         0,    178141,      4981,     -1028,     -6359,     -7387,    -26412,   -163428,   -189840,         0,         0,         0,         0,     33848,     46998,     19543,     25902
       472,     51173, 14.281052,      29.5,     134.4,     35734,      9500,     13911,      4694,   1054139,    280248,    410372,    138468,     -3066,     -9812,    -12878,    -90460,   -289441,   -379901,     20815,      3541,      9417,      1505,   2797531,    475946,   1265630,    202260,     -1058,     -4480,     -5538,   -142221,   -602058,   -744280,      9500,         0,      3541,         0,     38800,     48612,     21873,     26353
       473,     51174, 27.565032,      73.1,      91.7,     34186,      9984,     13837,      4185,   2498965,    729832,   1011498,    305947,     -3176,    -10698,    -13874,   -232150,   -782053,  -1014203,     20076,      3517,      9350,      1725,   1840972,    322537,    857377,    158161,     -1109,     -4927,     -6036,   -101659,   -451829,   -553489,      9984,         0,      3517,         0,     37361,     48060,     21185,     26112
       474,     51175, 26.995308,      74.9,       2.3,     36000,      7773,     13716,      2980,   2696379,    582162,   1027299,    223196,     -2928,    -10216,    -13144,   -219313,   -765206,   -984519,     20961,      2857,      9235,      1916,     48211,      6572,     21240,      4407,      -992,     -4710,     -5702,     -2282,    -10833,    -13116,      7773,         0,      2857,         0,     38928,     49144,     21954,     26664
       475,     51176,514.799032,      59.0,      55.3,     23396,         0,       546,        65,   1380345,         0,     32200,      3843,     -2959,    -17061,    -20020,   -174580,  -1006573,  -1181153,     14934,         0,      1265,        61,    825865,         0,     69943,      3348,     -1010,     -8529,     -9539,    -55866,   -471652,   -527517,         0,         0,         0,         0,     26355,     43415,     15944,     24473
       476,     51177,207.057573,      18.4,       1.2,     27545,         0,      2736,        31,    506829,         0,     50340,       577,     -2979,    -14633,    -17612,    -54817,   -269248,   -324065,     16960,         0,      3101,        67,     20351,         0,      3722,        81,     -1020,     -7193,     -8213,     -1224,     -8632,     -9856,         0,         0,         0,         0,     30524,     45157,     17979,     25173
       477,     51178,279.393889,      49.4,         0,     29414,         0,      6848,        19,   1453062,         0,    338274,       957,     -2972,    -13509,    -16481,   -146816,   -667356,   -814172,     17862,         0,      5530,        96,         0,         0,         0,         0,     -1013,     -6565,     -7579,         0,         0,         0,         0,         0,         0,         0,     32386,     45895,     18875,     25440
       478,     51179,110.746179,      40.6,     123.1,     33176,         0,     12934,       535,   1346955,         0,    525126,     21723,     -2980,    -11246,    -14226,   -120984,   -456595,   -577579,     19619,         0,      8632,       950,   2415108,         0,   1062651,    116988,     -1014,     -5345,     -6359,   -124835,   -657915,   -782750,         0,         0,         0,         0,     36156,     47402,     20633,     25978
       479,     51180,215.897388,      24.7,      19.1,     28249,         0,      5093,        45,    697762,         0,    125798,      1103,     -2974,    -14312,    -17286,    -73454,   -353504,   -426958,     17304,         0,      4505,       126,    330505,         0,     86047,      2407,     -1014,     -6991,     -8005,    -19373,   -133519,   -152892,         0,         0,         0,         0,     31223,     45535,     18318,     25309
       480,     51181,149.770175,      36.8,     848.5,     33393,      9276,     13725,      3813,   1228875,    341373,    505076,    140316,     -3189,    -10392,    -13581,   -117363,   -382431,   -499794,     19716,      3575,      9220,      1438,  16728729,   3033314,   7822865,   1220166,     -1111,     -4788,     -5899,   -942608,  -4062901,  -5005509,      9276,         0,      3575,         0,     36583,     46975,     20827,     25615
       481,     51182,161.024420,     608.7,      66.0,     33885,      5102,     13473,      1758,  20625547,   3105880,   8200935,   1069950,     -2995,    -10756,    -13751,  -1823116,  -6546978,  -8370094,     19975,      1939,      8989,      1225,   1318355,    127965,    593255,     80830,     -1025,     -5021,     -6045,    -67635,   -331367,   -399002,      5102,         0,      1939,         0,     36880,     47635,     21000,     26021
       482,     51183,147.492516,     123.4,      15.9,     30617,         0,     11825,       251,   3778163,         0,   1459243,     30917,     -2989,    -13131,    -16120,   -368808,  -1620396,  -1989204,     18442,         0,      8050,       324,    293224,         0,    128001,      5145,     -1022,     -6262,     -7284,    -16247,    -99567,   -115814,         0,         0,         0,         0,     33606,     46737,     19464,     25726
       483,     51184,267.226285,      77.5,       3.4,     28814,         0,      9599,        40,   2233080,         0,    743929,      3121,     -2974,    -14176,    -17150,   -230512,  -1098652,  -1329164,     17569,         0,      7019,       310,     59733,         0,     23865,      1054,     -1021,     -6829,     -7850,     -3473,    -23218,    -26691,         0,         0,         0,         0,     31788,     45964,     18590,     25419
       484,     51185,134.789755,      22.1,       3.4,     27694,         0,      3031,        77,    612035,         0,     66977,      1694,     -2977,    -13978,    -16955,    -65795,   -308920,   -374715,     17037,         0,      3249,       144,     57926,         0,     11045,       491,     -1016,     -6859,     -7876,     -3455,    -23322,    -26777,         0,         0,         0,         0,     30671,     44649,     18053,     24912
       485,     51186, 62.626372,      21.8,      89.2,     32727,         0,     12940,       392,    713458,         0,    282098,      8547,     -2985,    -11270,    -14255,    -65076,   -245687,   -310762,     19414,         0,      8568,       813,   1731692,         0,    764245,     72492,     -1017,     -5352,     -6369,    -90732,   -477366,   -568097,         0,         0,         0,         0,     35713,     46983,     20431,     25782
       486,     51187, 59.099620,       8.4,      53.7,     26315,         0,      1111,        80,    221046,         0,      9336,       670,     -2979,    -14374,    -17353,    -25027,   -120738,   -145765,     16386,         0,      1939,        62,    879925,         0,    104103,      3344,     -1013,     -7132,     -8145,    -54379,   -382996,   -437375,         0,         0,         0,         0,     29294,     43668,     17399,     24531
       487,     51188,119.287455,      57.1,      11.8,     31600,         0,      9955,        29,   1804380,         0,    568433,      1656,     -3008,    -12356,    -15364,   -171758,   -705532,   -877289,     18755,         0,      7100,       292,    221305,         0,     83782,      3450,     -1031,     -5968,     -6999,    -12160,    -70427,    -82587,         0,         0,         0,         0,     34608,     46964,     19785,     25754
       488,     51189,116.717617,      13.0,     841.2,     34005,     10423,     13417,      2653,    442069,    135496,    174422,     34491,     -3266,    -10061,    -13328,    -42461,   -130797,   -173258,     20033,      3710,      8866,      1065,  16851554,   3120482,   7458373,    895470,     -1146,     -4664,     -5809,   -963658,  -3923061,  -4886719,     10423,         0,      3710,         0,     37272,     47333,     21178,     25842
       489,     51190,117.122660,      54.9,         0,     27287,         0,      8306,        20,   1498077,         0,    455992,      1121,     -2964,    -14622,    -17586,   -162739,   -802753,   -965492,     16830,         0,      6216,       238,         0,         0,         0,         0,     -1011,     -7090,     -8101,         0,         0,         0,         0,         0,         0,         0,     30252,     44874,     17840,     24930
       490,     51191,129.918835,       6.7,         0,     27089,         0,      6632,        41,    181500,         0,     44435,       275,     -2966,    -14251,    -17217,    -19875,    -95480,   -115355,     16735,         0,      5293,       196,         0,         0,         0,         0,     -1010,     -6939,     -7949,         0,         0,         0,         0,         0,         0,         0,     30056,     44307,     17745,     24684
       491,     51192,145.082144,      65.7,      37.7,     25764,         0,      4797,        74,   1692715,         0,    315133,      4840,     -2980,    -14939,    -17919,   -195807,   -981476,  -1177283,     16113,         0,      4244,       171,    607457,         0,    159980,      6436,     -1016,     -7294,     -8310,    -38316,   -274978,   -313294,         0,         0,         0,         0,     28745,     43683,     17129,     24423
       492,     51193,163.439772,      29.6,      26.6,     31770,         0,     12626,       284,    940406,         0,    373721,      8404,     -2997,    -11619,    -14616,    -88726,   -343916,   -432642,     18984,         0,      8332,       422,    504980,         0,    221628,     11219,     -1027,     -5490,     -6517,    -27316,   -146045,   -173361,         0,         0,         0,         0,     34768,     46387,     20011,     25502
       493,     51194,161.360205,      41.5,         0,     30629,         0,     11461,       123,   1271088,         0,    475618,      5098,     -2989,    -12251,    -15240,   -124027,   -508429,   -632456,     18446,         0,      7804,       252,         0,         0,         0,         0,     -1022,     -5841,     -6863,         0,         0,         0,         0,         0,         0,         0,     33617,     45869,     19468,     25309
       494,     51195,218.360842,      63.2,      29.3,     23469,         0,      2443,        75,   1483240,         0,    154405,      4746,     -2963,    -15865,    -18828,   -187255,  -1002650,  -1189905,     15003,         0,      2826,       122,    439598,         0,     82810,      3586,     -1009,     -7807,     -8816,    -29561,   -228754,   -258315,         0,         0,         0,         0,     26432,     42297,     16012,     23820
       495,     51196,143.143381,      56.1,       7.5,     32046,      6436,     13036,      1512,   1797807,    361064,    731328,     84851,     -3292,    -10912,    -14204,   -184659,   -612190,   -796849,     19126,      2374,      8584,       686,    143445,     17808,     64383,      5147,     -1156,     -5107,     -6264,     -8673,    -38305,    -46978,      6436,         0,      2374,         0,     35338,     46251,     20282,     25390
       496,     51197,267.683675,      30.1,       5.2,     27449,         0,      9276,        33,    826207,         0,    279220,      1003,     -3271,    -13869,    -17139,    -98448,   -417448,   -515897,     16879,         0,      6587,       184,     87770,         0,     34252,       956,     -1151,     -6743,     -7895,     -5987,    -35065,    -41052,         0,         0,         0,         0,     30719,     44588,     18030,     24774
       497,     51198,141.793105,      47.1,       5.7,     25903,         0,      7661,        16,   1220046,         0,    360842,       733,     -2981,    -15016,    -17997,   -140395,   -707268,   -847662,     16155,         0,      5730,       197,     92085,         0,     32660,      1122,     -1022,     -7316,     -8338,     -5823,    -41701,    -47525,         0,         0,         0,         0,     28884,     43900,     17177,     24493
       498,     51199,196.080295,      40.3,       3.4,     25617,         0,      6313,        31,   1032381,         0,    254397,      1248,     -2979,    -14880,    -17860,   -120058,   -599681,   -719739,     16013,         0,      5010,       177,     54444,         0,     17034,       600,     -1022,     -7280,     -8302,     -3473,    -24753,    -28226,         0,         0,         0,         0,     28597,     43477,     17035,     24315
       499,     51200,231.133485,      46.7,      13.3,     24033,         0,      4224,        48,   1122363,         0,    197239,      2242,     -2960,    -15408,    -18368,   -138241,   -719534,   -857776,     15262,         0,      3802,       140,    202981,         0,     50572,      1858,     -1013,     -7566,     -8579,    -13478,   -100626,   -114104,         0,         0,         0,         0,     26994,     42401,     16275,     23841
       500,     51201, 87.938727,       8.7,     136.0,     32374,         0,     12441,      1079,    281650,         0,    108235,      9388,     -3296,    -10523,    -13818,    -28671,    -91548,   -120219,     19275,         0,      8068,       731,   2621405,         0,   1097192,     99481,     -1157,     -4942,     -6099,   -157403,   -672072,   -829475,         0,         0,         0,         0,     35669,     46192,     20432,     25374
       501,     51202,157.750240,      21.7,         0,     30785,         0,     11785,       494,    668041,         0,    255745,     10722,     -3213,    -11626,    -14839,    -69713,   -252295,   -322008,     18513,         0,      7737,       348,         0,         0,         0,         0,     -1121,     -5527,     -6648,         0,         0,         0,         0,         0,         0,         0,     33998,     45624,     19634,     25161
       502,     51203,157.500422,      20.2,      22.9,     28370,         0,     10707,       137,    573083,         0,    216290,      2760,     -3246,    -13542,    -16788,    -65570,   -273557,   -339127,     17345,         0,      7264,       197,    397196,         0,    166341,      4522,     -1145,     -6505,     -7649,    -26214,   -148959,   -175173,         0,         0,         0,         0,     31616,     45159,     18490,     24994
       503,     51204,165.063345,         0,         0,     21847,         0,      2212,        30,         0,         0,         0,         0,     -2889,    -16489,    -19378,         0,         0,         0,     14189,         0,      2628,        74,         0,         0,         0,         0,      -991,     -8126,     -9117,         0,         0,         0,         0,         0,         0,         0,     24736,     41225,     15180,     23306
       504,     51205, 62.071252,       8.8,         0,     29611,         0,      9507,       130,    260572,         0,     83658,      1142,     -3258,    -11582,    -14840,    -28668,   -101922,   -130590,     17947,         0,      6508,       156,         0,         0,         0,         0,     -1147,     -5581,     -6728,         0,         0,         0,         0,         0,         0,         0,     32868,     44450,     19094,     24675
       505,     51206,121.179169,      33.3,         0,     28148,         0,      7526,         8,    937314,         0,    250618,       282,     -3268,    -12321,    -15590,   -108836,   -410299,   -519135,     17225,         0,      5497,       101,         0,         0,         0,         0,     -1153,     -6021,     -7174,         0,         0,         0,         0,         0,         0,         0,     31416,     43737,     18378,     24399
       506,     51207, 41.623370,         0,         0,     28943,         0,      8735,        17,         0,         0,         0,         0,     -3258,    -11955,    -15213,         0,         0,         0,     17616,         0,      6109,        90,         0,         0,         0,         0,     -1150,     -5794,     -6945,         0,         0,         0,         0,         0,         0,         0,     32202,     44156,     18766,     24560
       507,     51208,194.234423,     158.2,     190.5,     30349,         0,     10710,       389,   4801159,         0,   1694387,     61520,     -3286,    -11188,    -14474,   -519874,  -1769906,  -2289779,     18295,         0,      6978,       351,   3485272,         0,   1329391,     66887,     -1157,     -5341,     -6498,   -220398,  -1017407,  -1237806,         0,         0,         0,         0,     33635,     44823,     19452,     24793
       508,     51209,294.667295,      17.7,         0,     25054,         0,      4041,         8,    443459,         0,     71518,       137,     -3267,    -13801,    -17068,    -57823,   -244275,   -302097,     15698,         0,      3565,        49,         0,         0,         0,         0,     -1146,     -6855,     -8001,         0,         0,         0,         0,         0,         0,         0,     28321,     42122,     16844,     23699
       509,     51210, 57.896081,         0,         0,     27622,         0,      7362,         2,         0,         0,         0,         0,     -3269,    -12378,    -15647,         0,         0,         0,     16965,         0,      5311,        58,         0,         0,         0,         0,     -1151,     -6055,     -7206,         0,         0,         0,         0,         0,         0,         0,     30891,     43269,     18116,     24171
       510,     51211, 99.472862,       5.9,         0,     28496,         0,      8636,        58,    168128,         0,     50951,       344,     -3265,    -11818,    -15083,    -19262,    -69726,    -88989,     17387,         0,      5920,        85,         0,         0,         0,         0,     -1153,     -5732,     -6884,         0,         0,         0,         0,         0,         0,         0,     31761,     43579,     18539,     24271
       511,     51212,437.370278,       7.0,         0,     22275,         0,      1524,         0,    155923,         0,     10670,         0,     -3189,    -14511,    -17700,    -22324,   -101574,   -123898,     14299,         0,      2040,         7,         0,         0,         0,         0,     -1116,     -7311,     -8427,         0,         0,         0,         0,         0,         0,         0,     25464,     39974,     15415,     22726
       512,     51213,148.939042,       9.6,         0,     29885,         0,      9029,       187,    286899,         0,     86682,      1796,     -3274,    -10545,    -13819,    -31432,   -101233,   -132665,     18036,         0,      5959,       201,         0,         0,         0,         0,     -1156,     -5104,     -6260,         0,         0,         0,         0,         0,         0,         0,     33160,     43705,     19192,     24296
       513,     51214,956.731696,         0,         0,     23693,         0,      3615,         0,         0,         0,         0,         0,     -3252,    -13662,    -16914,         0,         0,         0,     15020,         0,      3129,         6,         0,         0,         0,         0,     -1138,     -6797,     -7935,         0,         0,         0,         0,         0,         0,         0,     26945,     40607,     16158,     22955
       514,     51215,513.446130,         0,         0,     27419,         0,      5869,        36,         0,         0,         0,         0,     -3285,    -11719,    -15004,         0,         0,         0,     16803,         0,      4211,        19,         0,         0,         0,         0,     -1160,     -5806,     -6966,         0,         0,         0,         0,         0,         0,         0,     30704,     42423,     17963,     23770
       515,     51216,100.403607,       8.9,         0,     28821,         0,      6558,        44,    256503,         0,     58365,       392,     -3275,    -10811,    -14087,    -29152,    -96221,   -125373,     17512,         0,      4460,        60,         0,         0,         0,         0,     -1159,     -5288,     -6448,         0,         0,         0,         0,         0,         0,         0,     32096,     42907,     18671,     23960
       516,     51217,329.094165,       5.4,       3.4,     19333,         0,       710,         3,    104400,         0,      3837,        18,     -2968,    -14699,    -17667,    -16027,    -79377,    -95404,     12737,         0,      1158,         5,     43307,         0,      3937,        18,     -1082,     -7483,     -8566,     -3680,    -25443,    -29123,         0,         0,         0,         0,     22301,     37001,     13820,     21303
       517,     51218, 54.068428,       3.0,      63.6,     28084,         0,      4593,        74,     84251,         0,     13779,       223,     -3286,    -10458,    -13744,     -9857,    -31375,    -41232,     17138,         0,      3271,        52,   1089996,         0,    208012,      3307,     -1163,     -5167,     -6330,    -73985,   -328594,   -402579,         0,         0,         0,         0,     31369,     41828,     18302,     23468
       518,     51219,480.604030,         0,         0,     17214,         0,       505,         0,         0,         0,         0,         0,     -2784,    -15266,    -18050,         0,         0,         0,     11657,         0,       809,         0,         0,         0,         0,         0,      -993,     -7761,     -8754,         0,         0,         0,         0,         0,         0,         0,     19998,     35264,     12650,     20410
       519,     51220,355.510151,         0,         0,     24035,         0,       747,         0,         0,         0,         0,         0,     -3286,    -11662,    -14949,         0,         0,         0,     15059,         0,       905,         0,         0,         0,         0,         0,     -1158,     -5961,     -7119,         0,         0,         0,         0,         0,         0,         0,     27321,     38984,     16216,     22177
       520,     51221, 34.468237,         0,     101.3,     32032,      9071,     13632,      3592,         0,         0,         0,         0,     -3265,    -10977,    -14241,         0,         0,         0,     19106,      3376,      8990,       875,   1935475,    341966,    910719,     88622,     -1120,     -5036,     -6156,   -113433,   -510126,   -623559,      9071,         0,      3376,         0,     35296,     46273,     20226,     25262
       521,     51222, 36.432212,     255.6,      34.8,     32373,      6367,     13194,      2659,   8274567,   1627451,   3372340,    679691,     -3322,    -10548,    -13870,   -849175,  -2696091,  -3545267,     19270,      2488,      8528,       944,    670590,     86587,    296788,     32847,     -1155,     -4891,     -6046,    -40210,   -170203,   -210413,      6367,         0,      2488,         0,     35695,     46243,     20425,     25316
       522,     51223,219.947333,       9.6,    1059.8,     31131,      5854,     12997,      1459,    298855,     56200,    124774,     14007,     -3360,    -11225,    -14585,    -32255,   -107757,   -140012,     18635,      2074,      8237,       618,  19749400,   2197932,   8729043,    654821,     -1183,     -5182,     -6365,  -1254198,  -5491919,  -6746117,      5854,         0,      2074,         0,     34491,     45715,     19818,     25000
       523,     51224,188.281316,         0,      41.9,     30397,      4635,     13152,      1256,         0,         0,         0,         0,     -3338,    -12138,    -15475,         0,         0,         0,     18258,      1810,      8342,       173,    764991,     75819,    349520,      7242,     -1176,     -5594,     -6770,    -49286,   -234395,   -283681,      4635,         0,      1810,         0,     33735,     45873,     19434,     25028
       524,     51225, 61.517023,      66.1,     216.8,     32098,      5172,     12480,      1188,   2121682,    341891,    824895,     78517,     -3298,    -10611,    -13909,   -217982,   -701407,   -919389,     19128,      1970,      8044,       952,   4146899,    427042,   1744038,    206466,     -1161,     -4977,     -6138,   -251677,  -1078999,  -1330677,      5172,         0,      1970,         0,     35396,     46007,     20289,     25266
       525,     51226,155.809770,     451.2,      61.2,     31509,      5372,     12594,      1766,  14216990,   2423741,   5682533,    796621,     -3324,    -10744,    -14068,  -1499719,  -4847876,  -6347595,     18823,      2051,      8029,       915,   1151965,    125517,    491353,     55981,     -1175,     -5022,     -6197,    -71900,   -307374,   -379274,      5372,         0,      2051,         0,     34833,     45578,     19998,     25020
       526,     51227, 61.916719,     140.8,     143.5,     31468,         0,     11376,       759,   4430734,         0,   1601683,    106866,     -3306,    -10416,    -13722,   -465522,  -1466581,  -1932104,     18828,         0,      7240,       605,   2701884,         0,   1038953,     86838,     -1168,     -4923,     -6090,   -167539,   -706410,   -873949,         0,         0,         0,         0,     34775,     45191,     19996,     24919
       527,     51228,273.751161,      63.3,         0,     27543,      2691,     11959,       764,   1743449,    170312,    757034,     48333,     -3203,    -15018,    -18221,   -202772,   -950625,  -1153396,     17006,      1026,      7233,       117,         0,         0,         0,         0,     -1094,     -6904,     -7998,         0,         0,         0,      2691,         0,      1026,         0,     30746,     45764,     18100,     25004
       528,     51229,206.698172,      53.9,     115.7,     29000,         0,     11444,       491,   1563092,         0,    616841,     26478,     -3207,    -12291,    -15497,   -172852,   -662460,   -835312,     17697,         0,      7133,       651,   2047490,         0,    825250,     75299,     -1095,     -5773,     -6868,   -126657,   -667965,   -794622,         0,         0,         0,         0,     32207,     44497,     18791,     24564
       529,     51230,110.998273,      25.1,         0,     28576,         0,     11033,        56,    717261,         0,    276933,      1403,     -3200,    -14449,    -17650,    -80332,   -362681,   -443013,     17510,         0,      6565,        58,         0,         0,         0,         0,     -1104,     -6506,     -7609,         0,         0,         0,         0,         0,         0,         0,     31777,     46226,     18614,     25119
       530,     51231, 63.950997,      27.1,         0,     29161,         0,     11097,        54,    790276,         0,    300720,      1475,     -3269,    -11486,    -14755,    -88594,   -311267,   -399861,     17813,         0,      6631,       127,         0,         0,         0,         0,     -1122,     -5287,     -6410,         0,         0,         0,         0,         0,         0,         0,     32431,     43917,     18935,     24222
       531,     51232, 93.826780,       5.6,         0,     29671,         0,     10203,       151,    166159,         0,     57138,       848,     -3186,    -12828,    -16014,    -17840,    -71837,    -89677,     18091,         0,      5956,        55,         0,         0,         0,         0,     -1090,     -5705,     -6795,         0,         0,         0,         0,         0,         0,         0,     32857,     45685,     19181,     24886
       532,     51233,240.909156,      58.2,      20.0,     28854,         0,     10443,       251,   1679329,         0,    607810,     14635,     -3209,    -11736,    -14946,   -186792,   -683052,   -869844,     17622,         0,      6421,       252,    352445,         0,    128413,      5033,     -1096,     -5541,     -6637,    -21923,   -110811,   -132734,         0,         0,         0,         0,     32064,     43800,     18718,     24259
       533,     51234,139.532925,      20.6,       4.5,     28174,         0,     10593,       138,    580393,         0,    218209,      2845,     -3200,    -13874,    -17074,    -65920,   -285813,   -351733,     17322,         0,      6194,       116,     77949,         0,     27872,       521,     -1099,     -6325,     -7424,     -4945,    -28464,    -33409,         0,         0,         0,         0,     31374,     45249,     18421,     24746
       534,     51235,165.126588,      44.1,      44.7,     30474,         0,      9517,       251,   1343884,         0,    419687,     11048,     -3286,    -10259,    -13546,   -144929,   -452440,   -597369,     18344,         0,      6053,       279,    819978,         0,    270572,     12493,     -1153,     -4910,     -6063,    -51558,   -219465,   -271023,         0,         0,         0,         0,     33760,     44019,     19497,     24407
       535,     51236,226.910949,       4.3,      42.6,     29821,         0,      8946,       137,    128231,         0,     38468,       591,     -3186,    -12528,    -15714,    -13698,    -53872,    -67570,     18168,         0,      5089,        56,    773966,         0,    216772,      2383,     -1089,     -5510,     -6599,    -46381,   -234731,   -281111,         0,         0,         0,         0,     33007,     45535,     19257,     24767
       536,     51237, 45.519834,       2.8,         0,     28407,         0,     10495,        27,     79539,         0,     29387,        76,     -3282,    -11718,    -15000,     -9190,    -32811,    -42000,     17377,         0,      6206,       102,         0,         0,         0,         0,     -1129,     -5489,     -6618,         0,         0,         0,         0,         0,         0,         0,     31689,     43407,     18506,     23996
       537,     51238,114.667868,      24.3,         0,     27856,         0,      9717,        93,    676899,         0,    236116,      2255,     -3209,    -12332,    -15542,    -77987,   -299678,   -377665,     17139,         0,      5869,       123,         0,         0,         0,         0,     -1092,     -5836,     -6928,         0,         0,         0,         0,         0,         0,         0,     31065,     43398,     18231,     24067
       538,     51239, 63.515586,       5.6,     133.6,     27953,         0,      9191,       147,    156537,         0,     51467,       822,     -3200,    -13753,    -16953,    -17920,    -77016,    -94936,     17172,         0,      5260,        36,   2294128,         0,    702673,      4759,     -1102,     -6313,     -7415,   -147196,   -843415,   -990612,         0,         0,         0,         0,     31153,     44906,     18273,     24586
       539,     51240, 77.349700,         0,         0,     26782,         0,      9174,        58,         0,         0,         0,         0,     -3289,    -12067,    -15356,         0,         0,         0,     16514,         0,      5331,        31,         0,         0,         0,         0,     -1126,     -5754,     -6880,         0,         0,         0,         0,         0,         0,         0,     30071,     42138,     17640,     23394
       540,     51241,157.634753,      28.4,         0,     28900,         0,      7783,        36,    820773,         0,    221031,      1016,     -3270,    -10973,    -14244,    -92882,   -311636,   -404518,     17553,         0,      5011,        91,         0,         0,         0,         0,     -1157,     -5306,     -6463,         0,         0,         0,         0,         0,         0,         0,     32171,     43144,     18710,     24016
       541,     51242, 65.602924,         0,         0,     26902,         0,      8792,        11,         0,         0,         0,         0,     -3216,    -12581,    -15797,         0,         0,         0,     16652,         0,      5238,        57,         0,         0,         0,         0,     -1090,     -5988,     -7078,         0,         0,         0,         0,         0,         0,         0,     30118,     42699,     17742,     23730
       542,     51243,191.306400,         0,         0,     27353,         0,      6906,        29,         0,         0,         0,         0,     -3189,    -13425,    -16615,         0,         0,         0,     16854,         0,      3762,         3,         0,         0,         0,         0,     -1097,     -6082,     -7179,         0,         0,         0,         0,         0,         0,         0,     30543,     43968,     17951,     24034
       543,     51244, 60.599740,         0,         0,     28652,         0,      7760,        19,         0,         0,         0,         0,     -3234,    -10481,    -13715,         0,         0,         0,     17447,         0,      4851,        57,         0,         0,         0,         0,     -1122,     -5037,     -6159,         0,         0,         0,         0,         0,         0,         0,     31886,     42367,     18568,     23605
       544,     51245, 52.539581,      20.2,         0,     28921,         0,      6263,        49,    584214,         0,    126514,       994,     -3272,    -10477,    -13749,    -66092,   -211637,   -277729,     17563,         0,      4190,        68,         0,         0,         0,         0,     -1159,     -5110,     -6269,         0,         0,         0,         0,         0,         0,         0,     32193,     42670,     18721,     23832
       545,     51246,160.334893,      13.6,      49.5,     27959,         0,      4810,        60,    380242,         0,     65413,       815,     -3175,    -13297,    -16472,    -43184,   -180839,   -224024,     17219,         0,      2583,        58,    852353,         0,    127837,      2852,     -1096,     -5810,     -6906,    -54248,   -287618,   -341865,         0,         0,         0,         0,     31134,     44431,     18315,     24126
       546,     51247, 33.626400,      10.1,         0,     28121,         0,      4905,        74,    284024,         0,     49543,       749,     -3287,    -10530,    -13817,    -33200,   -106351,   -139550,     17158,         0,      3397,        58,         0,         0,         0,         0,     -1163,     -5184,     -6347,         0,         0,         0,         0,         0,         0,         0,     31408,     41938,     18321,     23505
       547,     51248, 36.297933,      17.8,      10.6,     26919,         0,      3618,        74,    479149,         0,     64400,      1321,     -3295,    -10959,    -14254,    -58650,   -195070,   -253720,     16553,         0,      2658,        35,    175457,         0,     28175,       371,     -1162,     -5443,     -6605,    -12322,    -57695,    -70017,         0,         0,         0,         0,     30213,     41172,     17715,     23158
       548,     51249,4212.82359,         0,         0,     11495,         0,      1723,         0,         0,         0,         0,         0,     -1150,    -27730,    -28880,         0,         0,         0,      8434,         0,      1043,         0,         0,         0,         0,         0,      -470,    -13678,    -14148,         0,         0,         0,         0,         0,         0,         0,     12645,     40375,      8904,     22582
       549,     51250,1145.66453,         0,      77.8,     22149,         0,       434,        78,         0,         0,         0,         0,     -3508,    -16239,    -19746,         0,         0,         0,     14240,         0,       301,         0,   1107887,         0,     23419,         0,     -1268,     -7365,     -8633,    -98664,   -573017,   -671681,         0,         0,         0,         0,     25657,     41895,     15508,     22874
       550,     51251,572.742451,         0,         0,     13635,         0,       673,         0,         0,         0,         0,         0,     -2406,    -24159,    -26566,         0,         0,         0,      9781,         0,       504,         0,         0,         0,         0,         0,      -810,    -11795,    -12605,         0,         0,         0,         0,         0,         0,         0,     16042,     40201,     10591,     22386
       551,     51252,398.524861,       3.0,         0,     18145,         0,       247,         0,     54436,         0,       741,         0,     -3229,    -18353,    -21581,     -9686,    -55059,    -64744,     12122,         0,       218,         3,         0,         0,         0,         0,     -1189,     -8647,     -9836,         0,         0,         0,         0,         0,         0,         0,     21374,     39727,     13310,     21958
       552,     51253,497.823617,      16.9,       4.5,     16046,         0,       221,         5,    271184,         0,      3737,        76,     -2936,    -20217,    -23153,    -49626,   -341661,   -391287,     11049,         0,       233,        17,     49722,         0,      1050,        76,     -1054,     -9730,    -10785,     -4745,    -43786,    -48531,         0,         0,         0,         0,     18983,     39199,     12104,     21834
       553,     51254,497.983439,       9.0,         0,     17962,         0,       102,         0,    161660,         0,       916,         0,     -3218,    -18277,    -21496,    -28964,   -164496,   -193461,     12028,         0,        87,         9,         0,         0,         0,         0,     -1183,     -8347,     -9530,         0,         0,         0,         0,         0,         0,         0,     21180,     39458,     13211,     21558
       554,     51255,527.640878,         0,         0,     17630,         0,       146,         0,         0,         0,         0,         0,     -3174,    -17412,    -20586,         0,         0,         0,     11862,         0,       156,         0,         0,         0,         0,         0,     -1162,     -8135,     -9297,         0,         0,         0,         0,         0,         0,         0,     20805,     38217,     13024,     21159
       555,     51256,654.362118,       7.0,         0,     13472,         0,       137,         0,     94301,         0,       960,         0,     -2338,    -21725,    -24063,    -16363,   -152077,   -168440,      9692,         0,       227,         7,         0,         0,         0,         0,      -784,    -10664,    -11448,         0,         0,         0,         0,         0,         0,         0,     15809,     37534,     10476,     21139
       556,     51257,908.462054,       9.8,         0,     14526,         0,       105,         0,    142354,         0,      1029,         0,     -2671,    -19598,    -22269,    -26171,   -192062,   -218233,     10267,         0,       183,        10,         0,         0,         0,         0,      -916,     -9436,    -10352,         0,         0,         0,         0,         0,         0,         0,     17196,     36795,     11183,     20619
       557,     51258,285.959454,      66.4,       9.1,     12841,         0,        57,         9,    852651,         0,      3809,       604,     -1996,    -20740,    -22736,   -132534,  -1377167,  -1509702,      9309,         0,       200,        69,     84714,         0,      1817,       625,      -688,    -10170,    -10858,     -6261,    -92543,    -98803,         0,         0,         0,         0,     14837,     35578,      9997,     20167
       558,     51259,1618.13974,      29.0,         0,     10460,         0,        57,         0,    303344,         0,      1663,         0,      -760,    -22478,    -23238,    -22047,   -651856,   -673903,      7724,         0,       198,        30,         0,         0,         0,         0,      -351,    -11263,    -11614,         0,         0,         0,         0,         0,         0,         0,     11220,     33698,      8075,     19337
       559,     51260,426.510433,       4.5,         0,     12186,         0,        54,         4,     54838,         0,       242,        18,     -1571,    -20249,    -21820,     -7070,    -91119,    -98190,      8889,         0,       200,        34,         0,         0,         0,         0,      -577,     -9831,    -10407,         0,         0,         0,         0,         0,         0,         0,     13757,     34006,      9466,     19296
       560,     51261, 24.350458,       3.8,         0,     11557,         0,        48,        13,     43917,         0,       184,        49,     -1185,    -21243,    -22428,     -4502,    -80724,    -85226,      8480,         0,       199,        33,         0,         0,         0,         0,      -480,    -10445,    -10925,         0,         0,         0,         0,         0,         0,         0,     12742,     33985,      8960,     19405
       561,     51262,931.942557,      39.8,      29.0,     10697,         0,        46,        29,    425753,         0,      1822,      1154,      -847,    -20390,    -21237,    -33722,   -811503,   -845224,      7893,         0,       198,        41,    228886,         0,      5756,      1200,      -384,    -10037,    -10421,    -11140,   -291082,   -302222,         0,         0,         0,         0,     11545,     31934,      8277,     18314
       562,     51263,5563.02605,       2.0,         0,     12195,         0,        62,         0,     24390,         0,       123,         0,     -1575,    -19253,    -20829,     -3150,    -38507,    -41657,      8888,         0,       136,         2,         0,         0,         0,         0,      -577,     -9013,     -9591,         0,         0,         0,         0,         0,         0,         0,     13770,     33023,      9465,     18479
       563,     51264,834.003699,      15.9,         0,      8659,         0,        54,         0,    137674,         0,       866,         0,      -271,    -19973,    -20244,     -4311,   -317567,   -321878,      6427,         0,       154,        17,         0,         0,         0,         0,      -179,    -10284,    -10463,         0,         0,         0,         0,         0,         0,         0,      8930,     28903,      6606,     16890
       564,     51265,883.792060,      15.9,         0,      8752,         0,        45,         0,    139161,         0,       712,         0,      -274,    -18648,    -18922,     -4349,   -296509,   -300858,      6494,         0,       144,        17,         0,         0,         0,         0,      -182,     -9506,     -9689,         0,         0,         0,         0,         0,         0,         0,      9026,     27674,      6677,     16183
       565,     51266,832.706408,         0,         0,      7725,         0,        37,         0,         0,         0,         0,         0,      -241,    -18894,    -19135,         0,         0,         0,      5738,         0,       149,         0,         0,         0,         0,         0,      -170,     -9766,     -9936,         0,         0,         0,         0,         0,         0,         0,      7966,     26861,      5909,     15675
       566,     51267,2147.81309,      11.7,       3.4,     25665,         0,      4060,         3,    300275,         0,     47503,        40,     -1476,    -20725,    -22200,    -17266,   -242479,   -259744,      9699,         0,       619,        12,     32976,         0,      2105,        40,      -836,    -12734,    -13570,     -2842,    -43294,    -46136,         0,         0,         0,         0,     27140,     47865,     10535,     23268
       567,     51268,1274.95128,      25.2,         0,     16044,         0,       692,         0,    404320,         0,     17430,         0,     -1120,    -31185,    -32306,    -28233,   -785867,   -814100,      8625,         0,       401,        25,         0,         0,         0,         0,      -505,    -15228,    -15733,         0,         0,         0,         0,         0,         0,         0,     17165,     48350,      9130,     24358
       568,     51269,1492.12522,         0,         0,     23108,         0,       441,         0,         0,         0,         0,         0,     -2558,    -26793,    -29351,         0,         0,         0,     13697,         0,       545,         0,         0,         0,         0,         0,      -919,    -11508,    -12427,         0,         0,         0,         0,         0,         0,         0,     25666,     52459,     14616,     26124
       569,     51270,3954.90605,         0,         0,     17482,         0,       750,         0,         0,         0,         0,         0,     -1894,    -25999,    -27893,         0,         0,         0,     11540,         0,       882,         0,         0,         0,         0,         0,      -611,    -11299,    -11910,         0,         0,         0,         0,         0,         0,         0,     19376,     45375,     12151,     23450
       570,     51271,102.332438,         0,         0,     24109,         0,       594,         0,         0,         0,         0,         0,     -3281,    -15092,    -18374,         0,         0,         0,     15240,         0,       441,         0,         0,         0,         0,         0,     -1141,     -6575,     -7715,         0,         0,         0,         0,         0,         0,         0,     27390,     42483,     16380,     22955
       571,     51272,6463.21188,         0,         0,      9266,         0,        57,         0,         0,         0,         0,         0,      -350,    -31927,    -32278,         0,         0,         0,      6824,         0,        31,         0,         0,         0,         0,         0,      -222,    -15020,    -15242,         0,         0,         0,         0,         0,         0,         0,      9616,     41544,      7046,     22066
       572,     51273,122.129988,         0,         0,     13901,         0,        38,         0,         0,         0,         0,         0,     -2520,    -22112,    -24632,         0,         0,         0,      9914,         0,        37,         9,         0,         0,         0,         0,      -856,    -10088,    -10944,         0,         0,         0,         0,         0,         0,         0,     16421,     38533,     10770,     20857
       573,     51274,516.024140,      22.9,         0,     12758,         0,        22,         0,    292170,         0,       506,         0,     -1967,    -22608,    -24575,    -45045,   -517733,   -562778,      9235,         0,        31,        23,         0,         0,         0,         0,      -686,    -10255,    -10941,         0,         0,         0,         0,         0,         0,         0,     14726,     37334,      9921,     20176
       574,     51275,141.789667,         0,         0,     14283,         0,        35,         0,         0,         0,         0,         0,     -2631,    -21049,    -23680,         0,         0,         0,     10122,         0,        37,        11,         0,         0,         0,         0,      -901,     -9566,    -10467,         0,         0,         0,         0,         0,         0,         0,     16914,     37964,     11023,     20589
       575,     51276, 97.436673,         0,         0,     12957,         0,        14,         0,         0,         0,         0,         0,     -2090,    -20815,    -22905,         0,         0,         0,      9363,         0,        30,         6,         0,         0,         0,         0,      -715,     -9383,    -10098,         0,         0,         0,         0,         0,         0,         0,     15047,     35862,     10078,     19461
       576,     51277,322.251432,         0,         0,     11688,         0,         1,         0,         0,         0,         0,         0,     -1279,    -22414,    -23693,         0,         0,         0,      8538,         0,        28,         0,         0,         0,         0,         0,      -510,    -10088,    -10599,         0,         0,         0,         0,         0,         0,         0,     12967,     35381,      9048,     19136
       577,     51278,6760.29904,      15.9,         0,     10484,         0,        55,         0,    166699,         0,       879,         0,      -874,    -24681,    -25555,    -13889,   -392428,   -406317,      8047,         0,       302,        16,         0,         0,         0,         0,      -342,    -12571,    -12913,         0,         0,         0,         0,         0,         0,         0,     11358,     36039,      8389,     20961
       578,     51279,940.320649,       4.0,         0,     19241,         0,       181,         0,     76962,         0,       725,         0,     -2747,    -18560,    -21306,    -10986,    -74240,    -85226,     12774,         0,       583,         4,         0,         0,         0,         0,      -981,     -9436,    -10418,         0,         0,         0,         0,         0,         0,         0,     21987,     40547,     13756,     23192
       579,     51280,429.635092,       3.0,         0,     12677,         0,        54,         0,     38032,         0,       163,         0,     -1937,    -20680,    -22617,     -5812,    -62039,    -67851,      9395,         0,       350,         3,         0,         0,         0,         0,      -614,    -10596,    -11210,         0,         0,         0,         0,         0,         0,         0,     14615,     35294,     10008,     20605
       580,     51281,376.255091,       4.0,         0,     15228,         0,       110,         0,     60913,         0,       442,         0,     -2375,    -19676,    -22051,     -9502,    -78704,    -88206,     10716,         0,       435,         4,         0,         0,         0,         0,      -818,    -10061,    -10879,         0,         0,         0,         0,         0,         0,         0,     17604,     37280,     11534,     21596
       581,     51282,655.270531,      49.7,      16.8,     21487,         0,       290,        17,   1067890,         0,     14395,       835,     -2905,    -16010,    -18915,   -144381,   -795698,   -940079,     13969,         0,       869,        50,    234671,         0,     14593,       835,      -991,     -8124,     -9115,    -16645,   -136479,   -153125,         0,         0,         0,         0,     24392,     40402,     14959,     23083
       582,     51283,1108.43117,     191.7,       6.6,     16851,         0,       148,         7,   3230287,         0,     28439,      1265,     -2565,    -17688,    -20253,   -491715,  -3390847,  -3882562,     11543,         0,       520,       192,     76183,         0,      3435,      1265,      -904,     -9047,     -9951,     -5966,    -59710,    -65677,         0,         0,         0,         0,     19416,     37104,     12447,     21494
       583,     51284,937.722738,         0,         0,     22199,         0,       701,         0,         0,         0,         0,         0,     -2925,    -16203,    -19128,         0,         0,         0,     14357,         0,      1412,         0,         0,         0,         0,         0,      -988,     -8107,     -9094,         0,         0,         0,         0,         0,         0,         0,     25124,     41327,     15344,     23451
       584,     51285,301.969051,         0,         0,     12915,         0,        47,         0,         0,         0,         0,         0,     -2007,    -19329,    -21337,         0,         0,         0,      9523,         0,       366,         1,         0,         0,         0,         0,      -641,     -9927,    -10568,         0,         0,         0,         0,         0,         0,         0,     14922,     34251,     10164,     20091
       585,     51286,630.858186,         0,         0,     13243,         0,        75,         0,         0,         0,         0,         0,     -2060,    -15692,    -17753,         0,         0,         0,      9653,         0,       411,         0,         0,         0,         0,         0,      -659,     -8039,     -8698,         0,         0,         0,         0,         0,         0,         0,     15303,     30996,     10312,     18351
       586,     51287,3070.67821,         0,         0,     15790,         0,       161,         0,         0,         0,         0,         0,     -2405,    -16083,    -18488,         0,         0,         0,     10974,         0,       535,         0,         0,         0,         0,         0,      -833,     -8218,     -9051,         0,         0,         0,         0,         0,         0,         0,     18194,     34278,     11807,     20025
       587,     51288,2124.33928,      97.3,         0,      9822,         0,         9,         0,    955638,         0,       889,         0,      -700,    -16466,    -17166,    -68079,  -1602171,  -1670250,      7623,         0,       250,        97,         0,         0,         0,         0,      -296,     -8440,     -8735,         0,         0,         0,         0,         0,         0,         0,     10521,     26988,      7919,     16359
       588,     51289,3697.46112,         0,         0,      4330,         0,         1,         0,         0,         0,         0,         0,      -113,    -20187,    -20300,         0,         0,         0,      3507,         0,       100,         0,         0,         0,         0,         0,       -96,    -11625,    -11721,         0,         0,         0,         0,         0,         0,         0,      4443,     24630,      3603,     15228
       589,     51290,6444.14402,       3.0,         0,     12281,         0,        25,         0,     36843,         0,        76,         0,     -1618,    -14690,    -16308,     -4853,    -44071,    -48924,      8785,         0,         7,         3,         0,         0,         0,         0,      -560,     -7781,     -8341,         0,         0,         0,         0,         0,         0,         0,     13899,     28589,      9344,     17126
       590,     51291,10051.9630,       3.0,      40.0,     12605,         0,        44,        40,     37814,         0,       132,       120,     -1813,    -15925,    -17738,     -5439,    -47775,    -53214,      8995,         0,        36,         3,    359783,         0,      1420,       120,      -604,     -8267,     -8871,    -24152,   -330681,   -354833,         0,         0,         0,         0,     14418,     30342,      9598,     17865
       591,     51292,7694.28847,         0,         0,      6711,         0,        35,         0,         0,         0,         0,         0,      -201,    -16312,    -16513,         0,         0,         0,      4944,         0,        48,         0,         0,         0,         0,         0,      -163,     -8965,     -9128,         0,         0,         0,         0,         0,         0,         0,      6912,     23224,      5107,     14072
       592,     51293,3980.87163,         0,         0,      5815,         0,         6,         0,         0,         0,         0,         0,      -193,    -12178,    -12371,         0,         0,         0,      4248,         0,        26,         0,         0,         0,         0,         0,      -151,     -6757,     -6908,         0,         0,         0,         0,         0,         0,         0,      6007,     18186,      4399,     11156
       593,     51294,12010.3982,         0,         0,      5041,         0,         0,         0,         0,         0,         0,         0,      -142,     -5690,     -5833,         0,         0,         0,      3509,         0,         0,         0,         0,         0,         0,         0,      -119,     -4094,     -4213,         0,         0,         0,         0,         0,         0,         0,      5183,     10874,      3628,      7722
       594,     51295,43003.0581,      13.9,         0,       121,         0,         0,         0,      1681,         0,         0,         0,        -1,     -4761,     -4762,       -16,    -66181,    -66197,       228,         0,        14,        14,         0,         0,         0,         0,        -1,     -4433,     -4434,         0,         0,         0,         0,         0,         0,         0,       122,      4883,       229,      4662
       595,     51296,22437.1821,       2.0,         0,       884,         0,         0,         0,      1769,         0,         0,         0,        -3,    -17598,    -17600,        -5,    -35195,    -35200,       942,         0,         2,         2,         0,         0,         0,         0,        -3,    -11145,    -11148,         0,         0,         0,         0,         0,         0,         0,       887,     18485,       945,     12090
       596,     51297,40245.4339,         0,         0,         0,         0,         0,         0,         0,         0,         0,         0,         0,     -1448,     -1448,         0,         0,         0,         3,         0,         0,         0,         0,         0,         0,         0,         0,     -1623,     -1623,         0,         0,         0,         0,         0,         0,         0,         0,      1448,         3,      1626
       597,     51298,1378.90442,         0,         0,         1,         0,         0,         0,         0,         0,         0,         0,        -0,     -5081,     -5081,         0,         0,         0,        15,         0,         0,         0,         0,         0,         0,         0,        -0,     -4331,     -4331,         0,         0,         0,         0,         0,         0,         0,         1,      5082,        15,      4346
       598,     51299,22622.7377,         0,         0,      2704,         0,         0,         0,         0,         0,         0,         0,      -112,    -11791,    -11902,         0,         0,         0,      1818,         0,         0,         0,         0,         0,         0,         0,       -61,     -8097,     -8158,         0,         0,         0,         0,         0,         0,         0,      2816,     14606,      1879,      9976
       599,     51300,37380.8087,         0,         0,         0,         0,         0,         0,         0,         0,         0,         0,         0,      -961,      -961,         0,         0,         0,         2,         0,         0,         0,         0,         0,         0,         0,        -0,     -1179,     -1179,         0,         0,         0,         0,         0,         0,         0,         0,       961,         2,      1181
       600,     51301,26571.2662,         0,         0,         0,         0,         0,         0,         0,         0,         0,         0,         0,     -4630,     -4630,         0,         0,         0,         8,         0,         0,         0,         0,         0,         0,         0,        -0,     -3692,     -3692,         0,         0,         0,         0,         0,         0,         0,         0,      4630,         8,      3700
       601,     51302,4479.66025,         0,         0,       202,         0,         0,         0,         0,         0,         0,         0,       -10,     -3452,     -3462,         0,         0,         0,       168,         0,         7,         0,         0,         0,         0,         0,        -5,     -2755,     -2760,         0,         0,         0,         0,         0,         0,         0,       212,      3664,       173,      2928
       602,     51303,2776.90233,         0,         0,      4177,         0,         0,         0,         0,         0,         0,         0,      -134,     -2070,     -2204,         0,         0,         0,      2851,         0,         0,         0,         0,         0,         0,         0,      -111,     -2139,     -2249,         0,         0,         0,         0,         0,         0,         0,      4311,      6381,      2962,      5101
       603,     51304,1082.63550,         0,         0,         0,         0,         0,         0,         0,         0,         0,         0,         0,      -354,      -354,         0,         0,         0,         1,         0,         9,         0,         0,         0,         0,         0,        -0,      -484,      -484,         0,         0,         0,         0,         0,         0,         0,         0,       354,         1,       485
       604,     51305,9670.32081,         0,         0,         0,         0,         0,         0,         0,         0,         0,         0,         0,      -146,      -146,         0,         0,         0,         8,         0,         1,         0,         0,         0,         0,         0,        -0,      -269,      -269,         0,         0,         0,         0,         0,         0,         0,         0,       146,         8,       277
       605,     51306,8761.79843,      11.9,         0,        97,         0,         0,         0,      1157,         0,         0,         0,        -4,     -2088,     -2091,       -44,    -24843,    -24887,        86,         0,        12,        12,         0,         0,         0,         0,        -3,     -1694,     -1697,         0,         0,         0,         0,         0,         0,         0,       101,      2189,        89,      1783
       606,     51307,4852.01932,       1.0,         0,        16,         0,         0,         0,        16,         0,         0,         0,        -1,      -636,      -637,        -1,      -636,      -637,        20,         0,         4,         1,         0,         0,         0,         0,        -0,      -677,      -678,         0,         0,         0,         0,         0,         0,         0,        17,       653,        21,       698
       607,     51308,24121.7946,         0,         0,        28,         0,         0,         0,         0,         0,         0,         0,        -1,     -1964,     -1965,         0,         0,         0,        22,         0,         0,         0,         0,         0,         0,         0,        -1,     -1606,     -1606,         0,         0,         0,         0,         0,         0,         0,        29,      1992,        23,      1629
       608,     51309,41897.7849,         0,         0,         0,         0,         0,         0,         0,         0,         0,         0,         0,         0,         0,         0,         0,         0,         0,         0,         0,         0,         0,         0,         0,         0,         0,       -13,       -13,         0,         0,         0,         0,         0,         0,         0,         0,         0,         0,        13
       609,     51310,38227.5936,         0,         0,         0,         0,         0,         0,         0,         0,         0,         0,         0,         0,         0,         0,         0,         0,         1,         0,         0,         0,         0,         0,         0,         0,         0,        -4,        -4,         0,         0,         0,         0,         0,         0,         0,         0,         0,         1,         5
       610,     51311, 52.908520,         0,     241.4,     31425,     10060,     13330,      2799,         0,         0,         0,         0,     -3298,    -10967,    -14264,         0,         0,         0,     18752,      3490,      8709,       928,   4526725,    842380,   2102356,    224036,     -1169,     -5117,     -6286,   -282226,  -1235184,  -1517409,     10060,         0,      3490,         0,     34722,     45689,     19921,     25038
       611,     51312, 38.230256,     125.1,     156.1,     34286,      9785,     13566,      3496,   4289128,   1224056,   1697085,    437408,     -3251,    -10060,    -13311,   -406699,  -1258523,  -1665222,     20180,      3404,      8970,       904,   3150034,    531440,   1400236,    141072,     -1133,     -4606,     -5739,   -176815,   -719005,   -895820,      9785,         0,      3404,         0,     37537,     47597,     21312,     25918
       612,     51313, 14.198787,       2.0,      81.3,     32134,      3957,     13757,      3403,     64268,      7914,     27514,      6807,     -3255,    -11199,    -14453,     -6510,    -22397,    -28907,     19171,      2135,      9105,       863,   1558599,    173584,    740232,     70136,     -1119,     -5078,     -6197,    -90958,   -412846,   -503804,      3957,         0,      2135,         0,     35389,     46587,     20290,     25368
       613,     51314, 30.861979,       4.6,         0,     34662,         0,     14188,       912,    159444,         0,     65265,      4193,     -3215,    -12109,    -15323,    -14787,    -55700,    -70488,     20423,         0,      9449,       257,         0,         0,         0,         0,     -1097,     -5283,     -6380,         0,         0,         0,         0,         0,         0,         0,     37876,     49985,     21520,     26803
       614,     51315, 30.304373,       4.7,      13.3,     32875,         0,     14043,       868,    154512,         0,     66002,      4079,     -3061,    -12307,    -15368,    -14386,    -57843,    -72229,     19584,         0,      9251,       421,    260471,         0,    123033,      5600,     -1032,     -5398,     -6431,    -13730,    -71798,    -85527,         0,         0,         0,         0,     35936,     48243,     20617,     26015
