TAZID,CO_TAZID,DevAcres,HH,Job,Job_byAuto,Job_byTran,Job_byBike,Job_byWalk,act_Job_byAuto,act_Job_byTran,act_Job_byBike,act_Job_byWalk,Loss_Job_Cong,Loss_Job_Net,Loss_Job_Abs,act_Loss_Job_Cong,act_Loss_Job_Net,act_Loss_Job_Abs,HH_byAuto,HH_byTran,HH_byBike,HH_byWalk,act_HH_byAuto,act_HH_byTran,act_HH_byBike,act_HH_byWalk,Loss_HH_Cong,Loss_HH_Net,Loss_HH_Abs,act_Loss_HH_Cong,act_Loss_HH_Net,act_Loss_HH_Abs,tmp_Job_byTran_wk,tmp_Job_byTran_dr,tmp_HH_byTran_wk,tmp_HH_byTran_dr,tmp_Job_byAuto_FF,tmp_Job_byAuto_SL,tmp_HH_byAuto_FF,tmp_HH_byAuto_SL
         1,    530001,413.121263,      57.8,       1.1,     38737,         0,      1618,         3,   2238972,         0,     93504,       192,     -2906,    -16172,    -19079,   -167983,   -934755,  -1102738,     25018,         0,      2027,        91,     27520,         0,      2230,       101,     -1478,    -12421,    -13899,     -1626,    -13663,    -15289,         0,         0,         0,         0,     41643,     57815,     26496,     38917
         2,    530002,208.841456,      23.1,         0,     39775,         0,      1752,       176,    918803,         0,     40475,      4077,     -2914,    -15797,    -18711,    -67307,   -364912,   -432219,     25659,         0,      2360,       168,         0,         0,         0,         0,     -1491,    -12112,    -13603,         0,         0,         0,         0,         0,         0,         0,     42689,     58486,     27150,     39262
         3,    530003,286.385021,     132.6,      11.9,     46178,         0,      3043,        16,   6123232,         0,    403453,      2073,     -2832,    -14576,    -17408,   -375556,  -1932776,  -2308332,     29541,         0,      4224,       192,    351538,         0,     50264,      2282,     -1530,    -11309,    -12839,    -18208,   -134580,   -152788,         0,         0,         0,         0,     49010,     63586,     31071,     42380
         4,    530004, 85.802976,      33.8,       3.9,     40375,         0,      2133,        45,   1364669,         0,     72095,      1535,     -2917,    -17140,    -20058,    -98610,   -579340,   -677949,     26027,         0,      2816,       142,    101507,         0,     10983,       552,     -1501,    -12926,    -14428,     -5855,    -50413,    -56268,         0,         0,         0,         0,     43292,     60432,     27529,     40455
         5,    530005,309.773291,      46.3,       2.1,     46573,         0,      2917,        19,   2156340,         0,    135078,       883,     -2842,    -14010,    -16852,   -131574,   -648674,   -780248,     29781,         0,      4173,       229,     62541,         0,      8764,       481,     -1539,    -10938,    -12476,     -3231,    -22969,    -26200,         0,         0,         0,         0,     49415,     63425,     31320,     42258
         6,    530006,359.204413,         0,     992.9,     54599,       901,      4336,       996,         0,         0,         0,         0,     -2577,    -11990,    -14567,         0,         0,         0,     34398,       551,      6432,        71,  34153905,    546862,   6386398,     70518,     -1555,     -9762,    -11318,  -1544271,  -9692983, -11237254,       901,         0,       551,         0,     57176,     69166,     35953,     45716
         7,    530007,215.036172,      49.8,       6.3,     41379,         0,      2383,       141,   2060698,         0,    118689,      7023,     -3443,    -16506,    -19948,   -171440,   -821988,   -993427,     26662,         0,      3319,       206,    167970,         0,     20907,      1301,     -1754,    -12493,    -14247,    -11053,    -78707,    -89759,         0,         0,         0,         0,     44822,     61328,     28416,     40909
         8,    530008,268.164181,      77.4,     197.1,     40442,         0,      1936,       202,   3130222,         0,    149813,     15623,     -3434,    -15316,    -18751,   -265811,  -1185493,  -1451304,     26089,         0,      2757,       135,   5142196,         0,    543364,     26697,     -1732,    -11785,    -13517,   -341310,  -2322896,  -2664206,         0,         0,         0,         0,     43876,     59193,     27821,     39606
         9,    530009,327.081259,      28.5,         0,     46541,         0,      2556,         1,   1326408,         0,     72851,        34,     -3124,    -12258,    -15382,    -89036,   -349362,   -438398,     29787,         0,      3902,        66,         0,         0,         0,         0,     -1644,     -9882,    -11526,         0,         0,         0,         0,         0,         0,         0,     49665,     61923,     31431,     41313
        10,    530010,223.386752,      66.7,       2.1,     48962,         0,      3194,       188,   3265785,         0,    213028,     12558,     -2860,    -12555,    -15415,   -190781,   -837422,  -1028203,     31243,         0,      4896,       273,     65611,         0,     10282,       572,     -1576,     -9938,    -11515,     -3310,    -20871,    -24181,         0,         0,         0,         0,     51823,     64378,     32819,     42758
        11,    530011,193.208258,     176.2,     348.6,     49228,      1288,      3843,       504,   8673911,    226878,    677172,     88760,     -2861,    -14679,    -17540,   -504089,  -2586409,  -3090499,     31406,      1019,      5844,       559,  10948292,    355087,   2037069,    194814,     -1578,    -11125,    -12703,   -550191,  -3878230,  -4428421,      1288,         0,      1019,         0,     52089,     66767,     32985,     44110
        12,    530012,739.354278,      15.1,      74.8,     49360,         0,      3149,        83,    745336,         0,     47546,      1253,     -4036,    -11452,    -15488,    -60945,   -172919,   -233863,     31446,         0,      5200,        99,   2352149,         0,    388933,      7429,     -2158,     -9191,    -11349,   -161410,   -687488,   -848897,         0,         0,         0,         0,     53396,     64848,     33604,     42795
        13,    530013,151.470766,     284.7,      14.3,     58072,      2982,      5568,       534,  16533184,    848873,   1585341,    151993,     -2593,    -11280,    -13873,   -738268,  -3211400,  -3949668,     36537,      1435,      8239,       459,    522484,     20528,    117823,      6563,     -1590,     -9054,    -10644,    -22743,   -129469,   -152211,      2982,         0,      1435,         0,     60665,     71945,     38128,     47182
        14,    530014,170.998209,     198.4,     143.9,     53490,      2395,      4423,       627,  10612459,    475076,    877451,    124339,     -2656,    -11826,    -14482,   -527030,  -2346194,  -2873225,     33749,      1867,      6728,       670,   4856482,    268728,    968224,     96354,     -1621,     -9511,    -11132,   -233285,  -1368667,  -1601952,      2395,         0,      1867,         0,     56147,     67972,     35370,     44881
        15,    530015,163.744751,     103.2,     133.5,     56665,      2660,      5012,       369,   5847838,    274551,    517209,     38119,     -2614,    -10888,    -13502,   -269813,  -1123619,  -1393431,     35660,      1954,      7524,       616,   4760668,    260841,   1004404,     82221,     -1594,     -8920,    -10514,   -212864,  -1190774,  -1403638,      2660,         0,      1954,         0,     59280,     70167,     37255,     46175
        16,    530016,207.448398,      95.2,     277.1,     61734,      2696,      6701,       289,   5877082,    256657,    637903,     27540,     -2534,    -10483,    -13017,   -241267,   -997996,  -1239263,     38610,      1361,      9541,       222,  10698958,    377031,   2643907,     61416,     -1561,     -8538,    -10099,   -432468,  -2365831,  -2798299,      2696,         0,      1361,         0,     64268,     74752,     40171,     48709
        17,    530017,233.559259,     112.1,      10.9,     49704,         0,      3470,       115,   5571844,         0,    388972,     12907,     -4041,    -11696,    -15737,   -453019,  -1311101,  -1764121,     31653,         0,      5557,       395,    345013,         0,     60573,      4303,     -2166,     -9363,    -11529,    -23609,   -102055,   -125664,         0,         0,         0,         0,     53745,     65441,     33819,     43181
        18,    530018,165.216789,     284.7,      52.7,     52111,      1626,      4196,       384,  14835895,    462888,   1194675,    109303,     -2839,    -13206,    -16045,   -808139,  -3759753,  -4567892,     33164,      1541,      6544,       889,   1747736,     81227,    344884,     46857,     -1593,    -10095,    -11689,    -83971,   -532029,   -616000,      1626,         0,      1541,         0,     54949,     68155,     34757,     44853
        19,    530019, 84.363081,      83.6,      18.7,     53462,      2876,      4815,       420,   4469444,    240426,    402563,     35102,     -2611,    -12924,    -15535,   -218285,  -1080410,  -1298695,     33939,      2352,      7281,      1179,    634662,     43979,    136162,     22054,     -1561,     -9839,    -11400,    -29186,   -183986,   -213172,      2876,         0,      2352,         0,     56073,     68997,     35500,     45339
        20,    530020, 85.323665,      96.1,      76.7,     54832,      2816,      5205,       370,   5269356,    270664,    500238,     35581,     -2619,    -12807,    -15426,   -251732,  -1230747,  -1482479,     34659,      2334,      7784,      1119,   2658325,    179041,    597061,     85810,     -1602,     -9810,    -11412,   -122911,   -752410,   -875321,      2816,         0,      2334,         0,     57451,     70258,     36261,     46071
        21,    530021, 67.002791,      69.4,       2.7,     55254,      2614,      5513,       382,   3834616,    181401,    382582,     26525,     -2622,    -13419,    -16041,   -181987,   -931268,  -1113255,     34900,      2199,      8237,      1001,     94230,      5938,     22239,      2701,     -1604,    -10125,    -11729,     -4331,    -27338,    -31669,      2614,         0,      2199,         0,     57876,     71295,     36504,     46629
        22,    530022, 68.628745,      52.5,      74.9,     58423,      2869,      5773,       302,   3067198,    150625,    303066,     15869,     -2594,    -10810,    -13404,   -136193,   -567518,   -703710,     36707,      1645,      8594,       771,   2749380,    123207,    643700,     57770,     -1595,     -8750,    -10345,   -119438,   -655395,   -774833,      2869,         0,      1645,         0,     61017,     71827,     38302,     47052
        23,    530023, 96.921369,      19.6,       9.0,     60057,      3309,      6487,       320,   1177113,     64861,    127153,      6269,     -2556,    -10860,    -13416,    -50090,   -212856,   -262946,     37637,      1744,      9488,       551,    338737,     15698,     85396,      4958,     -1575,     -8741,    -10316,    -14176,    -78669,    -92845,      3309,         0,      1744,         0,     62612,     73472,     39212,     47953
        24,    530024,299.539259,         0,         0,     60408,      1711,      7390,       210,         0,         0,         0,         0,     -2533,    -11917,    -14450,         0,         0,         0,     37799,      1009,     10542,       197,         0,         0,         0,         0,     -1563,     -9234,    -10797,         0,         0,         0,      1711,         0,      1009,         0,     62941,     74858,     39362,     48596
        25,    530025, 69.801838,      15.1,       2.1,     55121,      2474,      5980,       292,    832329,     37365,     90305,      4403,     -2656,    -14750,    -17407,    -40112,   -222732,   -262844,     34760,      1950,      8877,       815,     72997,      4095,     18641,      1712,     -1636,    -10888,    -12523,     -3435,    -22864,    -26299,      2474,         0,      1950,         0,     57778,     72528,     36396,     47284
        26,    530026,131.205944,     282.0,      17.6,     53595,      1505,      6534,       310,  15113899,    424547,   1842466,     87463,     -2578,    -16876,    -19455,   -727136,  -4759144,  -5486280,     33909,      1365,      9615,       871,    596796,     24027,    169225,     15332,     -1556,    -11959,    -13516,    -27389,   -210483,   -237873,      1505,         0,      1365,         0,     56174,     73050,     35465,     47424
        27,    530027,156.339084,     137.0,      44.1,     53804,      1515,      4592,       125,   7371091,    207551,    629141,     17188,     -4050,    -10583,    -14634,   -554904,  -1449926,  -2004830,     34125,      1720,      7189,       857,   1504913,     75835,    317043,     37782,     -2233,     -8484,    -10717,    -98486,   -374131,   -472616,      1515,         0,      1720,         0,     57854,     68437,     36358,     44842
        28,    530028, 83.023239,     265.1,       9.6,     53566,      2458,      5236,       197,  14200394,    651701,   1388171,     52204,     -3995,    -12105,    -16100,  -1059065,  -3208966,  -4268031,     34035,      2391,      8018,      1099,    326733,     22953,     76973,     10547,     -2193,     -9264,    -11456,    -21049,    -88933,   -109982,      2458,         0,      2391,         0,     57561,     69666,     36227,     45491
        29,    530029, 83.266700,     263.4,      20.9,     53973,      2444,      5715,       265,  14216411,    643814,   1505352,     69799,     -3565,    -12707,    -16273,   -939081,  -3347119,  -4286200,     34297,      2377,      8616,      1316,    716811,     49671,    180072,     27515,     -1943,     -9583,    -11526,    -40619,   -200278,   -240897,      2444,         0,      2377,         0,     57538,     70245,     36241,     45823
        30,    530030, 51.466483,       0.9,         0,     53982,      2166,      5579,       144,     48584,      1949,      5022,       130,     -4027,    -12654,    -16681,     -3624,    -11388,    -15012,     34221,      2463,      8635,       967,         0,         0,         0,         0,     -2223,     -9495,    -11718,         0,         0,         0,      2166,         0,      2463,         0,     58009,     70662,     36444,     45939
        31,    530031, 38.735251,      44.5,         0,     54708,      2171,      6101,       304,   2434492,     96597,    271514,     13529,     -3801,    -12873,    -16674,   -169147,   -572866,   -742012,     34698,      2413,      9282,      1307,         0,         0,         0,         0,     -2094,     -9550,    -11644,         0,         0,         0,      2171,         0,      2413,         0,     58509,     71382,     36792,     46342
        32,    530032, 54.138728,     111.2,       4.8,     57315,      1808,      6187,       247,   6373400,    200994,    688045,     27456,     -3667,    -10897,    -14564,   -407717,  -1211795,  -1619513,     36214,      2285,      9516,      1004,    173826,     10968,     45675,      4820,     -2044,     -8412,    -10456,     -9810,    -40378,    -50188,      1808,         0,      2285,         0,     60981,     71879,     38258,     46670
        33,    530033,358.335183,         0,         0,     57844,      1554,      8529,       306,         0,         0,         0,         0,     -2586,    -13716,    -16303,         0,         0,         0,     36198,      2840,     11785,       266,         0,         0,         0,         0,     -1607,    -10219,    -11826,         0,         0,         0,         0,      1554,         0,      2840,     60431,     74147,     37805,     48025
        34,    530034,104.372358,     192.2,     126.1,     53910,      1261,      6793,       452,  10361465,    242302,   1305639,     86784,     -3623,    -14826,    -18449,   -696255,  -2849611,  -3545866,     34204,      1656,     10126,      1211,   4313076,    208835,   1276888,    152722,     -1982,    -10675,    -12657,   -249888,  -1346110,  -1595998,      1261,         0,      1656,         0,     57532,     72359,     36185,     46860
        35,    530035, 63.375686,         0,     227.5,     59154,      1513,      7883,       483,         0,         0,         0,         0,     -2548,    -11799,    -14347,         0,         0,         0,     37076,      2670,     11455,       956,   8434748,    607522,   2605936,    217589,     -1587,     -9078,    -10665,   -361135,  -2065248,  -2426383,         0,      1513,         0,      2670,     61702,     73501,     38663,     47741
        36,    530036,106.408213,     216.2,      55.9,     57365,      1175,      6962,       465,  12402342,    254025,   1505097,    100478,     -3133,    -12452,    -15585,   -677282,  -2692127,  -3369409,     36218,      1620,     10490,      1075,   2024589,     90545,    586382,     60089,     -1739,     -9223,    -10963,    -97232,   -515584,   -612816,      1175,         0,      1620,         0,     60498,     72950,     37957,     47181
        37,    530037,235.279922,         0,         0,     59114,       993,      6206,        55,         0,         0,         0,         0,     -3942,     -9443,    -13385,         0,         0,         0,     37192,      1654,      9814,       481,         0,         0,         0,         0,     -2228,     -7475,     -9702,         0,         0,         0,       993,       794,      1654,      1651,     63056,     72499,     39420,     46894
        38,    530038,139.987087,     225.1,      65.6,     58124,         0,      9622,       418,  13083612,         0,   2165819,     94173,     -3770,    -11188,    -14958,   -848601,  -2518531,  -3367132,     36602,         0,     12736,       796,   2401070,         0,    835458,     52194,     -2118,     -8417,    -10535,   -138930,   -552188,   -691118,         0,         0,         0,         0,     61893,     73082,     38720,     47137
        39,    530039, 88.044524,     202.0,      23.0,     58462,       967,      7152,       379,  11809235,    195300,   1444624,     76567,     -3557,    -11485,    -15043,   -718549,  -2320058,  -3038607,     36854,      1622,     10821,       960,    847632,     37309,    248894,     22086,     -1980,     -8592,    -10572,    -45540,   -197621,   -243161,       967,       769,      1622,      1579,     62019,     73504,     38834,     47426
        40,    530040, 41.730559,      73.8,       2.7,     57634,         0,      8360,       484,   4253378,         0,    616956,     35687,     -2942,    -12068,    -15010,   -217153,   -890583,  -1107735,     36365,         0,     11953,       983,     98186,         0,     32272,      2654,     -1665,     -9151,    -10816,     -4494,    -24708,    -29203,         0,         0,         0,         0,     60576,     72644,     38030,     47181
        41,    530041,157.323283,      42.7,         0,     61545,      1869,     13374,       385,   2627990,     79790,    571058,     16443,     -3674,    -10945,    -14619,   -156878,   -467354,   -624232,     38515,      4040,     14092,       751,         0,         0,         0,         0,     -2086,     -8092,    -10178,         0,         0,         0,      1869,       716,      4040,      1375,     65219,     76164,     40600,     48692
        42,    530042,105.827727,     140.6,      10.4,     57485,         0,      7725,       268,   8082431,         0,   1086074,     37631,     -2944,    -11652,    -14596,   -413935,  -1638332,  -2052267,     36277,         0,     11485,       821,    377281,         0,    119448,      8540,     -1663,     -8936,    -10599,    -17297,    -92929,   -110226,         0,         0,         0,         0,     60429,     72082,     37940,     46876
        43,    530043,118.276162,     172.6,      97.3,     62937,       584,     10456,       334,  10862905,    100808,   1804644,     57670,     -3811,     -9081,    -12892,   -657741,  -1567405,  -2225146,     39336,      1095,     13071,       760,   3827380,    106502,   1271852,     73966,     -2153,     -7102,     -9255,   -209492,   -691021,   -900513,         0,       584,         0,      1095,     66748,     75829,     41489,     48591
        44,    530044, 54.459441,      82.7,      72.6,     60473,       593,     11484,       375,   5001144,     49030,    949765,     30994,     -3727,    -10655,    -14382,   -308190,   -881166,  -1189357,     37942,      1261,     13524,       848,   2754625,     91584,    981853,     61579,     -2113,     -7940,    -10053,   -153421,   -576441,   -729862,         0,       593,         0,      1261,     64200,     74855,     40056,     47996
        45,    530045,416.445842,      60.5,         0,     58965,       796,      7816,        28,   3567371,     48166,    472845,      1687,     -3857,    -11590,    -15447,   -233336,   -701181,   -934517,     37006,      1570,     11272,        92,         0,         0,         0,         0,     -2186,     -8512,    -10699,         0,         0,         0,         0,       796,         0,      1570,     62822,     74411,     39192,     47704
        46,    530046, 36.094869,      94.3,       5.5,     62582,       679,     13155,       613,   5901524,     64023,   1240515,     57824,     -3673,     -9862,    -13536,   -346407,   -929995,  -1276403,     39118,      1302,     14073,       836,    215151,      7164,     77400,      4597,     -2075,     -7487,     -9562,    -11412,    -41178,    -52590,         0,       679,         0,      1302,     66256,     76118,     41193,     48680
        47,    530047,123.030332,     176.2,      98.7,     64932,      2033,     16102,       867,  11440932,    358224,   2837202,    152705,     -3682,     -9511,    -13193,   -648737,  -1675849,  -2324587,     40430,      4214,     14794,       632,   3990478,    415970,   1460196,     62415,     -2091,     -7413,     -9504,   -206375,   -731666,   -938041,      2033,      1476,      4214,      2542,     68613,     78124,     42521,     49934
        48,    530048, 86.317784,      57.8,      75.9,     64019,       711,     11702,       454,   3700279,     41117,    676399,     26219,     -3754,     -8579,    -12333,   -216983,   -495873,   -712856,     39927,      1334,     13467,       576,   3030465,    101285,   1022127,     43684,     -2126,     -6911,     -9037,   -161354,   -524576,   -685930,         0,       711,         0,      1334,     67773,     76352,     42053,     48964
        49,    530049,631.889034,       8.9,         0,     54634,         0,     13190,       111,    486244,         0,    117392,       987,     -3841,    -19036,    -22878,    -34188,   -169423,   -203611,     34332,         0,     13425,        54,         0,         0,         0,         0,     -2142,    -12680,    -14822,         0,         0,         0,         0,         0,         0,         0,     58476,     77512,     36474,     49154
        50,    530050,171.684094,     121.0,     343.9,     66798,      1618,     17355,       794,   8082535,    195827,   2099927,     96098,     -3518,     -7816,    -11333,   -425624,   -945677,  -1371301,     41459,      3790,     15026,       516,  14257703,   1303362,   5167295,    177393,     -2004,     -6512,     -8516,   -689152,  -2239545,  -2928697,      1618,      1551,      3790,      2257,     70315,     78131,     43463,     49975
        51,    530051, 94.004735,     124.6,      52.5,     69283,      5815,     25707,      1298,   8632683,    724557,   3203060,    161746,     -3092,     -7483,    -10575,   -385288,   -932402,  -1317690,     42797,      6821,     16512,      1198,   2246822,    358095,    866862,     62906,     -1800,     -6518,     -8317,    -94478,   -342181,   -436658,      5815,      1175,      6821,      2009,     72375,     79859,     44596,     51114
        52,    530052,119.712115,     158.4,     113.8,     66268,      1798,     22690,       887,  10496790,    284731,   3594171,    140446,     -2984,     -9903,    -12887,   -472622,  -1568617,  -2041238,     41352,      3774,     16009,       792,   4705914,    429528,   1821862,     90125,     -1568,     -7575,     -9142,   -178391,   -861996,  -1040387,      1798,      1397,      3774,      2048,     69251,     79154,     42920,     50495
        53,    530053,2366.67418,         0,         0,     58714,         0,      2869,         0,         0,         0,         0,         0,     -1812,    -20201,    -22013,         0,         0,         0,     35439,         0,      3488,         0,         0,         0,         0,         0,     -1241,    -15724,    -16965,         0,         0,         0,         0,         0,         0,         0,     60527,     80727,     36680,     52404
        54,    530054,309.402589,      36.5,      86.1,     60373,         0,      2696,        91,   2203627,         0,     98415,      3337,     -1827,    -12850,    -14678,    -66700,   -469032,   -535732,     36686,         0,      3495,        41,   3158669,         0,    300913,      3515,     -1248,    -11418,    -12665,   -107427,   -983052,  -1090479,         0,         0,         0,         0,     62201,     75051,     37934,     49351
        55,    530055,275.563471,     107.7,      18.8,     57006,         0,      1914,       203,   6139584,         0,    206147,     21811,     -1843,    -17345,    -19187,   -198445,  -1868017,  -2066463,     34437,         0,      2212,       376,    647423,         0,     41594,      7076,     -1255,    -14335,    -15590,    -23594,   -269495,   -293090,         0,         0,         0,         0,     58849,     76194,     35692,     50027
        56,    530056,440.066861,      97.0,     132.2,     58972,         0,      2154,       148,   5720270,         0,    208974,     14398,     -1823,    -16103,    -17926,   -176836,  -1561974,  -1738810,     35749,         0,      2721,       190,   4726076,         0,    359664,     25121,     -1245,    -13374,    -14619,   -164574,  -1768007,  -1932582,         0,         0,         0,         0,     60795,     76898,     36994,     50368
        57,    530057,705.155130,       5.3,       5.5,     54229,         0,      5191,         6,    287414,         0,     27510,        29,     -1820,    -23751,    -25571,     -9648,   -125880,   -135528,     32601,         0,      6905,         6,    179308,         0,     37976,        34,     -1221,    -17719,    -18940,     -6714,    -97454,   -104168,         0,         0,         0,         0,     56049,     79800,     33822,     51541
        58,    530058,630.971195,       3.6,         0,     65714,         0,      4603,         1,    236570,         0,     16571,         5,     -1812,    -12329,    -14142,     -6525,    -44386,    -50911,     40066,         0,      5803,         5,         0,         0,         0,         0,     -1244,    -10528,    -11771,         0,         0,         0,         0,         0,         0,         0,     67526,     79856,     41309,     51837
        59,    530059,877.743697,         0,         0,     63302,         0,     15004,         0,         0,         0,         0,         0,     -2401,    -14625,    -17027,         0,         0,         0,     39248,         0,     12247,         0,         0,         0,         0,         0,     -1487,    -10831,    -12319,         0,         0,         0,         0,         0,         0,         0,     65704,     80329,     40736,     51567
        60,    530060,312.412483,     480.5,       5.9,     66040,      1192,     10221,       248,  31732239,    572878,   4911197,    119370,     -2391,     -9898,    -12289,  -1148946,  -4755829,  -5904775,     41012,      1844,     11718,       599,    241968,     10878,     69136,      3531,     -1484,     -8027,     -9510,     -8753,    -47358,    -56112,         0,      1192,         0,      1844,     68431,     78329,     42495,     50522
        61,    530061,223.894445,     147.7,     315.5,     68017,      1697,     12744,       414,  10046117,    250596,   1882295,     61094,     -2362,     -9003,    -11364,   -348794,  -1329715,  -1678508,     42160,      4235,     13156,       812,  13301489,   1336257,   4150670,    256216,     -1466,     -7420,     -8886,   -462437,  -2340975,  -2803413,      1697,      1231,      4235,      1745,     70379,     79381,     43626,     51046
        62,    530062,285.939531,      26.7,       4.2,     62882,      1870,     11003,       318,   1678943,     49921,    293773,      8492,     -2496,    -11596,    -14092,    -66638,   -309614,   -376251,     39059,      4115,     12966,       339,    164046,     17282,     54456,      1422,     -1541,     -8995,    -10536,     -6472,    -37780,    -44252,      1870,      1497,      4115,      2119,     65378,     76974,     40599,     49595
        63,    530063,280.463159,     363.9,      25.2,     71302,      2884,     25866,       165,  25946812,   1049502,   9412593,     59905,     -2174,     -8374,    -10549,   -791273,  -3047419,  -3838691,     43814,      4960,     15563,      1166,   1104123,    124992,    392194,     29372,     -1418,     -7570,     -8988,    -35725,   -190769,   -226494,      2596,      2884,      4960,      2276,     73476,     81851,     45232,     52802
        64,    530064,128.128059,     167.3,      86.0,     68372,      2820,     16050,       472,  11438611,    471832,   2685187,     79036,     -2331,     -9218,    -11549,   -390030,  -1542164,  -1932194,     42283,      5576,     14111,       961,   3636375,    479528,   1213505,     82686,     -1449,     -7549,     -8998,   -124624,   -649230,   -773855,      2820,      1235,      5576,      1599,     70703,     79921,     43733,     51282
        65,    530065, 70.442462,     109.4,       7.4,     69703,      3295,     19203,       284,   7625501,    360521,   2100808,     31043,     -2345,     -8686,    -11031,   -256552,   -950247,  -1206799,     43000,      6024,     14857,      1754,    318196,     44575,    109944,     12979,     -1470,     -7409,     -8879,    -10878,    -54825,    -65703,      3295,      2780,      6024,      2078,     72048,     80734,     44470,     51878
        66,    530066, 94.466948,     140.6,      92.2,     65741,      2602,     16668,       392,   9243135,    365880,   2343513,     55182,     -2305,    -11460,    -13764,   -324016,  -1611253,  -1935269,     40931,      5138,     14748,      1332,   3773881,    473732,   1359743,    122818,     -1399,     -8542,     -9941,   -128993,   -787565,   -916559,      2602,      1318,      5138,      2120,     68045,     79505,     42331,     50872
        67,    530067, 55.715045,      40.9,      10.6,     65589,      2640,     19157,       543,   2682605,    107995,    783532,     22209,     -2307,    -12246,    -14553,    -94340,   -500878,   -595218,     40815,      5156,     15204,      1880,    432636,     54659,    161158,     19930,     -1401,     -9060,    -10460,    -14848,    -96032,   -110880,      2640,      1419,      5156,      2370,     67896,     80142,     42215,     51275
        68,    530068, 24.859405,     195.7,       5.3,     68429,      3250,     17254,       364,  13391515,    635943,   3376669,     71307,     -2427,     -9333,    -11760,   -475062,  -1826385,  -2301447,     42287,      5975,     14630,      1379,    224122,     31666,     77541,      7310,     -1509,     -7679,     -9188,     -7999,    -40697,    -48696,      3250,      1444,      5975,      1755,     70856,     80189,     43796,     51475
        69,    530069,118.038193,     551.6,      31.5,     71410,      3458,     26188,       650,  39389898,   1907697,  14445499,    358681,     -2004,     -8181,    -10184,  -1105280,  -4512484,  -5617764,     44022,      5663,     16113,      2556,   1386695,    178387,    507560,     80526,     -1268,     -7264,     -8532,    -39937,   -228811,   -268748,      3458,      2629,      5663,      2313,     73414,     81595,     45290,     52554
        70,    530070, 94.549551,     444.9,         0,     69030,      3336,     20898,       491,  30711665,   1484302,   9297500,    218649,     -2077,     -9650,    -11727,   -924148,  -4293256,  -5217403,     42670,      5570,     15409,      2240,         0,         0,         0,         0,     -1284,     -7874,     -9158,         0,         0,         0,      3336,      1370,      5570,      2213,     71108,     80758,     43954,     51828
        71,    530071, 78.248280,     226.9,     137.5,     73621,      3674,     29940,      1307,  16704645,    833643,   6793415,    296605,     -1917,     -6579,     -8496,   -434870,  -1492873,  -1927743,     45179,      5712,     16711,      2251,   6212060,    785464,   2297770,    309503,     -1329,     -6600,     -7929,   -182733,   -907523,  -1090256,      3674,      2883,      5712,      2571,     75538,     82117,     46508,     53108
        72,    530072,220.659658,      17.8,      29.1,     74923,     17409,     41501,       493,   1333638,    309875,    738723,      8771,     -1658,     -6306,     -7964,    -29513,   -112254,   -141767,     45790,      8694,     18251,       235,   1332502,    253004,    531093,      6831,     -1263,     -6773,     -8036,    -36758,   -197092,   -233850,     17409,      3365,      8694,      2059,     76582,     82888,     47054,     53827
        73,    530073,103.225974,         0,     254.3,     66227,      2009,     19647,      1008,         0,         0,         0,         0,     -3235,     -9254,    -12489,         0,         0,         0,     41084,      4871,     15489,      1405,  10447771,   1238729,   3938807,    357331,     -1847,     -7370,     -9217,   -469748,  -1874204,  -2343952,      2009,      1390,      4871,      2284,     69462,     78716,     42932,     50302
        74,    530074,100.968640,     533.8,         0,     69252,      4023,     24575,      1013,  36966497,   2147323,  13118106,    540834,     -2137,     -9641,    -11778,  -1140474,  -5146421,  -6286896,     42785,      6801,     16143,      2408,         0,         0,         0,         0,     -1243,     -7914,     -9156,         0,         0,         0,      4023,      1145,      6801,      2143,     71388,     81029,     44028,     51942
        75,    530075,142.958856,     209.1,     312.9,     69983,      4432,     25395,      1401,  14633545,    926739,   5310173,    293009,     -2589,     -7456,    -10045,   -541358,  -1559089,  -2100447,     43230,      6807,     16370,      1938,  13526784,   2129917,   5122103,    606459,     -1475,     -6506,     -7981,   -461585,  -2035631,  -2497216,      4432,      1299,      6807,      1847,     72572,     80029,     44706,     51211
        76,    530076,107.961777,     189.5,       8.1,     72995,     16473,     35203,      2126,  13832497,   3121658,   6671008,    402836,     -1752,     -7160,     -8912,   -332046,  -1356872,  -1688918,     44583,      7321,     17512,      1136,    361125,     59303,    141847,      9204,     -1261,     -7023,     -8284,    -10214,    -56886,    -67101,     16473,      2883,      7321,      2165,     74747,     81907,     45844,     52867
        77,    530077,282.982323,       3.6,         0,     75946,     14780,     48660,       384,    273404,     53208,    175176,      1383,     -1215,     -5332,     -6547,     -4375,    -19194,    -23569,     46185,      6503,     19737,       416,         0,         0,         0,         0,     -1004,     -6276,     -7280,         0,         0,         0,     14780,      3891,      6503,      3049,     77161,     82492,     47189,     53465
        78,    530078, 66.269316,       8.0,     573.7,     73296,     19505,     41032,      2718,    586371,    156039,    328258,     21742,     -2411,     -5831,     -8242,    -19285,    -46650,    -65935,     44718,     10147,     18639,      1373,  25654652,   5821227,  10693035,    787638,     -1682,     -6001,     -7684,   -965163,  -3442938,  -4408100,     19505,      3231,     10147,      2603,     75707,     81538,     46400,     52402
        79,    530079, 92.691294,     238.4,     660.7,     71421,     16297,     37474,      3058,  17026724,   3885224,   8933755,    729136,     -2692,     -6851,     -9543,   -641844,  -1633301,  -2275146,     43617,      9152,     18126,      1897,  28817993,   6046786,  11975971,   1253280,     -1768,     -6510,     -8278,  -1168319,  -4300971,  -5469290,     16297,      2779,      9152,      2405,     74113,     80964,     45386,     51895
        80,    530080, 85.891237,     396.8,     297.2,     67877,      6257,     30827,      2338,  26933655,   2482848,  12232076,    927750,     -2914,     -9040,    -11954,  -1156309,  -3587163,  -4743472,     41912,      7025,     17143,      2392,  12456321,   2087918,   5094951,    711033,     -1674,     -7365,     -9040,   -497633,  -2188972,  -2686605,      6257,      2831,      7025,      2513,     70791,     79831,     43587,     50952
        81,    530081, 73.452734,     202.9,     540.5,     69706,      9962,     34133,      3028,  14143315,   2021324,   6925645,    614388,     -2993,     -7654,    -10647,   -607337,  -1552982,  -2160319,     42731,      8004,     17671,      2338,  23095909,   4326285,   9551128,   1263517,     -1842,     -6801,     -8643,   -995372,  -3676193,  -4671564,      9962,      2765,      8004,      2729,     72699,     80353,     44572,     51374
        82,    530082,149.414257,     272.3,      14.3,     78793,      3987,     47142,      1047,  21455245,   1085556,  12836830,    285130,      -693,     -4055,     -4748,   -188572,  -1104194,  -1292766,     47931,       802,     17502,       727,    685420,     11466,    250276,     10400,      -611,     -5764,     -6375,     -8742,    -82425,    -91167,         0,      3987,         0,       802,     79485,     83540,     48543,     54307
        83,    530083, 72.832767,         0,     900.8,     77913,      4619,     38708,      5335,         0,         0,         0,         0,      -802,     -4633,     -5435,         0,         0,         0,     47321,      3191,     15896,      1059,  42626325,   2874745,  14319386,    953961,      -568,     -5947,     -6515,   -511531,  -5357346,  -5868877,      4074,      4619,      3191,       978,     78715,     83348,     47888,     53836
        84,    530084, 27.101639,      83.6,       1.2,     74048,     18810,     45026,      2294,   6190417,   1572531,   3764204,    191754,     -1653,     -5773,     -7426,   -138188,   -482659,   -620847,     45045,      8823,     19384,      1038,     54053,     10588,     23261,      1245,     -1240,     -6119,     -7359,     -1488,     -7342,     -8830,     18810,      3650,      8823,      2745,     75701,     81474,     46285,     52403
        85,    530085,115.843241,     163.7,     417.2,     70615,      9047,     30324,      1481,  11559732,   1481048,   4964066,    242440,     -2789,     -7187,     -9976,   -456600,  -1176460,  -1633060,     43630,      8170,     17227,      1682,  18202609,   3408471,   7187102,    701528,     -1636,     -6402,     -8038,   -682672,  -2670880,  -3353552,      9047,      3876,      8170,      2483,     73405,     80591,     45267,     51669
        86,    530086, 77.030945,     145.9,     762.9,     71996,     16715,     39729,      3249,  10504249,   2438782,   5796391,    474087,     -2692,     -6550,     -9242,   -392775,   -955644,  -1348418,     44006,     10469,     18610,      2199,  33571956,   7986947,  14197730,   1677583,     -1774,     -6363,     -8137,  -1353692,  -4854376,  -6208068,     16715,      2768,     10469,      2556,     74688,     81238,     45780,     52143
        87,    530087, 55.454890,     213.5,     165.8,     74373,     19477,     44218,      2940,  15878741,   4158362,   9440536,    627707,     -1863,     -5256,     -7119,   -397740,  -1122140,  -1519880,     45299,      9920,     19359,      1585,   7510497,   1644712,   3209746,    262848,     -1367,     -5704,     -7071,   -226682,   -945724,  -1172406,     19477,      3427,      9920,      2664,     76236,     81492,     46666,     52370
        88,    530088, 40.335968,      21.4,     435.7,     77587,      7624,     42318,      3911,   1660358,    163148,    905611,     83702,      -841,     -4744,     -5585,    -18003,   -101525,   -119529,     46956,      4564,     16671,      1417,  20458825,   1988747,   7263445,    617348,      -626,     -5972,     -6598,   -272534,  -2602069,  -2874603,      7624,      4757,      4564,       981,     78428,     83172,     47582,     53554
        89,    530089,506.407375,     283.8,     162.1,     65823,      3537,     23932,       242,  18680445,   1003715,   6791796,     68782,     -1185,    -13983,    -15168,   -336255,  -3968363,  -4304618,     41499,      2646,     15875,       533,   6726949,    428855,   2573270,     86429,      -643,     -9726,    -10368,   -104158,  -1576561,  -1680719,         0,      3537,         0,      2646,     67007,     80990,     42141,     51867
        90,    530090,277.217871,      66.7,    1735.8,     77844,     15324,     55566,      3492,   5192212,   1022120,   3706252,    232911,      -763,     -4592,     -5355,    -50896,   -306314,   -357211,     46718,      2740,     20748,       136,  81093805,   4755714,  36014002,    236083,      -739,     -6614,     -7353,  -1283013, -11480476, -12763488,     15324,      7177,      2740,      2481,     78607,     83200,     47458,     54071
        91,    530091, 89.478236,     119.2,     149.5,     78621,      7795,     49325,      2681,   9371603,    929199,   5879585,    319570,      -710,     -3825,     -4536,    -84690,   -455981,   -540672,     47761,      2206,     18307,      1168,   7140274,    329815,   2736907,    174556,      -615,     -5485,     -6099,    -91889,   -819962,   -911851,         0,      7795,         0,      2206,     79331,     83157,     48376,     53860
        92,    530092, 72.572866,         0,         0,     76141,      6230,     35134,      5736,         0,         0,         0,         0,     -1434,     -5707,     -7140,         0,         0,         0,     46117,      2856,     15524,       744,         0,         0,         0,         0,      -920,     -6674,     -7594,         0,         0,         0,      6230,      4584,      2856,      1209,     77575,     83281,     47037,     53711
        93,    530093,108.338329,     266.9,     247.9,     68659,      8958,     34490,      2400,  18325096,   2390941,   9205391,    640609,     -2900,     -8410,    -11310,   -774139,  -2244557,  -3018696,     42258,      7472,     17872,      2410,  10475769,   1852353,   4430545,    597317,     -1698,     -7120,     -8818,   -420916,  -1765020,  -2185935,      8958,      2648,      7472,      2416,     71560,     79969,     43956,     51076
        94,    530094, 48.821432,     105.0,     276.2,     75568,     19883,     48586,      2828,   7934604,   2087704,   5101478,    296990,     -1460,     -4695,     -6155,   -153338,   -492924,   -646262,     46017,      8429,     20208,      1175,  12709808,   2328106,   5581443,    324418,     -1177,     -5517,     -6694,   -324968,  -1523891,  -1848858,     19883,      3933,      8429,      2707,     77028,     81723,     47193,     52711
        95,    530095,147.176297,     326.5,     443.7,     76352,     13777,     47496,      3363,  24929072,   4498146,  15507315,   1098133,     -1059,     -5305,     -6363,   -345650,  -1731992,  -2077642,     46038,      4178,     17995,      1766,  20427081,   1853615,   7984482,    783387,      -752,     -6545,     -7297,   -333574,  -2904053,  -3237628,     13777,      4168,      4178,       950,     77411,     82716,     46790,     53335
        96,    530096, 94.425125,       5.3,      93.4,     74603,      4547,     32406,      2795,    395398,     24101,    171751,     14812,     -1412,     -7178,     -8590,     -7482,    -38045,    -45527,     45372,      1379,     15369,       423,   4237744,    128790,   1435458,     39470,      -815,     -7334,     -8148,    -76079,   -684973,   -761052,      3595,      4547,      1379,      1246,     76015,     83193,     46187,     53520
        97,    530097, 50.331698,      46.3,         0,     78454,      7105,     53511,      4148,   3632442,    328963,   2477579,    192055,      -589,     -4035,     -4624,    -27272,   -186806,   -214078,     47520,      2356,     19764,       530,         0,         0,         0,         0,      -559,     -5815,     -6374,         0,         0,         0,         0,      7105,         0,      2356,     79044,     83078,     48078,     53893
        98,    530098, 64.716036,     438.6,      40.7,     70755,     17597,     42857,      2680,  31033044,   7717844,  18797208,   1175633,     -2597,     -7710,    -10307,  -1139196,  -3381502,  -4520698,     43251,      9599,     19284,      2297,   1760302,    390682,    784855,     93481,     -1605,     -7095,     -8700,    -65327,   -288754,   -354081,     17597,      4054,      9599,      2778,     73352,     81062,     44856,     51950
        99,    530099,111.639405,     243.8,     941.4,     75905,      9889,     40474,      5466,  18505598,   2411059,   9867632,   1332653,     -1365,     -6072,     -7436,   -332746,  -1480245,  -1812992,     46058,      4129,     16643,      1238,  43359229,   3887487,  15667693,   1165359,      -888,     -7039,     -7927,   -836291,  -6626270,  -7462561,      9889,      4594,      4129,      1072,     77270,     83341,     46947,     53985
       100,    530100, 60.443710,     266.9,       9.3,     70347,     11044,     39632,      2959,  18775629,   2947583,  10577679,    789765,     -2738,     -7594,    -10332,   -730799,  -2026867,  -2757666,     43043,      8665,     18680,      2535,    400296,     80581,    173726,     23574,     -1715,     -6844,     -8559,    -15951,    -63652,    -79603,     11044,      2632,      8665,      2484,     73085,     80679,     44758,     51602
       101,    530101, 44.317417,     152.1,       4.2,     77460,     18201,     51085,      3636,  11781651,   2768433,   7770084,    553107,     -1151,     -3974,     -5125,   -175111,   -604402,   -779513,     47440,      5994,     20582,       921,    199248,     25176,     86446,      3867,      -987,     -5207,     -6193,     -4145,    -21867,    -26013,     18201,      4035,      5994,      3050,     78611,     82585,     48427,     53633
       102,    530102, 50.828225,      49.8,     382.9,     75655,     20252,     46983,      2919,   3767602,   1008554,   2339746,    145351,     -1464,     -4502,     -5966,    -72928,   -224201,   -297129,     46121,      9229,     19982,      1644,  17659835,   3533906,   7651038,    629386,     -1142,     -5291,     -6432,   -437109,  -2025742,  -2462851,     20252,      3445,      9229,      2771,     77119,     81621,     47263,     52553
       103,    530103, 45.477328,     258.0,       2.7,     76587,      8141,     44372,      3537,  19759327,   2100279,  11447951,    912574,      -863,     -5432,     -6295,   -222643,  -1401436,  -1624079,     46295,      4172,     17390,      1763,    124997,     11263,     46954,      4760,      -612,     -6541,     -7153,     -1652,    -17661,    -19313,      8141,      4568,      4172,       956,     77449,     82881,     46907,     53448
       104,    530104, 24.756044,      18.7,     228.5,     78098,     15674,     51092,      3057,   1460441,    293112,    955411,     57166,      -783,     -4147,     -4930,    -14647,    -77549,    -92196,     47298,      3737,     18995,      1431,  10807707,    853819,   4340431,    327067,      -626,     -5751,     -6377,   -143058,  -1314094,  -1457152,     15674,      8489,      3737,      2492,     78882,     83029,     47925,     53676
       105,    530105, 82.610702,         0,     966.9,     78126,      4610,     36400,      4866,         0,         0,         0,         0,     -1186,     -4550,     -5735,         0,         0,         0,     47764,      2250,     16057,       679,  46182586,   2175574,  15525191,    656249,      -862,     -5910,     -6772,   -833880,  -5713909,  -6547790,      4415,      4610,      2250,      1075,     79312,     83862,     48626,     54536
       106,    530106, 79.580605,      29.4,    1572.0,     78784,     12689,     53306,      3740,   2316239,    373048,   1567199,    109949,      -766,     -3494,     -4260,    -22513,   -102735,   -125247,     47805,      2950,     19817,      1139,  75149645,   4636751,  31151544,   1790593,      -751,     -5279,     -6029,  -1179859,  -8298216,  -9478075,     12689,      7699,      2950,      1891,     79549,     83044,     48556,     53834
       107,    530107,180.130158,     130.8,       8.7,     65944,      4274,     27724,       631,   8625509,    559008,   3626277,     82580,     -2081,    -12561,    -14642,   -272169,  -1642999,  -1915168,     41524,      5848,     16674,       936,    361259,     50879,    145066,      8144,      -867,     -9185,    -10052,     -7547,    -79906,    -87453,      4274,       726,      5848,      1689,     68025,     80586,     42391,     51576
       108,    530108, 41.621500,      31.1,       3.2,     68713,      6747,     31383,       826,   2136970,    209823,    975998,     25675,     -1258,    -11946,    -13204,    -39137,   -371512,   -410649,     43337,      7266,     17282,      1411,    138680,     23251,     55302,      4516,      -629,     -8769,     -9398,     -2013,    -28060,    -30073,      6747,      3274,      7266,      2933,     69971,     81917,     43966,     52735
       109,    530109,121.975397,     523.2,     108.9,     69869,      8700,     37499,      1076,  36555519,   4551953,  19619379,    563074,     -2534,     -8313,    -10847,  -1326040,  -4349138,  -5675178,     43163,      6842,     18341,      2389,   4700413,    745084,   1997284,    260109,     -1433,     -7127,     -8561,   -156066,   -776173,   -932240,      8700,      2306,      6842,      2521,     72404,     80716,     44596,     51723
       110,    530110, 59.460871,     159.3,      29.5,     69125,      9686,     40860,      1080,  11011581,   1542917,   6509053,    172113,     -2424,     -8966,    -11389,   -386110,  -1428210,  -1814320,     42673,      8537,     18933,      2653,   1258849,    251839,    558516,     78258,     -1323,     -7501,     -8824,    -39029,   -221268,   -260297,      9686,      3601,      8537,      2060,     71549,     80514,     43996,     51496
       111,    530111,370.054165,      25.8,       2.7,     77063,     18718,     48942,       215,   1988222,    482925,   1262701,      5535,      -948,     -3835,     -4782,    -24452,    -98933,   -123385,     46727,      6757,     20596,       685,    126164,     18244,     55609,      1848,      -854,     -5289,     -6144,     -2307,    -14281,    -16588,     18718,      6733,      6757,      2541,     78011,     81845,     47582,     52871
       112,    530112, 62.647274,      68.5,    1591.9,     78220,     22218,     55759,      9333,   5358099,   1521936,   3819471,    639285,      -885,     -3622,     -4507,    -60589,   -248120,   -308709,     47532,      5521,     21681,       939,  75665818,   8788152,  34514370,   1494997,      -878,     -5235,     -6113,  -1397674,  -8333691,  -9731365,     22218,      5034,      5521,      2248,     79105,     82727,     48410,     53645
       113,    530113, 68.563160,     200.2,      55.6,     70954,      8713,     34977,       743,  14205090,   1744297,   7002320,    148689,     -1642,     -9542,    -11184,   -328752,  -1910228,  -2238980,     44431,      5557,     17816,      1641,   2470364,    308952,    990579,     91249,      -712,     -7899,     -8611,    -39610,   -439172,   -478782,      8713,      1836,      5557,      2265,     72597,     82138,     45143,     53042
       114,    530114, 35.843280,     105.9,     302.8,     76849,     18334,     50925,      4637,   8138282,   1941614,   5392982,    491089,     -1178,     -4117,     -5295,   -124703,   -436025,   -560728,     46849,      5295,     20764,      1228,  14185816,   1603185,   6287339,    371846,      -990,     -5256,     -6246,   -299670,  -1591601,  -1891271,     18334,      3523,      5295,      2911,     78026,     82144,     47838,     53095
       115,    530115, 28.348757,      64.1,       2.7,     77232,     18847,     52828,      6869,   4950572,   1208083,   3386291,    440293,     -1066,     -3854,     -4920,    -68357,   -247033,   -315390,     46940,      5427,     21111,      1137,    126739,     14653,     56999,      3070,      -940,     -5211,     -6151,     -2538,    -14069,    -16607,     18847,      4022,      5427,      2956,     78298,     82152,     47881,     53091
       116,    530116, 46.425298,     104.1,      70.6,     76671,     23427,     54106,      8118,   7981431,   2438728,   5632414,    845043,     -1132,     -4356,     -5488,   -117821,   -453497,   -571318,     46470,      5355,     21297,      1012,   3280759,    378087,   1503537,     71416,      -972,     -5616,     -6588,    -68590,   -396516,   -465106,     23427,      4001,      5355,      2847,     77803,     82159,     47441,     53058
       117,    530117,126.339309,     133.5,       4.8,     77800,      9288,     54905,      4281,  10386240,   1239950,   7329814,    571497,      -696,     -4527,     -5223,    -92973,   -604301,   -697274,     46992,      2342,     20843,      1442,    225562,     11241,    100044,      6920,      -536,     -6234,     -6770,     -2572,    -29925,    -32497,      9288,      2873,      2342,       603,     78496,     83023,     47528,     53762
       118,    530118, 37.978874,      56.1,     284.5,     76296,     23687,     50358,      4093,   4280186,   1328835,   2825065,    229611,     -1441,     -4180,     -5621,    -80845,   -234480,   -315325,     46428,      5825,     20759,      1403,  13208875,   1657243,   5905974,    399026,     -1159,     -5301,     -6461,   -329855,  -1508266,  -1838121,     23687,      3470,      5825,      2889,     77737,     81916,     47588,     52889
       119,    530119,183.701887,     191.3,      43.9,     78442,     15210,     55906,      6126,  15005881,   2909591,  10694889,   1171873,      -731,     -4095,     -4826,   -139895,   -783376,   -923271,     47365,      3325,     21271,      1242,   2079325,    145989,    933805,     54506,      -772,     -5818,     -6590,    -33909,   -255398,   -289307,     15210,      7427,      3325,      2201,     79173,     83268,     48137,     53955
       120,    530120, 41.150676,      97.9,      17.1,     77859,      7443,     44448,      3489,   7622434,    728639,   4351429,    341547,      -862,     -4728,     -5590,    -84419,   -462855,   -547273,     47407,      3809,     17596,      2012,    810653,     65139,    300884,     34410,      -634,     -5970,     -6604,    -10833,   -102091,   -112924,      7443,      4517,      3809,       943,     78722,     83450,     48040,     54010
       121,    530121, 41.671605,      80.1,     247.4,         0,         0,     40903,      3703,         0,         0,   3276314,    296640,         0,         0,         0,         0,         0,         0,         0,         0,     17088,      1460,         0,         0,   4227457,    361287,         0,         0,         0,         0,         0,         0,         0,         0,         0,         0,         0,         0,         0,         0
       122,    530122, 91.901310,         0,    1197.6,     74803,      4641,     38151,      3179,         0,         0,         0,         0,     -1192,     -6785,     -7976,         0,         0,         0,     45411,      1296,     16662,       972,  54384166,   1551503,  19954873,   1164042,      -682,     -6971,     -7654,   -817080,  -8348952,  -9166033,      3404,      4641,      1296,      1064,     75995,     82779,     46093,     53065
       123,    530123, 79.093129,     261.6,      85.6,     70963,     13492,     44397,       948,  18563829,   3529434,  11614290,    247950,     -2327,     -8308,    -10635,   -608662,  -2173451,  -2782112,     43727,      7210,     19664,      2184,   3743049,    617188,   1683272,    186924,     -1302,     -7579,     -8881,   -111413,   -648768,   -760181,     13492,      3969,      7210,      2593,     73289,     81598,     45029,     52608
       124,    530124, 19.869867,      70.3,      10.7,     77612,     13934,     50450,      3108,   5456153,    979552,   3546619,    218481,      -893,     -4374,     -5267,    -62773,   -307490,   -370263,     46889,      3550,     18986,      1873,    501717,     37985,    203146,     20040,      -719,     -5849,     -6569,     -7696,    -62589,    -70285,     13934,      7767,      3550,      2312,     78505,     82879,     47609,     53458
       125,    530125, 14.492598,         0,     168.1,     78156,     13746,     52092,      3131,         0,         0,         0,         0,      -780,     -4039,     -4819,         0,         0,         0,     47356,      2922,     19497,      1609,   7960591,    491212,   3277387,    270429,      -625,     -5665,     -6290,   -105008,   -952260,  -1057267,     13746,      8497,      2922,      2495,     78936,     82976,     47981,     53646
       126,    530126,100.962955,         0,      53.5,     75537,      4657,     33716,      2305,         0,         0,         0,         0,     -1384,     -6361,     -7745,         0,         0,         0,     46015,      1271,     15861,       408,   2461829,     67974,    848564,     21846,      -812,     -6763,     -7575,    -43442,   -361811,   -405254,         0,      4657,         0,      1271,     76921,     83281,     46828,     53590
       127,    530127, 20.948628,      60.5,      11.6,     78949,      4314,     48120,      2843,   4776388,    260984,   2911243,    172024,      -795,     -3681,     -4476,    -48114,   -222691,   -270805,     48198,      2223,     18381,      2127,    559091,     25781,    213216,     24671,      -707,     -5185,     -5892,     -8206,    -60142,    -68348,      2074,      4314,      2223,       790,     79744,     83425,     48905,     54090
       128,    530128, 32.235187,         0,     403.1,     79773,     16787,     56812,      7202,         0,         0,         0,         0,      -697,     -2993,     -3690,         0,         0,         0,     48809,      4111,     21421,       541,  19675018,   1657167,   8634983,    218214,      -825,     -4700,     -5526,   -332735,  -1894635,  -2227370,     16787,      5352,      4111,      2194,     80470,     83463,     49635,     54335
       129,    530129, 57.669539,      34.7,    1479.2,     78755,     30182,     57067,      9060,   2732808,   1047310,   1980208,    314371,      -771,     -3383,     -4153,    -26740,   -117377,   -144117,     47882,      7095,     21946,       762,  70827115,  10494285,  32462300,   1127826,      -837,     -5134,     -5971,  -1238638,  -7593532,  -8832170,     30182,      3703,      7095,      2021,     79526,     82909,     48719,     53853
       130,    530130, 45.746499,         0,     142.7,     79553,     25783,     57213,      6686,         0,         0,         0,         0,      -780,     -2999,     -3779,         0,         0,         0,     48706,      5536,     21800,       396,   6950317,    790014,   3110857,     56545,      -894,     -4724,     -5618,   -127538,   -674157,   -801695,     25783,      6685,      5536,      2410,     80333,     83332,     49600,     54324
       131,    530131, 19.188459,         0,     411.2,     79885,     17424,     56645,      6888,         0,         0,         0,         0,      -688,     -2910,     -3597,         0,         0,         0,     48961,      4245,     21343,       685,  20132624,   1745680,   8776242,    281661,      -819,     -4561,     -5381,   -336888,  -1875612,  -2212500,     17424,      5369,      4245,      2193,     80573,     83483,     49780,     54341
       132,    530132, 23.162286,      25.8,     410.6,     78035,     26099,     52181,      6001,   2013305,    673349,   1346258,    154824,      -936,     -3187,     -4123,    -24146,    -82234,   -106381,     47673,      6440,     21128,      1227,  19574682,   2644400,   8675262,    503986,      -864,     -4616,     -5480,   -354820,  -1895236,  -2250057,     26099,      5868,      6440,      2276,     78971,     82158,     48538,     53153
       133,    530133, 35.470465,      78.3,     958.2,     77553,     27069,     53629,      8030,   6072389,   2119510,   4199126,    628771,      -918,     -3780,     -4698,    -71878,   -295965,   -367843,     47136,      6639,     21395,      1374,  45166130,   6361783,  20500481,   1316483,      -828,     -5237,     -6066,   -793850,  -5018461,  -5812311,     27069,      5256,      6639,      2422,     78471,     82251,     47965,     53202
       134,    530134, 56.312267,      99.6,     141.5,     78569,     11724,     51222,      2923,   7825443,   1167698,   5101666,    291147,      -736,     -3969,     -4705,    -73346,   -395318,   -468664,     47789,      3112,     19347,      2005,   6762128,    440291,   2737592,    283637,      -651,     -5632,     -6283,    -92132,   -796958,   -889090,     11724,      4651,      3112,       840,     79305,     83274,     48440,     54072
       135,    530135, 28.963335,      32.9,     493.5,     78581,     25221,     55068,      9526,   2585317,    829767,   1811740,    313401,      -803,     -3078,     -3881,    -26423,   -101264,   -127688,     47884,      6417,     21651,      1394,  23630617,   3166924,  10684889,    688131,      -839,     -4733,     -5572,   -413864,  -2335706,  -2749570,     25221,      4526,      6417,      2213,     79384,     82462,     48722,     53455
       136,    530136, 59.209960,     234.9,      23.9,     77690,      6450,     48938,      2214,  18249479,   1515134,  11495578,    519984,      -981,     -4596,     -5576,   -230399,  -1079516,  -1309915,     47173,      2534,     18718,      2313,   1127445,     60560,    447349,     55281,      -758,     -5957,     -6715,    -18118,   -142379,   -160497,      6450,      4524,      2534,       903,     78671,     83267,     47931,     53889
       137,    530137, 32.489524,     107.7,         0,     77681,      5248,     46272,      2161,   8366247,    565195,   4983455,    232742,      -982,     -4556,     -5538,   -105761,   -490671,   -596432,     47166,      2567,     18102,      2230,         0,         0,         0,         0,      -759,     -5827,     -6586,         0,         0,         0,      5248,      4524,      2567,       903,     78663,     83219,     47924,     53752
       138,    530138, 30.016114,     106.8,      21.5,     77200,      4662,     43549,      2912,   8245013,    497860,   4651073,    311049,      -880,     -5072,     -5953,    -94018,   -541743,   -635760,     46787,      2438,     17627,      1850,   1005921,     52407,    378974,     39774,      -610,     -6065,     -6676,    -13126,   -130406,   -143531,      4662,      3341,      2438,       838,     78081,     83153,     47398,     53463
       139,    530139, 36.021473,         0,     186.9,     79600,     24167,     57419,      7868,         0,         0,         0,         0,      -621,     -3171,     -3792,         0,         0,         0,     48615,      5235,     21785,       477,   9086074,    978411,   4071654,     89174,      -723,     -4999,     -5722,   -135078,   -934285,  -1069363,     24167,      6332,      5235,      2396,     80220,     83392,     49337,     54336
       140,    530140, 50.955411,      44.5,     526.6,     80154,     27092,     57662,      8182,   3566833,   1205596,   2565950,    364086,      -535,     -2611,     -3147,    -23819,   -116205,   -140024,     49373,      6333,     22013,       640,  25999825,   3334709,  11591800,    336849,      -631,     -4254,     -4885,   -332059,  -2240360,  -2572419,     27092,      3842,      6333,      2245,     80689,     83300,     50004,     54258
       141,    530141, 40.626233,     146.8,     217.7,     79266,     10448,     53905,      3700,  11636186,   1533783,   7913321,    543188,      -612,     -3468,     -4080,    -89835,   -509067,   -598902,     48461,      2528,     20254,      1460,  10549854,    550372,   4409284,    317797,      -574,     -5104,     -5678,   -124887,  -1111185,  -1236072,     10448,      7204,      2528,      2267,     79878,     83345,     49034,     54138
       142,    530142, 24.435254,     102.3,       5.1,     79211,      9895,     53092,      3270,   8103254,   1012284,   5431306,    334572,      -614,     -3490,     -4104,    -62823,   -356982,   -419805,     48408,      2260,     19997,      1710,    246882,     11528,    101984,      8720,      -573,     -5141,     -5714,     -2920,    -26221,    -29141,      9895,      7190,      2000,      2260,     79825,     83314,     48981,     54122
       143,    530143, 86.625323,     289.2,      12.7,     71161,      8426,     40236,       563,  20579659,   2436906,  11636147,    162725,     -1583,     -8937,    -10520,   -457806,  -2584644,  -3042450,     44353,      6911,     18695,      2153,    563279,     87775,    237427,     27339,      -681,     -7587,     -8268,     -8649,    -96359,   -105008,      8426,      2660,      6911,      2374,     72744,     81681,     45034,     52621
       144,    530144,108.550713,     454.6,      55.6,     71288,      7014,     45285,       401,  32407339,   3188350,  20586411,    182197,     -1471,     -9677,    -11148,   -668637,  -4399282,  -5067920,     44401,      6189,     19754,      1637,   2468675,    344083,   1098310,     91027,      -646,     -8389,     -9035,    -35929,   -466426,   -502355,      7014,      1217,      6189,       851,     72758,     82436,     45047,     53436
       145,    530145, 20.100330,      25.8,       2.1,     71777,      6789,     35392,       414,   1851844,    175166,    913110,     10669,     -1197,     -9287,    -10483,    -30878,   -239594,   -270472,     45123,      5965,     17697,      1384,     94759,     12527,     37164,      2907,      -620,     -7436,     -8056,     -1302,    -15616,    -16918,      6789,      2477,      5965,      2455,     72974,     82260,     45743,     53180
       146,    530146, 44.205198,      97.0,       7.7,     77389,      5330,     47036,      1311,   7506756,    517051,   4562500,    127193,      -821,     -4871,     -5692,    -79631,   -472470,   -552101,     46848,      2033,     18440,      2029,    360732,     15651,    141989,     15621,      -593,     -6108,     -6701,     -4567,    -47029,    -51596,      5330,      3305,      2033,       754,     78210,     83081,     47441,     53549
       147,    530147, 37.309838,     118.3,       6.3,     77338,      5760,     44388,      1864,   9149100,    681411,   5251077,    220550,      -858,     -5267,     -6125,   -101550,   -623032,   -724582,     46964,      1953,     17916,      1711,    295875,     12307,    112869,     10781,      -565,     -6339,     -6904,     -3557,    -39935,    -43492,      5760,      3225,      1953,       796,     78197,     83463,     47529,     53868
       148,    530148, 24.576884,         0,     466.0,     78522,     28033,     53838,      7584,         0,         0,         0,         0,      -823,     -2952,     -3775,         0,         0,         0,     47923,      7019,     21515,      1417,  22332092,   3270963,  10026188,    660371,      -822,     -4549,     -5371,   -383113,  -2119811,  -2502924,     28033,      4988,      7019,      2375,     79345,     82297,     48745,     53294
       149,    530149, 34.333331,      62.3,      76.4,     77589,     24411,     52350,      4389,   4833808,   1520778,   3261408,    273423,      -923,     -3409,     -4332,    -57530,   -212365,   -269895,     47196,      5595,     21261,      1096,   3605751,    427460,   1624324,     83708,      -840,     -4871,     -5712,    -64203,   -372182,   -436385,     24411,      6005,      5595,      2437,     78513,     81921,     48036,     52908
       150,    530150, 71.146669,     323.9,      12.8,     77454,      4547,     43719,      1443,  25087285,   1472810,  14160615,    467387,      -849,     -5107,     -5956,   -275071,  -1654057,  -1929129,     47048,      1639,     17879,      1501,    602214,     20984,    228851,     19215,      -563,     -6163,     -6726,     -7212,    -78886,    -86098,      4547,      3239,      1639,       798,     78303,     83410,     47611,     53774
       151,    530151, 17.717862,      40.0,     358.7,     78854,     26367,     55600,     10009,   3154157,   1054696,   2223990,    400364,      -809,     -2820,     -3629,    -32362,   -112788,   -145150,     48162,      6660,     21835,      1643,  17275887,   2388982,   7832259,    589510,      -874,     -4440,     -5314,   -313441,  -1592682,  -1906123,     26367,      3096,      6660,      2090,     79663,     82483,     49036,     53476
       152,    530152, 17.639651,         0,    1282.2,     79142,     24630,     56575,     10805,         0,         0,         0,         0,      -775,     -2718,     -3492,         0,         0,         0,     48362,      6407,     22002,      1552,  62010332,   8215352,  28210326,   1989404,      -853,     -4391,     -5243,  -1093435,  -5629534,  -6722969,     24630,      3011,      6407,      2025,     79917,     82635,     49215,     53606
       153,    530153, 17.396764,       6.2,     377.9,     79328,     25346,     57225,     10812,    491835,    157146,    354792,     67036,      -746,     -2826,     -3572,     -4624,    -17521,    -22145,     48535,      6088,     22119,      1298,  18341337,   2300468,   8358702,    490358,      -813,     -4535,     -5348,   -307277,  -1713784,  -2021061,     25346,      3124,      6088,      1972,     80074,     82900,     49348,     53883
       154,    530154, 25.710951,       6.2,     342.7,     79676,     31392,     57737,      9995,    493991,    194628,    357972,     61968,      -663,     -2730,     -3392,     -4108,    -16925,    -21033,     48810,      7497,     22166,       998,  16727149,   2569088,   7596388,    342179,      -776,     -4429,     -5205,   -266014,  -1517704,  -1783718,     31392,      5352,      7497,      2271,     80339,     83068,     49586,     54015
       155,    530155, 25.775736,      19.6,     426.9,     80133,     28274,     57965,      9187,   1570605,    554162,   1136115,    180060,      -604,     -2563,     -3167,    -11846,    -50228,    -62074,     49262,      6836,     22167,       933,  21030034,   2918412,   9463265,    398308,      -732,     -4239,     -4971,   -312448,  -1809715,  -2122163,     28274,      3713,      6836,      2178,     80737,     83300,     49994,     54233
       156,    530156, 27.344230,       5.3,     467.9,     79948,     28365,     57905,      9625,    423726,    150334,    306898,     51012,      -623,     -2734,     -3357,     -3303,    -14492,    -17795,     49073,      6376,     22091,       876,  22961322,   2983219,  10336593,    409893,      -748,     -4394,     -5142,   -349835,  -2055980,  -2405814,     28365,      4058,      6376,      2335,     80571,     83306,     49821,     54215
       157,    530157, 31.167463,         0,     457.9,     79702,     17253,     57570,      9287,         0,         0,         0,         0,      -606,     -2920,     -3526,         0,         0,         0,     48812,      4335,     21906,       818,  22350982,   1985012,  10030903,    374747,      -700,     -4675,     -5376,   -320719,  -2140800,  -2461519,     17253,      6269,      4335,      2439,     80308,     83228,     49512,     54188
       158,    530158,139.640003,     244.7,     236.1,     72280,      7269,     39095,       422,  17687018,   1778672,   9566477,    103315,     -1088,     -8920,    -10007,   -266167,  -2182666,  -2448833,     45437,      5928,     18289,      1687,  10727792,   1399694,   4318083,    398411,      -602,     -7163,     -7765,   -142065,  -1691218,  -1833283,      7269,      1848,      5928,      1270,     73368,     82288,     46039,     53202
       159,    530159, 22.842236,     222.4,     140.5,     78247,     26137,     54214,      7455,  17402076,   5812803,  12057299,   1657951,      -892,     -3076,     -3967,   -198357,   -684004,   -882361,     47733,      6392,     21628,      1421,   6706522,    898050,   3038720,    199704,      -926,     -4585,     -5511,   -130148,   -644196,   -774345,     26137,      3672,      6392,      2137,     79139,     82214,     48660,     53245
       160,    530160, 17.668989,       5.3,     932.2,     78706,     25190,     55827,     10107,    417141,    133507,    295884,     53568,      -786,     -2928,     -3714,     -4165,    -15521,    -19686,     47980,      6190,     21925,      1717,  44726785,   5770433,  20438622,   1600471,      -897,     -4526,     -5423,   -836628,  -4218759,  -5055387,     25190,      3144,      6190,      2085,     79492,     82420,     48877,     53403
       161,    530161, 10.581485,         0,     472.5,     79900,     17988,     57201,      8575,         0,         0,         0,         0,      -596,     -2791,     -3387,         0,         0,         0,     49075,      4297,     21716,       921,  23188143,   2030399,  10260822,    435292,      -687,     -4457,     -5144,   -324684,  -2105849,  -2430533,     17988,      5829,      4297,      2433,     80496,     83287,     49763,     54219
       162,    530162, 32.170872,      96.1,      17.0,     77922,     10136,     53873,      2986,   7488309,    974063,   5177176,    287000,      -767,     -4384,     -5150,    -73681,   -421274,   -494955,     47146,      2293,     20417,      1671,    801481,     38973,    347089,     28409,      -608,     -6048,     -6656,    -10340,   -102812,   -113153,     10136,      2978,      2293,       647,     78689,     83072,     47754,     53802
       163,    530163, 17.633321,       2.7,     672.4,     78968,     24621,     56765,     11347,    213213,     66476,    153266,     30636,      -759,     -2828,     -3587,     -2051,     -7635,     -9686,     48160,      5972,     22094,      1758,  32382875,   4015793,  14856107,   1182033,      -872,     -4499,     -5371,   -586410,  -3025160,  -3611570,     24621,      3017,      5972,      2003,     79727,     82555,     49032,     53531
       164,    530164, 62.986089,     162.8,      57.3,     77994,      9836,     52217,      1665,  12697492,   1601257,   8500964,    271091,      -757,     -4311,     -5069,   -123311,   -701875,   -825185,     47208,      2679,     19964,      1881,   2704999,    153516,   1143957,    107775,      -607,     -5920,     -6527,    -34780,   -339206,   -373986,      9836,      2989,      2679,       649,     78752,     83063,     47815,     53734
       165,    530165, 17.493345,      50.7,     142.8,     79141,     29419,     57348,     11410,   4012430,   1491568,   2907562,    578469,      -741,     -2861,     -3602,    -37551,   -145045,   -182597,     48305,      7422,     22209,      1540,   6897902,   1059824,   3171448,    219869,      -815,     -4582,     -5397,   -116373,   -654283,   -770655,     29419,      5631,      7422,      2365,     79881,     82742,     49120,     53701
       166,    530166, 47.602470,     153.9,       6.5,     77418,      7701,     49925,      1208,  11914696,   1185114,   7683534,    185899,      -792,     -5045,     -5836,   -121869,   -776358,   -898227,     46905,      2640,     19257,      2067,    304880,     17162,    125168,     13438,      -532,     -6285,     -6817,     -3455,    -40853,    -44308,      7701,      3201,      2640,       733,     78210,     83255,     47436,     53721
       167,    530167,1258.21654,       0.9,         0,     65720,      4078,     16132,         0,     59148,      3670,     14519,         0,     -1283,    -11912,    -13196,     -1155,    -10721,    -11876,     41353,      2658,     11829,         1,         0,         0,         0,         0,      -746,     -8253,     -8999,         0,         0,         0,         0,      4078,         0,      2658,     67003,     78915,     42099,     50352
       168,    530168, 26.571409,      40.9,     303.9,     79093,     32595,     57850,     10736,   3234892,   1333133,   2366081,    439121,      -876,     -2887,     -3763,    -35819,   -118069,   -153888,     48366,      7993,     22266,      1270,  14698562,   2428980,   6766555,    386099,      -843,     -4665,     -5508,   -256094,  -1417706,  -1673800,     32595,      5776,      7993,      2402,     79968,     82855,     49209,     53874
       169,    530169, 26.606803,      44.5,      72.6,     79591,     29649,     58151,      9509,   3541811,   1319401,   2587706,    423133,      -783,     -2796,     -3580,    -34862,   -124429,   -159290,     48834,      7211,     22276,      1193,   3545383,    523501,   1617264,     86632,      -784,     -4488,     -5273,    -56935,   -325853,   -382787,     29649,      4200,      7211,      2382,     80375,     83171,     49619,     54107
       170,    530170, 25.336415,      92.5,      17.3,     77409,      7058,     47881,      1035,   7160305,    652834,   4428966,     95697,      -792,     -4986,     -5777,    -73223,   -461176,   -534399,     46896,      2030,     18799,      1819,    811305,     35114,    325226,     31463,      -532,     -6139,     -6671,     -9210,   -106205,   -115415,      7058,      3201,      2030,       733,     78200,     83186,     47429,     53568
       171,    530171, 57.303932,     149.5,     144.5,     77887,     23483,     54615,      6389,  11644036,   3510711,   8164878,    955161,      -880,     -3203,     -4084,   -131632,   -478917,   -610549,     47430,      5166,     21776,      1456,   6853660,    746516,   3146632,    210404,      -887,     -4682,     -5569,   -128236,   -676488,   -804724,     23483,      4005,      5166,      2097,     78767,     81970,     48318,     52999
       172,    530172, 52.918561,     218.0,      22.2,     78251,     21938,     55979,      8896,  17058710,   4782377,  12203497,   1939331,      -856,     -3096,     -3952,   -186578,   -674929,   -861507,     47636,      4999,     22036,      1775,   1057510,    110983,    489199,     39399,      -898,     -4646,     -5544,    -19943,   -103131,   -123074,     21938,      3748,      4999,      2138,     79107,     82203,     48534,     53179
       173,    530173, 52.753069,     207.3,     207.1,     78417,     23994,     56915,     10367,  16255867,   4973913,  11798525,   2148984,      -899,     -3026,     -3925,   -186355,   -627251,   -813606,     47763,      5303,     22208,      1927,   9891696,   1098347,   4599204,    398997,      -911,     -4629,     -5540,   -188713,   -958651,  -1147364,     23994,      2575,      5303,      1979,     79316,     82342,     48674,     53303
       174,    530174, 17.180460,      16.9,     131.1,     78834,     28511,     57406,     11400,   1332292,    481839,    970157,    192666,      -939,     -2962,     -3901,    -15869,    -50063,    -65932,     48088,      7079,     22275,      1735,   6304401,    928056,   2920266,    227504,      -945,     -4638,     -5582,   -123833,   -608024,   -731857,     28511,      5653,      7079,      2375,     79773,     82735,     49033,     53671
       175,    530175, 77.749602,     241.1,     493.3,     78635,     31955,     57958,     10344,  18958941,   7704248,  13973558,   2494019,      -841,     -3157,     -3999,   -202840,   -761224,   -964064,     47803,      7150,     22397,      1773,  23581208,   3527289,  11048548,    874425,      -835,     -4945,     -5780,   -411720,  -2439324,  -2851045,     31955,      5800,      7150,      2222,     79476,     82634,     48638,     53583
       176,    530176, 31.663384,         0,     378.4,     78636,     15660,     56953,      8930,         0,         0,         0,         0,      -653,     -3626,     -4279,         0,         0,         0,     47523,      3227,     21730,      1155,  17982776,   1221071,   8222797,    436961,      -708,     -5524,     -6233,   -268021,  -2090384,  -2358405,     15660,      6457,      3227,      2651,     79289,     82916,     48231,     53756
       177,    530177, 90.722100,     173.5,    2469.1,     78996,     26997,     58235,     10647,  13705826,   4683931,  10103796,   1847324,      -820,     -3134,     -3954,   -142322,   -543733,   -686055,     48099,      6713,     22397,      1614, 118762165,  16576062,  55299305,   3985033,      -867,     -4948,     -5815,  -2139966, -12216678, -14356644,     26997,      4235,      6713,      2298,     79816,     82950,     48966,     53914
       178,    530178, 60.399551,     252.7,     966.5,     79135,     19715,     58008,     11818,  19997486,   4982042,  14658496,   2986530,      -671,     -3237,     -3909,   -169652,   -818035,   -987687,     48029,      4066,     22183,      1251,  46420079,   3930057,  21439392,   1209330,      -774,     -5161,     -5936,   -748540,  -4988399,  -5736939,     19715,      6091,      4066,      2683,     79807,     83044,     48804,     53965
       179,    530179, 43.833974,         0,     898.6,     79372,     17515,     57535,     10695,         0,         0,         0,         0,      -644,     -3087,     -3731,         0,         0,         0,     48304,      4182,     21977,      1182,  43405906,   3757963,  19748264,   1062458,      -769,     -4921,     -5690,   -690739,  -4421878,  -5112616,     17515,      6131,      4182,      2697,     80016,     83103,     49073,     53993
       180,    530180,112.459078,     290.0,      15.1,     73384,      6219,     43241,       328,  21281294,   1803554,  12539816,     95136,      -982,     -8018,     -9000,   -284832,  -2325138,  -2609970,     45897,      5361,     19177,      1372,    693045,     80950,    289566,     20713,      -523,     -6895,     -7418,     -7899,   -104119,   -112017,      6219,      2942,      5361,      1286,     74366,     82384,     46420,     53315
       181,    530181,139.399524,     126.3,       2.1,     69422,      5431,     30743,       181,   8767988,    685960,   3882869,     22839,     -1161,    -11018,    -12179,   -146599,  -1391569,  -1538168,     43712,      4733,     16303,       744,     91795,      9939,     34236,      1562,      -632,     -8086,     -8718,     -1327,    -16981,    -18308,      5431,      2509,      4733,      1458,     70583,     81601,     44344,     52430
       182,    530182, 18.779885,      48.0,     417.3,     78454,     29330,     57559,     10033,   3765781,   1407860,   2762847,    481581,      -892,     -3234,     -4126,    -42819,   -155211,   -198030,     47703,      6346,     22343,      1921,  19906438,   2648140,   9323870,    801744,      -853,     -4949,     -5802,   -355791,  -2065245,  -2421036,     29330,      5490,      6346,      2209,     79346,     82579,     48556,     53505
       183,    530183, 35.252745,     317.6,     222.4,     78437,     10640,     53180,      1999,  24911492,   3379261,  16889903,    634989,      -625,     -4148,     -4772,   -198352,  -1317295,  -1515646,     47628,      2726,     20474,      1224,  10592524,    606266,   4553408,    272175,      -467,     -5731,     -6199,   -103939,  -1274678,  -1378617,     10640,      2636,      2726,       535,     79061,     83209,     48096,     53827
       184,    530184, 17.506302,      70.3,       2.7,     78382,     21766,     57314,      9867,   5510224,   1530157,   4029151,    693683,      -883,     -3247,     -4130,    -62080,   -228282,   -290362,     47641,      4693,     22301,      1978,    128630,     12672,     60214,      5340,      -857,     -4939,     -5796,     -2313,    -13336,    -15649,     21766,      5817,      4693,      2405,     79265,     82512,     48497,     53437
       185,    530185, 48.968702,         0,       6.9,     76545,     15681,     52595,      1927,         0,         0,         0,         0,      -966,     -4615,     -5581,         0,         0,         0,     46258,      4101,     21462,       756,    319177,     28298,    148085,      5215,      -874,     -5973,     -6847,     -6030,    -41211,    -47241,     15681,      6719,      4101,      2634,     77511,     82127,     47132,     53104
       186,    530186, 53.842419,      30.3,     103.1,     78266,      9806,     51138,      1140,   2371450,    297118,   1549492,     34551,      -690,     -4340,     -5029,    -20893,   -131489,   -152381,     47519,      2792,     19796,      1499,   4899260,    287815,   2040938,    154593,      -530,     -5782,     -6312,    -54651,   -596156,   -650807,      9806,      2724,      2792,       533,     78955,     83295,     48050,     53832
       187,    530187, 27.952576,         0,     105.1,     76806,     21508,     54117,      3616,         0,         0,         0,         0,      -956,     -4512,     -5468,         0,         0,         0,     46495,      4596,     21795,      1183,   4886586,    483070,   2290663,    124325,      -864,     -5895,     -6759,    -90776,   -619545,   -710321,     21508,      6702,      4596,      2525,     77763,     82275,     47358,     53253
       188,    530188, 93.416001,      56.9,     510.8,     77982,      8744,     49159,      1105,   4437169,    497550,   2797126,     62901,      -706,     -4449,     -5155,    -40173,   -253136,   -293308,     47271,      2606,     19360,      1060,  24145918,   1331295,   9889283,    541247,      -536,     -5788,     -6324,   -274040,  -2956325,  -3230366,      8744,      2688,      2606,       527,     78688,     83137,     47807,     53595
       189,    530189, 71.553562,     212.6,      53.4,     77954,     31142,     58230,      9608,  16572947,   6620841,  12379672,   2042717,      -786,     -3752,     -4538,   -167187,   -797641,   -964828,     46888,      6350,     22425,      2053,   2503810,    339066,   1197487,    109647,      -824,     -5645,     -6469,    -44000,   -301431,   -345431,     31142,      4184,      6350,      2624,     78740,     82492,     47712,     53357
       190,    530190,122.879088,     119.2,      52.8,     74676,      7350,     41140,       281,   8901367,    876147,   4903873,     33528,      -896,     -6867,     -7763,   -106827,   -818531,   -925358,     46733,      6400,     18587,      1630,   2467483,    337912,    981400,     86085,      -577,     -6055,     -6632,    -30460,   -319698,   -350158,      7350,      3792,      6400,      2206,     75572,     82439,     47310,     53364
       191,    530191,157.666440,     516.0,      78.1,     72657,      7397,     34972,       314,  37490869,   3817087,  18045464,    162018,     -1069,     -8283,     -9352,   -551544,  -4274245,  -4825788,     45617,      6001,     17079,      1590,   3562712,    468711,   1333865,    124146,      -592,     -6625,     -7218,    -46259,   -517429,   -563688,      7397,      2602,      6001,      1649,     73726,     82009,     46210,     52835
       192,    530192, 59.325946,     201.1,     754.1,     78406,     13429,     55732,      6440,  15767402,   2700536,  11207712,   1295126,      -554,     -3668,     -4222,   -111471,   -737651,   -849122,     47963,      2698,     22086,      1519,  36168715,   2034732,  16654874,   1145213,      -640,     -5014,     -5654,   -482848,  -3780707,  -4263555,     13429,      3269,      2698,      2018,     78960,     82628,     48603,     53617
       193,    530193, 52.440383,     260.7,      76.0,     78094,     19406,     56768,      7330,  20359124,   5059050,  14799332,   1910832,      -733,     -3270,     -4003,   -191102,   -852500,  -1043602,     47507,      3987,     22240,      1766,   3610560,    303019,   1690264,    134187,      -780,     -4747,     -5526,    -59247,   -360746,   -419993,     19406,      2562,      3987,      1913,     78827,     82097,     48287,     53034
       194,    530194, 26.318075,      76.5,     401.0,     78041,      8175,     57206,      6957,   5970169,    625361,   4376271,    532236,      -798,     -3429,     -4227,    -61052,   -262309,   -323361,     47374,      2022,     22318,      1948,  18996942,    810740,   8949541,    781150,      -824,     -5007,     -5831,   -330436,  -2007833,  -2338269,      8175,      2532,      2022,      1872,     78839,     82268,     48198,     53205
       195,    530195, 27.171166,      37.4,    1281.2,     78172,     23567,     57464,      6780,   2923625,    881394,   2149140,    253577,      -775,     -3392,     -4167,    -28984,   -126845,   -155828,     47389,      4859,     22357,      2004,  60714826,   6225498,  28643224,   2568089,      -816,     -5062,     -5878,  -1045121,  -6485383,  -7530504,     23567,      5077,      4859,      2250,     78947,     82338,     48205,     53267
       196,    530196, 51.838059,     125.5,      53.5,     78334,     31141,     57756,      7094,   9830895,   3908170,   7248368,    890252,      -684,     -3271,     -3956,    -85904,   -410558,   -496462,     47463,      6412,     22403,      2070,   2539271,    343065,   1198586,    110756,      -746,     -4989,     -5735,    -39892,   -266922,   -306813,     31141,      4803,      6412,      2213,     79018,     82290,     48209,     53198
       197,    530197, 26.775555,      77.4,      82.2,     78419,     26205,     58017,      8204,   6069596,   2028264,   4490543,    634958,      -773,     -3309,     -4082,    -59847,   -256089,   -315936,     47396,      4988,     22437,      2105,   3895915,    409983,   1844302,    173007,      -813,     -5199,     -6012,    -66808,   -427399,   -494206,     26205,      4131,      4988,      2605,     79192,     82500,     48208,     53408
       198,    530198, 86.774608,     251.8,    1518.6,     78371,     23096,     58088,     11155,  19733897,   5815593,  14626579,   2808766,      -781,     -3568,     -4349,   -196720,   -898475,  -1095195,     47062,      4789,     22262,      1680,  71468429,   7272070,  33806442,   2551272,      -877,     -5581,     -6458,  -1332215,  -8475661,  -9807876,     23096,      5246,      4789,      2489,     79153,     82721,     47939,     53521
       199,    530199, 39.039150,         0,    2848.3,     78279,     19888,     57153,      8478,         0,         0,         0,         0,      -785,     -3709,     -4495,         0,         0,         0,     46931,      4404,     21850,      1247, 133673492,  12543106,  62235285,   3553061,      -850,     -5672,     -6522,  -2420885, -16156588, -18577473,     19888,      6397,      4404,      2578,     79064,     82773,     47781,     53453
       200,    530200, 26.449588,         0,      56.9,     78111,     19798,     56623,      7246,         0,         0,         0,         0,      -758,     -3825,     -4584,         0,         0,         0,     46771,      3847,     21661,      1095,   2661296,    218869,   1232528,     62330,      -804,     -5794,     -6599,    -45763,   -329698,   -375461,     19798,      6347,      3847,      2224,     78869,     82694,     47576,     53370
       201,    530201, 37.824908,         0,      40.0,     78521,      8093,     51587,      1167,         0,         0,         0,         0,      -691,     -3911,     -4603,         0,         0,         0,     47634,      2416,     20109,       832,   1905358,     96646,    804376,     33268,      -582,     -5469,     -6051,    -23286,   -218765,   -242051,      8093,      2388,      2416,       620,     79212,     83123,     48216,     53685
       202,    530202, 86.409108,      64.1,    1087.7,     78897,     10336,     53863,      4590,   5057276,    662517,   3452599,    294205,      -489,     -3226,     -3715,    -31342,   -206780,   -238122,     48282,      2266,     21701,       419,  52516272,   2464757,  23604463,    456264,      -533,     -4672,     -5206,   -580284,  -5081785,  -5662068,     10336,      5169,      2029,      2266,     79386,     82612,     48815,     53487
       203,    530203, 42.676169,         0,         0,     74967,     11689,     51866,      2186,         0,         0,         0,         0,     -1024,     -5822,     -6846,         0,         0,         0,     44871,      2415,     21363,       267,         0,         0,         0,         0,      -902,     -6983,     -7885,         0,         0,         0,     11689,      3259,      2415,      1961,     75991,     81814,     45773,     52756
       204,    530204, 28.798157,         0,         0,     74861,     12663,     53425,      3438,         0,         0,         0,         0,     -1029,     -6053,     -7082,         0,         0,         0,     44781,      2832,     21703,       606,         0,         0,         0,         0,      -904,     -7189,     -8092,         0,         0,         0,     12663,      3253,      2832,      1956,     75890,     81943,     45684,     52873
       205,    530205,188.940274,      66.7,     130.2,     78148,      5340,     50927,       448,   5212463,    356171,   3396841,     29905,      -798,     -3994,     -4791,    -53201,   -266373,   -319574,     47223,      1318,     20086,       304,   6148425,    171633,   2615202,     39549,      -687,     -5625,     -6312,    -89440,   -732334,   -821774,      3755,      5340,      1318,      1185,     78945,     82939,     47910,     53535
       206,    530206, 56.336092,       2.7,    1054.8,     79134,     13474,     55042,      5711,    213662,     36380,    148612,     15421,      -497,     -3041,     -3538,     -1342,     -8210,     -9552,     48558,      2918,     21918,       735,  51219400,   3078301,  23119043,    774840,      -550,     -4510,     -5059,   -579682,  -4756980,  -5336662,     13474,      3220,      2918,      2030,     79631,     82672,     49108,     53618
       207,    530207,130.053348,      60.5,      11.7,     78407,     14434,     54348,      3259,   4743625,    873247,   3288076,    197143,      -696,     -3678,     -4374,    -42110,   -222497,   -264607,     47265,      2342,     21003,       453,    552999,     27405,    245734,      5298,      -685,     -5489,     -6175,     -8020,    -64227,    -72247,     14434,      4477,      2342,       998,     79103,     82781,     47950,     53440
       208,    530208,152.681732,     104.1,     574.4,     76406,     11841,     56298,      7086,   7953845,   1232600,   5860634,    737647,      -838,     -4288,     -5127,    -87254,   -446418,   -533672,     45534,      3117,     22040,      1231,  26154591,   1790147,  12659862,    707066,      -873,     -6047,     -6920,   -501579,  -3473168,  -3974747,     11841,      2434,      3117,      1972,     77244,     81532,     46407,     52454
       209,    530209,171.726141,     638.8,      37.1,     71614,      6720,     35962,       162,  45747314,   4292465,  22972396,    103278,     -1169,     -9011,    -10180,   -746861,  -5756267,  -6503128,     44555,      5346,     17166,      1435,   1652974,    198343,    636850,     53229,      -726,     -7274,     -8000,    -26942,   -269854,   -296797,      6720,      3445,      5346,      2318,     72784,     81795,     45281,     52554
       210,    530210, 63.114890,     169.0,     293.8,     77943,     26432,     57394,      5768,  13172293,   4466945,   9699575,    974863,      -742,     -3378,     -4120,   -125470,   -570862,   -696332,     46996,      4978,     22249,      1791,  13807395,   1462589,   6536734,    526146,      -843,     -5058,     -5901,   -247587,  -1485986,  -1733573,     26432,      7203,      4978,      2716,     78685,     82063,     47839,     52896
       211,    530211, 44.314025,      97.9,     275.4,     75920,     21774,     57617,      5562,   7432564,   2131645,   5640670,    544474,      -992,     -5324,     -6316,    -97147,   -521225,   -618372,     45139,      4582,     22184,      1939,  12431355,   1261888,   6109578,    533894,      -855,     -6933,     -7788,   -235580,  -1909248,  -2144829,     21774,      6729,      4582,      1709,     76912,     82236,     45995,     52927
       212,    530212, 68.240874,     257.1,     596.7,     78206,     24595,     57732,      7924,  20106820,   6323385,  14842779,   2037224,      -782,     -3555,     -4338,   -201135,   -914106,  -1115241,     46889,      4989,     22085,      1664,  27978871,   2976901,  13178027,    992978,      -844,     -5479,     -6323,   -503824,  -3269294,  -3773118,     24595,      6034,      4989,      2410,     78989,     82544,     47734,     53213
       213,    530213, 23.451209,      56.9,      44.9,     78359,     24378,     57205,      7585,   4458645,   1387111,   3254970,    431602,      -876,     -3473,     -4349,    -49863,   -197620,   -247483,     47101,      4969,     21864,      1190,   2114854,    223103,    981674,     53451,      -906,     -5363,     -6269,    -40660,   -240799,   -281458,     24378,      5687,      4969,      2417,     79236,     82709,     48007,     53370
       214,    530214, 26.600515,         0,     315.4,     77927,     21937,     56696,      7037,         0,         0,         0,         0,      -819,     -3892,     -4711,         0,         0,         0,     46553,      4357,     21700,      1022,  14682796,   1374289,   6844275,    322321,      -860,     -5845,     -6706,   -271265,  -1843670,  -2114935,     21937,      6258,      4357,      2016,     78746,     82638,     47413,     53259
       215,    530215,254.020411,       8.0,     196.2,     73196,      4154,     46223,       731,    585568,     33235,    369783,      5852,     -1722,     -7785,     -9507,    -13774,    -62278,    -76053,     44042,      1471,     18789,       291,   8640963,    288697,   3686494,     57057,     -1045,     -7999,     -9044,   -205093,  -1569436,  -1774529,      4154,       824,      1471,       339,     74918,     82703,     45087,     53086
       216,    530216,128.051078,         0,         0,     72179,      4383,     31103,        78,         0,         0,         0,         0,     -1164,     -8097,     -9262,         0,         0,         0,     44920,      3756,     15777,       934,         0,         0,         0,         0,      -727,     -6558,     -7285,         0,         0,         0,      4383,      3483,      3756,      2233,     73343,     81440,     45647,     52206
       217,    530217, 34.762970,      57.8,       4.2,     75922,      5059,     43676,      1161,   4388303,    292438,   2524475,     67128,      -745,     -5769,     -6513,    -43033,   -333433,   -376466,     47207,      4619,     19201,       808,    198270,     19400,     80644,      3395,      -488,     -5645,     -6133,     -2051,    -23708,    -25759,      5059,      1854,      4619,      1670,     76667,     82435,     47696,     53340
       218,    530218, 57.282941,         0,         0,     72765,     10534,     50347,      2181,         0,         0,         0,         0,     -1090,     -7542,     -8632,         0,         0,         0,     43086,      1959,     20956,        90,         0,         0,         0,         0,      -910,     -8303,     -9213,         0,         0,         0,     10534,      3521,      1883,      1959,     73856,     81398,     43996,     52299
       219,    530219, 25.235918,         0,         0,     73006,     13948,     51910,      3333,         0,         0,         0,         0,     -1091,     -7475,     -8566,         0,         0,         0,     43274,      2564,     21299,       149,         0,         0,         0,         0,      -912,     -8272,     -9184,         0,         0,         0,     13948,      3152,      2564,      1939,     74097,     81572,     44186,     52459
       220,    530220,154.061250,     160.2,         0,     73702,      6196,     39071,      2109,  11807128,    992662,   6259137,    337940,     -1091,     -7249,     -8340,   -174843,  -1161281,  -1336123,     45318,      5365,     17787,       762,         0,         0,         0,         0,      -696,     -6795,     -7491,         0,         0,         0,      6196,      2991,      5365,      2908,     74794,     82043,     46014,     52809
       221,    530221, 94.095006,     244.7,     192.3,     77216,     17394,     56380,      5006,  18894676,   4256412,  13796305,   1225079,      -591,     -4823,     -5414,   -144623,  -1180155,  -1324777,     46825,      3102,     21827,      1230,   9004498,    596569,   4197285,    236449,      -484,     -6043,     -6527,    -93081,  -1162106,  -1255187,     17394,      6493,      3102,      1796,     77807,     82630,     47309,     53352
       222,    530222, 53.741564,      57.8,      94.9,     75260,     20903,     56696,      4027,   4350005,   1208214,   3277045,    232745,     -1032,     -5660,     -6692,    -59633,   -327158,   -386791,     44598,      4116,     21827,      1672,   4232307,    390591,   2071379,    158716,      -866,     -7138,     -8004,    -82147,   -677442,   -759589,     20903,      7175,      4116,      1680,     76291,     81951,     45463,     52602
       223,    530223, 49.014318,     115.7,      72.8,     76492,     20747,     56684,      4287,   8850138,   2400374,   6558389,    496032,     -1079,     -4628,     -5707,   -124828,   -535435,   -660263,     45422,      4213,     21739,      1594,   3306733,    306710,   1582627,    116028,      -963,     -6440,     -7403,    -70090,   -468865,   -538955,     20747,      7025,      4213,      2732,     77571,     82199,     46385,     52825
       224,    530224, 27.663642,     102.3,      18.7,     77926,     22401,     56631,      5175,   7971880,   2291593,   5793368,    529370,      -965,     -3634,     -4599,    -98762,   -371744,   -470506,     46757,      4406,     21666,      1286,    874359,     82395,    405164,     24047,      -913,     -5531,     -6444,    -17067,   -103436,   -120503,     22401,      6852,      4406,      2534,     78892,     82526,     47670,     53201
       225,    530225, 34.198319,      52.5,     261.6,     79196,     21430,     56016,      5254,   4157765,   1125075,   2940852,    275854,      -813,     -3049,     -3861,    -42657,   -160070,   -202727,     48120,      4114,     21464,      1023,  12588226,   1076282,   5614979,    267715,      -894,     -4773,     -5668,   -233996,  -1248627,  -1482622,     21430,      6844,      4114,      2530,     80008,     83057,     49015,     53788
       226,    530226,167.048788,      15.1,         0,     75639,     11092,     45572,      2598,   1142156,    167496,    688141,     39230,      -741,     -5971,     -6712,    -11185,    -90165,   -101350,     46714,      5970,     19667,       184,         0,         0,         0,         0,      -488,     -6003,     -6491,         0,         0,         0,     11092,       187,      5970,        92,     76380,     82351,     47201,     53204
       227,    530227,2033.56532,      14.2,         0,     70598,         0,     20946,         0,   1002489,         0,    297430,         0,      -949,     -8688,     -9638,    -13480,   -123376,   -136856,     42677,         0,     12100,        14,         0,         0,         0,         0,      -652,     -7897,     -8549,         0,         0,         0,         0,         0,         0,         0,     71547,     80236,     43329,     51226
       228,    530228,112.214651,         0,    1694.8,     76801,     14984,     54337,      5639,         0,         0,         0,         0,      -714,     -4825,     -5539,         0,         0,         0,     46466,      3168,     21324,       539,  78750589,   5369058,  36139907,    912982,      -599,     -6081,     -6680,  -1014825, -10306325, -11321150,     14984,      7564,      3168,      1306,     77515,     82340,     47065,     53146
       229,    530229, 31.447022,         0,     272.3,     79298,     13413,     54168,      6486,         0,         0,         0,         0,      -461,     -2882,     -3343,         0,         0,         0,     48578,      2381,     21453,       421,  13227720,    648390,   5841572,    114764,      -497,     -4373,     -4870,   -135404,  -1190675,  -1326079,     13413,      6002,      2381,      2332,     79758,     82640,     49075,     53448
       230,    530230, 28.864278,         0,     592.2,     79026,     14469,     55605,      3029,         0,         0,         0,         0,      -752,     -3116,     -3868,         0,         0,         0,     48006,      2533,     21343,      1282,  28429049,   1499977,  12639606,    758931,      -800,     -4844,     -5644,   -473647,  -2868770,  -3342416,     14469,      6755,      2533,      2363,     79778,     82894,     48806,     53650
       231,    530231, 30.000571,      25.8,       7.7,     77206,     14454,     54725,      2857,   1991923,    372919,   1411899,     73709,     -1133,     -3984,     -5117,    -29231,   -102783,   -132014,     46186,      2347,     21008,       910,    355630,     18071,    161762,      7005,      -979,     -5782,     -6761,     -7539,    -44522,    -52061,     14454,      6692,      2347,      2335,     78339,     82323,     47165,     52947
       232,    530232,104.840964,      94.3,      20.4,     75244,       648,     47082,       360,   7095479,     61114,   4439812,     33931,     -1624,     -5873,     -7497,   -153102,   -553827,   -706930,     45061,       235,     19076,       492,    919254,      4787,    389149,     10031,     -1122,     -7009,     -8131,    -22897,   -142980,   -165877,         0,       648,         0,       235,     76867,     82740,     46184,     53193
       233,    530233, 91.534125,      98.8,      11.5,     74841,       771,     42100,       313,   7394286,     76129,   4159475,     30962,     -1580,     -6188,     -7767,   -156061,   -611352,   -767413,     44983,       321,     17830,       309,    517310,      3688,    205041,      3551,     -1016,     -6925,     -7941,    -11686,    -79636,    -91322,         0,       771,         0,       321,     76421,     82608,     46000,     52925
       234,    530234, 98.048344,         0,     705.9,     78407,      7157,     43247,      2664,         0,         0,         0,         0,      -659,     -3488,     -4147,         0,         0,         0,     48393,      5373,     18936,       309,  34160439,   3792936,  13367014,    217985,      -503,     -4557,     -5060,   -354997,  -3216714,  -3571711,      5735,      7157,      5373,      3965,     79065,     82553,     48896,     53453
       235,    530235,141.932307,         0,         0,     71353,     15842,     48543,      3135,         0,         0,         0,         0,     -1104,     -8762,     -9866,         0,         0,         0,     42008,      6050,     20445,        94,         0,         0,         0,         0,      -912,     -9149,    -10061,         0,         0,         0,     15842,      1629,      6050,       608,     72457,     81219,     42921,     52070
       236,    530236,101.561839,         0,     951.7,     79648,     15269,     49841,      3874,         0,         0,         0,         0,      -421,     -2872,     -3293,         0,         0,         0,     49079,      6515,     20584,       166,  46708845,   6200158,  19590025,    158447,      -425,     -4314,     -4739,   -404313,  -4105425,  -4509738,     15269,      6562,      6515,      2514,     80069,     82941,     49504,     53818
       237,    530237, 76.862258,     116.6,     792.5,     77140,     16429,     54552,      3875,   8994477,   1915676,   6360737,    451850,      -595,     -4688,     -5283,    -69329,   -546672,   -616002,     46765,      3138,     21221,      1011,  37060899,   2486967,  16817544,    801226,      -484,     -5821,     -6306,   -383903,  -4613439,  -4997341,     16429,      6481,      3138,      1793,     77734,     82423,     47249,     53070
       238,    530238, 98.647958,      98.8,     426.2,     77872,      9457,     52219,      1402,   7693731,    934366,   5159203,    138536,     -1297,     -3627,     -4924,   -128133,   -358364,   -486497,     46850,      1507,     20265,       577,  19967403,    642194,   8637084,    246130,     -1200,     -5426,     -6627,   -511625,  -2312760,  -2824385,      9457,      5400,      1478,      1507,     79169,     82796,     48050,     53477
       239,    530239,146.768076,     218.0,      22.6,     78299,     12260,     54313,      2461,  17069078,   2672717,  11840199,    536413,      -562,     -3827,     -4389,   -122504,   -834321,   -956825,     47494,      1973,     21029,      1218,   1073364,     44584,    475259,     27528,      -513,     -5315,     -5828,    -11594,   -120129,   -131723,     12260,      5290,      1973,      1637,     78860,     82688,     48007,     53322
       240,    530240, 45.135736,         0,    1731.6,     77451,      7956,     41392,      2645,         0,         0,         0,         0,      -914,     -4076,     -4990,         0,         0,         0,     47823,      5543,     18350,       389,  82809724,   9597640,  31774010,    673746,      -641,     -4861,     -5502,  -1109526,  -8416911,  -9526437,      5044,      7956,      5543,      3706,     78365,     82441,     48463,     53324
       241,    530241,127.696080,     108.5,     140.6,     76420,      6527,     49313,       765,   8291614,    708125,   5350468,     82980,     -1625,     -4466,     -6091,   -176296,   -484611,   -660907,     45648,      1780,     19440,       464,   6418111,    250338,   2733215,     65281,     -1322,     -6149,     -7471,   -185869,   -864549,  -1050419,         0,      6527,         0,      1780,     78045,     82512,     46970,     53119
       242,    530242,105.704546,      39.1,     555.1,     79975,     14347,     49676,      3720,   3127006,    560959,   1942323,    145437,      -383,     -2480,     -2863,    -14988,    -96965,   -111953,     49478,      2913,     20336,       194,  27465143,   1617094,  11288678,    107950,      -419,     -3788,     -4207,   -232747,  -2102662,  -2335409,     14347,      7469,      2913,      1430,     80358,     82838,     49897,     53685
       243,    530243,431.892008,     352.3,     102.5,     74358,       746,     43662,       297,  26196259,    262728,  15381982,    104675,     -1721,     -6231,     -7953,   -606431,  -2195237,  -2801667,     44474,       293,     18000,       789,   4558619,     29997,   1844996,     80846,     -1130,     -7118,     -8248,   -115845,   -729546,   -845391,         0,       746,         0,       293,     76079,     82310,     45605,     52722
       244,    530244,244.423989,     242.0,     314.5,     75081,      8019,     51661,      1381,  18169669,   1940550,  12501862,    334263,     -1829,     -5342,     -7171,   -442683,  -1292659,  -1735342,     44588,      1578,     20179,      1222,  14022980,    496253,   6346226,    384462,     -1371,     -6952,     -8323,   -431069,  -2186426,  -2617494,      8019,       649,      1578,       235,     76911,     82252,     45959,     52911
       245,    530245,256.117527,     182.4,     205.4,     77841,      7758,     38038,      2808,  14198150,   1415039,   6938211,    512105,      -702,     -3628,     -4330,   -127997,   -661829,   -789826,     47969,      4787,     17166,       657,   9852859,    983348,   3525829,    134940,      -512,     -4499,     -5011,   -105104,   -924100,  -1029204,      5608,      7758,      4787,      4034,     78542,     82171,     48481,     52980
       246,    530246, 40.272530,         0,         0,     78650,     14921,     50587,      3597,         0,         0,         0,         0,      -505,     -3265,     -3770,         0,         0,         0,     48133,      2966,     20359,       628,         0,         0,         0,         0,      -447,     -4559,     -5006,         0,         0,         0,     14921,      6922,      2966,      1343,     79155,     82420,     48580,     53140
       247,    530247,130.693546,     175.3,      24.8,     72421,       738,     35995,       152,  12695418,    129417,   6309851,     26697,     -1806,     -7933,     -9739,   -316649,  -1390608,  -1707257,     43642,       308,     16089,       405,   1082316,      7646,    399019,     10037,     -1016,     -7746,     -8761,    -25186,   -192097,   -217283,         0,       738,         0,       308,     74227,     82160,     44657,     52403
       248,    530248,121.206465,       8.0,         0,     72489,       739,     31296,       166,    579916,      5910,    250368,      1330,     -1802,     -7732,     -9535,    -14419,    -61860,    -76279,     43683,       308,     15087,       486,         0,         0,         0,         0,     -1015,     -7428,     -8442,         0,         0,         0,         0,       739,         0,       308,     74292,     82024,     44698,     52126
       249,    530249,451.222990,     768.7,      80.9,     72461,      7398,     47443,       439,  55700755,   5687060,  36469763,    337639,     -2330,     -7121,     -9451,  -1791051,  -5473720,  -7264772,     42939,      1357,     19257,      1023,   3473769,    109811,   1557873,     82783,     -1556,     -8023,     -9579,   -125866,   -649069,   -774934,      7398,       760,      1357,       317,     74791,     81912,     44495,     52518
       250,    530250, 23.772330,         0,     258.0,     80320,      7304,     46162,      2045,         0,         0,         0,         0,      -352,     -2261,     -2613,         0,         0,         0,     49885,      5959,     19571,       444,  12870221,   1537446,   5049356,    114621,      -411,     -3460,     -3871,   -105958,   -892762,   -998720,      6237,      7304,      5959,      2543,     80673,     82933,     50295,     53756
       251,    530251,229.785138,     382.6,     111.7,     78286,      5401,     41618,      1258,  29952285,   2066367,  15922965,    481281,      -645,     -3554,     -4199,   -246605,  -1359840,  -1606446,     48123,      4399,     18184,       583,   5375374,    491319,   2031126,     65161,      -502,     -4596,     -5098,    -56081,   -513339,   -569420,      5401,      5051,      4399,      1172,     78931,     82485,     48625,     53221
       252,    530252, 52.016616,         0,         0,     79797,      9780,     45555,      1637,         0,         0,         0,         0,      -394,     -2615,     -3009,         0,         0,         0,     49284,      2028,     19192,       463,         0,         0,         0,         0,      -397,     -3866,     -4263,         0,         0,         0,      9780,      6957,      2028,      1216,     80191,     82805,     49681,     53547
       253,    530253,132.908541,     202.0,      32.1,     75441,      5004,     37369,       607,  15239069,   1010800,   7548566,    122651,      -905,     -5658,     -6563,   -182884,  -1142910,  -1325793,     46046,      4052,     16795,       964,   1478072,    130083,    539133,     30943,      -636,     -6034,     -6670,    -20426,   -193682,   -214108,      5004,       189,      4052,        92,     76346,     82004,     46682,     52716
       254,    530254,210.069188,     400.4,     225.3,     74068,       743,     40226,       263,  29656792,    297466,  16106437,    105300,     -2127,     -5571,     -7698,   -851474,  -2230742,  -3082216,     44167,       292,     17003,       695,   9950885,     65704,   3830804,    156618,     -1467,     -6585,     -8052,   -330455,  -1483677,  -1814133,         0,       743,         0,       292,     76194,     81766,     45634,     52219
       255,    530255,273.322035,     366.6,     114.3,     71930,       751,     37796,       272,  26369652,    275281,  13856069,     99766,     -2410,     -7695,    -10106,   -883670,  -2821151,  -3704820,     43086,       313,     16246,       881,   4924744,     35794,   1856889,    100692,     -1513,     -7844,     -9357,   -172922,   -896609,  -1069530,         0,       751,         0,       313,     74341,     82036,     44599,     52443
       256,    530256,125.782440,     311.4,     192.2,     76052,       190,     32496,       401,  23682514,     59233,  10119274,    124913,      -900,     -4834,     -5734,   -280234,  -1505459,  -1785694,     46480,        93,     15339,       728,   8933447,     17868,   2948073,    139832,      -631,     -5393,     -6024,   -121247,  -1036512,  -1157759,         0,       190,         0,        93,     76952,     81786,     47111,     52504
       257,    530257,162.543458,       4.4,      31.5,     70005,         0,     31944,       189,    308022,         0,    140554,       833,     -1994,     -9777,    -11772,     -8776,    -43020,    -51796,     42343,         0,     14849,       395,   1333815,         0,    467752,     12445,     -1111,     -8551,     -9662,    -34990,   -269367,   -304357,         0,         0,         0,         0,     72000,     81777,     43454,     52005
       258,    530258,160.354761,      13.3,     101.4,     70223,         0,     26324,       154,    933969,         0,    350109,      2046,     -1893,     -9551,    -11444,    -25177,   -127025,   -152202,     42605,         0,     13600,       313,   4320137,         0,   1379035,     31748,     -1026,     -8151,     -9177,   -104080,   -826500,   -930580,         0,         0,         0,         0,     72116,     81667,     43631,     51782
       259,    530259,308.732470,      28.5,      10.7,     69959,      2696,     40902,       235,   1993826,     76847,   1165695,      6711,     -2520,     -8857,    -11377,    -71828,   -252411,   -324240,     41650,      2046,     17558,       618,    445660,     21892,    187868,      6616,     -1528,     -8700,    -10228,    -16352,    -93087,   -109440,      2696,       734,      2046,       307,     72479,     81336,     43179,     51878
       260,    530260, 95.538665,      32.9,     776.6,     77546,      5998,     36532,       977,   2551273,    197332,   1201908,     32131,     -1307,     -3749,     -5055,    -42986,   -123336,   -166322,     47326,      1245,     16363,       382,  36752989,    967069,  12707737,    296327,      -985,     -4957,     -5942,   -764680,  -3849955,  -4614635,         0,      5998,         0,      1245,     78853,     82602,     48310,     53268
       261,    530261, 98.951969,      92.5,       3.9,     74978,       207,     30744,       228,   6935444,     19187,   2843789,     21117,      -835,     -5789,     -6624,    -77219,   -535526,   -612744,     45881,       171,     14630,       673,    178936,       666,     57057,      2625,      -541,     -5763,     -6304,     -2110,    -22474,    -24584,         0,       207,         0,       171,     75813,     81602,     46422,     52185
       262,    530262,209.136747,         0,     168.6,     76606,      4489,     35874,       559,         0,         0,         0,         0,     -1655,     -4368,     -6022,         0,         0,         0,     46764,      3766,     16107,        61,   7884343,    634983,   2715645,     10303,     -1161,     -5307,     -6468,   -195735,   -894761,  -1090496,      4489,       753,      3766,       265,     78261,     82628,     47925,     53232
       263,    530263, 69.930612,      21.4,         0,     75800,       190,     35264,       956,   1622112,      4060,    754651,     20453,      -794,     -5014,     -5808,    -16992,   -107308,   -124299,     46307,        93,     16010,       740,         0,         0,         0,         0,      -545,     -5318,     -5864,         0,         0,         0,         0,       190,         0,        93,     76594,     81608,     46852,     52170
       264,    530264,295.515648,     409.3,      40.2,     70653,         0,     32393,       249,  28918350,         0,  13258561,    101983,     -2072,     -9574,    -11646,   -848139,  -3918467,  -4766605,     42985,         0,     14989,       777,   1727985,         0,    602540,     31253,     -1194,     -8438,     -9633,    -48011,   -339227,   -387238,         0,         0,         0,         0,     72725,     82299,     44179,     52617
       265,    530265, 61.536123,      48.9,         0,     72743,       968,     26111,       298,   3557138,     47359,   1276804,     14564,      -932,     -7462,     -8395,    -45598,   -364902,   -410500,     44414,       400,     13236,       684,         0,         0,         0,         0,      -596,     -6737,     -7333,         0,         0,         0,         0,       968,         0,       400,     73676,     81138,     45010,     51747
       266,    530266,177.524784,     255.4,      63.8,     71838,       750,     33036,       402,  18347432,    191550,   8437374,    102678,     -2415,     -7369,     -9784,   -616823,  -1881933,  -2498756,     43024,       313,     15040,       943,   2744955,     19957,    959579,     60180,     -1515,     -7415,     -8929,    -96636,   -473048,   -569684,         0,       750,         0,       313,     74253,     81622,     44539,     51954
       267,    530267,129.171313,       0.9,         0,     70778,       730,     27183,       218,     63700,       657,     24465,       196,     -2356,     -8245,    -10601,     -2120,     -7420,     -9541,     42681,       305,     13558,       522,         0,         0,         0,         0,     -1286,     -7661,     -8947,         0,         0,         0,         0,       730,         0,       305,     73134,     81379,     43967,     51629
       268,    530268, 86.996133,      86.3,       9.5,     69451,         0,     22515,       149,   5993617,         0,   1943041,     12898,     -2387,     -9400,    -11787,   -205973,   -811243,  -1017216,     42007,         0,     12464,       389,    399067,         0,    118408,      3696,     -1302,     -8146,     -9448,    -12365,    -77389,    -89754,         0,         0,         0,         0,     71838,     81238,     43309,     51455
       269,    530269,313.634112,         0,         0,     66259,         0,     14757,        33,         0,         0,         0,         0,     -1739,    -12096,    -13835,         0,         0,         0,     40367,         0,     10299,       234,         0,         0,         0,         0,      -963,     -9299,    -10262,         0,         0,         0,         0,         0,         0,         0,     67998,     80093,     41330,     50629
       270,    530270,165.257238,     195.7,      15.4,     68259,         0,     17753,        79,  13358255,         0,   3474293,     15375,     -2314,    -10019,    -12333,   -452881,  -1960713,  -2413594,     41384,         0,     11126,       783,    637312,         0,    171339,     12060,     -1251,     -8300,     -9551,    -19259,   -127819,   -147078,         0,         0,         0,         0,     70573,     80592,     42635,     50934
       271,    530271, 94.347555,      57.8,       3.9,     71315,         0,     29747,       464,   4122021,         0,   1719378,     26801,     -1130,     -9178,    -10308,    -65325,   -530487,   -595811,     43598,         0,     14273,       440,    170032,         0,     55664,      1715,      -703,     -7840,     -8544,     -2743,    -30578,    -33321,         0,         0,         0,         0,     72445,     81623,     44301,     52142
       272,    530272,311.196543,     323.9,     212.8,     71256,         0,     20441,       283,  23079687,         0,   6620811,     91536,      -956,     -7781,     -8737,   -309641,  -2520380,  -2830020,     43477,         0,     11400,       707,   9251803,         0,   2425915,    150363,      -607,     -6745,     -7352,   -129161,  -1435265,  -1564426,         0,         0,         0,         0,     72212,     79993,     44083,     50828
       273,    530273,121.940803,     145.0,      84.6,     75150,       606,     31627,       159,  10896717,     87888,   4585928,     23097,     -1786,     -5515,     -7301,   -258999,   -799669,  -1058668,     45935,       148,     14819,       520,   3886069,     12522,   1253714,     44025,     -1119,     -5849,     -6968,    -94663,   -494798,   -589461,         0,       606,         0,       148,     76936,     82451,     47054,     52902
       274,    530274,132.600563,      68.5,       6.0,     68949,         0,     21957,       267,   4723026,         0,   1504027,     18277,     -2407,     -9224,    -11631,   -164847,   -631847,   -796694,     41589,         0,     12189,       941,    249534,         0,     73133,      5644,     -1304,     -8059,     -9362,     -7822,    -48353,    -56174,         0,         0,         0,         0,     71356,     80580,     42893,     50951
       275,    530275,242.901873,     284.7,     208.4,     67517,         0,     26075,       403,  19222171,         0,   7423538,    114720,     -2377,    -11157,    -13534,   -676746,  -3176263,  -3853009,     40987,         0,     13206,       839,   8541735,         0,   2752123,    174798,     -1179,     -9138,    -10317,   -245661,  -1904382,  -2150043,         0,         0,         0,         0,     69894,     81051,     42166,     51304
       276,    530276,118.282186,     161.9,      18.1,     70666,         0,     18854,       251,  11440864,         0,   3052480,     40595,      -948,     -8306,     -9254,   -153481,  -1344783,  -1498264,     42984,         0,     10920,       583,    778010,         0,    197654,     10559,      -602,     -7241,     -7843,    -10895,   -131057,   -141952,         0,         0,         0,         0,     71614,     79920,     43586,     50827
       277,    530277,253.502894,     169.0,     111.1,     73382,      1501,     27987,       558,  12401536,    253694,   4729840,     94316,     -1706,     -6892,     -8598,   -288369,  -1164733,  -1453102,     44395,       522,     13751,       368,   4932237,     57956,   1527788,     40892,     -1100,     -7014,     -8114,   -122232,   -779242,   -901475,         0,      1501,         0,       522,     75088,     81980,     45495,     52509
       278,    530278,1161.82128,     756.3,     512.5,     71063,      2180,     22981,       513,  53745037,   1648754,  17380819,    387604,     -1987,     -8291,    -10277,  -1502629,  -6270161,  -7772790,     43258,      1602,     12292,       756,  22169682,    821248,   6299824,    387604,     -1175,     -7315,     -8490,   -602082,  -3749056,  -4351138,      2180,       727,      1602,       304,     73050,     81341,     44433,     51748
       279,    530279,588.871224,     184.2,     697.9,     70897,         0,     19638,       754,  13059231,         0,   3617254,    138840,     -2049,     -8844,    -10893,   -377485,  -1629088,  -2006574,     43382,         0,     11530,       284,  30276156,         0,   8046896,    198530,     -1145,     -7483,     -8628,   -799263,  -5222382,  -6021645,         0,         0,         0,         0,     72946,     81790,     44527,     52010
       280,    530280,965.635451,         0,         0,     62796,         0,      6549,         0,         0,         0,         0,         0,     -1459,    -10924,    -12384,         0,         0,         0,     37992,         0,      6176,         0,         0,         0,         0,         0,      -846,     -8937,     -9783,         0,         0,         0,         0,         0,         0,         0,     64255,     75180,     38838,     47775
       281,    530281,198.245626,     194.8,     124.8,     68360,         0,     20055,       551,  13316445,         0,   3906697,    107301,     -2285,     -9739,    -12024,   -445050,  -1897165,  -2342216,     41396,         0,     11626,       903,   5166168,         0,   1450935,    112718,     -1196,     -8444,     -9640,   -149205,  -1053806,  -1203011,         0,         0,         0,         0,     70644,     80383,     42591,     51035
       282,    530282,113.262809,     214.4,      41.8,     66423,         0,     17123,       290,  14241110,         0,   3671065,     62086,     -2298,    -11390,    -13687,   -492656,  -2441942,  -2934598,     40444,         0,     10856,      1214,   1690539,         0,    453770,     50733,     -1131,     -8865,     -9996,    -47288,   -370554,   -417842,         0,         0,         0,         0,     68721,     80111,     41575,     50440
       283,    530283, 90.980464,     270.5,      14.2,     65834,         0,     14046,       105,  17808180,         0,   3799416,     28396,     -2412,    -11586,    -13998,   -652450,  -3134128,  -3786578,     39806,         0,      9985,      1020,    565247,         0,    141791,     14489,     -1324,     -9259,    -10583,    -18802,   -131476,   -150278,         0,         0,         0,         0,     68246,     79833,     41130,     50389
       284,    530284,1375.86149,         0,      11.9,         0,         0,      4471,        20,         0,         0,         0,         0,         0,         0,         0,         0,         0,         0,         0,         0,      5841,         0,         0,         0,     69510,         0,         0,         0,         0,         0,         0,         0,         0,         0,         0,         0,         0,         0,         0,         0
       285,    530285,530.985057,     453.8,     139.8,     68547,         0,     12817,       299,  31106691,         0,   5816302,    135841,     -1873,     -9186,    -11059,   -849912,  -4168524,  -5018436,     41736,         0,      8885,       826,   5834726,         0,   1242088,    115484,      -999,     -7643,     -8642,   -139616,  -1068476,  -1208092,         0,         0,         0,         0,     70420,     79606,     42735,     50378
       286,    530286,272.737675,     187.7,     146.5,     72890,      1492,     19580,       200,  13681447,    280097,   3675151,     37515,     -1705,     -6473,     -8177,   -319971,  -1214928,  -1534899,     44060,       519,     11150,       269,   6454734,     75987,   1633481,     39390,     -1102,     -6384,     -7486,   -161443,   -935194,  -1096637,         0,      1492,         0,       519,     74595,     81067,     45162,     51545
       287,    530287,112.362303,      64.9,      32.8,     73274,       711,     23029,       534,   4755495,     46126,   1494566,     34676,     -1866,     -6737,     -8603,   -121082,   -437260,   -558342,     44814,       280,     12432,       334,   1469891,      9184,    407785,     10943,     -1139,     -6204,     -7343,    -37354,   -203493,   -240847,         0,       711,         0,       280,     75140,     81877,     45953,     52157
       288,    530288,132.373746,     218.9,      12.8,     64148,         0,     11002,        99,  14042039,         0,   2408438,     21617,     -2434,    -12395,    -14829,   -532829,  -2713278,  -3246107,     38770,         0,      8877,       867,    496256,         0,    113627,     11102,     -1333,     -9737,    -11070,    -17060,   -124633,   -141693,         0,         0,         0,         0,     66582,     78977,     40103,     49840
       289,    530289,318.245187,     239.3,     131.9,     62893,         0,     13416,       331,  15050359,         0,   3210351,     79174,     -2567,    -12942,    -15509,   -614264,  -3097120,  -3711384,     38032,         0,      9589,       520,   5016485,         0,   1264767,     68648,     -1281,    -10244,    -11525,   -169018,  -1351124,  -1520142,         0,         0,         0,         0,     65460,     78403,     39314,     49557
       290,    530290,126.546561,         0,         0,     63179,         0,      4482,         2,         0,         0,         0,         0,     -1632,    -13783,    -15414,         0,         0,         0,     39377,         0,      6202,         7,         0,         0,         0,         0,      -887,     -9590,    -10477,         0,         0,         0,         0,         0,         0,         0,     64810,     78593,     40264,     49854
       291,    530291,211.794941,         0,         0,     62074,         0,      2827,         0,         0,         0,         0,         0,     -1633,    -13330,    -14963,         0,         0,         0,     38671,         0,      5005,         0,         0,         0,         0,         0,      -886,     -9524,    -10410,         0,         0,         0,         0,         0,         0,         0,     63707,     77037,     39557,     49081
       292,    530292,130.557447,     217.1,      49.0,     64077,         0,     13307,       257,  13911032,         0,   2888847,     55868,     -2555,    -11838,    -14393,   -554662,  -2570113,  -3124775,     38776,         0,      9608,       989,   1900014,         0,    470792,     48475,     -1272,     -9575,    -10847,    -62315,   -469180,   -531495,         0,         0,         0,         0,     66631,     78470,     40048,     49623
       293,    530293,499.553778,         0,         0,         0,         0,      1333,         0,         0,         0,         0,         0,         0,         0,         0,         0,         0,         0,         0,         0,      3009,         0,         0,         0,         0,         0,         0,         0,         0,         0,         0,         0,         0,         0,         0,         0,         0,         0,         0,         0
       294,    530294,651.383895,         0,     915.7,     66728,         0,     11094,      1136,         0,         0,         0,         0,     -2101,    -11274,    -13375,         0,         0,         0,     40729,         0,      8495,        12,  37295288,         0,   7778847,     11111,     -1148,     -9000,    -10149,  -1051354,  -8241699,  -9293053,         0,         0,         0,         0,     68829,     80103,     41877,     50877
       295,    530295,470.691208,         0,         0,         0,         0,      6494,         0,         0,         0,         0,         0,         0,         0,         0,         0,         0,         0,         0,         0,      6616,         0,         0,         0,         0,         0,         0,         0,         0,         0,         0,         0,         0,         0,         0,         0,         0,         0,         0,         0
       296,    530296,248.362511,     274.9,     101.2,     72488,      1583,      9729,       253,  19927029,    435135,   2674524,     69514,      -644,     -8568,     -9212,   -177009,  -2355432,  -2532441,     43866,       591,      7534,       775,   4439222,     59778,    762415,     78383,      -413,     -7973,     -8385,    -41757,   -806823,   -848580,         0,      1583,         0,       591,     73132,     81701,     44278,     52251
       297,    530297,207.682415,         0,         0,     69521,         0,     10756,        93,         0,         0,         0,         0,      -632,    -11375,    -12007,         0,         0,         0,     41842,         0,      8137,       252,         0,         0,         0,         0,      -393,     -9794,    -10187,         0,         0,         0,         0,         0,         0,         0,     70154,     81528,     42235,     52029
       298,    530298,443.955051,     611.2,     206.8,     72175,      1578,      7741,       311,  44113061,    964534,   4731106,    189980,      -648,     -8453,     -9101,   -395837,  -5166614,  -5562450,     43583,       589,      6459,       994,   9012862,    121795,   1335764,    205466,      -419,     -7921,     -8340,    -86684,  -1638077,  -1724761,         0,      1578,         0,       589,     72822,     81275,     44002,     51923
       299,    530299,274.048621,         0,      20.9,         0,         0,      2778,        26,         0,         0,         0,         0,         0,         0,         0,         0,         0,         0,         0,         0,      4632,         4,         0,         0,     96801,        87,         0,         0,         0,         0,         0,         0,         0,         0,         0,         0,         0,         0,         0,         0
       300,    530300,348.422114,         0,         0,         0,         0,      1955,        16,         0,         0,         0,         0,         0,         0,         0,         0,         0,         0,         0,         0,      3797,         0,         0,         0,         0,         0,         0,         0,         0,         0,         0,         0,         0,         0,         0,         0,         0,         0,         0,         0
       301,    530301,394.497791,         0,     910.2,     67132,         0,     10105,      1138,         0,         0,         0,         0,     -2123,    -10490,    -12613,         0,         0,         0,     41086,         0,      8265,        15,  37396422,         0,   7522481,     13998,     -1172,     -8321,     -9493,  -1067093,  -7573476,  -8640569,         0,         0,         0,         0,     69255,     79745,     42258,     50579
       302,    530302, 84.791430,         0,         0,         0,         0,      9277,       111,         0,         0,         0,         0,         0,         0,         0,         0,         0,         0,         0,         0,      7956,       215,         0,         0,         0,         0,         0,         0,         0,         0,         0,         0,         0,         0,         0,         0,         0,         0,         0,         0
       303,    530303,226.746061,      44.5,      17.2,     64558,         0,      8893,       332,   2872830,         0,    395717,     14763,     -2102,    -12878,    -14980,    -93547,   -573081,   -666628,     39279,         0,      7806,        45,    675592,         0,    134265,       765,     -1147,     -9871,    -11018,    -19732,   -169773,   -189506,         0,         0,         0,         0,     66660,     79538,     40426,     50296
       304,    530304,177.272511,      67.6,         0,     63014,         0,     10298,       164,   4259735,         0,    696134,     11111,     -2104,    -13898,    -16002,   -142214,   -939498,  -1081712,     38248,         0,      8058,        68,         0,         0,         0,         0,     -1146,    -10755,    -11901,         0,         0,         0,         0,         0,         0,         0,     65118,     79015,     39393,     50148
       305,    530305,166.139773,         0,         0,     70633,      1550,      8935,         0,         0,         0,         0,         0,      -634,    -10141,    -10775,         0,         0,         0,     42583,       579,      7305,        51,         0,         0,         0,         0,      -394,     -8879,     -9273,         0,         0,         0,         0,      1550,         0,       579,     71266,     81408,     42977,     51856
       306,    530306,320.920011,         0,         0,         0,         0,      5060,         0,         0,         0,         0,         0,         0,         0,         0,         0,         0,         0,         0,         0,      5701,         0,         0,         0,         0,         0,         0,         0,         0,         0,         0,         0,         0,         0,         0,         0,         0,         0,         0,         0
       307,    530307,157.052985,      71.2,       2.7,     72889,      1591,      5823,       192,   5189688,    113315,    414628,     13650,      -640,     -7091,     -7732,    -45592,   -504892,   -550484,     44072,       594,      5469,      1039,    118994,      1603,     14765,      2805,      -416,     -6887,     -7303,     -1124,    -18594,    -19718,         0,      1591,         0,       594,     73529,     80620,     44488,     51375
       308,    530308,487.031268,         0,         0,         0,         0,      6240,       224,         0,         0,         0,         0,         0,         0,         0,         0,         0,         0,         0,         0,      6438,        31,         0,         0,         0,         0,         0,         0,         0,         0,         0,         0,         0,         0,         0,         0,         0,         0,         0,         0
       309,    530309, 73.663706,      68.5,         0,     74136,      1535,      6284,       127,   5078305,    105147,    430477,      8730,      -639,     -5824,     -6463,    -43757,   -398972,   -442729,     44930,       574,      5711,       499,         0,         0,         0,         0,      -411,     -6005,     -6416,         0,         0,         0,         0,      1535,         0,       574,     74775,     80599,     45341,     51346
       310,    530310,630.119154,     761.6,       2.2,     68787,         0,      3499,         3,  52388379,         0,   2664519,      2615,      -659,     -9477,    -10137,   -502250,  -7217817,  -7720067,     41322,         0,      4266,       794,     90909,         0,      9385,      1747,      -418,     -8361,     -8778,      -919,    -18394,    -19312,         0,         0,         0,         0,     69447,     78924,     41740,     50101
       311,    530311,124.163182,         0,         0,     71647,      1489,      6970,         0,         0,         0,         0,         0,      -613,     -9097,     -9710,         0,         0,         0,     43285,       557,      6173,        29,         0,         0,         0,         0,      -396,     -8175,     -8571,         0,         0,         0,         0,      1489,         0,       557,     72260,     81357,     43682,     51856
       312,    530312, 52.084461,         0,         0,         0,         0,      6267,        25,         0,         0,         0,         0,         0,         0,         0,         0,         0,         0,         0,         0,      5731,       171,         0,         0,         0,         0,         0,         0,         0,         0,         0,         0,         0,         0,         0,         0,         0,         0,         0,         0
       313,    530313,385.990702,         0,         0,         0,         0,      6574,       108,         0,         0,         0,         0,         0,         0,         0,         0,         0,         0,         0,         0,      6308,         0,         0,         0,         0,         0,         0,         0,         0,         0,         0,         0,         0,         0,         0,         0,         0,         0,         0,         0
       314,    530314, 93.694178,         0,         0,     63226,         0,      7877,         0,         0,         0,         0,         0,     -2105,    -12578,    -14683,         0,         0,         0,     38389,         0,      6903,        65,         0,         0,         0,         0,     -1146,     -9956,    -11102,         0,         0,         0,         0,         0,         0,         0,     65331,     77909,     39536,     49492
       315,    530315,176.707736,         0,         0,     69557,         0,      6389,         0,         0,         0,         0,         0,      -634,    -10176,    -10810,         0,         0,         0,     41866,         0,      5987,         9,         0,         0,         0,         0,      -393,     -8736,     -9129,         0,         0,         0,         0,         0,         0,         0,     70191,     80367,     42259,     50995
       316,    530316, 68.088339,         0,         0,         0,         0,      5305,         0,         0,         0,         0,         0,         0,         0,         0,         0,         0,         0,         0,         0,      5239,        35,         0,         0,         0,         0,         0,         0,         0,         0,         0,         0,         0,         0,         0,         0,         0,         0,         0,         0
       317,    530317,152.147102,      17.8,         0,         0,         0,      2268,         5,         0,         0,     40364,        87,         0,         0,         0,         0,         0,         0,         0,         0,      3621,        18,         0,         0,         0,         0,         0,         0,         0,         0,         0,         0,         0,         0,         0,         0,         0,         0,         0,         0
       318,    530318,254.661689,         0,         0,     58294,         0,      1624,         0,         0,         0,         0,         0,      -620,    -21405,    -22025,         0,         0,         0,     36882,         0,      2951,        15,         0,         0,         0,         0,      -308,    -13816,    -14123,         0,         0,         0,         0,         0,         0,         0,     58914,     80319,     37189,     51005
       319,    530319,128.809645,       3.6,         0,     71087,      1556,      4749,         0,    255914,      5602,     17096,         0,      -620,     -8629,     -9249,     -2231,    -31064,    -33295,     42909,       581,      4898,        51,         0,         0,         0,         0,      -396,     -7783,     -8179,         0,         0,         0,         0,      1556,         0,       581,     71707,     80336,     43305,     51088
       320,    530320,396.997758,         0,         0,     57964,         0,      2187,         0,         0,         0,         0,         0,      -620,    -21091,    -21711,         0,         0,         0,     36666,         0,      3097,        10,         0,         0,         0,         0,      -308,    -13545,    -13853,         0,         0,         0,         0,         0,         0,         0,     58583,     79675,     36974,     50519
       321,    530321, 86.513377,         0,         0,         0,         0,      3988,         0,         0,         0,         0,         0,         0,         0,         0,         0,         0,         0,         0,         0,      4465,        48,         0,         0,         0,         0,         0,         0,         0,         0,         0,         0,         0,         0,         0,         0,         0,         0,         0,         0
       322,    530322,169.463808,         0,         0,         0,         0,      5691,         0,         0,         0,         0,         0,         0,         0,         0,         0,         0,         0,         0,         0,      5639,         0,         0,         0,         0,         0,         0,         0,         0,         0,         0,         0,         0,         0,         0,         0,         0,         0,         0,         0
       323,    530323,677.347051,         0,         0,     61863,         0,      4176,         0,         0,         0,         0,         0,      -634,    -14060,    -14694,         0,         0,         0,     37995,         0,      4434,         0,         0,         0,         0,         0,      -261,    -10405,    -10665,         0,         0,         0,         0,         0,         0,         0,     62496,     76557,     38256,     48661
       324,    530324,193.163620,         0,         0,         0,         0,      3758,         0,         0,         0,         0,         0,         0,         0,         0,         0,         0,         0,         0,         0,      4091,         0,         0,         0,         0,         0,         0,         0,         0,         0,         0,         0,         0,         0,         0,         0,         0,         0,         0,         0
       325,    530325,267.420809,         0,         0,     70364,         0,      4753,         0,         0,         0,         0,         0,      -617,     -9517,    -10134,         0,         0,         0,     42543,         0,      4964,         2,         0,         0,         0,         0,      -378,     -8172,     -8550,         0,         0,         0,         0,         0,         0,         0,     70981,     80498,     42921,     51093
       326,    530326,760.310064,     177.9,         0,     58917,         0,       629,         0,  10481421,         0,    111818,         0,      -651,    -18119,    -18770,   -115820,  -3223392,  -3339212,     37303,         0,      1620,       178,         0,         0,         0,         0,      -306,    -11756,    -12061,         0,         0,         0,         0,         0,         0,         0,     59569,     77688,     37609,     49365
       327,    530327,381.701679,         0,         0,         0,         0,      2578,         0,         0,         0,         0,         0,         0,         0,         0,         0,         0,         0,         0,         0,      2877,         0,         0,         0,         0,         0,         0,         0,         0,         0,         0,         0,         0,         0,         0,         0,         0,         0,         0,         0
       328,    530328, 67.397586,         0,         0,         0,         0,      4089,         0,         0,         0,         0,         0,         0,         0,         0,         0,         0,         0,         0,         0,      4513,        21,         0,         0,         0,         0,         0,         0,         0,         0,         0,         0,         0,         0,         0,         0,         0,         0,         0,         0
       329,    530329,174.910379,         0,         0,         0,         0,      2169,         0,         0,         0,         0,         0,         0,         0,         0,         0,         0,         0,         0,         0,      3234,         0,         0,         0,         0,         0,         0,         0,         0,         0,         0,         0,         0,         0,         0,         0,         0,         0,         0,         0
       330,    530330,162.152669,      19.6,         0,     70519,      1545,      3397,         0,   1382175,     30274,     66589,         0,      -621,     -8038,     -8658,    -12163,   -157537,   -169700,     42564,       577,      4048,        22,         0,         0,         0,         0,      -396,     -7248,     -7644,         0,         0,         0,         0,      1545,         0,       577,     71140,     79177,     42960,     50208
       331,    530331,168.853904,         0,         0,         0,         0,      2725,         0,         0,         0,         0,         0,         0,         0,         0,         0,         0,         0,         0,         0,      3609,        18,         0,         0,         0,         0,         0,         0,         0,         0,         0,         0,         0,         0,         0,         0,         0,         0,         0,         0
       332,    530332,191.251612,         0,         0,         0,         0,      3988,         0,         0,         0,         0,         0,         0,         0,         0,         0,         0,         0,         0,         0,      4138,         0,         0,         0,         0,         0,         0,         0,         0,         0,         0,         0,         0,         0,         0,         0,         0,         0,         0,         0
       333,    530333,148.618970,         0,         0,         0,         0,      4003,         0,         0,         0,         0,         0,         0,         0,         0,         0,         0,         0,         0,         0,      4239,         0,         0,         0,         0,         0,         0,         0,         0,         0,         0,         0,         0,         0,         0,         0,         0,         0,         0,         0
       334,    530334, 92.071684,         0,         0,         0,         0,      3606,         0,         0,         0,         0,         0,         0,         0,         0,         0,         0,         0,         0,         0,      3935,         0,         0,         0,         0,         0,         0,         0,         0,         0,         0,         0,         0,         0,         0,         0,         0,         0,         0,         0
       335,    530335,234.065149,         0,         0,         0,         0,      2996,         0,         0,         0,         0,         0,         0,         0,         0,         0,         0,         0,         0,         0,      3267,         2,         0,         0,         0,         0,         0,         0,         0,         0,         0,         0,         0,         0,         0,         0,         0,         0,         0,         0
       336,    530336,314.289726,         0,         0,         0,         0,      3129,         0,         0,         0,         0,         0,         0,         0,         0,         0,         0,         0,         0,         0,      3081,         0,         0,         0,         0,         0,         0,         0,         0,         0,         0,         0,         0,         0,         0,         0,         0,         0,         0,         0
       337,    530337,134.183651,         0,         0,         0,         0,      3548,         0,         0,         0,         0,         0,         0,         0,         0,         0,         0,         0,         0,         0,      3543,         0,         0,         0,         0,         0,         0,         0,         0,         0,         0,         0,         0,         0,         0,         0,         0,         0,         0,         0
       338,    530338,334.717687,         0,         0,     53830,         0,       551,         1,         0,         0,         0,         0,      -649,    -21192,    -21842,         0,         0,         0,     33968,         0,      1337,       148,         0,         0,         0,         0,      -306,    -13787,    -14093,         0,         0,         0,         0,         0,         0,         0,     54479,     75672,     34273,     48061
       339,    530339,243.004362,     188.6,       2.1,     57918,         0,      1107,        12,  10923343,         0,    208739,      2355,      -600,    -19696,    -20296,   -113076,  -3714682,  -3827759,     36369,         0,      1658,       342,     76375,         0,      3481,       717,      -280,    -12620,    -12900,      -588,    -26501,    -27089,         0,         0,         0,         0,     58518,     78214,     36649,     49269
       340,    530340,144.806355,         0,         0,         0,         0,      2608,         0,         0,         0,         0,         0,         0,         0,         0,         0,         0,         0,         0,         0,      3119,        16,         0,         0,         0,         0,         0,         0,         0,         0,         0,         0,         0,         0,         0,         0,         0,         0,         0,         0
       341,    530341,222.655551,     328.3,      22.3,     59897,         0,      1510,        23,  19664324,         0,    495774,      7642,      -600,    -18362,    -18962,   -197037,  -6028137,  -6225174,     37669,         0,      1863,       416,    840027,         0,     41539,      9280,      -281,    -11722,    -12002,     -6257,   -261390,   -267647,         0,         0,         0,         0,     60498,     78859,     37950,     49672
       342,    530342,216.807794,         0,         0,         0,         0,      2052,         0,         0,         0,         0,         0,         0,         0,         0,         0,         0,         0,         0,         0,      2872,         4,         0,         0,         0,         0,         0,         0,         0,         0,         0,         0,         0,         0,         0,         0,         0,         0,         0,         0
       343,    530343,120.851790,         0,         0,         0,         0,      3214,         0,         0,         0,         0,         0,         0,         0,         0,         0,         0,         0,         0,         0,      3280,         0,         0,         0,         0,         0,         0,         0,         0,         0,         0,         0,         0,         0,         0,         0,         0,         0,         0,         0
       344,    530344,188.293531,         0,         0,     63526,         0,      2052,         5,         0,         0,         0,         0,      -561,    -15675,    -16236,         0,         0,         0,     39636,         0,      2179,        80,         0,         0,         0,         0,      -268,    -10351,    -10619,         0,         0,         0,         0,         0,         0,         0,     64087,     79762,     39904,     50255
       345,    530345,117.793973,         0,         0,         0,         0,      3171,         0,         0,         0,         0,         0,         0,         0,         0,         0,         0,         0,         0,         0,      3087,         0,         0,         0,         0,         0,         0,         0,         0,         0,         0,         0,         0,         0,         0,         0,         0,         0,         0,         0
       346,    530346,193.443695,         0,         0,     63574,         0,      2621,         0,         0,         0,         0,         0,      -561,    -15750,    -16311,         0,         0,         0,     39498,         0,      2531,         0,         0,         0,         0,         0,      -266,    -10686,    -10952,         0,         0,         0,         0,         0,         0,         0,     64135,     79885,     39764,     50450
       347,    530347,435.073625,     294.5,     213.8,     63641,         0,      5536,       370,  18742167,         0,   1630288,    109092,     -3190,    -14667,    -17857,   -939423,  -4319393,  -5258815,     39280,         0,      4179,       489,   8397961,         0,    893443,    104564,     -1811,    -11370,    -13181,   -387219,  -2430872,  -2818091,         0,         0,         0,         0,     66831,     81497,     41091,     52460
       348,    530348,111.237385,     112.1,         0,     70151,         0,     13721,        20,   7863917,         0,   1538083,      2274,     -1754,    -12468,    -14222,   -196634,  -1397658,  -1594292,     42615,         0,      7654,       387,         0,         0,         0,         0,      -985,    -11358,    -12343,         0,         0,         0,         0,         0,         0,         0,     71905,     84373,     43600,     54958
       349,    530349,364.859565,         0,         0,         0,         0,     14408,        25,         0,         0,         0,         0,         0,         0,         0,         0,         0,         0,         0,         0,      8896,       136,         0,         0,         0,         0,         0,         0,         0,         0,         0,         0,         0,         0,         0,         0,         0,         0,         0,         0
       350,    530350,175.711153,     175.3,     134.6,     64552,         0,      5714,       483,  11315924,         0,   1001672,     84653,     -3190,    -14003,    -17193,   -559209,  -2454658,  -3013867,     39889,         0,      4306,       611,   5369032,         0,    579522,     82299,     -1811,    -10906,    -12717,   -243799,  -1467944,  -1711743,         0,         0,         0,         0,     67742,     81744,     41700,     52606
       351,    530351,106.671663,      25.8,         0,     67475,         0,      4440,        99,   1740852,         0,    114552,      2556,     -3507,    -10326,    -13832,    -90473,   -266399,   -356872,     41833,         0,      3469,       259,         0,         0,         0,         0,     -2017,     -8719,    -10736,         0,         0,         0,         0,         0,         0,         0,     70982,     81307,     43850,     52569
       352,    530352,110.785104,     142.4,       2.1,     68139,         0,     17882,        58,   9703063,         0,   2546453,      8280,     -1772,    -12908,    -14680,   -252295,  -1838079,  -2090373,     40696,         0,      8463,       540,     85462,         0,     17771,      1135,      -991,    -11718,    -12708,     -2081,    -24607,    -26688,         0,         0,         0,         0,     69911,     82819,     41687,     53404
       353,    530353, 37.548208,      13.3,         0,     71761,      1570,     16383,        72,    954424,     20881,    217899,       959,     -1801,     -9385,    -11187,    -23956,   -124825,   -148781,     43635,       586,      8733,       530,         0,         0,         0,         0,      -962,     -9035,     -9996,         0,         0,         0,         0,      1570,         0,       586,     73562,     82948,     44597,     53631
       354,    530354,152.081248,         0,         0,     75392,      1633,     10398,        22,         0,         0,         0,         0,     -1629,     -6826,     -8455,         0,         0,         0,     45991,       609,      8007,       168,         0,         0,         0,         0,     -1023,     -7246,     -8270,         0,         0,         0,         0,      1633,         0,       609,     77020,     83847,     47014,     54260
       355,    530355,282.534931,     161.9,      14.3,     62897,         0,      8004,        16,  10183007,         0,   1295917,      2509,     -3190,    -17058,    -20248,   -516485,  -2761704,  -3278189,     38785,         0,      6302,       211,    554624,         0,     90118,      3014,     -1808,    -12830,    -14637,    -25848,   -183467,   -209315,         0,         0,         0,         0,     66087,     83145,     40592,     53422
       356,    530356, 79.774437,         0,         0,     74202,      1610,      8307,        10,         0,         0,         0,         0,     -1661,     -7142,     -8803,         0,         0,         0,     45197,       600,      6583,       129,         0,         0,         0,         0,     -1031,     -7421,     -8452,         0,         0,         0,         0,      1610,         0,       600,     75863,     83005,     46228,     53649
       357,    530357, 29.685618,      45.4,      10.7,     70090,      1559,     17110,        90,   3182089,     70799,    776781,      4086,     -1765,    -10772,    -12538,    -80147,   -489056,   -569203,     42022,       582,      8705,       639,    449640,      6229,     93140,      6837,      -989,    -10331,    -11320,    -10587,   -110539,   -121126,         0,      1559,         0,       582,     71855,     82628,     43012,     53343
       358,    530358,269.568877,     117.4,     134.2,     66339,         0,      5953,       305,   7788249,         0,    698857,     35760,     -1505,    -14144,    -15650,   -176739,  -1660555,  -1837294,     41206,         0,      4488,       376,   5529799,         0,    602353,     50494,      -889,    -10718,    -11606,   -119238,  -1438332,  -1557570,         0,         0,         0,         0,     67845,     81989,     42094,     52812
       359,    530359,124.047735,     164.6,      16.6,     71763,      1590,     21751,       132,  11812231,    261724,   3580225,     21754,     -1753,     -9786,    -11539,   -288536,  -1610735,  -1899271,     43150,       593,      9643,       647,    716282,      9849,    160069,     10736,      -981,     -9677,    -10658,    -16289,   -160631,   -176920,         0,      1590,         0,       593,     73516,     83302,     44131,     53807
       360,    530360,162.627250,         0,         0,     75793,      1641,     12704,        43,         0,         0,         0,         0,     -1614,     -6763,     -8377,         0,         0,         0,     46217,       612,      8890,       242,         0,         0,         0,         0,     -1037,     -7414,     -8451,         0,         0,         0,         0,      1641,         0,       612,     77406,     84169,     47254,     54668
       361,    530361,236.593848,     286.5,     123.9,     74178,      3526,     24702,       228,  21251882,   1010200,   7077056,     65311,     -1772,     -7786,     -9558,   -507656,  -2230706,  -2738362,     44831,      1494,     11019,       959,   5554523,    185060,   1365281,    118790,      -978,     -8479,     -9457,   -121166,  -1050564,  -1171731,      3526,      1636,      1494,       610,     75950,     83736,     45809,     54288
       362,    530362,1581.51526,         0,         0,         0,         0,      4022,         0,         0,         0,         0,         0,         0,         0,         0,         0,         0,         0,         0,         0,      3407,         2,         0,         0,         0,         0,         0,         0,         0,         0,         0,         0,         0,         0,         0,         0,         0,         0,         0,         0
       363,    530363,330.575687,         0,         0,     58714,         0,      4873,        42,         0,         0,         0,         0,     -1716,    -17678,    -19393,         0,         0,         0,     35959,         0,      3829,        37,         0,         0,         0,         0,     -1022,    -13847,    -14869,         0,         0,         0,         0,         0,         0,         0,     60430,     78108,     36981,     50828
       364,    530364,297.178905,         0,         0,     66508,         0,      5684,       187,         0,         0,         0,         0,     -1507,    -13729,    -15236,         0,         0,         0,     41318,         0,      4346,       196,         0,         0,         0,         0,      -889,    -10462,    -11352,         0,         0,         0,         0,         0,         0,         0,     68014,     81743,     42208,     52670
       365,    530365, 99.425989,      74.7,         0,     72306,      2534,     20294,       183,   5401240,    189323,   1515994,     13655,     -1796,     -8903,    -10699,   -134151,   -665042,   -799193,     43551,      1613,     10303,       852,         0,         0,         0,         0,      -985,     -9055,    -10040,         0,         0,         0,      2534,      1599,      1613,       597,     74102,     83004,     44536,     53591
       366,    530366, 71.339693,      48.9,       1.2,     67577,         0,      7377,       128,   3304502,         0,    360717,      6278,     -1718,    -11316,    -13034,    -84008,   -553347,   -637354,     41741,         0,      5774,       324,     50089,         0,      6929,       389,     -1039,     -9360,    -10399,     -1246,    -11232,    -12479,         0,         0,         0,         0,     69295,     80611,     42779,     52140
       367,    530367, 50.196603,         0,         0,     75427,      1633,      9376,        17,         0,         0,         0,         0,     -1627,     -6373,     -7999,         0,         0,         0,     46014,       609,      7355,       282,         0,         0,         0,         0,     -1023,     -6872,     -7895,         0,         0,         0,         0,      1633,         0,       609,     77054,     83426,     47037,     53909
       368,    530368,117.398562,     103.2,       2.1,     74614,      1997,     11115,        47,   7700159,    206079,   1147045,      4814,     -1646,     -7298,     -8943,   -169833,   -753121,   -922954,     45559,      1791,      8431,       325,     95675,      3760,     17705,       683,     -1001,     -7390,     -8391,     -2101,    -15520,    -17621,      1997,      1617,      1791,       603,     76260,     83557,     46560,     53950
       369,    530369,198.898937,     130.8,         0,     75498,      1635,     14278,       146,   9875171,    213863,   1867538,     19161,     -1645,     -7135,     -8779,   -215142,   -933211,  -1148353,     46065,       853,      9492,       599,         0,         0,         0,         0,     -1022,     -7680,     -8702,         0,         0,         0,      1445,      1635,       853,       610,     77143,     84278,     47087,     54767
       370,    530370,136.940529,         0,         0,     70060,         0,      9948,        21,         0,         0,         0,         0,     -1682,    -10678,    -12360,         0,         0,         0,     43011,         0,      7793,       347,         0,         0,         0,         0,     -1025,     -9019,    -10044,         0,         0,         0,         0,         0,         0,         0,     71741,     82419,     44035,     53054
       371,    530371,106.506269,     212.6,      62.8,     72498,      2965,     18627,       193,  15413160,    630350,   3960030,     41024,     -1687,     -7394,     -9081,   -358675,  -1572039,  -1930714,     44393,      1544,     10510,      1029,   2787885,     96936,    660004,     64636,      -924,     -7292,     -8216,    -58052,   -457922,   -515975,      2965,      1576,      1544,       588,     74185,     81580,     45317,     52609
       372,    530372,151.575887,     297.2,      80.1,     76107,      4182,     28049,       714,  22618947,   1242972,   8336143,    212224,     -1700,     -6093,     -7793,   -505137,  -1810973,  -2316109,     46106,      2398,     12449,      1298,   3693091,    192115,    997156,    103941,     -1010,     -7391,     -8401,    -80888,   -591992,   -672880,      4182,      1642,      2398,       593,     77806,     83900,     47116,     54507
       373,    530373,110.201722,         0,      21.3,     75882,      4195,     14272,       151,         0,         0,         0,         0,     -1602,     -6650,     -8252,         0,         0,         0,     46318,      2730,      9615,       781,    986580,     58141,    204790,     16639,     -1020,     -7239,     -8259,    -21721,   -154192,   -175914,      4195,      1609,      2730,       581,     77484,     84134,     47338,     54577
       374,    530374,196.738239,     362.1,      16.1,     74963,      3778,     24634,       808,  27143994,   1367852,   8919853,    292523,     -1693,     -6309,     -8002,   -613009,  -2284581,  -2897589,     45558,      1828,     11968,      1266,    733483,     29433,    192685,     20389,      -915,     -6943,     -7858,    -14728,   -111785,   -126513,      3778,      1611,      1828,       582,     76656,     82965,     46473,     53416
       375,    530375,234.476299,     205.5,      41.4,     77149,      4645,     34348,       611,  15854130,    954611,   7058571,    125512,     -1513,     -5362,     -6874,   -310839,  -1101801,  -1412640,     46831,      2593,     13817,       746,   1938799,    107331,    572012,     30870,      -937,     -7005,     -7942,    -38784,   -290007,   -328791,      4451,      4645,      2593,      1311,     78662,     84023,     47768,     54773
       376,    530376, 81.264377,      56.9,      26.3,     76193,      3602,     13937,       133,   4335378,    204973,    793029,      7557,     -1569,     -6437,     -8006,    -89266,   -366251,   -455517,     46603,      2910,      9607,       900,   1225655,     76538,    252654,     23675,      -994,     -7033,     -8026,    -26134,   -184956,   -211091,      3602,      1614,      2910,       583,     77762,     84199,     47597,     54629
       377,    530377,170.455031,     177.1,      11.5,     75052,      2350,     12600,        74,  13291659,    416174,   2231476,     13115,     -1679,     -7188,     -8867,   -297382,  -1273024,  -1570406,     45899,      2152,      9187,       677,    527833,     24748,    105648,      7783,     -1020,     -7338,     -8358,    -11732,    -84384,    -96116,      2350,      1625,      2152,       606,     76731,     83919,     46919,     54256
       378,    530378,154.546825,     398.6,      95.1,     70778,      2344,     18195,       592,  28211912,    934500,   7252409,    236002,     -1966,     -8667,    -10633,   -783449,  -3454671,  -4238120,     43270,      2661,     10769,      1181,   4115022,    253025,   1024099,    112344,     -1088,     -7968,     -9056,   -103474,   -757756,   -861229,      2344,         0,      2661,         0,     72743,     81410,     44359,     52327
       379,    530379,282.454235,         0,         0,     64475,         0,     10231,        46,         0,         0,         0,         0,     -1718,    -17082,    -18800,         0,         0,         0,     39732,         0,      8192,        59,         0,         0,         0,         0,     -1032,    -12688,    -13720,         0,         0,         0,         0,         0,         0,         0,     66193,     83276,     40764,     53452
       380,    530380, 76.137165,     138.8,      42.2,     74419,      1757,     22707,      1399,  10329307,    243916,   3151684,    194201,     -1852,     -6588,     -8440,   -257116,   -914397,  -1171513,     45523,      2959,     11948,      1500,   1921067,    124853,    504215,     63285,     -1044,     -6766,     -7810,    -44073,   -285521,   -329594,      1757,      1618,      2959,       603,     76271,     82859,     46567,     53333
       381,    530381, 41.794157,      81.9,       7.7,     74651,      2873,     25573,      2368,   6113954,    235282,   2094431,    193907,     -1894,     -6719,     -8612,   -155104,   -550249,   -705352,     45567,      2562,     12685,      1408,    350867,     19724,     97672,     10842,     -1101,     -7022,     -8124,     -8480,    -54072,    -62552,      2873,      1625,      2562,       606,     76545,     83264,     46668,     53691
       382,    530382,154.480497,      48.0,         0,     71047,       115,     11844,        27,   3410234,      5544,    568511,      1317,     -1681,    -10594,    -12276,    -80710,   -508523,   -589233,     43680,       546,      8962,       341,         0,         0,         0,         0,     -1024,     -8893,     -9916,         0,         0,         0,       115,         0,       546,         0,     72728,     83322,     44704,     53596
       383,    530383,103.898398,     145.9,     301.1,     75546,      4517,     32888,      3274,  11022121,    659002,   4798363,    477655,     -1668,     -6144,     -7812,   -243293,   -896448,  -1139741,     45727,      2638,     14121,      1079,  13768308,    794246,   4251832,    324940,      -957,     -7173,     -8130,   -288240,  -2159805,  -2448045,      4022,      4517,      2638,      1219,     77213,     83358,     46684,     53857
       384,    530384,342.334683,         0,      47.6,     62663,         0,      8871,        48,         0,         0,         0,         0,     -1717,    -18359,    -20076,         0,         0,         0,     38543,         0,      7288,         9,   1834670,         0,    346931,       425,     -1027,    -13507,    -14534,    -48881,   -642948,   -691829,         0,         0,         0,         0,     64380,     82739,     39570,     53078
       385,    530385, 87.237685,     345.2,      30.8,     72753,      1926,     15861,       161,  25114376,    665004,   5475232,     55644,     -1807,     -9062,    -10869,   -623838,  -3128100,  -3751938,     44812,      2361,     10348,      1018,   1380197,     72717,    318706,     31348,      -984,     -8374,     -9358,    -30294,   -257923,   -288217,      1926,      1050,      2361,       486,     74560,     83622,     45795,     54169
       386,    530386, 72.803102,         0,         0,     73091,      2718,     17963,       348,         0,         0,         0,         0,     -1881,     -6787,     -8668,         0,         0,         0,     44936,      3112,     10978,      1297,         0,         0,         0,         0,     -1054,     -6607,     -7661,         0,         0,         0,      2718,      1577,      3112,       588,     74972,     81760,     45990,     52597
       387,    530387,149.081807,     229.5,     122.5,     74302,      2622,     21093,      1201,  17052255,    601669,   4840838,    275572,     -1849,     -6324,     -8173,   -424247,  -1451431,  -1875678,     45614,      3272,     11818,      1298,   5587732,    400812,   1447709,    158992,     -1031,     -6373,     -7404,   -126275,   -780731,   -907007,      2622,      1609,      3272,       600,     76150,     82475,     46645,     53018
       388,    530388, 67.762616,      81.9,     273.8,     74725,      4952,     28184,      3535,   6119971,    405545,   2308309,    289477,     -1735,     -6232,     -7966,   -142067,   -510362,   -652429,     45388,      2606,     13476,      1206,  12427229,    713455,   3689643,    330085,     -1013,     -6726,     -7738,   -277266,  -1841474,  -2118741,      4952,      4682,      2606,      1316,     76460,     82691,     46401,     53126
       389,    530389, 45.452859,       3.6,         0,     73237,      1911,     13732,        67,    263653,      6881,     49436,       242,     -1650,     -8639,    -10289,     -5938,    -31101,    -37039,     44961,      1970,      9686,       853,         0,         0,         0,         0,      -993,     -7915,     -8908,         0,         0,         0,      1911,      1586,      1970,       592,     74886,     83526,     45954,     53870
       390,    530390, 44.780703,      66.7,     793.8,     73639,      2097,     24996,      2067,   4911716,    139849,   1667204,    137844,     -1809,     -6455,     -8264,   -120658,   -430522,   -551180,     44975,      3028,     12864,      1299,  35701171,   2403323,  10211573,   1031503,     -1009,     -6490,     -7500,   -801293,  -5152140,  -5953433,      2097,      1619,      3028,       585,     75448,     81902,     45984,     52475
       391,    530391, 71.949134,     109.4,     698.9,     76607,      4477,     33060,      4257,   8380788,    489774,   3616776,    465738,     -1608,     -5254,     -6862,   -175928,   -574754,   -750681,     46490,      3151,     14486,       872,  32492046,   2202141,  10123975,    609742,     -1044,     -6398,     -7442,   -729321,  -4471649,  -5200970,      4263,      4477,      3151,      1090,     78215,     83469,     47534,     53932
       392,    530392,121.064744,     193.1,     206.7,     79143,      4413,     40933,      2634,  15282580,    852057,   7904230,    508536,      -647,     -4124,     -4771,   -124921,   -796349,   -921271,     48263,      1187,     15987,       962,   9975860,    245402,   3304553,    198919,      -517,     -5864,     -6382,   -106894,  -1212183,  -1319077,      2582,      4413,      1085,      1187,     79790,     83914,     48780,     54644
       393,    530393,133.606858,     331.0,      10.7,     71960,      1637,     17250,        76,  23818870,    541991,   5709757,     25092,     -1816,     -9801,    -11617,   -601081,  -3244018,  -3845099,     44293,      1841,     10949,       723,    473934,     19699,    117159,      7740,      -994,     -8753,     -9746,    -10632,    -93654,   -104287,      1637,      1039,      1841,       481,     73776,     83577,     45287,     54039
       394,    530394, 45.553666,         0,       8.0,     74254,      1950,     19714,       358,         0,         0,         0,         0,     -1871,     -6351,     -8222,         0,         0,         0,     45699,      2786,     11654,      1213,    365592,     22285,     93232,      9705,     -1047,     -6289,     -7336,     -8379,    -50309,    -58688,      1950,      1600,      2786,       597,     76125,     82476,     46746,     53035
       395,    530395, 22.196008,      37.4,      26.5,     77247,      4708,     29588,      3966,   2889040,    176072,   1106587,    148314,     -1551,     -4811,     -6362,    -58013,   -179928,   -237941,     47097,      2024,     14092,       909,   1248068,     53635,    373436,     24093,     -1000,     -6061,     -7061,    -26507,   -160613,   -187120,      2804,      4708,      2024,      1311,     78798,     83609,     48097,     54158
       396,    530396, 20.790710,      33.8,      50.6,     76835,      4643,     27868,      3096,   2597030,    156935,    941932,    104659,     -1634,     -4769,     -6402,    -55213,   -161180,   -216393,     46955,      2077,     13712,      1029,   2375924,    105116,    693815,     52084,      -988,     -5840,     -6828,    -49993,   -295500,   -345493,      2686,      4643,      2077,      1307,     78469,     83237,     47943,     53783
       397,    530397, 20.668683,      37.4,      49.3,     73638,      2443,     26598,      2292,   2754049,     91361,    994778,     85735,     -1808,     -6619,     -8427,    -67618,   -247544,   -315162,     45051,      1934,     13498,      1040,   2221022,     95332,    665460,     51252,     -1007,     -6509,     -7516,    -49654,   -320900,   -370554,      2443,      1618,      1934,       584,     75446,     82064,     46058,     52567
       398,    530398, 49.806596,     190.4,         0,     75326,      1650,     23258,      1205,  14342040,    314159,   4428341,    229431,     -1828,     -5755,     -7583,   -348146,  -1095664,  -1443810,     46323,      2964,     12659,      1044,         0,         0,         0,         0,     -1027,     -6022,     -7048,         0,         0,         0,      1650,      1629,      2964,       608,     77154,     82909,     47350,     53371
       399,    530399, 66.299709,      55.2,    1380.3,     76608,      4477,     33729,      5174,   4228740,    247126,   1861818,    285630,     -1608,     -5231,     -6839,    -88764,   -288770,   -377534,     46491,      3163,     14895,       763,  64171347,   4365253,  20559154,   1053152,     -1043,     -6373,     -7416,  -1440331,  -8796572, -10236904,      4281,      4477,      3163,      1090,     78216,     83447,     47534,     53907
       400,    530400,415.629415,         0,         0,         0,         0,      5547,         5,         0,         0,         0,         0,         0,         0,         0,         0,         0,         0,         0,         0,      4770,        13,         0,         0,         0,         0,         0,         0,         0,         0,         0,         0,         0,         0,         0,         0,         0,         0,         0,         0
       401,    530401, 10.872975,      13.3,         0,     75462,      4344,     30686,      4325,   1003647,     57776,    408119,     57523,     -1735,     -5925,     -7660,    -23075,    -78802,   -101877,     46038,      2062,     14411,       818,         0,         0,         0,         0,      -996,     -6648,     -7644,         0,         0,         0,      4344,      1613,      2062,       583,     77197,     83122,     47034,     53682
       402,    530402, 21.450428,      33.8,       2.7,     76010,      2479,     29204,      3280,   2569130,     83798,    987094,    110875,     -1712,     -5502,     -7214,    -57880,   -185955,   -243835,     46566,      1837,     14207,       827,    125728,      4960,     38360,      2232,      -981,     -6211,     -7192,     -2649,    -16770,    -19419,      2479,      1622,      1837,       586,     77722,     83224,     47547,     53758
       403,    530403, 20.029659,      44.5,       2.1,     74918,      2276,     27017,      2079,   3333844,    101269,   1202279,     92515,     -1797,     -6439,     -8236,    -79952,   -286552,   -366504,     46079,      1757,     13731,       937,     96766,      3689,     28835,      1968,     -1020,     -6518,     -7538,     -2142,    -13688,    -15831,      2276,      1624,      1757,       606,     76715,     83154,     47099,     53618
       404,    530404,135.580949,      64.9,       4.8,     73616,      1811,     22719,       518,   4777675,    117562,   1474464,     33597,     -1815,     -7156,     -8971,   -117770,   -464445,   -582216,     45355,      2361,     12697,       970,    217705,     11332,     60944,      4658,     -1026,     -6652,     -7678,     -4925,    -31930,    -36855,      1811,      1589,      2361,       593,     75431,     82587,     46381,     53033
       405,    530405, 17.578673,       2.7,         0,     75088,      4357,     31292,      4310,    202737,     11765,     84490,     11636,     -1747,     -6352,     -8099,     -4717,    -17151,    -21867,     45960,      1936,     14667,       746,         0,         0,         0,         0,      -985,     -6806,     -7790,         0,         0,         0,      4357,      1636,      1936,       610,     76835,     83187,     46945,     53751
       406,    530406, 28.083918,       2.7,         0,     75157,      2224,     30308,      3050,    202923,      6004,     81831,      8234,     -1744,     -6274,     -8018,     -4709,    -16940,    -21649,     46005,      1650,     14608,       636,         0,         0,         0,         0,      -984,     -6713,     -7698,         0,         0,         0,      2224,      1637,      1650,       611,     76901,     83175,     46989,     53702
       407,    530407, 22.440861,      37.4,      18.2,     75177,      1632,     28237,      2103,   2811607,     61043,   1056060,     78667,     -1709,     -6215,     -7924,    -63921,   -232432,   -296353,     46065,      1461,     14134,       778,    838390,     26583,    257231,     14155,      -972,     -6535,     -7507,    -17682,   -118943,   -136626,       940,      1632,      1461,       609,     76886,     83101,     47037,     53572
       408,    530408, 39.036270,      31.1,       1.2,     74000,      1599,     26436,       503,   2301388,     49734,    822174,     15632,     -1775,     -7146,     -8921,    -55206,   -222229,   -277435,     45596,      1028,     13894,       729,     54716,      1233,     16673,       875,     -1008,     -6902,     -7911,     -1210,     -8283,     -9493,       188,      1599,      1028,       597,     75775,     82920,     46605,     53507
       409,    530409,114.040685,     197.5,      96.5,     71377,         0,     22898,       178,  14096919,         0,   4522423,     35226,     -1758,     -9200,    -10958,   -347136,  -1816993,  -2164129,     43920,         0,     12977,       595,   4238301,         0,   1252277,     57464,     -1008,     -8033,     -9041,    -97313,   -775188,   -872501,         0,         0,         0,         0,     73134,     82334,     44929,     52962
       410,    530410,208.291728,       7.1,      59.9,     64231,         0,     11987,       102,    456038,         0,     85111,       726,     -2138,    -13513,    -15651,    -15181,    -95941,   -111122,     40201,         0,      9128,        22,   2408040,         0,    546740,      1304,     -1123,    -10421,    -11544,    -67250,   -624227,   -691478,         0,         0,         0,         0,     66369,     79882,     41324,     51745
       411,    530411,266.812737,      38.3,      17.7,     66150,         0,     18495,       490,   2533552,         0,    708372,     18779,     -2069,    -13422,    -15491,    -79239,   -514067,   -593305,     41056,         0,     11557,       400,    726684,         0,    204567,      7078,     -1107,    -10272,    -11379,    -19587,   -181813,   -201400,         0,         0,         0,         0,     68219,     81641,     42162,     52434
       412,    530412, 27.004968,      65.8,      25.3,     73993,      1599,     28700,      1027,   4868746,    105224,   1888439,     67608,     -1775,     -7261,     -9036,   -116814,   -477762,   -594576,     45592,       597,     14477,       628,   1153487,     15095,    366278,     15896,     -1008,     -7030,     -8038,    -25514,   -177856,   -203370,         0,      1599,         0,       597,     75768,     83029,     46601,     53631
       413,    530413, 26.940105,         0,         0,     72835,      1564,     25730,       274,         0,         0,         0,         0,     -1722,     -8121,     -9843,         0,         0,         0,     44801,       584,     13802,       633,         0,         0,         0,         0,     -1000,     -7486,     -8486,         0,         0,         0,         0,      1564,         0,       584,     74557,     82677,     45801,     53287
       414,    530414, 47.844784,         0,         0,     73782,      1590,     29496,      1191,         0,         0,         0,         0,     -1458,     -7148,     -8607,         0,         0,         0,     45057,       593,     14826,       514,         0,         0,         0,         0,      -766,     -6970,     -7736,         0,         0,         0,         0,      1590,         0,       593,     75240,     82389,     45823,     52793
       415,    530415,262.210654,      12.5,       5.3,     59581,         0,      6169,         5,    744757,         0,     77117,        66,     -2194,    -15371,    -17565,    -27425,   -192142,   -219567,     37801,         0,      5342,        13,    200348,         0,     28312,        66,     -1145,    -11468,    -12613,     -6066,    -60782,    -66848,         0,         0,         0,         0,     61775,     77146,     38946,     50414
       416,    530416, 52.813344,      84.5,       9.5,     71968,      1542,     27858,       250,   6081286,    130277,   2354021,     21126,     -1802,     -9051,    -10853,   -152262,   -764837,   -917099,     44402,       576,     14537,       493,    421821,      5469,    138101,      4687,      -987,     -7938,     -8924,     -9372,    -75407,    -84779,         0,      1542,         0,       576,     73770,     82821,     45389,     53326
       417,    530417,540.724329,     113.9,     517.8,     67359,         0,     16203,       641,   7672242,         0,   1845548,     73000,     -2047,    -11926,    -13973,   -233176,  -1358400,  -1591577,     41833,         0,     10834,       261,  21660979,         0,   5609922,    135272,     -1102,     -9297,    -10399,   -570371,  -4814043,  -5384415,         0,         0,         0,         0,     69407,     81333,     42934,     52231
       418,    530418, 90.982602,      41.8,      34.5,     71249,         0,     24448,       306,   2978192,         0,   1021917,     12777,     -1807,     -9365,    -11172,    -75524,   -391472,   -466996,     43944,         0,     13605,       520,   1516065,         0,    469384,     17954,      -990,     -7997,     -8987,    -34153,   -275894,   -310047,         0,         0,         0,         0,     73055,     82421,     44934,     52931
       419,    530419,114.744676,      98.8,       6.0,     69305,         0,     31940,       936,   6847322,         0,   3155702,     92488,     -1699,    -10637,    -12336,   -167840,  -1050918,  -1218758,     42219,         0,     15574,       459,    253312,         0,     93446,      2753,      -904,     -8740,     -9644,     -5422,    -52439,    -57861,         0,         0,         0,         0,     71004,     81640,     43122,     51862
       420,    530420,139.130666,     146.8,      32.7,     71764,         0,     37286,      1297,  10534948,         0,   5473540,    190367,     -1618,     -8600,    -10218,   -237571,  -1262492,  -1500064,     43521,         0,     16742,       966,   1423138,         0,    547470,     31588,      -889,     -7786,     -8675,    -29066,   -254606,   -283672,         0,         0,         0,         0,     73382,     81982,     44410,     52196
       421,    530421, 65.843552,      16.9,       2.7,     70993,         0,     28442,       244,   1199778,         0,    480674,      4123,     -1818,     -9734,    -11552,    -30718,   -164508,   -195226,     43716,         0,     14770,       491,    118034,         0,     39879,      1325,      -992,     -8330,     -9322,     -2679,    -22491,    -25170,         0,         0,         0,         0,     72810,     82545,     44708,     53038
       422,    530422, 87.822950,      89.9,      56.8,     70615,         0,     24420,       306,   6348296,         0,   2195320,     27520,     -1823,     -9647,    -11469,   -163852,   -867230,  -1031082,     43476,         0,     13676,       478,   2469429,         0,    776813,     27128,      -995,     -8219,     -9214,    -56523,   -466842,   -523364,         0,         0,         0,         0,     72438,     82084,     44471,     52690
       423,    530423,262.588659,     104.1,     107.7,     67613,         0,     18930,       681,   7038501,         0,   1970564,     70888,     -1965,    -11710,    -13675,   -204535,  -1218997,  -1423532,     41695,         0,     11863,       501,   4490565,         0,   1277687,     53942,     -1127,     -9331,    -10458,   -121389,  -1004918,  -1126307,         0,         0,         0,         0,     69578,     81288,     42822,     52153
       424,    530424,175.160042,     131.7,      45.1,     73049,      5349,     44155,       886,   9620580,    704480,   5815211,    116664,     -1623,     -7888,     -9511,   -213737,  -1038906,  -1252643,     44099,      1840,     18138,      1134,   1988856,     82966,    818038,     51125,      -925,     -7799,     -8724,    -41704,   -351734,   -393438,      5349,       820,      1840,       338,     74672,     82561,     45023,     52822
       425,    530425,726.834154,      32.0,       1.1,     57726,         0,      9415,         1,   1847246,         0,    301285,        35,     -1544,    -17111,    -18654,    -49394,   -547541,   -596934,     35147,         0,      7906,        32,     38662,         0,      8697,        35,      -786,    -13076,    -13862,      -864,    -14384,    -15248,         0,         0,         0,         0,     59270,     76381,     35933,     49009
       426,    530426,150.825782,      24.0,      72.2,     70404,         0,     28868,       241,   1689701,         0,    692824,      5786,     -1674,     -9174,    -10848,    -40182,   -220176,   -260358,     42916,         0,     14879,       473,   3098524,         0,   1074275,     34153,      -899,     -7694,     -8593,    -64915,   -555474,   -620389,         0,         0,         0,         0,     72078,     81252,     43815,     51508
       427,    530427,120.030741,     231.3,     156.4,     73980,       831,     39101,       421,  17111633,    192227,   9044077,     97472,     -1551,     -6870,     -8421,   -358740,  -1589119,  -1947860,     44704,       342,     17215,       764,   6991695,     53440,   2692496,    119547,      -900,     -6924,     -7824,   -140763,  -1082886,  -1223649,         0,       831,         0,       342,     75531,     82402,     45604,     52528
       428,    530428, 80.731545,     164.6,      48.2,     72751,       830,     34744,       401,  11974812,    136686,   5718796,     65947,     -1534,     -7480,     -9014,   -252480,  -1231242,  -1483722,     44130,       365,     16298,       652,   2127082,     17586,    785582,     31440,      -859,     -6966,     -7826,    -41425,   -335768,   -377193,         0,       830,         0,       365,     74285,     81765,     44990,     51956
       429,    530429,180.013073,     193.1,      54.2,     67802,         0,     18469,       268,  13092558,         0,   3566311,     51773,     -1696,    -11148,    -12844,   -327533,  -2152655,  -2480189,     41698,         0,     11740,       445,   2260014,         0,    636293,     24138,      -856,     -8913,     -9769,    -46380,   -483111,   -529492,         0,         0,         0,         0,     69498,     80646,     42553,     51467
       430,    530430, 51.261573,      25.8,      17.3,     69048,         0,     23678,       238,   1781429,         0,    610905,      6142,     -1593,    -11158,    -12751,    -41104,   -287867,   -328971,     42526,         0,     13435,       480,    735693,         0,    232422,      8310,      -860,     -8791,     -9651,    -14883,   -152079,   -166962,         0,         0,         0,         0,     70641,     81798,     43386,     52177
       431,    530431, 33.099208,         0,         0,     74535,       840,     45631,      1039,         0,         0,         0,         0,     -1613,     -6664,     -8277,         0,         0,         0,     44904,       345,     18581,       529,         0,         0,         0,         0,     -1025,     -7195,     -8219,         0,         0,         0,         0,       840,         0,       345,     76148,     82812,     45928,     53123
       432,    530432,165.479049,      81.0,      34.3,     71616,         0,     27840,       209,   5800889,         0,   2255019,     16902,     -1525,     -8167,     -9691,   -123485,   -661522,   -785007,     43638,         0,     14511,       373,   1496792,         0,    497725,     12788,      -799,     -7077,     -7876,    -27402,   -242746,   -270149,         0,         0,         0,         0,     73140,     81307,     44437,     51514
       433,    530433,160.892188,         0,     131.1,     73924,       831,     38132,       446,         0,         0,         0,         0,     -1632,     -6988,     -8620,         0,         0,         0,     44586,       342,     17042,       510,   5845287,     44795,   2234206,     66887,      -979,     -7077,     -8056,   -128387,   -927733,  -1056120,         0,       831,         0,       342,     75556,     82544,     45566,     52642
       434,    530434, 68.150139,      79.2,       6.3,     66938,         0,     19527,       108,   5301493,         0,   1546555,      8546,     -1486,    -12082,    -13568,   -117727,   -956886,  -1074613,     41034,         0,     12077,       437,    258513,         0,     76086,      2754,      -740,     -9287,    -10027,     -4662,    -58507,    -63169,         0,         0,         0,         0,     68425,     80506,     41774,     51061
       435,    530435, 80.234648,       7.1,         0,     72764,       834,     33038,       398,    516627,      5922,    234568,      2823,     -1511,     -7282,     -8794,    -10730,    -51705,    -62435,     44044,       366,     15883,       534,         0,         0,         0,         0,      -842,     -6871,     -7714,         0,         0,         0,         0,       834,         0,       366,     74276,     81558,     44886,     51758
       436,    530436, 72.203274,      24.9,         0,     69439,         0,     22371,       141,   1729036,         0,    557026,      3509,     -1463,    -10327,    -11790,    -36433,   -257134,   -293567,     42670,         0,     12986,       406,         0,         0,         0,         0,      -734,     -8145,     -8879,         0,         0,         0,         0,         0,         0,         0,     70902,     81229,     43403,     51549
       437,    530437,155.745329,      48.0,       8.0,     72352,       737,     35090,       203,   3472888,     35371,   1684311,      9748,     -1646,     -8655,    -10301,    -79029,   -415425,   -494454,     43748,       308,     16272,       414,    349981,      2462,    130175,      3316,      -896,     -8108,     -9004,     -7171,    -64863,    -72034,         0,       737,         0,       308,     73998,     82653,     44644,     52752
       438,    530438, 81.931531,     134.3,      55.3,     72192,       730,     30171,       193,   9695372,     97996,   4051961,     25981,     -1514,     -8647,    -10162,   -203395,  -1161325,  -1364719,     43791,       305,     15061,       487,   2421657,     16869,    832856,     26937,      -812,     -7886,     -8698,    -44902,   -436113,   -481015,         0,       730,         0,       305,     73706,     82354,     44603,     52490
       439,    530439,161.341894,      42.7,      36.7,     70816,         0,     25139,       139,   3023860,         0,   1073441,      5944,     -1619,     -9699,    -11318,    -69150,   -414141,   -483291,     43179,         0,     13684,       508,   1584662,         0,    502186,     18642,      -869,     -8288,     -9157,    -31904,   -304152,   -336056,         0,         0,         0,         0,     72436,     82135,     44048,     52336
       440,    530440, 78.218940,       5.3,         0,     70488,         0,     20220,        96,    373586,         0,    107163,       507,     -1555,     -9174,    -10729,     -8242,    -48624,    -56866,     43155,         0,     12256,       423,         0,         0,         0,         0,      -823,     -7608,     -8432,         0,         0,         0,         0,         0,         0,         0,     72043,     81217,     43979,     51587
       441,    530441,148.611517,     137.0,      19.9,     67163,         0,     16239,        37,   9201272,         0,   2224675,      5135,     -1487,    -11198,    -12685,   -203698,  -1534133,  -1737831,     41178,         0,     10875,       327,    819445,         0,    216420,      6508,      -736,     -8704,     -9440,    -14644,   -173203,   -187848,         0,         0,         0,         0,     68649,     79847,     41914,     50618
       442,    530442,329.104060,     290.9,      13.5,     68250,         0,     11865,        36,  19853936,         0,   3451547,     10580,     -1629,    -10458,    -12086,   -473835,  -3042111,  -3515945,     42079,         0,      9174,       368,    568071,         0,    123849,      4974,      -894,     -8200,     -9095,    -12076,   -110702,   -122778,         0,         0,         0,         0,     69879,     80336,     42974,     51174
       443,    530443, 40.354802,      51.6,       1.1,     73287,       745,     30650,       145,   3781606,     38455,   1581561,      7501,     -1582,     -7563,     -9145,    -81644,   -390256,   -471900,     44274,       311,     15029,       575,     48702,       342,     16532,       632,      -895,     -7301,     -8196,      -985,     -8031,     -9016,         0,       745,         0,       311,     74869,     82432,     45169,     52470
       444,    530444, 95.027643,     102.3,       9.2,     72286,       732,     25242,       126,   7394835,     74854,   2582296,     12878,     -1610,     -8060,     -9670,   -164706,   -824535,   -989241,     43938,       306,     13638,       544,    404232,      2814,    125467,      5000,      -882,     -7290,     -8172,     -8114,    -67071,    -75184,         0,       732,         0,       306,     73896,     81956,     44820,     52110
       445,    530445,150.002837,      60.5,       3.8,     68615,         0,     18255,        85,   4151200,         0,   1104450,      5172,     -1623,    -11210,    -12834,    -98198,   -678231,   -776429,     42159,         0,     11547,       508,    160204,         0,     43878,      1931,      -885,     -8736,     -9620,     -3361,    -33196,    -36557,         0,         0,         0,         0,     70238,     81448,     43044,     51779
       446,    530446,627.300806,         0,         0,     62033,         0,      5581,         4,         0,         0,         0,         0,     -1636,    -16303,    -17939,         0,         0,         0,     38753,         0,      6217,        91,         0,         0,         0,         0,      -884,    -11278,    -12162,         0,         0,         0,         0,         0,         0,         0,     63669,     79972,     39637,     50915
       447,    530447, 79.138693,     137.9,       7.2,     70656,         0,     23918,       134,   9743470,         0,   3298284,     18519,     -1683,     -9303,    -10986,   -232053,  -1282917,  -1514970,     42827,         0,     13175,       428,    308357,         0,     94862,      3079,      -903,     -8066,     -8969,     -6502,    -58076,    -64578,         0,         0,         0,         0,     72339,     81642,     43730,     51797
       448,    530448,156.177057,       2.7,         0,     68612,         0,     20628,       130,    185253,         0,     55696,       352,     -1680,    -10906,    -12586,     -4536,    -29447,    -33983,     41701,         0,     12146,       264,         0,         0,         0,         0,      -902,     -8813,     -9715,         0,         0,         0,         0,         0,         0,         0,     70292,     81198,     42604,     51416
       449,    530449,116.207262,         0,      34.8,     67326,         0,     15964,        52,         0,         0,         0,         0,     -1640,    -12100,    -13740,         0,         0,         0,     41506,         0,     10714,       309,   1444425,         0,    372860,     10740,      -899,     -9036,     -9935,    -31287,   -314437,   -345724,         0,         0,         0,         0,     68966,     81066,     42406,     51441
       450,    530450,497.785380,      41.8,      10.3,     65643,         0,      7933,        13,   2743894,         0,    331603,       552,     -1634,    -13239,    -14874,    -68315,   -553403,   -621717,     40931,         0,      7856,        42,    421586,         0,     80915,       431,      -889,     -9225,    -10114,     -9158,    -95016,   -104174,         0,         0,         0,         0,     67278,     80517,     41820,     51045
       451,    530451, 83.807041,         0,         0,     65645,         0,      6388,        10,         0,         0,         0,         0,     -1633,    -12831,    -14464,         0,         0,         0,     40932,         0,      7027,        42,         0,         0,         0,         0,      -889,     -9080,     -9969,         0,         0,         0,         0,         0,         0,         0,     67279,     80109,     41821,     50901
       452,    530452, 78.959569,         0,         0,     65574,         0,      4111,         7,         0,         0,         0,         0,     -1633,    -11624,    -13256,         0,         0,         0,     40887,         0,      5897,        30,         0,         0,         0,         0,      -889,     -8403,     -9293,         0,         0,         0,         0,         0,         0,         0,     67207,     78831,     41776,     50180
       453,    530453,225.537307,     119.2,      13.4,     52216,         0,      2431,        13,   6224143,         0,    289716,      1597,     -1651,    -21504,    -23155,   -196825,  -2563245,  -2760070,     31911,         0,      1961,       119,    427603,         0,     26280,      1597,      -957,    -16642,    -17599,    -12818,   -223006,   -235825,         0,         0,         0,         0,     53867,     75371,     32867,     49509
       454,    530454,155.102541,         0,     649.9,     60246,         0,      3675,       699,         0,         0,         0,         0,     -3526,    -10300,    -13826,         0,         0,         0,     36905,         0,      2327,         0,  23984416,         0,   1512082,         0,     -2074,     -9544,    -11618,  -1347768,  -6202546,  -7550314,         0,         0,         0,         0,     63772,     74072,     38979,     48522
       455,    530455,500.120537,         0,      68.5,     57782,         0,      3820,       475,         0,         0,         0,         0,     -3524,    -10631,    -14155,         0,         0,         0,     35217,         0,      2654,         0,   2412353,         0,    181792,         9,     -2070,     -9959,    -12029,   -141816,   -682184,   -824000,         0,         0,         0,         0,     61306,     71936,     37287,     47246
       456,    530456, 46.019509,      68.5,       2.7,     34711,         0,      4423,        59,   2377721,         0,    302950,      4056,     -5747,    -13474,    -19221,   -393665,   -922947,  -1316612,     22316,         0,      4940,       507,     60253,         0,     13339,      1369,     -3120,    -10582,    -13702,     -8424,    -28572,    -36996,         0,         0,         0,         0,     40458,     53932,     25436,     36018
       457,    530457, 55.527827,     123.7,       3.3,     31242,         0,      4284,       220,   3864669,         0,    529920,     27186,     -5671,    -14802,    -20473,   -701560,  -1830946,  -2532506,     20227,         0,      4727,       634,     66749,         0,     15600,      2093,     -3002,    -11411,    -14413,     -9908,    -37656,    -47564,         0,         0,         0,         0,     36914,     51715,     23230,     34640
       458,    530458,434.809863,       3.6,      53.3,     56872,         0,      3719,        56,    204738,         0,     13390,       201,     -4217,     -9740,    -13957,    -15180,    -35064,    -50244,     35250,         0,      2910,         4,   1878819,         0,    155078,       192,     -2457,     -8930,    -11387,   -130939,   -475965,   -606904,         0,         0,         0,         0,     61088,     70828,     37707,     46636
       459,    530459,453.978134,     186.0,       6.9,     44676,         0,      4227,        59,   8309694,         0,    786241,     11059,     -5461,    -12503,    -17964,  -1015736,  -2325581,  -3341317,     28322,         0,      4868,       283,    195420,         0,     33591,      1951,     -3052,    -10153,    -13205,    -21060,    -70055,    -91115,         0,         0,         0,         0,     50137,     62640,     31374,     41527
       460,    530460,294.071880,         0,         0,     39435,         0,      4445,         0,         0,         0,         0,         0,     -5623,    -14052,    -19675,         0,         0,         0,     25134,         0,      5259,         0,         0,         0,         0,         0,     -3113,    -11046,    -14159,         0,         0,         0,         0,         0,         0,         0,     45058,     59110,     28247,     39293
       461,    530461,104.349599,       6.2,         0,     33587,         0,      4512,        29,    208241,         0,     27977,       180,     -5722,    -15301,    -21023,    -35476,    -94866,   -130341,     21630,         0,      5114,       231,         0,         0,         0,         0,     -3090,    -11747,    -14837,         0,         0,         0,         0,         0,         0,         0,     39309,     54610,     24721,     36467
       462,    530462,102.189811,         0,         0,     37677,         0,      4588,        36,         0,         0,         0,         0,     -5609,    -13593,    -19202,         0,         0,         0,     24083,         0,      5307,        18,         0,         0,         0,         0,     -3087,    -10704,    -13791,         0,         0,         0,         0,         0,         0,         0,     43286,     56879,     27170,     37874
       463,    530463,520.413043,     145.0,         0,     49966,         0,      3821,         0,   7245138,         0,    554017,         0,     -5134,    -11798,    -16932,   -744481,  -1710721,  -2455202,     31496,         0,      3912,       210,         0,         0,         0,         0,     -2867,     -9920,    -12786,         0,         0,         0,         0,         0,         0,         0,     55101,     66899,     34363,     44283
       464,    530464,223.339269,         0,         0,     42088,         0,      4628,       419,         0,         0,         0,         0,     -5629,    -12014,    -17642,         0,         0,         0,     26779,         0,      5392,       137,         0,         0,         0,         0,     -3134,     -9712,    -12846,         0,         0,         0,         0,         0,         0,         0,     47716,     59730,     29913,     39625
       465,    530465, 57.085447,         0,      40.2,     39578,         0,      4605,       690,         0,         0,         0,         0,     -5620,    -12063,    -17683,         0,         0,         0,     25254,         0,      5290,       239,   1015227,         0,    212663,      9601,     -3108,     -9710,    -12818,   -124927,   -390354,   -515281,         0,         0,         0,         0,     45199,     57262,     28362,     38072
       466,    530466,108.833227,      36.5,         0,     35798,         0,      4538,       451,   1306613,         0,    165638,     16452,     -5759,    -14115,    -19874,   -210201,   -515197,   -725399,     22969,         0,      5137,       528,         0,         0,         0,         0,     -3147,    -10971,    -14118,         0,         0,         0,         0,         0,         0,         0,     41557,     55672,     26117,     37087
       467,    530467, 75.934216,     151.3,       3.9,     36255,         0,      4447,       214,   5485352,         0,    672881,     32410,     -5760,    -12523,    -18283,   -871517,  -1894665,  -2766182,     23244,         0,      4940,       706,     90653,         0,     19267,      2753,     -3157,     -9968,    -13125,    -12312,    -38877,    -51189,         0,         0,         0,         0,     42015,     54538,     26401,     36370
       468,    530468, 42.065571,      18.7,       5.3,     36691,         0,      4242,       160,    686129,         0,     79330,      2987,     -5945,    -11429,    -17374,   -111166,   -213729,   -324895,     23499,         0,      4598,       398,    124547,         0,     24372,      2112,     -3277,     -9249,    -12526,    -17366,    -49022,    -66388,         0,         0,         0,         0,     42636,     54065,     26776,     36025
       469,    530469, 61.170327,      53.4,      44.9,     36443,         0,      4337,       191,   1946073,         0,    231574,     10198,     -5923,    -12037,    -17960,   -316299,   -642759,   -959058,     23357,         0,      4746,       629,   1048725,         0,    213084,     28235,     -3258,     -9641,    -12899,   -146290,   -432863,   -579152,         0,         0,         0,         0,     42367,     54403,     26615,     36256
       470,    530470,469.738089,         0,         0,     30633,         0,      3707,         0,         0,         0,         0,         0,     -5785,    -16244,    -22029,         0,         0,         0,     19808,         0,      3904,         1,         0,         0,         0,         0,     -3073,    -12211,    -15283,         0,         0,         0,         0,         0,         0,         0,     36418,     52662,     22880,     35091
       471,    530471,239.950407,     128.1,         0,     49459,         0,      4041,       368,   6335693,         0,    517625,     47096,     -5135,    -13194,    -18329,   -657792,  -1690134,  -2347926,     31170,         0,      4063,       368,         0,         0,         0,         0,     -2864,    -10755,    -13619,         0,         0,         0,         0,         0,         0,         0,     54594,     67788,     34034,     44789
       472,    530472,224.938024,         0,         0,         0,         0,      4176,        78,         0,         0,         0,         0,         0,         0,         0,         0,         0,         0,         0,         0,      4502,       443,         0,         0,         0,         0,         0,         0,         0,         0,         0,         0,         0,         0,         0,         0,         0,         0,         0,         0
       473,    530473,188.357592,     381.7,      43.4,     44929,         0,      4316,       281,  17149371,         0,   1647509,    107255,     -5124,    -14038,    -19162,  -1955775,  -5358355,  -7314129,     28462,         0,      4865,       626,   1235257,         0,    211159,     27187,     -2846,    -11099,    -13945,   -123517,   -481704,   -605221,         0,         0,         0,         0,     50053,     64091,     31308,     42407
       474,    530474,164.034744,     175.3,     182.1,     46322,         0,      4544,       334,   8120265,         0,    796574,     58616,     -5620,    -12051,    -17671,   -985183,  -2112460,  -3097643,     29370,         0,      5135,       780,   5348282,         0,    935064,    142128,     -3148,     -9782,    -12930,   -573310,  -1781321,  -2354631,         0,         0,         0,         0,     51942,     63993,     32518,     42300
       475,    530475,230.081303,      89.0,      89.3,     45569,         0,      4620,       446,   4055679,         0,    411200,     39680,     -5613,    -10919,    -16532,   -499590,   -971791,  -1471381,     28894,         0,      5332,       517,   2580246,         0,    476184,     46165,     -3146,     -9049,    -12195,   -280944,   -808109,  -1089054,         0,         0,         0,         0,     51183,     62102,     32040,     41090
       476,    530476,189.425679,      90.8,     227.9,     41962,         0,      4651,       982,   3810161,         0,    422305,     89129,     -5744,    -12815,    -18558,   -521535,  -1163568,  -1685103,     26713,         0,      5390,       324,   6087874,         0,   1228298,     73919,     -3205,    -10169,    -13374,   -730320,  -2317626,  -3047946,         0,         0,         0,         0,     47706,     60521,     29917,     40087
       477,    530477,195.363167,     107.7,     690.0,     41835,         0,      4614,      1710,   4505591,         0,    496886,    184116,     -5749,    -11089,    -16838,   -619121,  -1194310,  -1813430,     26641,         0,      5259,       564,  18382031,         0,   3629015,    389258,     -3205,     -9075,    -12280,  -2211765,  -6261607,  -8473372,         0,         0,         0,         0,     47583,     58672,     29846,     38921
       478,    530478, 58.336513,      73.0,       9.8,     36918,         0,      4404,       533,   2694988,         0,    321490,     38935,     -5884,    -11667,    -17551,   -429503,   -851703,  -1281206,     23640,         0,      4810,       695,    231676,         0,     47138,      6812,     -3243,     -9416,    -12659,    -31777,    -92279,   -124056,         0,         0,         0,         0,     42801,     54468,     26883,     36299
       479,    530479, 39.453410,      70.3,       9.7,     38237,         0,      4469,       850,   2688071,         0,    314155,     59749,     -5882,    -11552,    -17433,   -413486,   -812089,  -1225575,     24440,         0,      4935,       807,    237072,         0,     47873,      7827,     -3260,     -9347,    -12607,    -31625,    -90661,   -122286,         0,         0,         0,         0,     44119,     55671,     27701,     37047
       480,    530480, 93.135733,      51.6,         0,     37027,         0,      4538,      1380,   1910594,         0,    234140,     71203,     -5874,    -13416,    -19290,   -303097,   -692249,   -995345,     23701,         0,      5106,       739,         0,         0,         0,         0,     -3241,    -10526,    -13766,         0,         0,         0,         0,         0,         0,         0,     42901,     56317,     26942,     37468
       481,    530481,503.536620,       4.4,         0,     32129,         0,      3764,         0,    141368,         0,     16560,         0,     -5820,    -16776,    -22596,    -25607,    -73814,    -99421,     20726,         0,      3804,         7,         0,         0,         0,         0,     -3130,    -12493,    -15623,         0,         0,         0,         0,         0,         0,         0,     37949,     54725,     23856,     36349
       482,    530482,241.921348,       4.4,         0,     32911,         0,      4202,       352,    144810,         0,     18487,      1548,     -5834,    -15160,    -20995,    -25672,    -66705,    -92376,     21180,         0,      4325,       247,         0,         0,         0,         0,     -3158,    -11582,    -14740,         0,         0,         0,         0,         0,         0,         0,     38746,     53906,     24338,     35921
       483,    530483, 33.380336,      25.8,      67.3,     39204,         0,      4363,       733,   1011461,         0,    112555,     18921,     -5919,    -10560,    -16478,   -152703,   -272442,   -425145,     25031,         0,      4689,       553,   1684585,         0,    315581,     37236,     -3295,     -8688,    -11983,   -221743,   -584715,   -806459,         0,         0,         0,         0,     45123,     55682,     28326,     37014
       484,    530484,588.595925,      61.4,    1420.9,     65783,         0,      3746,      1466,   4039101,         0,    229998,     90026,     -3479,     -8612,    -12090,   -213602,   -528754,   -742356,     40572,         0,      2513,        93,  57649205,         0,   3570257,    131591,     -2057,     -8184,    -10240,  -2922166, -11628496, -14550662,         0,         0,         0,         0,     69262,     77874,     42629,     50813
       485,    530485,224.411111,     282.9,      10.7,     56282,         0,      3922,        96,  15922088,         0,   1109528,     27274,     -4920,    -10503,    -15423,  -1391806,  -2971363,  -4363168,     35302,         0,      3390,       612,    377727,         0,     36269,      6551,     -2822,     -9017,    -11839,    -30194,    -96485,   -126679,         0,         0,         0,         0,     61201,     71705,     38123,     47141
       486,    530486,128.060079,     309.6,      35.4,     54557,         0,      3985,       376,  16890975,         0,   1233780,    116264,     -5007,    -10450,    -15458,  -1550311,  -3235386,  -4785697,     34307,         0,      3729,       641,   1214479,         0,    132020,     22697,     -2816,     -9028,    -11844,    -99675,   -319595,   -419270,         0,         0,         0,         0,     59565,     70015,     37123,     46151
       487,    530487, 92.885603,     128.1,     344.8,     41474,         0,      4520,      2038,   5312836,         0,    579051,    261074,     -5866,    -10656,    -16522,   -751400,  -1365058,  -2116458,     26427,         0,      5030,       909,   9112156,         0,   1734400,    313354,     -3274,     -8760,    -12035,  -1129047,  -3020511,  -4149558,         0,         0,         0,         0,     47340,     57996,     29702,     38462
       488,    530488, 39.855986,      84.5,      89.4,     40144,         0,      4458,      1356,   3392194,         0,    376668,    114569,     -5898,    -10723,    -16622,   -498401,   -906127,  -1404528,     25616,         0,      4866,       880,   2290071,         0,    435052,     78694,     -3285,     -8793,    -12078,   -293659,   -786137,  -1079796,         0,         0,         0,         0,     46043,     56766,     28901,     37694
       489,    530489, 39.931019,      64.9,      25.5,     39207,         0,      4410,      1075,   2544562,         0,    286214,     69760,     -5899,    -10777,    -16676,   -382871,   -699420,  -1082291,     25034,         0,      4768,       735,    638362,         0,    121589,     18754,     -3283,     -8831,    -12114,    -83713,   -225203,   -308916,         0,         0,         0,         0,     45107,     55884,     28317,     37148
       490,    530490, 35.733820,       7.1,      11.8,     51082,         0,      4338,       220,    362679,         0,     30799,      1563,     -5444,     -9959,    -15403,    -38651,    -70712,   -109363,     32318,         0,      4845,       540,    381357,         0,     57170,      6374,     -3061,     -8456,    -11516,    -36116,    -99776,   -135892,         0,         0,         0,         0,     56525,     66485,     35379,     43835
       491,    530491,125.038764,      56.1,      61.6,     50022,         0,      4408,       230,   2806221,         0,    247266,     12921,     -5486,    -10491,    -15977,   -307782,   -588546,   -896328,     31662,         0,      4950,       577,   1950405,         0,    304911,     35562,     -3081,     -8775,    -11856,   -189768,   -540563,   -730331,         0,         0,         0,         0,     55508,     65999,     34743,     43518
       492,    530492,144.880462,     274.9,         0,     46924,         0,      4614,       218,  12899339,         0,   1268483,     59924,     -5574,    -10805,    -16378,  -1532197,  -2970238,  -4502436,     29746,         0,      5247,       478,         0,         0,         0,         0,     -3121,     -8933,    -12055,         0,         0,         0,         0,         0,         0,         0,     52497,     63302,     32868,     41801
       493,    530493, 81.427017,         0,       8.0,     51456,         0,      4186,       308,         0,         0,         0,         0,     -5354,    -11147,    -16501,         0,         0,         0,     32512,         0,      4435,       168,    260098,         0,     35483,      1346,     -3011,     -9289,    -12300,    -24088,    -74310,    -98398,         0,         0,         0,         0,     56811,     67958,     35523,     44812
       494,    530494, 66.074281,       5.3,      33.3,     43815,         0,      4635,       400,    232221,         0,     24567,      2121,     -5635,    -12535,    -18170,    -29863,    -66436,    -96299,     27822,         0,      5302,       549,    926456,         0,    176568,     18275,     -3154,     -9997,    -13151,   -105043,   -332886,   -437928,         0,         0,         0,         0,     49450,     61985,     30976,     40973
       495,    530495, 96.733872,      45.4,      79.6,     45057,         0,      4615,       939,   2045578,         0,    209510,     42629,     -5713,    -10910,    -16623,   -259369,   -495305,   -754675,     28622,         0,      5281,       549,   2278331,         0,    420342,     43703,     -3197,     -8934,    -12131,   -254477,   -711127,   -965604,         0,         0,         0,         0,     50770,     61680,     31819,     40753
       496,    530496, 37.015487,      95.2,     202.7,     44230,         0,      4597,      1744,   4210709,         0,    437660,    166052,     -5769,    -10628,    -16397,   -549251,  -1011790,  -1561042,     28116,         0,      5198,       662,   5699090,         0,   1053690,    134218,     -3229,     -8747,    -11975,   -654478,  -1772917,  -2427395,         0,         0,         0,         0,     50000,     60628,     31345,     40091
       497,    530497, 56.244028,      79.2,     273.1,     42522,         0,      4553,      1876,   3367734,         0,    360631,    148571,     -5806,    -11133,    -16939,   -459805,   -881772,  -1341576,     27066,         0,      5070,       806,   7391848,         0,   1384638,    220127,     -3242,     -9053,    -12296,   -885518,  -2472396,  -3357914,         0,         0,         0,         0,     48328,     59461,     30309,     39362
       498,    530498,123.381184,     166.4,     385.1,     41152,         0,      4486,      1875,   6847730,         0,    746440,    311954,     -5865,    -11189,    -17054,   -975952,  -1861897,  -2837849,     26229,         0,      4921,       940,  10100755,         0,   1895200,    362055,     -3272,     -9078,    -12350,  -1260228,  -3495911,  -4756139,         0,         0,         0,         0,     47017,     58207,     29501,     38579
       499,    530499, 27.444721,      24.9,     253.3,     40588,         0,      4432,      1474,   1010634,         0,    110345,     36706,     -5900,    -10747,    -16647,   -146914,   -267599,   -414513,     25892,         0,      4787,       878,   6558501,         0,   1212620,    222281,     -3286,     -8789,    -12075,   -832324,  -2226169,  -3058493,         0,         0,         0,         0,     46488,     57235,     29178,     37967
       500,    530500, 37.900815,      46.3,     189.2,     38423,         0,      4369,      1074,   1778988,         0,    202265,     49708,     -5903,    -11866,    -17769,   -273294,   -549388,   -822682,     24546,         0,      4632,       687,   4644174,         0,    876419,    130030,     -3281,     -9498,    -12780,   -620841,  -1797077,  -2417918,         0,         0,         0,         0,     44326,     56192,     27828,     37326
       501,    530501,105.055709,         0,     340.0,     53998,         0,      4073,       397,         0,         0,         0,         0,     -5154,     -9962,    -15116,         0,         0,         0,     34000,         0,      4081,       422,  11559864,         0,   1387652,    143427,     -2903,     -8669,    -11573,   -987168,  -2947614,  -3934782,         0,         0,         0,         0,     59152,     69114,     36903,     45572
       502,    530502,156.751280,         0,     126.1,     64012,         0,      3842,       635,         0,         0,         0,         0,     -3515,     -9211,    -12726,         0,         0,         0,     39432,         0,      2590,        15,   4972375,         0,    326633,      1912,     -2072,     -8599,    -10671,   -261323,  -1084326,  -1345649,         0,         0,         0,         0,     67527,     76739,     41504,     50103
       503,    530503,516.826326,      45.4,       7.7,     43000,         0,      4419,        20,   1952192,         0,    200637,       901,     -5553,    -15933,    -21486,   -252105,   -723353,   -975458,     27257,         0,      4969,       133,    209877,         0,     38260,      1024,     -3109,    -12177,    -15286,    -23940,    -93764,   -117704,         0,         0,         0,         0,     48553,     64486,     30366,     42543
       504,    530504,154.965161,     145.9,       9.3,     59196,         0,      3918,       172,   8636748,         0,    571570,     25106,     -4653,    -10085,    -14738,   -678869,  -1471417,  -2150286,     36981,         0,      3152,       237,    343926,         0,     29313,      2202,     -2712,     -8723,    -11435,    -25224,    -81121,   -106345,         0,         0,         0,         0,     63849,     73934,     39694,     48416
       505,    530505, 61.630689,         0,         0,         0,         0,      4164,       300,         0,         0,         0,         0,         0,         0,         0,         0,         0,         0,         0,         0,      4421,        53,         0,         0,         0,         0,         0,         0,         0,         0,         0,         0,         0,         0,         0,         0,         0,         0,         0,         0
       506,    530506, 37.328806,         0,         0,         0,         0,      4255,        87,         0,         0,         0,         0,         0,         0,         0,         0,         0,         0,         0,         0,      4661,       177,         0,         0,         0,         0,         0,         0,         0,         0,         0,         0,         0,         0,         0,         0,         0,         0,         0,         0
       507,    530507, 40.320135,      39.1,       4.8,     42673,         0,      4575,      1280,   1668526,         0,    178873,     50055,     -5735,    -11588,    -17323,   -224229,   -453107,   -677336,     27150,         0,      5128,       611,    130321,         0,     24616,      2933,     -3203,     -9354,    -12558,    -15376,    -44900,    -60276,         0,         0,         0,         0,     48408,     59996,     30354,     39708
       508,    530508, 26.854206,      43.6,       2.4,     39089,         0,      4398,      1343,   1704285,         0,    191751,     58544,     -5883,    -11814,    -17697,   -256505,   -515101,   -771606,     24960,         0,      4701,       808,     59904,         0,     11282,      1938,     -3273,     -9463,    -12737,     -7856,    -22712,    -30568,         0,         0,         0,         0,     44972,     56786,     28233,     37697
       509,    530509, 51.968623,         0,         0,         0,         0,      4071,       390,         0,         0,         0,         0,         0,         0,         0,         0,         0,         0,         0,         0,      4110,       290,         0,         0,         0,         0,         0,         0,         0,         0,         0,         0,         0,         0,         0,         0,         0,         0,         0,         0
       510,    530510, 32.319475,      20.5,      25.3,     55068,         0,      3996,       325,   1128895,         0,     81920,      6671,     -5137,    -10918,    -16054,   -105302,   -223811,   -329113,     34684,         0,      3755,       577,    877514,         0,     94995,     14591,     -2905,     -9206,    -12111,    -73505,   -232905,   -306410,         0,         0,         0,         0,     60205,     71122,     37590,     46795
       511,    530511, 50.015999,      15.1,       2.1,     44462,         0,      4601,       126,    671378,         0,     69476,      1899,     -5642,    -12561,    -18203,    -85198,   -189665,   -274863,     28229,         0,      5212,       408,     59282,         0,     10945,       856,     -3158,     -9984,    -13141,     -6631,    -20966,    -27597,         0,         0,         0,         0,     50104,     62665,     31387,     41371
       512,    530512, 61.367376,      33.8,       7.1,     42763,         0,      4582,       369,   1445375,         0,    154882,     12462,     -5639,    -12726,    -18366,   -190608,   -430151,   -620758,     27196,         0,      5177,       393,    193089,         0,     36757,      2790,     -3144,    -10075,    -13219,    -22325,    -71532,    -93857,         0,         0,         0,         0,     48402,     61128,     30340,     40415
       513,    530513, 42.187246,      23.1,       3.3,     41373,         0,      4551,       717,    955725,         0,    105120,     16558,     -5732,    -12944,    -18675,   -132402,   -298999,   -431401,     26347,         0,      5073,       504,     86947,         0,     16741,      1663,     -3197,    -10192,    -13389,    -10550,    -33634,    -44184,         0,         0,         0,         0,     47105,     60049,     29544,     39737
       514,    530514, 42.727552,      30.3,       8.0,     40247,         0,      4507,       926,   1219499,         0,    136547,     28051,     -5730,    -12851,    -18581,   -173615,   -389391,   -563005,     25663,         0,      4957,       621,    205308,         0,     39652,      4964,     -3185,    -10129,    -13314,    -25482,    -81029,   -106511,         0,         0,         0,         0,     45977,     58829,     28849,     38977
       515,    530515, 28.291441,      20.5,         0,     38760,         0,      4422,      1364,    794585,         0,     90646,     27962,     -5835,    -12729,    -18563,   -119609,   -260938,   -380547,     24748,         0,      4769,       826,         0,         0,         0,         0,     -3243,    -10046,    -13288,         0,         0,         0,         0,         0,         0,         0,     44595,     57324,     27991,     38036
       516,    530516, 59.220586,     125.5,      28.5,     37282,         0,      4321,       784,   4678886,         0,    542253,     98385,     -5902,    -13233,    -19135,   -740639,  -1660766,  -2401405,     23846,         0,      4516,       596,    679609,         0,    128708,     16992,     -3265,    -10350,    -13615,    -93066,   -294963,   -388029,         0,         0,         0,         0,     43183,     56417,     27111,     37461
       517,    530517, 35.713435,      56.9,      10.6,     39471,         0,      4452,      1115,   2245876,         0,    253330,     63441,     -5858,    -13278,    -19136,   -333308,   -755504,  -1088812,     25180,         0,      4825,       762,    266906,         0,     51145,      8081,     -3266,    -10376,    -13642,    -34620,   -109984,   -144604,         0,         0,         0,         0,     45328,     58606,     28446,     38822
       518,    530518,257.219640,         0,     101.4,     59461,         0,      3921,       443,         0,         0,         0,         0,     -4239,    -14621,    -18860,         0,         0,         0,     36878,         0,      2750,       102,   3739443,         0,    278884,     10371,     -2470,    -11572,    -14043,   -250487,  -1173428,  -1423915,         0,         0,         0,         0,     63699,     78320,     39348,     50921
       519,    530519,332.597194,         0,     204.8,     59544,         0,      3980,       226,         0,         0,         0,         0,     -4239,    -12445,    -16684,         0,         0,         0,     36934,         0,      2925,         1,   7564135,         0,    598960,       119,     -2470,    -10351,    -12822,   -505956,  -2119939,  -2625895,         0,         0,         0,         0,     63783,     76228,     39405,     49756
       520,    530520, 36.830867,         0,         0,         0,         0,      3980,       245,         0,         0,         0,         0,         0,         0,         0,         0,         0,         0,         0,         0,      3727,       520,         0,         0,         0,         0,         0,         0,         0,         0,         0,         0,         0,         0,         0,         0,         0,         0,         0,         0
       521,    530521,110.891691,         0,         0,         0,         0,      4075,        62,         0,         0,         0,         0,         0,         0,         0,         0,         0,         0,         0,         0,      4391,         0,         0,         0,         0,         0,         0,         0,         0,         0,         0,         0,         0,         0,         0,         0,         0,         0,         0,         0
       522,    530522, 76.401260,         0,         0,         0,         0,      4147,        15,         0,         0,         0,         0,         0,         0,         0,         0,         0,         0,         0,         0,      4623,        14,         0,         0,         0,         0,         0,         0,         0,         0,         0,         0,         0,         0,         0,         0,         0,         0,         0,         0
       523,    530523,122.118699,         0,         0,     43261,         0,      4210,        48,         0,         0,         0,         0,     -5556,    -17559,    -23115,         0,         0,         0,     27423,         0,      4734,        59,         0,         0,         0,         0,     -3112,    -13227,    -16339,         0,         0,         0,         0,         0,         0,         0,     48817,     66376,     30534,     43761
       524,    530524,154.898029,         0,         0,         0,         0,      4065,       268,         0,         0,         0,         0,         0,         0,         0,         0,         0,         0,         0,         0,      4220,        26,         0,         0,         0,         0,         0,         0,         0,         0,         0,         0,         0,         0,         0,         0,         0,         0,         0,         0
       525,    530525, 22.784930,      20.5,       5.1,     36068,         0,      4388,      1054,    739395,         0,     89954,     21600,     -5869,    -14825,    -20694,   -120314,   -303915,   -424229,     23098,         0,      4686,       752,    117800,         0,     23899,      3838,     -3229,    -11368,    -14597,    -16470,    -57976,    -74445,         0,         0,         0,         0,     41937,     56762,     26327,     37695
       526,    530526, 58.184794,         0,         0,     51677,         0,      3906,       224,         0,         0,         0,         0,     -5018,    -14615,    -19633,         0,         0,         0,     32511,         0,      3431,       486,         0,         0,         0,         0,     -2776,    -11623,    -14400,         0,         0,         0,         0,         0,         0,         0,     56695,     71310,     35287,     46911
       527,    530527,172.325391,         0,      34.8,     61364,         0,      3945,       327,         0,         0,         0,         0,     -4237,    -12453,    -16689,         0,         0,         0,     38150,         0,      2749,         0,   1327630,         0,     95658,         0,     -2468,    -10199,    -12667,    -85881,   -354928,   -440808,         0,         0,         0,         0,     65600,     78053,     40618,     50817
       528,    530528, 47.786640,         0,         0,         0,         0,      3964,       171,         0,         0,         0,         0,         0,         0,         0,         0,         0,         0,         0,         0,      3788,       278,         0,         0,         0,         0,         0,         0,         0,         0,         0,         0,         0,         0,         0,         0,         0,         0,         0,         0
       529,    530529, 71.625122,      99.6,       6.0,     35390,         0,      4224,       152,   3524801,         0,    420707,     15130,     -5810,    -15025,    -20835,   -578711,  -1496480,  -2075191,     22787,         0,      4319,       383,    136725,         0,     25911,      2297,     -3102,    -11428,    -14530,    -18613,    -68570,    -87183,         0,         0,         0,         0,     41200,     56225,     25890,     37318
       530,    530530,323.882542,      22.2,         0,     41148,         0,      4503,        15,    913479,         0,     99963,       335,     -5616,    -15030,    -20646,   -124669,   -333662,   -458332,     26164,         0,      4965,       109,         0,         0,         0,         0,     -3137,    -11510,    -14647,         0,         0,         0,         0,         0,         0,         0,     46763,     61793,     29301,     40811
       531,    530531, 41.280283,      18.7,       7.2,     40285,         0,      4500,       283,    753329,         0,     84145,      5287,     -5632,    -14139,    -19771,   -105310,   -264408,   -369718,     25671,         0,      4944,       364,    184832,         0,     35595,      2622,     -3127,    -10932,    -14059,    -22514,    -78707,   -101221,         0,         0,         0,         0,     45917,     60056,     28798,     39730
       532,    530532, 42.130786,      11.6,         0,     38560,         0,      4465,       526,    447298,         0,     51791,      6100,     -5856,    -15068,    -20924,    -67932,   -174792,   -242724,     24632,         0,      4861,       498,         0,         0,         0,         0,     -3237,    -11495,    -14733,         0,         0,         0,         0,         0,         0,         0,     44416,     59485,     27869,     39364
       533,    530533, 52.302765,         0,         0,     55418,         0,      3891,       212,         0,         0,         0,         0,     -4971,    -12236,    -17207,         0,         0,         0,     34932,         0,      3480,       316,         0,         0,         0,         0,     -2763,    -10015,    -12778,         0,         0,         0,         0,         0,         0,         0,     60389,     72625,     37695,     47711
       534,    530534, 42.254268,       8.0,      62.4,     38611,         0,      4398,       458,    308891,         0,     35188,      3663,     -5855,    -14201,    -20056,    -46840,   -113608,   -160448,     24665,         0,      4695,       586,   1539068,         0,    292948,     36572,     -3237,    -10945,    -14182,   -202015,   -682971,   -884986,         0,         0,         0,         0,     44466,     58667,     27902,     38847
       535,    530535, 41.352718,      17.8,       6.3,     37208,         0,      4337,       493,    662297,         0,     77204,      8773,     -5837,    -14385,    -20223,   -103906,   -256061,   -359967,     23809,         0,      4562,       590,    149996,         0,     28739,      3715,     -3207,    -11070,    -14277,    -20203,    -69741,    -89944,         0,         0,         0,         0,     43045,     57431,     27016,     38086
       536,    530536, 77.371180,       0.9,     178.4,     54353,         0,      3833,       189,     48918,         0,      3450,       170,     -4892,    -14653,    -19546,     -4403,    -13188,    -17591,     34505,         0,      3329,       181,   6155723,         0,    593834,     32349,     -2664,    -11358,    -14021,   -475184,  -2026189,  -2501373,         0,         0,         0,         0,     59246,     73899,     37169,     48526
       537,    530537,155.248869,         0,         0,         0,         0,      3781,         1,         0,         0,         0,         0,         0,         0,         0,         0,         0,         0,         0,         0,      4049,         6,         0,         0,         0,         0,         0,         0,         0,         0,         0,         0,         0,         0,         0,         0,         0,         0,         0,         0
       538,    530538, 84.985971,     174.4,       4.8,     67781,         0,      4120,       314,  11821016,         0,    718471,     54737,     -3512,     -8810,    -12321,   -612425,  -1536423,  -2148847,     42036,         0,      3031,       204,    201772,         0,     14550,       977,     -2018,     -7866,     -9883,     -9685,    -37755,    -47440,         0,         0,         0,         0,     71293,     80102,     44054,     51919
       539,    530539,309.077013,         0,         0,         0,         0,      3659,       131,         0,         0,         0,         0,         0,         0,         0,         0,         0,         0,         0,         0,      3369,        13,         0,         0,         0,         0,         0,         0,         0,         0,         0,         0,         0,         0,         0,         0,         0,         0,         0,         0
       540,    530540,139.556538,         0,         0,         0,         0,      3745,        38,         0,         0,         0,         0,         0,         0,         0,         0,         0,         0,         0,         0,      3623,         4,         0,         0,         0,         0,         0,         0,         0,         0,         0,         0,         0,         0,         0,         0,         0,         0,         0,         0
       541,    530541, 77.435799,         0,         0,     60314,         0,      3864,       278,         0,         0,         0,         0,     -4568,    -10736,    -15305,         0,         0,         0,     37673,         0,      3052,        85,         0,         0,         0,         0,     -2665,     -9032,    -11697,         0,         0,         0,         0,         0,         0,         0,     64882,     75618,     40338,     49370
       542,    530542,159.791808,         0,         0,     52118,         0,      3754,         0,         0,         0,         0,         0,     -5045,    -13260,    -18305,         0,         0,         0,     32768,         0,      3785,         3,         0,         0,         0,         0,     -2812,    -10722,    -13534,         0,         0,         0,         0,         0,         0,         0,     57163,     70424,     35580,     46302
       543,    530543,136.350338,         0,         0,         0,         0,      3894,        13,         0,         0,         0,         0,         0,         0,         0,         0,         0,         0,         0,         0,      3828,        90,         0,         0,         0,         0,         0,         0,         0,         0,         0,         0,         0,         0,         0,         0,         0,         0,         0,         0
       544,    530544, 82.473397,      16.0,         0,     33312,         0,      4401,        68,    532985,         0,     70421,      1082,     -5649,    -20683,    -26332,    -90385,   -330923,   -421308,     21667,         0,      4723,       186,         0,         0,         0,         0,     -2930,    -14886,    -17816,         0,         0,         0,         0,         0,         0,         0,     38961,     59643,     24597,     39483
       545,    530545, 83.884054,      45.4,       4.0,     36891,         0,      4352,       137,   1674872,         0,    197561,      6205,     -5778,    -16889,    -22667,   -262333,   -766756,  -1029089,     23768,         0,      4604,       268,     95073,         0,     18416,      1071,     -3076,    -12550,    -15626,    -12306,    -50198,    -62504,         0,         0,         0,         0,     42670,     59559,     26845,     39394
       546,    530546, 84.754609,      23.1,         0,     36890,         0,      4288,       169,    852155,         0,     99050,      3902,     -5777,    -16003,    -21779,   -133438,   -369668,   -503106,     23767,         0,      4454,       351,         0,         0,         0,         0,     -3076,    -11993,    -15069,         0,         0,         0,         0,         0,         0,         0,     42666,     58669,     26843,     38836
       547,    530547, 83.569777,      25.8,      19.7,     35403,         0,      4215,       154,    913386,         0,    108742,      3973,     -5731,    -16186,    -21917,   -147871,   -417588,   -565458,     22895,         0,      4302,       356,    451028,         0,     84747,      7005,     -3019,    -12095,    -15114,    -59483,   -238272,   -297755,         0,         0,         0,         0,     41134,     57320,     25914,     38009
       548,    530548,132.215590,         0,         0,         0,         0,      3813,         0,         0,         0,         0,         0,         0,         0,         0,         0,         0,         0,         0,         0,      4375,         0,         0,         0,         0,         0,         0,         0,         0,         0,         0,         0,         0,         0,         0,         0,         0,         0,         0,         0
       549,    530549,140.384813,         0,         0,         0,         0,      3897,         0,         0,         0,         0,         0,         0,         0,         0,         0,         0,         0,         0,         0,      4316,         0,         0,         0,         0,         0,         0,         0,         0,         0,         0,         0,         0,         0,         0,         0,         0,         0,         0,         0
       550,    530550, 65.067939,         0,         0,     51714,         0,      3736,       203,         0,         0,         0,         0,     -4784,    -18677,    -23461,         0,         0,         0,     33082,         0,      3115,        63,         0,         0,         0,         0,     -2578,    -13579,    -16158,         0,         0,         0,         0,         0,         0,         0,     56498,     75175,     35660,     49239
       551,    530551,152.611580,         0,         0,         0,         0,      3835,         0,         0,         0,         0,         0,         0,         0,         0,         0,         0,         0,         0,         0,      4495,         0,         0,         0,         0,         0,         0,         0,         0,         0,         0,         0,         0,         0,         0,         0,         0,         0,         0,         0
       552,    530552,290.765448,         0,         0,         0,         0,      3908,         3,         0,         0,         0,         0,         0,         0,         0,         0,         0,         0,         0,         0,      4565,        15,         0,         0,         0,         0,         0,         0,         0,         0,         0,         0,         0,         0,         0,         0,         0,         0,         0,         0
       553,    530553,119.627760,         0,         0,     59044,         0,      4008,        46,         0,         0,         0,         0,     -4243,    -16080,    -20323,         0,         0,         0,     36599,         0,      2887,         0,         0,         0,         0,         0,     -2471,    -12446,    -14917,         0,         0,         0,         0,         0,         0,         0,     63286,     79366,     39070,     51516
       554,    530554,305.645937,         0,         0,     56723,         0,      3837,       138,         0,         0,         0,         0,     -4220,    -16330,    -20550,         0,         0,         0,     35034,         0,      2844,         2,         0,         0,         0,         0,     -2466,    -12805,    -15271,         0,         0,         0,         0,         0,         0,         0,     60943,     77273,     37500,     50305
       555,    530555,117.273976,         0,         0,         0,         0,      4163,         5,         0,         0,         0,         0,         0,         0,         0,         0,         0,         0,         0,         0,      4573,        35,         0,         0,         0,         0,         0,         0,         0,         0,         0,         0,         0,         0,         0,         0,         0,         0,         0,         0
       556,    530556,274.090434,       2.7,      25.1,     47933,         0,      3616,        69,    129420,         0,      9762,       187,     -4613,    -24135,    -28748,    -12456,    -65165,    -77621,     30943,         0,      2903,         4,    776658,         0,     72858,       105,     -2392,    -16749,    -19141,    -60031,   -420412,   -480442,         0,         0,         0,         0,     52546,     76682,     33334,     50084
       557,    530557, 47.614903,       8.0,       2.4,     34049,         0,      4180,        64,    272391,         0,     33438,       511,     -5664,    -20454,    -26118,    -45312,   -163630,   -208942,     22130,         0,      4428,       161,     53112,         0,     10628,       387,     -2952,    -14695,    -17646,     -7084,    -35267,    -42351,         0,         0,         0,         0,     39713,     60167,     25081,     39776
       558,    530558, 43.165703,      14.2,      17.3,     35377,         0,      4151,       130,    502349,         0,     58950,      1843,     -5654,    -18536,    -24190,    -80288,   -263217,   -343504,     23023,         0,      4305,       249,    398306,         0,     74470,      4304,     -2959,    -13429,    -16388,    -51184,   -232330,   -283513,         0,         0,         0,         0,     41031,     59567,     25982,     39412
       559,    530559,252.352933,     136.1,      96.8,     33569,         0,      3821,       122,   4568757,         0,    520025,     16659,     -5523,    -19058,    -24581,   -751636,  -2593814,  -3345450,     22057,         0,      3814,       186,   2135115,         0,    369220,     18004,     -2849,    -13622,    -16471,   -275820,  -1318583,  -1594403,         0,         0,         0,         0,     39092,     58150,     24906,     38528
       560,    530560,250.888880,      15.1,         0,     49294,         0,      3368,         4,    744344,         0,     50854,        61,     -4693,    -20225,    -24919,    -70871,   -305400,   -376271,     31730,         0,      3110,        69,         0,         0,         0,         0,     -2469,    -14433,    -16902,         0,         0,         0,         0,         0,         0,         0,     53988,     74213,     34198,     48632
       561,    530561,486.304414,         0,         0,     26585,         0,      2566,         0,         0,         0,         0,         0,     -5671,    -23018,    -28689,         0,         0,         0,     17327,         0,      2420,         0,         0,         0,         0,         0,     -2931,    -16349,    -19281,         0,         0,         0,         0,         0,         0,         0,     32256,     55274,     20258,     36608
       562,    530562,260.030050,         0,         0,         0,         0,      3309,         0,         0,         0,         0,         0,         0,         0,         0,         0,         0,         0,         0,         0,      4040,         0,         0,         0,         0,         0,         0,         0,         0,         0,         0,         0,         0,         0,         0,         0,         0,         0,         0,         0
       563,    530563,146.831712,         0,         0,     26572,         0,      3302,       152,         0,         0,         0,         0,     -2416,    -31683,    -34099,         0,         0,         0,     18564,         0,      3897,         0,         0,         0,         0,         0,     -1038,    -21529,    -22567,         0,         0,         0,         0,         0,         0,         0,     28987,     60670,     19602,     41130
       564,    530564,277.389965,         0,         0,     29346,         0,      3598,        59,         0,         0,         0,         0,     -4873,    -27714,    -32587,         0,         0,         0,     19971,         0,      4059,         2,         0,         0,         0,         0,     -2262,    -18723,    -20985,         0,         0,         0,         0,         0,         0,         0,     34219,     61933,     22233,     40957
       565,    530565,143.487116,       3.6,         0,     33288,         0,      3763,        94,    119838,         0,     13546,       338,     -5388,    -21143,    -26531,    -19398,    -76114,    -95511,     22093,         0,      3956,       185,         0,         0,         0,         0,     -2717,    -14772,    -17489,         0,         0,         0,         0,         0,         0,         0,     38677,     59819,     24810,     39582
       566,    530566, 83.224721,       3.6,         0,     46487,         0,      3403,        13,    167355,         0,     12249,        47,     -5033,    -17324,    -22358,    -18120,    -62367,    -80487,     29324,         0,      3544,        44,         0,         0,         0,         0,     -2741,    -13079,    -15820,         0,         0,         0,         0,         0,         0,         0,     51521,     68845,     32065,     45143
       567,    530567, 92.734065,         0,         0,     46038,         0,      3359,        11,         0,         0,         0,         0,     -5034,    -18783,    -23817,         0,         0,         0,     29039,         0,      3361,        61,         0,         0,         0,         0,     -2740,    -13982,    -16722,         0,         0,         0,         0,         0,         0,         0,     51072,     69855,     31779,     45761
       568,    530568,158.590605,      12.5,       2.7,     40814,         0,      3222,        34,    510172,         0,     40272,       423,     -4811,    -20172,    -24984,    -60143,   -252152,   -312295,     26087,         0,      3516,       103,     70434,         0,      9493,       279,     -2598,    -14675,    -17273,     -7014,    -39624,    -46637,         0,         0,         0,         0,     45625,     65797,     28684,     43360
       569,    530569, 74.676968,         0,         0,         0,         0,      3337,         3,         0,         0,         0,         0,         0,         0,         0,         0,         0,         0,         0,         0,      3791,        15,         0,         0,         0,         0,         0,         0,         0,         0,         0,         0,         0,         0,         0,         0,         0,         0,         0,         0
       570,    530570,139.241485,         0,         0,         0,         0,      3257,         1,         0,         0,         0,         0,         0,         0,         0,         0,         0,         0,         0,         0,      3871,         6,         0,         0,         0,         0,         0,         0,         0,         0,         0,         0,         0,         0,         0,         0,         0,         0,         0,         0
       571,    530571,130.928551,         0,         0,         0,         0,      3225,         0,         0,         0,         0,         0,         0,         0,         0,         0,         0,         0,         0,         0,      3924,         0,         0,         0,         0,         0,         0,         0,         0,         0,         0,         0,         0,         0,         0,         0,         0,         0,         0,         0
       572,    530572,262.241983,       5.3,         0,     42766,         0,      3401,        25,    226658,         0,     18026,       133,     -4567,    -33446,    -38013,    -24207,   -177264,   -201471,     27621,         0,      2785,         5,         0,         0,         0,         0,     -2370,    -22191,    -24561,         0,         0,         0,         0,         0,         0,         0,     47333,     80779,     29991,     52181
       573,    530573,307.127852,         0,      55.0,     44457,         0,      3288,        55,         0,         0,         0,         0,     -4602,    -29998,    -34600,         0,         0,         0,     28716,         0,      2523,         2,   1579390,         0,    138771,       133,     -2382,    -20196,    -22577,   -130985,  -1110766,  -1241750,         0,         0,         0,         0,     49058,     79057,     31098,     51293
       574,    530574,414.926652,         0,         0,     48259,         0,      3115,        35,         0,         0,         0,         0,     -4353,    -24875,    -29228,         0,         0,         0,     31364,         0,      2478,         8,         0,         0,         0,         0,     -2236,    -16784,    -19021,         0,         0,         0,         0,         0,         0,         0,     52612,     77487,     33601,     50385
       575,    530575,100.084256,         0,         0,     48762,         0,      3082,        13,         0,         0,         0,         0,     -4510,    -21648,    -26158,         0,         0,         0,     31547,         0,      2818,       401,         0,         0,         0,         0,     -2338,    -15105,    -17442,         0,         0,         0,         0,         0,         0,         0,     53271,     74920,     33885,     48989
       576,    530576, 46.360187,         0,         0,     40528,         0,      3047,        48,         0,         0,         0,         0,     -3998,    -27494,    -31492,         0,         0,         0,     26453,         0,      2992,       455,         0,         0,         0,         0,     -2112,    -18862,    -20974,         0,         0,         0,         0,         0,         0,         0,     44525,     72019,     28566,     47428
       577,    530577, 60.516680,         0,         0,     42405,         0,      3051,        73,         0,         0,         0,         0,     -4840,    -21086,    -25927,         0,         0,         0,     27113,         0,      3115,       347,         0,         0,         0,         0,     -2610,    -15168,    -17778,         0,         0,         0,         0,         0,         0,         0,     47245,     68332,     29723,     44891
       578,    530578,221.395326,     136.1,       4.4,     30553,         0,      2940,         4,   4158261,         0,    400116,       599,     -5218,    -24310,    -29528,   -710190,  -3308557,  -4018747,     20509,         0,      3134,       138,     90242,         0,     13791,       607,     -2520,    -16673,    -19193,    -11088,    -73362,    -84450,         0,         0,         0,         0,     35771,     60081,     23030,     39703
       579,    530579,130.193202,     176.2,      36.8,     42035,         0,      2572,        91,   7406535,         0,    453236,     16033,     -4006,    -25504,    -29510,   -705898,  -4493778,  -5199677,     27430,         0,      2727,       566,   1009438,         0,    100362,     20833,     -2127,    -17546,    -19673,    -78269,   -645708,   -723977,         0,         0,         0,         0,     46041,     71545,     29557,     47104
       580,    530580,268.251269,     363.9,      10.8,     44846,         0,      2748,        28,  16319470,         0,   1000027,     10282,     -4042,    -24917,    -28960,  -1471047,  -9067334, -10538381,     29250,         0,      2569,       488,    315896,         0,     27740,      5270,     -2145,    -17054,    -19199,    -23161,   -184186,   -207348,         0,         0,         0,         0,     48888,     73806,     31394,     48448
       581,    530581,352.303499,     147.7,       2.1,     40603,         0,      1829,        42,   5997067,         0,    270211,      6266,     -3998,    -25973,    -29972,   -590537,  -3836262,  -4426799,     26503,         0,      2349,       287,     55655,         0,      4933,       603,     -2113,    -17829,    -19942,     -4437,    -37442,    -41878,         0,         0,         0,         0,     44601,     70575,     28615,     46445
       582,    530582, 82.037140,      28.5,         0,     42576,         0,      2646,        72,   1213420,         0,     75419,      2048,     -4007,    -25989,    -29996,   -114186,   -740691,   -854877,     27781,         0,      2662,       634,         0,         0,         0,         0,     -2130,    -17812,    -19942,         0,         0,         0,         0,         0,         0,         0,     46583,     72572,     29910,     47722
       583,    530583, 81.342709,     129.0,      48.1,     39715,         0,      2601,        88,   5123294,         0,    335574,     11309,     -4271,    -21903,    -26175,   -551010,  -2825510,  -3376520,     25894,         0,      2914,       407,   1245483,         0,    140178,     19554,     -2205,    -15501,    -17706,   -106061,   -745608,   -851668,         0,         0,         0,         0,     43987,     65890,     28099,     43600
       584,    530584,169.571469,         0,         0,         0,         0,      2501,         3,         0,         0,         0,         0,         0,         0,         0,         0,         0,         0,         0,         0,      3187,         7,         0,         0,         0,         0,         0,         0,         0,         0,         0,         0,         0,         0,         0,         0,         0,         0,         0,         0
       585,    530585,174.802500,         0,         0,         0,         0,      2060,        18,         0,         0,         0,         0,         0,         0,         0,         0,         0,         0,         0,         0,      2756,       132,         0,         0,         0,         0,         0,         0,         0,         0,         0,         0,         0,         0,         0,         0,         0,         0,         0,         0
       586,    530586,210.505506,         0,         0,         0,         0,      2463,         0,         0,         0,         0,         0,         0,         0,         0,         0,         0,         0,         0,         0,      3182,         0,         0,         0,         0,         0,         0,         0,         0,         0,         0,         0,         0,         0,         0,         0,         0,         0,         0,         0
       587,    530587,455.731445,         0,         0,     31759,         0,      2463,        19,         0,         0,         0,         0,     -2189,    -25111,    -27300,         0,         0,         0,     21585,         0,      3184,         0,         0,         0,         0,         0,      -942,    -17709,    -18651,         0,         0,         0,         0,         0,         0,         0,     33948,     59059,     22527,     40236
       588,    530588,159.524673,         0,     152.1,     28295,         0,      2872,       152,         0,         0,         0,         0,     -2437,    -29911,    -32348,         0,         0,         0,     19618,         0,      3425,         2,   2983927,         0,    520909,       303,     -1058,    -20408,    -21466,   -160910,  -3104053,  -3264964,         0,         0,         0,         0,     30732,     60643,     20676,     41084
       589,    530589,161.200222,         0,         0,     31281,         0,      2906,       125,         0,         0,         0,         0,     -4416,    -25744,    -30160,         0,         0,         0,     21346,         0,      3288,       123,         0,         0,         0,         0,     -2109,    -17147,    -19256,         0,         0,         0,         0,         0,         0,         0,     35697,     61442,     23455,     40602
       590,    530590,129.072887,         0,         0,     30268,         0,      2350,         4,         0,         0,         0,         0,     -4067,    -24775,    -28842,         0,         0,         0,     20850,         0,      2514,       116,         0,         0,         0,         0,     -1868,    -16635,    -18503,         0,         0,         0,         0,         0,         0,         0,     34335,     59110,     22718,     39353
       591,    530591,474.874995,      40.9,         0,     44366,         0,      2123,         3,   1814589,         0,     86837,       106,     -4034,    -26147,    -30181,   -164974,  -1069421,  -1234395,     28940,         0,      2004,       128,         0,         0,         0,         0,     -2141,    -17701,    -19842,         0,         0,         0,         0,         0,         0,         0,     48400,     74547,     31081,     48782
       592,    530592,157.763944,       1.8,         0,     31806,         0,      2299,       122,     57250,         0,      4137,       220,     -2105,    -24848,    -26953,     -3790,    -44726,    -48516,     21730,         0,      2814,         3,         0,         0,         0,         0,      -893,    -17379,    -18272,         0,         0,         0,         0,         0,         0,         0,     33911,     58759,     22623,     40002
       593,    530593,218.152625,         0,         0,     46965,         0,      2461,         8,         0,         0,         0,         0,     -3404,    -26243,    -29648,         0,         0,         0,     30719,         0,      2012,        32,         0,         0,         0,         0,     -1772,    -17805,    -19577,         0,         0,         0,         0,         0,         0,         0,     50369,     76612,     32491,     50295
       594,    530594,158.778806,       1.8,         0,     31503,         0,      2323,        48,     56706,         0,      4181,        86,     -3478,    -25203,    -28681,     -6260,    -45365,    -51625,     21605,         0,      2667,        44,         0,         0,         0,         0,     -1607,    -17128,    -18735,         0,         0,         0,         0,         0,         0,         0,     34981,     60184,     23212,     40340
       595,    530595,329.526850,         0,         0,     54477,         0,      3073,       146,         0,         0,         0,         0,     -2191,    -18115,    -20306,         0,         0,         0,     34978,         0,      2966,        44,         0,         0,         0,         0,     -1112,    -13386,    -14497,         0,         0,         0,         0,         0,         0,         0,     56667,     74783,     36090,     49475
       596,    530596,695.599170,      67.6,     221.8,     42779,         0,      2376,       222,   2891828,         0,    160632,     14994,     -2856,    -33973,    -36829,   -193065,  -2296585,  -2489651,     27985,         0,      2304,        68,   6207052,         0,    511031,     14994,     -1462,    -22363,    -23825,   -324218,  -4960200,  -5284418,         0,         0,         0,         0,     45635,     79608,     29447,     51810
       597,    530597,395.852168,         0,     143.4,     46355,         0,       893,       143,         0,         0,         0,         0,     -2284,    -16829,    -19112,         0,         0,         0,     30187,         0,      1315,         0,   4328856,         0,    188506,         0,     -1172,    -12869,    -14041,   -168116,  -1845414,  -2013530,         0,         0,         0,         0,     48639,     65468,     31360,     44229
       598,    530598,445.300495,         0,         0,         0,         0,      1172,         0,         0,         0,         0,         0,         0,         0,         0,         0,         0,         0,         0,         0,      1932,         2,         0,         0,         0,         0,         0,         0,         0,         0,         0,         0,         0,         0,         0,         0,         0,         0,         0,         0
       599,    530599, 80.160442,         0,         0,         0,         0,      1434,         0,         0,         0,         0,         0,         0,         0,         0,         0,         0,         0,         0,         0,      2165,         0,         0,         0,         0,         0,         0,         0,         0,         0,         0,         0,         0,         0,         0,         0,         0,         0,         0,         0
       600,    530600, 84.323581,         0,         0,         0,         0,      1494,         0,         0,         0,         0,         0,         0,         0,         0,         0,         0,         0,         0,         0,      2197,         0,         0,         0,         0,         0,         0,         0,         0,         0,         0,         0,         0,         0,         0,         0,         0,         0,         0,         0
       601,    530601,193.647341,         0,         0,     33280,         0,      1610,         0,         0,         0,         0,         0,     -2204,    -23150,    -25354,         0,         0,         0,     22522,         0,      2221,         1,         0,         0,         0,         0,      -970,    -16390,    -17361,         0,         0,         0,         0,         0,         0,         0,     35484,     58634,     23492,     39883
       602,    530602,695.533412,       0.9,         0,     29578,         0,      1235,         1,     26621,         0,      1111,         1,     -2085,    -26532,    -28617,     -1876,    -23879,    -25755,     20361,         0,      1647,         4,         0,         0,         0,         0,      -874,    -18273,    -19147,         0,         0,         0,         0,         0,         0,         0,     31663,     58195,     21235,     39509
       603,    530603,345.405041,      35.6,      17.1,     28436,         0,      1263,        17,   1012327,         0,     44966,       609,     -3434,    -27119,    -30553,   -122241,   -965454,  -1087695,     19716,         0,      1476,        36,    337152,         0,     25237,       610,     -1535,    -18245,    -19780,    -26252,   -311986,   -338237,         0,         0,         0,         0,     31870,     58989,     21252,     39496
       604,    530604,265.899856,      37.4,      10.7,     46770,         0,      1970,        11,   1749183,         0,     73664,       400,     -3401,    -26733,    -30134,   -127198,   -999814,  -1127013,     30592,         0,      1715,        46,    327336,         0,     18352,       488,     -1771,    -18027,    -19798,    -18950,   -192890,   -211840,         0,         0,         0,         0,     50171,     76904,     32363,     50390
       605,    530605, 68.776188,         0,         0,         0,         0,       978,         0,         0,         0,         0,         0,         0,         0,         0,         0,         0,         0,         0,         0,      1682,         0,         0,         0,         0,         0,         0,         0,         0,         0,         0,         0,         0,         0,         0,         0,         0,         0,         0,         0
       606,    530606,102.188260,         0,         0,         0,         0,      1029,         0,         0,         0,         0,         0,         0,         0,         0,         0,         0,         0,         0,         0,      1704,         0,         0,         0,         0,         0,         0,         0,         0,         0,         0,         0,         0,         0,         0,         0,         0,         0,         0,         0
       607,    530607,158.012528,         0,         0,         0,         0,      1134,         0,         0,         0,         0,         0,         0,         0,         0,         0,         0,         0,         0,         0,      1724,         0,         0,         0,         0,         0,         0,         0,         0,         0,         0,         0,         0,         0,         0,         0,         0,         0,         0,         0
       608,    530608,330.026956,      11.6,         0,     46225,         0,      1451,         8,    536208,         0,     16834,        88,     -2615,    -27593,    -30208,    -30340,   -320077,   -350416,     30202,         0,      1382,        38,         0,         0,         0,         0,     -1358,    -18751,    -20110,         0,         0,         0,         0,         0,         0,         0,     48840,     76433,     31560,     50311
       609,    530609,423.192608,         0,         0,     45345,         0,      1600,        67,         0,         0,         0,         0,     -2279,    -26542,    -28821,         0,         0,         0,     29462,         0,      1742,        20,         0,         0,         0,         0,     -1162,    -18125,    -19287,         0,         0,         0,         0,         0,         0,         0,     47624,     74166,     30624,     48749
       610,    530610,188.296215,         0,         0,         0,         0,       684,         0,         0,         0,         0,         0,         0,         0,         0,         0,         0,         0,         0,         0,      1194,         0,         0,         0,         0,         0,         0,         0,         0,         0,         0,         0,         0,         0,         0,         0,         0,         0,         0,         0
       611,    530611,834.172433,      62.3,       2.1,     22520,         0,       313,         2,   1402981,         0,     19470,       131,     -3295,    -35276,    -38571,   -205285,  -2197696,  -2402981,     16157,         0,       636,        62,     33930,         0,      1337,       131,     -1368,    -23061,    -24428,     -2872,    -48427,    -51299,         0,         0,         0,         0,     25815,     61091,     17525,     40585
       612,    530612,110.480145,         0,         0,         0,         0,       608,         0,         0,         0,         0,         0,         0,         0,         0,         0,         0,         0,         0,         0,      1090,         0,         0,         0,         0,         0,         0,         0,         0,         0,         0,         0,         0,         0,         0,         0,         0,         0,         0,         0
       613,    530613,570.236031,         0,         0,         0,         0,       409,         0,         0,         0,         0,         0,         0,         0,         0,         0,         0,         0,         0,         0,       805,         0,         0,         0,         0,         0,         0,         0,         0,         0,         0,         0,         0,         0,         0,         0,         0,         0,         0,         0
       614,    530614,132.692896,         0,         0,         0,         0,       606,         0,         0,         0,         0,         0,         0,         0,         0,         0,         0,         0,         0,         0,      1141,         0,         0,         0,         0,         0,         0,         0,         0,         0,         0,         0,         0,         0,         0,         0,         0,         0,         0,         0
       615,    530615,125.922595,         0,         0,         0,         0,       538,         0,         0,         0,         0,         0,         0,         0,         0,         0,         0,         0,         0,         0,       899,         0,         0,         0,         0,         0,         0,         0,         0,         0,         0,         0,         0,         0,         0,         0,         0,         0,         0,         0
       616,    530616,154.425644,         0,         0,         0,         0,       364,         0,         0,         0,         0,         0,         0,         0,         0,         0,         0,         0,         0,         0,       786,         0,         0,         0,         0,         0,         0,         0,         0,         0,         0,         0,         0,         0,         0,         0,         0,         0,         0,         0
       617,    530617, 59.368640,         0,         0,         0,         0,       523,         0,         0,         0,         0,         0,         0,         0,         0,         0,         0,         0,         0,         0,       901,         0,         0,         0,         0,         0,         0,         0,         0,         0,         0,         0,         0,         0,         0,         0,         0,         0,         0,         0
       618,    530618,396.190312,         0,         0,         0,         0,       308,         0,         0,         0,         0,         0,         0,         0,         0,         0,         0,         0,         0,         0,       587,         0,         0,         0,         0,         0,         0,         0,         0,         0,         0,         0,         0,         0,         0,         0,         0,         0,         0,         0
       619,    530619,261.140800,         0,         0,         0,         0,       341,         0,         0,         0,         0,         0,         0,         0,         0,         0,         0,         0,         0,         0,       586,         0,         0,         0,         0,         0,         0,         0,         0,         0,         0,         0,         0,         0,         0,         0,         0,         0,         0,         0
       620,    530620,158.210605,         0,         0,         0,         0,       279,         0,         0,         0,         0,         0,         0,         0,         0,         0,         0,         0,         0,         0,       587,         0,         0,         0,         0,         0,         0,         0,         0,         0,         0,         0,         0,         0,         0,         0,         0,         0,         0,         0
       621,    530621,235.589343,         0,         0,         0,         0,       261,         0,         0,         0,         0,         0,         0,         0,         0,         0,         0,         0,         0,         0,       528,         0,         0,         0,         0,         0,         0,         0,         0,         0,         0,         0,         0,         0,         0,         0,         0,         0,         0,         0
       622,    530622,472.005874,         0,         0,         0,         0,       205,         0,         0,         0,         0,         0,         0,         0,         0,         0,         0,         0,         0,         0,       384,         0,         0,         0,         0,         0,         0,         0,         0,         0,         0,         0,         0,         0,         0,         0,         0,         0,         0,         0
       623,    530623,3265.88830,       0.9,         0,     20475,         0,       667,         0,     18428,         0,       600,         0,     -3933,    -15925,    -19858,     -3539,    -14332,    -17872,     13438,         0,      1450,         1,         0,         0,         0,         0,     -1933,    -12009,    -13942,         0,         0,         0,         0,         0,         0,         0,     24408,     40333,     15372,     27380
       624,    530624,1271.77123,         0,         0,     10432,         0,       461,         0,         0,         0,         0,         0,     -3272,    -23390,    -26663,         0,         0,         0,      8433,         0,       845,         0,         0,         0,         0,         0,      -956,    -15901,    -16856,         0,         0,         0,         0,         0,         0,         0,     13704,     37094,      9389,     25289
       625,    530625, 34.726881,      24.9,         0,     33101,         0,      1959,         3,    824211,         0,     48788,        83,     -1788,    -24954,    -26742,    -44532,   -621343,   -665875,     20900,         0,      2716,       143,         0,         0,         0,         0,      -910,    -17758,    -18668,         0,         0,         0,         0,         0,         0,         0,     34889,     59843,     21810,     39568
       626,    530626,274.922928,      24.9,         0,     29545,         0,      2104,        14,    735660,         0,     52390,       351,     -1788,    -26101,    -27889,    -44520,   -649917,   -694437,     18792,         0,      2824,        93,         0,         0,         0,         0,      -852,    -18164,    -19016,         0,         0,         0,         0,         0,         0,         0,     31333,     57434,     19644,     37807
       627,    530627,169.006196,       8.9,         0,     30241,         0,      2340,        38,    269142,         0,     20823,       341,     -1793,    -27007,    -28800,    -15960,   -240363,   -256323,     19211,         0,      3061,       262,         0,         0,         0,         0,      -863,    -18787,    -19650,         0,         0,         0,         0,         0,         0,         0,     32034,     59041,     20074,     38861
       628,    530628,1113.08961,         0,         0,     19906,         0,      2488,         0,         0,         0,         0,         0,     -3975,    -23647,    -27622,         0,         0,         0,     13053,         0,      3068,        23,         0,         0,         0,         0,     -1925,    -16981,    -18907,         0,         0,         0,         0,         0,         0,         0,     23881,     47528,     14978,     31960
       629,    530629, 88.459293,     135.2,       2.1,     31949,         0,      3016,       296,   4319472,         0,    407728,     40024,     -1819,    -27087,    -28906,   -245970,  -3662169,  -3908139,     20287,         0,      3706,       596,     42602,         0,      7783,      1252,      -913,    -18714,    -19628,     -1918,    -39300,    -41218,         0,         0,         0,         0,     33768,     60855,     21200,     39914
       630,    530630, 39.611684,      33.8,      29.0,     32286,         0,      2912,       391,   1091258,         0,     98440,     13220,     -3102,    -14330,    -17432,   -104844,   -484359,   -589204,     20577,         0,      3569,       747,    596726,         0,    103505,     21662,     -1667,    -11132,    -12799,    -48339,   -322840,   -371180,         0,         0,         0,         0,     35388,     49718,     22244,     33376
       631,    530631, 50.343178,      92.5,     103.9,     31722,         0,      3046,       396,   2934319,         0,    281800,     36601,     -3090,    -15338,    -18428,   -285798,  -1418770,  -1704568,     20233,         0,      3707,       761,   2102214,         0,    385139,     79057,     -1656,    -11776,    -13431,   -172008,  -1223521,  -1395529,         0,         0,         0,         0,     34812,     50150,     21889,     33665
       632,    530632, 73.388308,     126.3,      24.7,     29494,         0,      2720,       309,   3725043,         0,    343488,     39039,     -4090,    -14590,    -18680,   -516559,  -1842773,  -2359332,     18912,         0,      3376,       572,    467134,         0,     83382,     14138,     -2171,    -11319,    -13490,    -53629,   -279584,   -333212,         0,         0,         0,         0,     33584,     48174,     21084,     32403
       633,    530633, 59.267278,      77.4,         0,     29547,         0,      2928,       347,   2286902,         0,    226650,     26845,     -4465,    -14069,    -18535,   -345609,  -1088979,  -1434588,     18986,         0,      3542,       584,         0,         0,         0,         0,     -2373,    -10972,    -13344,         0,         0,         0,         0,         0,         0,         0,     34012,     48081,     21359,     32330
       634,    530634, 71.660072,      85.4,         0,     29164,         0,      3522,       380,   2490580,         0,    300789,     32439,     -4712,    -17148,    -21859,   -402372,  -1464397,  -1866769,     18814,         0,      4151,       646,         0,         0,         0,         0,     -2488,    -12926,    -15414,         0,         0,         0,         0,         0,         0,         0,     33875,     51023,     21302,     34228
       635,    530635, 67.366225,     109.4,     124.6,     31468,         0,      3317,       519,   3442619,         0,    362876,     56737,     -4828,    -14496,    -19324,   -528201,  -1585891,  -2114093,     20210,         0,      3929,       902,   2518173,         0,    489508,    112430,     -2591,    -11247,    -13838,   -322861,  -1401369,  -1724230,         0,         0,         0,         0,     36296,     50793,     22801,     34048
       636,    530636, 33.997465,      22.2,      85.5,     32027,         0,      3186,       525,    711009,         0,     70729,     11648,     -4835,    -13517,    -18352,   -107345,   -300067,   -407412,     20544,         0,      3796,       866,   1756547,         0,    324536,     74047,     -2609,    -10622,    -13231,   -223097,   -908195,  -1131292,         0,         0,         0,         0,     36863,     50379,     23154,     33776
       637,    530637, 32.482857,      59.6,       2.7,     30719,         0,      3118,       501,   1830830,         0,    185812,     29835,     -5006,    -13667,    -18673,   -298349,   -814582,  -1112931,     19753,         0,      3720,       755,     53334,         0,     10043,      2039,     -2666,    -10729,    -13395,     -7199,    -28968,    -36167,         0,         0,         0,         0,     35724,     49392,     22419,     33148
       638,    530638, 65.029551,      71.2,         0,     29234,         0,      3839,       361,   2081461,         0,    273311,     25687,     -5855,    -16441,    -22297,   -416905,  -1170626,  -1587531,     18998,         0,      4394,       574,         0,         0,         0,         0,     -3058,    -12484,    -15542,         0,         0,         0,         0,         0,         0,         0,     35089,     51531,     22055,     34540
       639,    530639, 44.434112,      48.0,      57.2,     31620,         0,      3570,       617,   1517742,         0,    171372,     29594,     -5940,    -13780,    -19720,   -285119,   -661434,   -946553,     20432,         0,      4118,       816,   1168692,         0,    235551,     46658,     -3168,    -10776,    -13944,   -181226,   -616378,   -797604,         0,         0,         0,         0,     37560,     51339,     23600,     34376
       640,    530640, 23.279764,      16.0,         0,     32176,         0,      3431,       604,    514818,         0,     54890,      9657,     -5951,    -12815,    -18766,    -95222,   -205041,   -300263,     20766,         0,      3977,       755,         0,         0,         0,         0,     -3189,    -10156,    -13345,         0,         0,         0,         0,         0,         0,         0,     38128,     50943,     23955,     34111
       641,    530641, 43.588816,      61.4,         0,     30443,         0,      3278,       501,   1869196,         0,    201254,     30744,     -5898,    -13104,    -19003,   -362152,   -804611,  -1166763,     19702,         0,      3832,       596,         0,         0,         0,         0,     -3111,    -10361,    -13472,         0,         0,         0,         0,         0,         0,         0,     36341,     49446,     22813,     33174
       642,    530642, 37.368862,      48.9,       2.1,     31212,         0,      4112,       300,   1526255,         0,    201058,     14685,     -5911,    -15605,    -21516,   -289027,   -763090,  -1052117,     20189,         0,      4572,       594,     42397,         0,      9601,      1248,     -3142,    -11931,    -15072,     -6597,    -25055,    -31652,         0,         0,         0,         0,     37122,     52727,     23330,     35261
       643,    530643, 33.184096,      52.5,       2.1,     31523,         0,      3914,       445,   1654951,         0,    205482,     23371,     -5917,    -14586,    -20503,   -310627,   -765780,  -1076408,     20376,         0,      4409,       677,     42789,         0,      9259,      1421,     -3153,    -11289,    -14442,     -6621,    -23707,    -30328,         0,         0,         0,         0,     37440,     52026,     23529,     34818
       644,    530644, 31.685198,      59.6,      89.9,     32965,         0,      3762,       508,   1964704,         0,    224206,     30269,     -5955,    -13065,    -19019,   -354892,   -778670,  -1133561,     21241,         0,      4260,       698,   1909521,         0,    382994,     62735,     -3211,    -10312,    -13524,   -288705,   -927085,  -1215789,         0,         0,         0,         0,     38919,     51984,     24452,     34764
       645,    530645, 59.258453,      28.5,      85.6,     32736,         0,      3704,       456,    932968,         0,    105557,     12987,     -5950,    -12748,    -18698,   -169585,   -363315,   -532900,     21104,         0,      4183,       548,   1806514,         0,    358085,     46868,     -3203,    -10101,    -13304,   -274145,   -864667,  -1138812,         0,         0,         0,         0,     38686,     51434,     24307,     34408
       646,    530646, 46.130057,      55.2,      48.9,     30893,         0,      3504,       413,   1705321,         0,    193424,     22815,     -5883,    -12897,    -18780,   -324745,   -711904,  -1036649,     19991,         0,      4004,       438,    977544,         0,    195818,     21414,     -3115,    -10210,    -13325,   -152317,   -499286,   -651603,         0,         0,         0,         0,     36777,     49673,     23106,     33316
       647,    530647, 38.812177,      44.5,      87.5,     34094,         0,      3982,       384,   1517186,         0,    177195,     17106,     -5961,    -12637,    -18598,   -265256,   -562361,   -827616,     21922,         0,      4422,       577,   1918209,         0,    386942,     50483,     -3240,    -10036,    -13276,   -283492,   -878188,  -1161680,         0,         0,         0,         0,     40055,     52692,     25162,     35199
       648,    530648, 55.991230,      29.4,      10.1,     34329,         0,      3964,       354,   1009286,         0,    116527,     10422,     -5952,    -11969,    -17921,   -174978,   -351903,   -526881,     22067,         0,      4373,       414,    222879,         0,     44163,      4185,     -3239,     -9602,    -12842,    -32716,    -96983,   -129700,         0,         0,         0,         0,     40281,     52251,     25306,     34909
       649,    530649,758.020053,         0,         0,     45722,         0,       234,         0,         0,         0,         0,         0,     -1661,    -13695,    -15356,         0,         0,         0,     27979,         0,       459,         0,         0,         0,         0,         0,      -923,    -11776,    -12699,         0,         0,         0,         0,         0,         0,         0,     47382,     61078,     28903,     40679
       650,    530650,1314.75716,       8.9,         0,     47815,         0,       207,         0,    425557,         0,      1844,         0,     -1673,     -8992,    -10665,    -14893,    -80026,    -94919,     29400,         0,       415,         9,         0,         0,         0,         0,      -932,     -8602,     -9533,         0,         0,         0,         0,         0,         0,         0,     49489,     58480,     30332,     38933
       651,    530651,181.477393,         0,         0,     48959,         0,       246,         0,         0,         0,         0,         0,     -1687,    -10145,    -11832,         0,         0,         0,     30146,         0,       503,         4,         0,         0,         0,         0,      -935,     -9342,    -10277,         0,         0,         0,         0,         0,         0,         0,     50646,     60791,     31080,     40423
       652,    530652,261.766827,         0,         0,     45194,         0,       342,         0,         0,         0,         0,         0,     -1661,    -15111,    -16772,         0,         0,         0,     27634,         0,       745,         0,         0,         0,         0,         0,      -923,    -12674,    -13597,         0,         0,         0,         0,         0,         0,         0,     46855,     61966,     28557,     41231
       653,    530653,326.923239,         0,         0,     45016,         0,       409,         0,         0,         0,         0,         0,     -1709,    -14642,    -16352,         0,         0,         0,     27771,         0,       927,         8,         0,         0,         0,         0,      -944,    -11949,    -12894,         0,         0,         0,         0,         0,         0,         0,     46725,     61367,     28716,     40665
       654,    530654,774.898796,         0,         0,     38118,         0,       545,         0,         0,         0,         0,         0,     -1727,    -16869,    -18596,         0,         0,         0,     23586,         0,      1243,         0,         0,         0,         0,         0,      -941,    -13082,    -14022,         0,         0,         0,         0,         0,         0,         0,     39844,     56714,     24526,     37608
       655,    530655, 79.153814,      42.7,     108.8,     43158,         0,       470,       116,   1842848,         0,     20084,      4938,     -1729,    -14546,    -16275,    -73823,   -621110,   -694933,     26723,         0,      1068,        97,   2907492,         0,    116205,     10525,      -957,    -11675,    -12632,   -104124,  -1270277,  -1374400,         0,         0,         0,         0,     44887,     59433,     27680,     39356
       656,    530656, 55.747683,         0,         0,         0,         0,       553,        74,         0,         0,         0,         0,         0,         0,         0,         0,         0,         0,         0,         0,      1257,       119,         0,         0,         0,         0,         0,         0,         0,         0,         0,         0,         0,         0,         0,         0,         0,         0,         0,         0
       657,    530657,225.704389,         0,         0,         0,         0,       489,         0,         0,         0,         0,         0,         0,         0,         0,         0,         0,         0,         0,         0,      1109,        14,         0,         0,         0,         0,         0,         0,         0,         0,         0,         0,         0,         0,         0,         0,         0,         0,         0,         0
       658,    530658,106.734230,      36.5,       1.1,     42628,         0,       529,       130,   1555904,         0,     19306,      4758,     -1728,    -15908,    -17637,    -63087,   -580651,   -643738,     26385,         0,      1201,       142,     29023,         0,      1321,       156,      -956,    -12577,    -13533,     -1051,    -13835,    -14886,         0,         0,         0,         0,     44356,     60264,     27340,     39917
       659,    530659,149.735465,      73.0,      23.9,     40491,         0,       679,        68,   2955826,         0,     49600,      4989,     -1738,    -18214,    -19952,   -126906,  -1329611,  -1456517,     25139,         0,      1504,       167,    600827,         0,     35940,      3998,      -951,    -13969,    -14920,    -22740,   -333849,   -356589,         0,         0,         0,         0,     42229,     60443,     26091,     40059
       660,    530660,273.574130,         0,         0,         0,         0,       752,         7,         0,         0,         0,         0,         0,         0,         0,         0,         0,         0,         0,         0,      1552,         4,         0,         0,         0,         0,         0,         0,         0,         0,         0,         0,         0,         0,         0,         0,         0,         0,         0,         0
       661,    530661, 68.047533,         0,         0,         0,         0,       624,        33,         0,         0,         0,         0,         0,         0,         0,         0,         0,         0,         0,         0,      1419,       104,         0,         0,         0,         0,         0,         0,         0,         0,         0,         0,         0,         0,         0,         0,         0,         0,         0,         0
       662,    530662, 55.222738,         0,         0,         0,         0,       882,        62,         0,         0,         0,         0,         0,         0,         0,         0,         0,         0,         0,         0,      1726,       141,         0,         0,         0,         0,         0,         0,         0,         0,         0,         0,         0,         0,         0,         0,         0,         0,         0,         0
       663,    530663,181.385006,      91.6,       8.9,     36741,         0,      1159,        46,   3365462,         0,    106157,      4192,     -1737,    -21431,    -23168,   -159126,  -1963084,  -2122210,     22785,         0,      1990,       170,    202791,         0,     17713,      1517,      -944,    -16015,    -16959,     -8405,   -142530,   -150935,         0,         0,         0,         0,     38478,     59909,     23730,     39744
       664,    530664,185.883702,      17.8,      33.6,     35990,         0,      1241,        49,    640620,         0,     22088,       876,     -1736,    -23404,    -25140,    -30899,   -416588,   -447487,     22312,         0,      2042,       150,    749672,         0,     68623,      5037,      -939,    -17308,    -18247,    -31561,   -581549,   -613110,         0,         0,         0,         0,     37726,     61130,     23251,     40559
       665,    530665,162.138815,         0,         0,     32822,         0,      1304,        29,         0,         0,         0,         0,     -1726,    -27637,    -29363,         0,         0,         0,     20333,         0,      2112,        27,         0,         0,         0,         0,      -892,    -20054,    -20946,         0,         0,         0,         0,         0,         0,         0,     34549,     62186,     21226,     41279
       666,    530666,269.537873,      47.2,         0,     32662,         0,      1811,        35,   1541643,         0,     85492,      1633,     -1723,    -26810,    -28533,    -81311,  -1265434,  -1346745,     20232,         0,      2614,       121,         0,         0,         0,         0,      -888,    -19483,    -20371,         0,         0,         0,         0,         0,         0,         0,     34385,     61195,     21120,     40603
       667,    530667,103.521311,         0,         0,     32859,         0,      1685,        17,         0,         0,         0,         0,     -1725,    -28184,    -29909,         0,         0,         0,     20356,         0,      2517,        35,         0,         0,         0,         0,      -892,    -20382,    -21275,         0,         0,         0,         0,         0,         0,         0,     34585,     62768,     21248,     41630
       668,    530668,125.810245,      64.1,         0,     35585,         0,      1859,         5,   2280979,         0,    119186,       333,     -1771,    -22915,    -24685,   -113490,  -1468849,  -1582339,     22347,         0,      2623,       138,         0,         0,         0,         0,      -943,    -16559,    -17502,         0,         0,         0,         0,         0,         0,         0,     37355,     60270,     23291,     39850
       669,    530669,143.489885,         0,         0,     31149,         0,      2062,         0,         0,         0,         0,         0,     -1698,    -29993,    -31691,         0,         0,         0,     19282,         0,      2921,        17,         0,         0,         0,         0,      -865,    -21531,    -22397,         0,         0,         0,         0,         0,         0,         0,     32847,     62840,     20147,     41678
       670,    530670, 52.668241,         0,         0,     36345,         0,      2139,         5,         0,         0,         0,         0,     -1773,    -23304,    -25077,         0,         0,         0,     22819,         0,      2913,       179,         0,         0,         0,         0,      -953,    -16808,    -17761,         0,         0,         0,         0,         0,         0,         0,     38118,     61421,     23772,     40580
       671,    530671, 41.009718,      17.8,       4.2,     33776,         0,      2069,         6,    601207,         0,     36827,       101,     -1730,    -25338,    -27068,    -30793,   -451022,   -481815,     20927,         0,      2855,       171,     87894,         0,     11991,       718,      -909,    -18507,    -19416,     -3816,    -77731,    -81548,         0,         0,         0,         0,     35506,     60844,     21836,     40343
       672,    530672,498.096670,         0,         0,     27926,         0,      2635,         0,         0,         0,         0,         0,     -1653,    -33091,    -34745,         0,         0,         0,     17277,         0,      3516,         0,         0,         0,         0,         0,      -817,    -23475,    -24292,         0,         0,         0,         0,         0,         0,         0,     29579,     62671,     18093,     41569
       673,    530673, 21.444201,         0,         0,     31562,         0,      2320,         4,         0,         0,         0,         0,     -1705,    -28308,    -30013,         0,         0,         0,     19540,         0,      3138,        84,         0,         0,         0,         0,      -872,    -20417,    -21289,         0,         0,         0,         0,         0,         0,         0,     33267,     61575,     20412,     40829
       674,    530674,212.301661,         0,         0,     30670,         0,      2623,         4,         0,         0,         0,         0,     -1691,    -29302,    -30993,         0,         0,         0,     18985,         0,      3440,        70,         0,         0,         0,         0,      -859,    -21031,    -21890,         0,         0,         0,         0,         0,         0,         0,     32362,     61663,     19844,     40875
       675,    530675, 17.346520,         0,         0,         0,         0,      2417,         5,         0,         0,         0,         0,         0,         0,         0,         0,         0,         0,         0,         0,      3193,       172,         0,         0,         0,         0,         0,         0,         0,         0,         0,         0,         0,         0,         0,         0,         0,         0,         0,         0
       676,    530676, 22.956749,         0,         0,         0,         0,      2592,         5,         0,         0,         0,         0,         0,         0,         0,         0,         0,         0,         0,         0,      3386,       122,         0,         0,         0,         0,         0,         0,         0,         0,         0,         0,         0,         0,         0,         0,         0,         0,         0,         0
       677,    530677, 83.808169,      77.4,       1.2,     34334,         0,      2678,        41,   2657477,         0,    207249,      3200,     -1819,    -25289,    -27108,   -140786,  -1957363,  -2098150,     21676,         0,      3418,       265,     26011,         0,      4102,       319,      -935,    -17954,    -18889,     -1122,    -21545,    -22667,         0,         0,         0,         0,     36153,     61442,     22611,     40565
       678,    530678,117.997709,      11.6,         0,     30325,         0,      3310,       105,    351766,         0,     38398,      1212,     -1770,    -29309,    -31079,    -20537,   -339985,   -360522,     19221,         0,      4032,       373,         0,         0,         0,         0,      -875,    -20472,    -21347,         0,         0,         0,         0,         0,         0,         0,     32095,     61404,     20096,     40568
       679,    530679,1013.32259,      43.6,       9.3,     13305,         0,       396,        28,    580096,         0,     17262,      1208,     -3616,    -21298,    -24915,   -157676,   -928614,  -1086290,      9593,         0,       392,        61,     89219,         0,      3642,       566,     -1261,    -14949,    -16211,    -11729,   -139030,   -150758,         0,         0,         0,         0,     16921,     38220,     10855,     25804
       680,    530680,445.429221,         0,         0,     18178,         0,       843,         1,         0,         0,         0,         0,     -3908,    -20237,    -24144,         0,         0,         0,     12055,         0,      1354,        30,         0,         0,         0,         0,     -1786,    -14707,    -16493,         0,         0,         0,         0,         0,         0,         0,     22086,     42323,     13842,     28549
       681,    530681,553.877404,      12.5,      77.7,     10178,         0,       294,        78,    127231,         0,      3681,       971,     -3252,    -21797,    -25049,    -40653,   -272462,   -313115,      8178,         0,       178,        13,    635458,         0,     13839,       971,      -949,    -14615,    -15563,    -73714,  -1135556,  -1209270,         0,         0,         0,         0,     13431,     35228,      9127,     23742
       682,    530682,347.953642,      43.6,       2.1,     18587,         0,      1084,         2,    810401,         0,     47246,        92,     -3942,    -20953,    -24895,   -171890,   -913537,  -1085428,     12276,         0,      1542,        44,     25779,         0,      3239,        92,     -1830,    -15170,    -17000,     -3843,    -31857,    -35700,         0,         0,         0,         0,     22530,     43482,     14106,     29276
       683,    530683,492.066662,      81.9,      87.2,     14878,         0,       409,        89,   1218545,         0,     33484,      7303,     -3750,    -20854,    -24603,   -307095,  -1707931,  -2015025,     10308,         0,       376,        91,    898822,         0,     32771,      7945,     -1463,    -14796,    -16259,   -127569,  -1290190,  -1417760,         0,         0,         0,         0,     18628,     39482,     11771,     26566
       684,    530684,754.879517,         0,         0,      5538,         0,      1668,         0,         0,         0,         0,         0,      -560,    -31497,    -32057,         0,         0,         0,      5470,         0,      1970,         0,         0,         0,         0,         0,      -345,    -19845,    -20190,         0,         0,         0,         0,         0,         0,         0,      6098,     37595,      5815,     25660
       685,    530685,2800.74441,       0.9,         0,      5426,         0,       740,         0,      4884,         0,       666,         0,      -524,    -28512,    -29036,      -472,    -25661,    -26133,      5382,         0,       890,         1,         0,         0,         0,         0,      -322,    -17804,    -18126,         0,         0,         0,         0,         0,         0,         0,      5951,     34463,      5704,     23508
       686,    530686,1084.43011,       8.0,     119.1,     10057,         0,       293,       119,     80458,         0,      2347,       953,     -3221,    -22745,    -25966,    -25766,   -181963,   -207729,      8125,         0,       171,         8,    967658,         0,     20321,       953,      -935,    -15148,    -16083,   -111405,  -1804107,  -1915512,         0,         0,         0,         0,     13278,     36023,      9060,     24208
       687,    530687,443.366322,         0,         0,      5864,         0,       194,         0,         0,         0,         0,         0,      -252,    -17551,    -17803,         0,         0,         0,      4753,         0,       204,         0,         0,         0,         0,         0,      -231,    -10905,    -11136,         0,         0,         0,         0,         0,         0,         0,      6115,     23666,      4984,     15889
       688,    530688,808.647901,      46.3,      61.4,      5895,         0,       586,        61,    272949,         0,     27134,      2843,      -233,    -15817,    -16051,    -10805,   -732346,   -743150,      4668,         0,       246,        46,    286617,         0,     15100,      2843,      -226,     -9884,    -10110,    -13882,   -606899,   -620780,         0,         0,         0,         0,      6129,     21946,      4894,     14778
       689,    530689,522.846888,      40.9,      12.1,      5380,         0,       981,        12,    220050,         0,     40104,       495,      -229,    -13743,    -13972,     -9364,   -562073,   -571437,      4115,         0,       298,        41,     49797,         0,      3611,       495,      -176,     -8872,     -9048,     -2135,   -107346,   -109481,         0,         0,         0,         0,      5609,     19352,      4292,     13163
       690,    530690,130.686895,       8.9,         0,      5299,         0,      1282,        27,     47157,         0,     11407,       240,      -231,    -10733,    -10965,     -2058,    -95527,    -97585,      4005,         0,       330,        45,         0,         0,         0,         0,      -175,     -7105,     -7280,         0,         0,         0,         0,         0,         0,         0,      5530,     16263,      4180,     11285
       691,    530691,311.490445,       9.8,         0,      5046,         0,       768,         0,     49450,         0,      7530,         0,      -222,    -12097,    -12319,     -2178,   -118549,   -120727,      3796,         0,       268,        10,         0,         0,         0,         0,      -159,     -7960,     -8119,         0,         0,         0,         0,         0,         0,         0,      5268,     17365,      3955,     11915
       692,    530692,365.925806,         0,         0,      5215,         0,       557,         0,         0,         0,         0,         0,      -222,    -13231,    -13453,         0,         0,         0,      3969,         0,       243,         3,         0,         0,         0,         0,      -163,     -8577,     -8740,         0,         0,         0,         0,         0,         0,         0,      5437,     18668,      4132,     12709
       693,    530693,1899.25270,         0,         0,      4090,         0,       100,         0,         0,         0,         0,         0,      -112,    -13782,    -13893,         0,         0,         0,      2908,         0,       151,         0,         0,         0,         0,         0,      -112,     -9251,     -9362,         0,         0,         0,         0,         0,         0,         0,      4201,     17983,      3020,     12271
       694,    530694,538.322112,      98.8,     648.2,      4235,         0,      1840,       648,    418417,         0,    181812,     64042,      -108,     -7187,     -7295,    -10658,   -710049,   -720707,      2748,         0,       331,        99,   1781423,         0,    214362,     64042,      -124,     -5944,     -6068,    -80579,  -3852951,  -3933530,         0,         0,         0,         0,      4343,     11530,      2873,      8817
       695,    530695,646.994445,      99.6,     847.0,      4266,         0,      1969,       847,    424884,         0,    196133,     84361,      -108,     -5554,     -5662,    -10732,   -553168,   -563900,      2781,         0,       313,       100,   2355746,         0,    265351,     84361,      -127,     -5030,     -5157,   -107650,  -4260029,  -4367678,         0,         0,         0,         0,      4374,      9928,      2908,      7938
       696,    530696,461.585638,      80.1,      59.3,      4901,         0,      1576,        59,    392553,         0,    126273,      4750,      -207,    -10325,    -10532,    -16600,   -827041,   -843641,      3594,         0,       362,        84,    213119,         0,     21440,      4990,      -151,     -7087,     -7238,     -8932,   -420258,   -429190,         0,         0,         0,         0,      5108,     15433,      3745,     10832
       697,    530697,362.377653,       3.6,      43.3,      4739,         0,      1847,        43,     17061,         0,      6651,       156,      -193,     -7857,     -8049,      -693,    -28284,    -28978,      3404,         0,       359,         4,    147373,         0,     15552,       156,      -146,     -5847,     -5993,     -6335,   -253175,   -259510,         0,         0,         0,         0,      4932,     12789,      3550,      9397
       698,    530698,6779.27904,         0,         0,        18,         0,        15,         0,         0,         0,         0,         0,        -0,     -4212,     -4212,         0,         0,         0,        21,         0,        12,         0,         0,         0,         0,         0,        -0,     -4228,     -4228,         0,         0,         0,         0,         0,         0,         0,        19,      4231,        21,      4248
       699,    530699,29721.3573,       0.9,         0,      2618,         0,       258,         0,      2357,         0,       233,         0,       -75,     -5424,     -5499,       -68,     -4882,     -4949,      1125,         0,        37,         1,         0,         0,         0,         0,       -84,     -5649,     -5733,         0,         0,         0,         0,         0,         0,         0,      2693,      8118,      1209,      6858
       700,    530700,4737.13181,         0,         0,      1187,         0,         0,         0,         0,         0,         0,         0,        -4,     -2133,     -2137,         0,         0,         0,       242,         0,         0,         0,         0,         0,         0,         0,        -2,     -2365,     -2367,         0,         0,         0,         0,         0,         0,         0,      1191,      3323,       244,      2609
       701,    530701,2696.99483,         0,         0,      2171,         0,         0,         0,         0,         0,         0,         0,       -66,     -2929,     -2995,         0,         0,         0,       797,         0,         0,         0,         0,         0,         0,         0,       -58,     -3113,     -3171,         0,         0,         0,         0,         0,         0,         0,      2237,      5166,       855,      3968
       702,    530702,3830.90864,         0,     578.8,      2722,         0,      1366,       579,         0,         0,         0,         0,       -71,     -3275,     -3346,         0,         0,         0,       994,         0,       108,         0,    575329,         0,     62628,         0,       -72,     -3684,     -3755,    -41532,  -2132122,  -2173654,         0,         0,         0,         0,      2793,      6068,      1066,      4749
       703,    530703,5073.76495,     146.8,       5.1,      5403,         0,        17,         5,    793130,         0,      2461,       749,     -1398,    -25081,    -26478,   -205157,  -3681884,  -3887041,      5669,         0,       181,       147,     28911,         0,       925,       749,      -607,    -14650,    -15257,     -3095,    -74717,    -77812,         0,         0,         0,         0,      6800,     31881,      6276,     20926
       704,    530704,2495.99820,       1.8,      14.7,     12947,         0,        17,        15,     23304,         0,        31,        26,     -4878,    -26589,    -31468,     -8781,    -47861,    -56642,      9624,         0,        69,         2,    141476,         0,      1015,        26,     -1844,    -17798,    -19642,    -27103,   -261638,   -288741,         0,         0,         0,         0,     17825,     44414,     11468,     29266
       705,    530705,4737.10058,       1.8,         0,      3785,         0,         7,         0,      6813,         0,        12,         0,      -160,    -19798,    -19958,      -288,    -35636,    -35925,      4086,         0,       138,         2,         0,         0,         0,         0,      -163,    -11353,    -11516,         0,         0,         0,         0,         0,         0,         0,      3945,     23743,      4248,     15601
       706,    530706,940.757449,      24.9,         0,      6737,         0,        14,         0,    167742,         0,       352,         0,     -2924,    -25067,    -27991,    -72814,   -624171,   -696985,      6679,         0,       181,        25,         0,         0,         0,         0,      -846,    -15152,    -15998,         0,         0,         0,         0,         0,         0,         0,      9661,     34728,      7526,     22677
       707,    530707,1767.76548,       8.9,       2.1,      4573,         0,         5,         2,     40703,         0,        45,        19,      -646,    -24346,    -24993,     -5754,   -216681,   -222435,      4939,         0,       119,         9,     10372,         0,       251,        19,      -392,    -13864,    -14256,      -822,    -29115,    -29937,         0,         0,         0,         0,      5220,     29566,      5331,     19195
       708,    530708,4623.28907,      56.1,       2.4,      2753,         0,       117,         2,    154423,         0,      6589,       135,      -122,    -13237,    -13359,     -6852,   -742587,   -749439,      3014,         0,        86,        56,      7233,         0,       207,       135,       -69,     -7742,     -7811,      -166,    -18581,    -18748,         0,         0,         0,         0,      2875,     16112,      3083,     10825
       709,    530709,3455.37220,      10.7,         0,      2975,         0,         3,         0,     31837,         0,        34,         0,      -129,    -21358,    -21486,     -1379,   -228526,   -229904,      3228,         0,        57,        11,         0,         0,         0,         0,       -81,    -12586,    -12667,         0,         0,         0,         0,         0,         0,         0,      3104,     24462,      3309,     15895
       710,    530710,1146.69835,     104.1,      98.8,      1271,         0,       300,        99,    132292,         0,     31212,     10285,       -15,     -3838,     -3854,     -1608,   -399579,   -401187,      1226,         0,       210,       104,    121148,         0,     20735,     10285,       -23,     -2643,     -2666,     -2257,   -261097,   -263354,         0,         0,         0,         0,      1286,      5125,      1249,      3892
       711,    530711,796.933062,      20.5,     143.0,      2019,         0,       346,       158,     41388,         0,      7090,      3232,       -28,     -7459,     -7487,      -576,   -152900,   -153476,      2178,         0,       222,        21,    311418,         0,     31710,      2932,       -38,     -4875,     -4913,     -5452,   -697175,   -702627,         0,         0,         0,         0,      2047,      9506,      2216,      7091
       712,    530712,262.636222,         0,     116.0,      2154,         0,       332,       134,         0,         0,         0,         0,       -42,     -8031,     -8073,         0,         0,         0,      2352,         0,       202,         3,    272775,         0,     23455,       300,       -44,     -5058,     -5102,     -5098,   -586702,   -591799,         0,         0,         0,         0,      2195,     10227,      2395,      7453
       713,    530713,231.236682,      89.0,       4.9,      1840,         0,       363,         5,    163753,         0,     32303,       436,       -26,     -4991,     -5017,     -2340,   -444185,   -446524,      1958,         0,       220,        89,      9592,         0,      1076,       436,       -28,     -3464,     -3492,      -139,    -16974,    -17113,         0,         0,         0,         0,      1866,      6857,      1986,      5450
       714,    530714,1882.18734,         0,         0,       533,         0,       287,         0,         0,         0,         0,         0,        -0,      -437,      -438,         0,         0,         0,       837,         0,       347,         0,         0,         0,         0,         0,        -1,      -856,      -856,         0,         0,         0,         0,         0,         0,         0,       533,       970,       837,      1693
       715,    530715,320.253511,      38.3,         0,       550,         0,       493,         3,     21053,         0,     18888,       121,        -0,      -513,      -514,       -17,    -19658,    -19675,       927,         0,       530,        54,         0,         0,         0,         0,        -2,      -964,      -966,         0,         0,         0,         0,         0,         0,         0,       550,      1063,       929,      1893
       716,    530716,226.165161,      79.2,     199.1,       563,         0,       494,       302,     44590,         0,     39128,     23941,        -0,      -834,      -834,       -33,    -66023,    -66056,       988,         0,       537,       165,    196694,         0,    106903,     32823,        -2,     -1394,     -1395,      -337,   -277454,   -277790,         0,         0,         0,         0,       563,      1397,       990,      2383
       717,    530717,116.598512,      17.8,       3.6,       553,         0,       493,        62,      9845,         0,      8775,      1100,        -0,      -704,      -704,        -8,    -12528,    -12537,       943,         0,       529,       206,      3396,         0,      1905,       740,        -2,     -1243,     -1244,        -6,     -4473,     -4480,         0,         0,         0,         0,       554,      1257,       945,      2188
       718,    530718,103.262727,         0,         0,       546,         0,       470,         1,         0,         0,         0,         0,        -0,      -601,      -601,         0,         0,         0,       909,         0,       508,         3,         0,         0,         0,         0,        -2,     -1124,     -1126,         0,         0,         0,         0,         0,         0,         0,       546,      1147,       911,      2035
       719,    530719,163.604576,       1.8,         0,       584,         0,       494,        88,      1052,         0,       890,       158,        -1,     -1263,     -1264,        -2,     -2273,     -2275,      1077,         0,       538,        52,         0,         0,         0,         0,        -2,     -1912,     -1914,         0,         0,         0,         0,         0,         0,         0,       586,      1848,      1079,      2991
       720,    530720,1070.55582,       4.4,         0,       535,         0,       366,         0,      2355,         0,      1612,         0,        -0,      -668,      -668,        -1,     -2938,     -2938,       852,         0,       434,         4,         0,         0,         0,         0,        -1,     -1280,     -1281,         0,         0,         0,         0,         0,         0,         0,       535,      1203,       853,      2133
       721,    530721,306.462030,     203.7,      76.8,       557,         0,       493,       122,    113362,         0,    100430,     24801,        -0,      -912,      -913,       -92,   -185813,   -185905,       959,         0,       530,       252,     73614,         0,     40719,     19357,        -2,     -1524,     -1526,      -135,   -117071,   -117206,         0,         0,         0,         0,       557,      1469,       960,      2485
       722,    530722,426.029813,     161.9,     196.1,       559,         0,       494,       317,     90441,         0,     79949,     51386,        -0,     -1068,     -1068,       -68,   -172859,   -172927,       968,         0,       535,       248,    189779,         0,    104866,     48586,        -2,     -1729,     -1731,      -316,   -339145,   -339462,         0,         0,         0,         0,       559,      1627,       969,      2699
       723,    530723,196.554895,         0,         0,       581,         0,       493,        79,         0,         0,         0,         0,        -1,     -1522,     -1523,         0,         0,         0,      1066,         0,       533,        67,         0,         0,         0,         0,        -2,     -2257,     -2259,         0,         0,         0,         0,         0,         0,         0,       582,      2104,      1067,      3324
       724,    530724,422.175422,       6.2,         0,       558,         0,       489,         0,      3459,         0,      3034,         0,        -0,     -1369,     -1370,        -2,     -8490,     -8492,       964,         0,       524,         6,         0,         0,         0,         0,        -1,     -2143,     -2145,         0,         0,         0,         0,         0,         0,         0,       558,      1928,       965,      3108
       725,    530725,282.703671,      23.1,         0,      2003,         0,        52,         0,     46259,         0,      1191,         5,      -193,    -29380,    -29573,     -4457,   -678678,   -683135,      2322,         0,       187,        26,         0,         0,         0,         0,       -77,    -19134,    -19212,         0,         0,         0,         0,         0,         0,         0,      2196,     31576,      2399,     21534
       726,    530726,264.847251,      36.5,       2.9,      2136,         0,        64,         5,     77949,         0,      2327,       165,      -220,    -28331,    -28550,     -8012,  -1034073,  -1042085,      2421,         0,       241,        59,      7021,         0,       698,       171,       -81,    -18411,    -18492,      -234,    -53393,    -53627,         0,         0,         0,         0,      2355,     30686,      2502,     20913
       727,    530727,293.444646,      28.5,       2.2,      3267,         0,        70,         4,     93096,         0,      2000,       124,      -531,    -28780,    -29311,    -15130,   -820241,   -835371,      3164,         0,       276,        55,      6961,         0,       608,       122,      -121,    -18848,    -18968,      -265,    -41465,    -41730,         0,         0,         0,         0,      3797,     32578,      3285,     22132
       728,    530728,2223.30935,      52.5,      32.9,     40719,         0,       263,        33,   2137754,         0,     13817,      1727,     -1622,    -17833,    -19455,    -85164,   -936233,  -1021397,     24262,         0,       564,        53,    798208,         0,     18559,      1727,      -918,    -15117,    -16035,    -30207,   -497360,   -527567,         0,         0,         0,         0,     42341,     60174,     25180,     40297
       729,    530729,1591.59931,     104.1,      17.2,     58082,         0,       479,        21,   6046312,         0,     49866,      2166,     -1685,    -10930,    -12615,   -175365,  -1137854,  -1313219,     35489,         0,       922,       112,    610408,         0,     15862,      1927,      -950,    -10319,    -11269,    -16335,   -177491,   -193826,         0,         0,         0,         0,     59766,     70697,     36439,     46758
       730,    530730,420.414943,     112.1,      89.2,     54887,         0,       551,        89,   6152787,         0,     61761,      9999,     -1677,     -9387,    -11064,   -187997,  -1052258,  -1240255,     33524,         0,      1248,       112,   2990349,         0,    111286,      9999,      -944,     -9289,    -10234,    -84233,   -828606,   -912839,         0,         0,         0,         0,     56564,     65950,     34468,     43758
       731,    530731,130.400915,      55.2,      27.8,     58724,         0,       444,        50,   3241568,         0,     24519,      2773,     -1680,     -8800,    -10480,    -92713,   -485765,   -578478,     35991,         0,      1054,       121,   1000554,         0,     29306,      3362,      -947,     -8846,     -9794,    -26336,   -245932,   -272268,         0,         0,         0,         0,     60404,     69204,     36938,     45785
       732,    530732,406.904769,      70.3,      26.1,     58980,         0,       757,        49,   4146317,         0,     53224,      3447,     -1684,     -9410,    -11093,   -118355,   -661508,   -779863,     36106,         0,      1386,       119,    942375,         0,     36180,      3099,      -950,     -9250,    -10200,    -24793,   -241425,   -266217,         0,         0,         0,         0,     60664,     70074,     37056,     46306
       733,    530733,12701.7097,       0.9,         0,         0,         0,         0,         0,         0,         0,         0,         0,         0,      -452,      -452,         0,      -407,      -407,         5,         0,         4,         1,         0,         0,         0,         0,        -0,      -885,      -885,         0,         0,         0,         0,         0,         0,         0,         0,       452,         5,       890
       734,    530734,5994.84908,       7.1,         0,         0,         0,         0,         0,         0,         0,         0,         0,         0,      -190,      -190,         0,     -1348,     -1348,         8,         0,         7,         7,         0,         0,         0,         0,         0,      -435,      -435,         0,         0,         0,         0,         0,         0,         0,         0,       190,         8,       443
       735,    530735,48561.8523,       0.9,         0,        36,         0,         0,         0,        33,         0,         0,         0,        -0,      -165,      -165,        -0,      -149,      -149,        45,         0,         1,         1,         0,         0,         0,         0,        -0,      -357,      -357,         0,         0,         0,         0,         0,         0,         0,        36,       202,        45,       402
       736,    530736,6965.60528,       3.6,         0,       448,         0,         0,         0,      1613,         0,         0,         0,        -0,      -199,      -199,        -1,      -716,      -717,       614,         0,         5,         4,         0,         0,         0,         0,        -1,      -564,      -564,         0,         0,         0,         0,         0,         0,         0,       448,       647,       614,      1178
       737,    530737,1721.35707,         0,         0,       535,         0,       427,         0,         0,         0,         0,         0,        -0,      -298,      -298,         0,         0,         0,       847,         0,       464,         0,         0,         0,         0,         0,        -1,      -654,      -655,         0,         0,         0,         0,         0,         0,         0,       535,       833,       848,      1502
       738,    530738,1087.54858,       4.4,      16.0,       548,         0,       494,        16,      2413,         0,      2172,        70,        -0,      -460,      -460,        -2,     -2022,     -2024,       921,         0,       535,         4,     14735,         0,      8562,        70,        -2,      -878,      -880,       -27,    -14050,    -14077,         0,         0,         0,         0,       549,      1008,       923,      1801
       739,    530739,1751.58142,       5.3,         0,       548,         0,       412,         0,      2903,         0,      2183,         0,        -0,      -636,      -636,        -2,     -3370,     -3372,       917,         0,       416,         5,         0,         0,         0,         0,        -1,     -1120,     -1122,         0,         0,         0,         0,         0,         0,         0,       548,      1184,       919,      2039
       740,    530740,1256.11725,      18.7,       2.4,       542,         0,       221,         2,     10136,         0,      4130,        45,        -0,      -826,      -826,        -3,    -15441,    -15443,       888,         0,       212,        19,      2132,         0,       510,        45,        -1,     -1427,     -1427,        -2,     -3424,     -3426,         0,         0,         0,         0,       542,      1368,       889,      2316
       741,    530741,2439.88227,         0,         0,       513,         0,        23,         0,         0,         0,         0,         0,        -0,      -915,      -915,         0,         0,         0,       788,         0,        36,         0,         0,         0,         0,         0,        -1,     -1598,     -1598,         0,         0,         0,         0,         0,         0,         0,       514,      1428,       789,      2387
       742,    530742,1129.22549,       5.3,       1.2,       559,         0,       475,         1,      2962,         0,      2515,         6,        -0,     -1157,     -1158,        -2,     -6133,     -6135,       969,         0,       482,         5,      1162,         0,       578,         6,        -1,     -1857,     -1859,        -2,     -2229,     -2230,         0,         0,         0,         0,       559,      1716,       970,      2827
       743,    530743,1428.00871,         0,         0,       420,         0,         0,         0,         0,         0,         0,         0,        -0,      -350,      -350,         0,         0,         0,       561,         0,         3,         0,         0,         0,         0,         0,        -0,      -754,      -755,         0,         0,         0,         0,         0,         0,         0,       420,       770,       561,      1315
       744,    530744,6305.82724,       1.8,         0,       588,         0,       186,         0,      1059,         0,       335,         0,        -2,     -2438,     -2439,        -3,     -4388,     -4391,      1124,         0,       177,         2,         0,         0,         0,         0,        -3,     -3050,     -3053,         0,         0,         0,         0,         0,         0,         0,       590,      3028,      1127,      4177
       745,    530745,780.757723,         0,         0,       474,         0,         6,         0,         0,         0,         0,         0,        -0,      -479,      -479,         0,         0,         0,       664,         0,        26,         0,         0,         0,         0,         0,        -1,      -957,      -958,         0,         0,         0,         0,         0,         0,         0,       475,       953,       665,      1622
       746,    530746,394.086162,         0,         0,       544,         0,       490,        41,         0,         0,         0,         0,        -0,      -974,      -974,         0,         0,         0,       900,         0,       524,       108,         0,         0,         0,         0,        -1,     -1651,     -1652,         0,         0,         0,         0,         0,         0,         0,       544,      1518,       901,      2552
       747,    530747,21489.7898,       4.4,         0,       393,         0,         0,         0,      1730,         0,         0,         0,        -0,     -1738,     -1738,        -1,     -7647,     -7648,       510,         0,         5,         4,         0,         0,         0,         0,        -0,     -2912,     -2913,         0,         0,         0,         0,         0,         0,         0,       393,      2131,       511,      3423
       748,    530748,8542.61495,         0,         0,       529,         0,       115,         0,         0,         0,         0,         0,        -1,     -7169,     -7169,         0,         0,         0,      1004,         0,       119,         0,         0,         0,         0,         0,        -2,     -6151,     -6153,         0,         0,         0,         0,         0,         0,         0,       530,      7699,      1006,      7157
       749,    530749,10797.3356,       5.3,         0,         0,         0,         0,         0,         0,         0,         0,         0,         0,      -257,      -257,         0,     -1364,     -1364,        12,         0,         5,         5,         0,         0,         0,         0,         0,      -869,      -869,         0,         0,         0,         0,         0,         0,         0,         0,       257,        12,       882
       750,    530750,1245.35776,       0.9,         0,       447,         0,         0,         0,       402,         0,         0,         0,        -1,     -2136,     -2137,        -1,     -1922,     -1923,       931,         0,         5,         1,         0,         0,         0,         0,        -3,     -2867,     -2870,         0,         0,         0,         0,         0,         0,         0,       448,      2584,       933,      3800
       751,    530751,38693.4599,         0,         0,         0,         0,         0,         0,         0,         0,         0,         0,         0,         0,         0,         0,         0,         0,         0,         0,         0,         0,         0,         0,         0,         0,         0,        -0,        -0,         0,         0,         0,         0,         0,         0,         0,         0,         0,         0,         0
       752,    530752,25363.5092,      11.6,         0,       377,         0,         0,         0,      4377,         0,         2,         0,        -1,    -17360,    -17361,        -9,   -201375,   -201383,       845,         0,        21,        12,         0,         0,         0,         0,        -2,    -12684,    -12685,         0,         0,         0,         0,         0,         0,         0,       378,     17738,       847,     13530
       753,    530753,1515.38034,         0,         0,       405,         0,         0,         0,         0,         0,         0,         0,        -0,     -3079,     -3079,         0,         0,         0,       843,         0,         5,         0,         0,         0,         0,         0,        -1,     -3761,     -3762,         0,         0,         0,         0,         0,         0,         0,       405,      3484,       844,      4605
       754,    530754,20950.4920,         0,         0,       450,         0,        26,         0,         0,         0,         0,         0,       -14,    -34734,    -34748,         0,         0,         0,       947,         0,       104,         0,         0,         0,         0,         0,       -12,    -23149,    -23161,         0,         0,         0,         0,         0,         0,         0,       464,     35198,       959,     24108
       755,    530755,1780.57240,         0,         0,       181,         0,        30,         0,         0,         0,         0,         0,        -2,    -16956,    -16958,         0,         0,         0,       528,         0,       115,         0,         0,         0,         0,         0,        -4,    -11558,    -11562,         0,         0,         0,         0,         0,         0,         0,       183,     17139,       532,     12090
       756,    530756,1754.41031,       2.7,         0,       857,         0,         0,         0,      2313,         0,         1,         0,       -16,    -15571,    -15587,       -44,    -42041,    -42085,      1541,         0,        26,         3,         0,         0,         0,         0,       -24,    -10932,    -10956,         0,         0,         0,         0,         0,         0,         0,       873,     16444,      1565,     12497
       757,    530757,566.907568,         0,         0,      1158,         0,         0,         0,         0,         0,         0,         0,       -62,    -14184,    -14247,         0,         0,         0,      1932,         0,         6,         0,         0,         0,         0,         0,       -54,     -9903,     -9957,         0,         0,         0,         0,         0,         0,         0,      1221,     15405,      1987,     11889
       758,    530758,1169.05654,       9.8,       4.2,       986,         0,        50,         4,      9661,         0,       488,        41,       -56,    -25520,    -25576,      -550,   -250096,   -250646,      1477,         0,       189,        10,      6201,         0,       794,        41,       -29,    -16718,    -16746,      -121,    -70214,    -70335,         0,         0,         0,         0,      1042,     26562,      1505,     18223
       759,    530759,1606.97322,       9.8,       1.2,      3167,         0,        59,         1,     31034,         0,       578,        12,      -497,    -22820,    -23317,     -4869,   -223639,   -228507,      3108,         0,       227,        10,      3729,         0,       272,        12,      -117,    -14817,    -14935,      -141,    -17781,    -17921,         0,         0,         0,         0,      3664,     26484,      3225,     18042
       760,    530760,1286.98007,         0,         0,      5555,         0,        58,         0,         0,         0,         0,         0,     -1080,    -19192,    -20272,         0,         0,         0,      4230,         0,       231,         0,         0,         0,         0,         0,      -214,    -13067,    -13282,         0,         0,         0,         0,         0,         0,         0,      6635,     25827,      4444,     17512
       761,    530761,454.610150,       1.8,         0,      1287,         0,        44,         0,      2317,         0,        78,         0,       -79,    -27698,    -27777,      -142,    -49857,    -49999,      1720,         0,       168,         3,         0,         0,         0,         0,       -46,    -18124,    -18170,         0,         0,         0,         0,         0,         0,         0,      1366,     29065,      1766,     19890
       762,    530762,16497.9488,         0,         0,      1687,         0,         0,         0,         0,         0,         0,         0,      -270,    -11725,    -11995,         0,         0,         0,      2327,         0,        30,         0,         0,         0,         0,         0,      -110,     -8317,     -8427,         0,         0,         0,         0,         0,         0,         0,      1957,     13682,      2437,     10754
       763,    530763,27477.8629,      12.5,      24.1,        21,         0,        24,        24,       259,         0,       301,       301,         0,     -1695,     -1695,         0,    -21186,    -21186,        25,         0,        13,        13,       605,         0,       301,       301,         0,     -1132,     -1132,         0,    -27292,    -27292,         0,         0,         0,         0,        21,      1716,        25,      1158
       764,    530764,1425.37767,      56.9,      43.3,      3605,         0,        81,        43,    205135,         0,      4624,      2464,      -663,    -27520,    -28183,    -37749,  -1565867,  -1603616,      3357,         0,       341,        57,    145362,         0,     14762,      2464,      -133,    -18090,    -18222,     -5748,   -783278,   -789027,         0,         0,         0,         0,      4269,     31788,      3490,     21579
       765,    530765,2182.84240,       9.8,         0,      5753,         0,       100,         0,     56379,         0,       978,         0,     -1103,    -23400,    -24503,    -10806,   -229320,   -240126,      4310,         0,       374,        10,         0,         0,         0,         0,      -223,    -15934,    -16156,         0,         0,         0,         0,         0,         0,         0,      6856,     30256,      4533,     20466
       766,    530766,1178.79002,      69.4,       6.1,     10163,         0,        92,         6,    705297,         0,      6371,       423,     -1264,    -18448,    -19712,    -87731,  -1280260,  -1367991,      6176,         0,       321,        69,     37671,         0,      1957,       423,      -374,    -13548,    -13922,     -2279,    -82644,    -84923,         0,         0,         0,         0,     11427,     29874,      6549,     20097
       767,    530767,6453.65162,      27.6,      42.8,      1593,         0,        80,        43,     43975,         0,      2201,      1181,       -78,    -27590,    -27668,     -2142,   -761489,   -763631,      1901,         0,       226,        28,     81345,         0,      9658,      1181,       -45,    -17932,    -17977,     -1937,   -767473,   -769410,         0,         0,         0,         0,      1671,     29261,      1946,     19877
       768,    530768,414.079902,       0.9,         0,      2122,         0,        59,         0,      1910,         0,        53,         0,      -217,    -30809,    -31026,      -195,    -27728,    -27923,      2411,         0,       215,        15,         0,         0,         0,         0,       -80,    -20087,    -20167,         0,         0,         0,         0,         0,         0,         0,      2339,     33148,      2492,     22578
       769,    530769,11180.3328,      14.2,         0,        23,         0,         0,         0,       320,         0,         0,         0,        -0,     -3204,     -3204,        -0,    -45495,    -45495,        29,         0,        14,        14,         0,         0,         0,         0,        -0,     -2953,     -2953,         0,         0,         0,         0,         0,         0,         0,        23,      3226,        29,      2981
       770,    530770,204.648995,         0,         0,      1500,         0,        73,         1,         0,         0,         0,         0,       -86,    -31272,    -31358,         0,         0,         0,      1895,         0,       287,         7,         0,         0,         0,         0,       -60,    -20447,    -20506,         0,         0,         0,         0,         0,         0,         0,      1587,     32858,      1955,     22401
       771,    530771,399.924001,      24.9,       3.4,      1337,         0,        83,         3,     33292,         0,      2056,        85,       -81,    -31082,    -31163,     -2028,   -773938,   -775966,      1760,         0,       339,        25,      5984,         0,      1154,        85,       -49,    -20352,    -20401,      -165,    -69197,    -69362,         0,         0,         0,         0,      1418,     32500,      1809,     22161
       772,    530772,9992.80004,       1.8,         0,         4,         0,         8,         0,         8,         0,        14,         0,        -0,     -2745,     -2745,        -0,     -4942,     -4942,        33,         0,        26,         2,         0,         0,         0,         0,        -0,     -3568,     -3568,         0,         0,         0,         0,         0,         0,         0,         4,      2750,        33,      3601
       773,    530773,563.342046,         0,         0,       993,         0,       103,         0,         0,         0,         0,         0,       -58,    -31533,    -31591,         0,         0,         0,      1480,         0,       373,         0,         0,         0,         0,         0,       -29,    -20729,    -20758,         0,         0,         0,         0,         0,         0,         0,      1050,     32584,      1509,     22238
       774,    530774,2944.25304,     185.1,      39.0,       989,         0,       107,        39,    183071,         0,     19880,      7219,       -55,    -29624,    -29679,    -10268,  -5483312,  -5493579,      1492,         0,       331,       185,     58186,         0,     12924,      7219,       -28,    -19392,    -19420,     -1094,   -756301,   -757395,         0,         0,         0,         0,      1045,     30668,      1520,     20912
       775,    530775,4870.18132,         0,         0,        31,         0,         0,         0,         0,         0,         0,         0,        -0,      -890,      -890,         0,         0,         0,       107,         0,         0,         0,         0,         0,         0,         0,        -0,     -1466,     -1467,         0,         0,         0,         0,         0,         0,         0,        31,       921,       107,      1574
       776,    530776,562.518473,     188.6,       2.7,      6369,         0,         8,         3,   1201280,         0,      1485,       509,     -1055,    -23959,    -25014,   -198932,  -4518626,  -4717559,      5214,         0,       261,       189,     14079,         0,       706,       509,      -273,    -16804,    -17077,      -736,    -45371,    -46107,         0,         0,         0,         0,      7424,     31383,      5487,     22291
       777,    530777,13500.5377,         0,         0,         0,         0,         0,         0,         0,         0,         0,         0,         0,      -132,      -132,         0,         0,         0,         0,         0,         0,         0,         0,         0,         0,         0,         0,      -437,      -437,         0,         0,         0,         0,         0,         0,         0,         0,       132,         0,       437
       778,    530778,452.715409,      57.8,         0,      6531,         0,        12,         0,    377512,         0,       683,         0,     -1081,    -24759,    -25839,    -62471,  -1431044,  -1493514,      5285,         0,       302,        58,         0,         0,         0,         0,      -281,    -17313,    -17593,         0,         0,         0,         0,         0,         0,         0,      7612,     32371,      5565,     22878
       779,    530779,9206.19951,         0,         0,      1583,         0,        11,         0,         0,         0,         0,         0,      -238,    -37144,    -37382,         0,         0,         0,      2350,         0,       142,         0,         0,         0,         0,         0,      -100,    -24812,    -24913,         0,         0,         0,         0,         0,         0,         0,      1821,     38965,      2450,     27263
       780,    530780,1122.52657,      13.3,       1.3,      4324,         0,        12,         1,     57510,         0,       161,        17,      -712,    -27258,    -27971,     -9475,   -362535,   -372010,      4186,         0,       292,        13,      5442,         0,       380,        17,      -186,    -18514,    -18700,      -242,    -24068,    -24310,         0,         0,         0,         0,      5036,     32295,      4372,     22886
       781,    530781,4634.72369,       8.9,         0,     17524,         0,        92,         0,    155963,         0,       821,         0,     -1640,    -17472,    -19112,    -14600,   -155499,   -170098,     10863,         0,       325,         9,         0,         0,         0,         0,      -877,    -13797,    -14675,         0,         0,         0,         0,         0,         0,         0,     19164,     36636,     11740,     25537
       782,    530782,4534.74238,       1.8,       8.4,      8096,         0,        41,         8,     14572,         0,        74,        15,     -1266,    -31602,    -32868,     -2278,    -56884,    -59162,      5953,         0,       328,         2,     50001,         0,      2752,        15,      -359,    -22113,    -22472,     -3012,   -185752,   -188764,         0,         0,         0,         0,      9361,     40963,      6311,     28424
       783,    530783,569.537328,       4.4,      15.6,        17,         0,        17,        16,        77,         0,        74,        69,        -0,     -7700,     -7700,        -0,    -33882,    -33882,       158,         0,       119,        15,      2468,         0,      1859,       241,        -0,     -7311,     -7311,        -2,   -114057,   -114059,         0,         0,         0,         0,        17,      7718,       158,      7470
       784,    530784,929.376642,      93.4,       1.2,        17,         0,        17,         1,      1632,         0,      1569,       112,        -0,     -8852,     -8852,        -0,   -826785,   -826785,       162,         0,       119,        93,       194,         0,       142,       112,        -0,     -8003,     -8003,        -0,     -9603,     -9603,         0,         0,         0,         0,        17,      8870,       162,      8164
       785,    530785,12880.1375,       1.8,         0,     21780,         0,         0,         0,     39203,         0,         0,         0,     -1505,    -17031,    -18536,     -2709,    -30655,    -33364,     12553,         0,         2,         2,         0,         0,         0,         0,      -723,    -14119,    -14842,         0,         0,         0,         0,         0,         0,         0,     23285,     40315,     13277,     27395
       786,    530786,12949.3820,         0,         0,         0,         0,         0,         0,         0,         0,         0,         0,         0,      -110,      -110,         0,         0,         0,         0,         0,         0,         0,         0,         0,         0,         0,         0,      -334,      -334,         0,         0,         0,         0,         0,         0,         0,         0,       110,         0,       334
       787,    530787,305.472997,      20.5,         0,        17,         0,        17,         8,       345,         0,       344,       172,        -0,     -7111,     -7111,        -0,   -145774,   -145774,       120,         0,       119,        23,         0,         0,         0,         0,        -0,     -6989,     -6989,         0,         0,         0,         0,         0,         0,         0,        17,      7128,       120,      7108
       788,    530788,5273.09550,         0,         0,         9,         0,        12,         0,         0,         0,         0,         0,         0,    -11549,    -11549,         0,         0,         0,        69,         0,        83,         0,         0,         0,         0,         0,         0,     -9551,     -9551,         0,         0,         0,         0,         0,         0,         0,         9,     11558,        69,      9620
       789,    530789,4691.14697,       0.9,         0,      5019,         0,        82,         0,      4517,         0,        74,         0,      -836,    -25127,    -25962,      -752,    -22614,    -23366,      4311,         0,       169,         1,         0,         0,         0,         0,      -199,    -17141,    -17340,         0,         0,         0,         0,         0,         0,         0,      5855,     30982,      4510,     21651
       790,    530790,6211.15347,       3.6,         0,      1234,         0,         0,         0,      4443,         0,         0,         0,       -64,     -8988,     -9052,      -231,    -32358,    -32588,      1244,         0,         4,         4,         0,         0,         0,         0,       -48,     -7311,     -7359,         0,         0,         0,         0,         0,         0,         0,      1298,     10287,      1292,      8603
       791,    530791,1239.46624,     159.3,      10.8,     19624,         0,       104,        11,   3126127,         0,     16589,      1720,     -1708,    -20889,    -22597,   -272127,  -3327554,  -3599681,     12109,         0,       426,       159,    130774,         0,      4603,      1720,      -937,    -16133,    -17071,    -10125,   -174237,   -184362,         0,         0,         0,         0,     21332,     42221,     13046,     29179
       792,    530792,1105.26844,      39.1,      42.8,     23151,         0,       127,        43,    905196,         0,      4957,      1673,     -1746,    -16540,    -18286,    -68266,   -646732,   -714997,     14184,         0,       449,        39,    607088,         0,     19201,      1673,      -989,    -13391,    -14380,    -42349,   -573131,   -615480,         0,         0,         0,         0,     24897,     41437,     15174,     28565
       793,    530793,8881.71267,         0,         0,      1274,         0,         8,         0,         0,         0,         0,         0,      -120,    -31817,    -31937,         0,         0,         0,      1189,         0,        13,         0,         0,         0,         0,         0,       -37,    -22076,    -22114,         0,         0,         0,         0,         0,         0,         0,      1394,     33211,      1226,     23302
       794,    530794,5846.26960,      10.7,         0,     26598,         0,         2,         0,    284598,         0,        26,         0,     -1554,     -9419,    -10973,    -16628,   -100787,   -117415,     15619,         0,        15,        11,         0,         0,         0,         0,      -776,     -9049,     -9826,         0,         0,         0,         0,         0,         0,         0,     28152,     37571,     16395,     25445
       795,    530795,9500.60889,         0,         0,       557,         0,         0,         0,         0,         0,         0,         0,       -45,    -21357,    -21402,         0,         0,         0,       624,         0,         7,         0,         0,         0,         0,         0,       -31,    -15117,    -15148,         0,         0,         0,         0,         0,         0,         0,       602,     21959,       655,     15772
       796,    530796,853.444066,      71.2,      32.1,     23045,         0,       138,        32,   1640797,         0,      9843,      2286,     -1745,    -20154,    -21899,   -124217,  -1434987,  -1559204,     14119,         0,       565,        71,    453230,         0,     18139,      2286,      -989,    -15759,    -16748,    -31754,   -505870,   -537625,         0,         0,         0,         0,     24790,     44944,     15109,     30868
       797,    530797,4476.27759,       0.9,         0,     25282,         0,        97,         0,     22754,         0,        87,         0,     -1731,    -19568,    -21298,     -1558,    -17611,    -19168,     15339,         0,       498,         1,         0,         0,         0,         0,      -981,    -15729,    -16710,         0,         0,         0,         0,         0,         0,         0,     27013,     46581,     16320,     32049
       798,    530798,511.664983,      56.9,      18.8,     22339,         0,       140,        19,   1271078,         0,      7952,      1070,     -1726,    -20564,    -22290,    -98205,  -1170095,  -1268300,     13669,         0,       480,        57,    256982,         0,      9021,      1070,      -982,    -15911,    -16893,    -18463,   -299122,   -317584,         0,         0,         0,         0,     24065,     44629,     14651,     30562
       799,    530799,9048.43022,         0,         0,     28631,         0,        58,         0,         0,         0,         0,         0,     -1687,    -22719,    -24406,         0,         0,         0,     17214,         0,       283,         0,         0,         0,         0,         0,      -984,    -17987,    -18971,         0,         0,         0,         0,         0,         0,         0,     30318,     53037,     18198,     36185
       800,    530800,7477.01521,         0,         0,       305,         0,         0,         0,         0,         0,         0,         0,        -2,    -49691,    -49693,         0,         0,         0,       348,         0,         0,         0,         0,         0,         0,         0,        -1,    -32967,    -32968,         0,         0,         0,         0,         0,         0,         0,       307,     49998,       350,     33317
       801,    530801,12680.4227,         0,         0,      1945,         0,         2,         0,         0,         0,         0,         0,       -73,    -19098,    -19171,         0,         0,         0,      1945,         0,         5,         0,         0,         0,         0,         0,       -63,    -12969,    -13032,         0,         0,         0,         0,         0,         0,         0,      2017,     21115,      2008,     14977
       802,    530802,5615.40700,       3.6,      16.0,     22897,         0,       114,        16,     82430,         0,       411,        58,     -1707,    -21786,    -23494,     -6146,    -78431,    -84578,     13843,         0,       386,         4,    221488,         0,      6171,        58,      -967,    -16854,    -17821,    -15470,   -269658,   -285128,         0,         0,         0,         0,     24605,     46391,     14810,     31663
       803,    530803,1580.88040,     112.1,       4.8,     32431,         0,       107,         5,   3635540,         0,     12030,       538,     -1767,    -18164,    -19931,   -198083,  -2036183,  -2234266,     19767,         0,       527,       112,     94882,         0,      2530,       538,     -1036,    -14863,    -15899,     -4974,    -71340,    -76314,         0,         0,         0,         0,     34198,     52362,     20803,     35666
       804,    530804,14031.1892,         0,         0,        63,         0,        16,         0,         0,         0,         0,         0,        -0,     -4367,     -4368,         0,         0,         0,       130,         0,        27,         0,         0,         0,         0,         0,        -1,     -5621,     -5622,         0,         0,         0,         0,         0,         0,         0,        63,      4431,       131,      5752
       805,    530805,56642.5286,         0,         0,         0,         0,         0,         0,         0,         0,         0,         0,         0,      -120,      -120,         0,         0,         0,         0,         0,         0,         0,         0,         0,         0,         0,         0,      -244,      -244,         0,         0,         0,         0,         0,         0,         0,         0,       120,         0,       244
       806,    530806,1230.13352,     211.8,      27.6,     32412,         0,       104,        28,   6864855,         0,     22090,      5846,     -1766,    -18903,    -20669,   -374040,  -4003554,  -4377594,     19754,         0,       474,       212,    545218,         0,     13078,      5846,     -1037,    -15262,    -16299,    -28615,   -421241,   -449857,         0,         0,         0,         0,     34178,     53080,     20791,     36053
       807,    530807,8241.47764,       0.9,         0,     27386,         0,        51,         0,     24647,         0,        46,         0,     -1630,    -30410,    -32040,     -1467,    -27369,    -28836,     16307,         0,       164,         1,         0,         0,         0,         0,      -942,    -22801,    -23743,         0,         0,         0,         0,         0,         0,         0,     29015,     59425,     17249,     40050
       808,    530808,1051.83681,      16.0,       1.2,      7060,         0,        38,         1,    112961,         0,       605,        19,     -1811,    -25992,    -27802,    -28969,   -415868,   -444837,      7416,         0,        57,        16,      8899,         0,        68,        19,      -451,    -16273,    -16723,      -541,    -19527,    -20068,         0,         0,         0,         0,      8871,     34862,      7866,     24139
       809,    530809,529.332184,      22.2,      21.5,      6876,         0,        39,        22,    152655,         0,       868,       477,     -1763,    -30301,    -32064,    -39133,   -672681,   -711814,      7315,         0,        69,        22,    157271,         0,      1488,       477,      -442,    -18962,    -19404,     -9512,   -407678,   -417190,         0,         0,         0,         0,      8639,     38940,      7757,     26719
       810,    530810,14763.3302,       0.9,         0,     39614,         0,      1544,         0,     35653,         0,      1390,         0,     -2334,    -17810,    -20143,     -2100,    -16029,    -18129,     25117,         0,      1550,         1,         0,         0,         0,         0,     -1296,    -13898,    -15195,         0,         0,         0,         0,         0,         0,         0,     41948,     59758,     26414,     40312
       811,    530811,1817.13129,         0,         0,      1913,         0,        41,         0,         0,         0,         0,         0,      -282,    -45903,    -46184,         0,         0,         0,      1616,         0,       104,         0,         0,         0,         0,         0,       -58,    -30915,    -30973,         0,         0,         0,         0,         0,         0,         0,      2194,     48097,      1674,     32589
       812,    530812,2223.96335,     278.5,      87.7,     43668,         0,       199,        88,  12161427,         0,     55541,     24424,     -1821,    -20473,    -22294,   -507032,  -5701788,  -6208820,     26576,         0,       479,       279,   2330676,         0,     42000,     24424,     -1128,    -16445,    -17572,    -98895,  -1442204,  -1541099,         0,         0,         0,         0,     45488,     65961,     27703,     44148
       813,    530813,2313.68996,       3.6,         0,     51519,         0,       654,         0,    185469,         0,      2354,         0,     -1841,    -15253,    -17094,     -6627,    -54912,    -61538,     31357,         0,       710,         4,         0,         0,         0,         0,     -1202,    -13325,    -14527,         0,         0,         0,         0,         0,         0,         0,     53360,     68613,     32559,     45884
       814,    530814,2487.40196,         0,         0,     40867,         0,       166,         0,         0,         0,         0,         0,     -1620,    -25180,    -26800,         0,         0,         0,     24360,         0,       406,         0,         0,         0,         0,         0,      -918,    -19767,    -20684,         0,         0,         0,         0,         0,         0,         0,     42488,     67667,     25277,     45044
       815,    530815,1752.43300,      40.9,         0,     47201,         0,       631,         0,   1930513,         0,     25810,         0,     -1667,    -12046,    -13713,    -68166,   -492697,   -560862,     28672,         0,      1358,        41,         0,         0,         0,         0,      -926,    -11006,    -11932,         0,         0,         0,         0,         0,         0,         0,     48867,     60914,     29599,     40605
       816,    530816,2964.66274,         0,         0,     49606,         0,      1506,         0,         0,         0,         0,         0,     -1636,    -25199,    -26835,         0,         0,         0,     29570,         0,       613,         0,         0,         0,         0,         0,      -931,    -19891,    -20822,         0,         0,         0,         0,         0,         0,         0,     51242,     76441,     30501,     50392
       817,    530817,6981.11681,       8.0,         0,      5987,         0,       189,         0,     47896,         0,      1515,         0,      -524,    -19671,    -20195,     -4190,   -157370,   -161560,      5358,         0,        75,         8,         0,         0,         0,         0,      -341,    -12083,    -12424,         0,         0,         0,         0,         0,         0,         0,      6511,     26182,      5699,     17781
       818,    530818,12740.5890,       3.6,      94.6,     60688,         0,      5007,        95,    218476,         0,     18027,       341,     -1115,    -15542,    -16656,     -4012,    -55951,    -59963,     34439,         0,      3194,         4,   3257893,         0,    302185,       341,      -775,    -15635,    -16409,    -73271,  -1479059,  -1552330,         0,         0,         0,         0,     61802,     77344,     35213,     50848
       819,    530819,1071.51528,         0,         0,         0,         0,      2110,         0,         0,         0,         0,         0,         0,         0,         0,         0,         0,         0,         0,         0,      2986,         0,         0,         0,         0,         0,         0,         0,         0,         0,         0,         0,         0,         0,         0,         0,         0,         0,         0,         0
       820,    530820,2386.48667,         0,         0,     37581,         0,       369,         0,         0,         0,         0,         0,     -1674,    -32915,    -34589,         0,         0,         0,     22689,         0,       623,         0,         0,         0,         0,         0,     -1013,    -24032,    -25045,         0,         0,         0,         0,         0,         0,         0,     39255,     72169,     23702,     47734
       821,    530821,12808.3519,         0,         0,     60123,         0,      1444,         0,         0,         0,         0,         0,     -1716,    -12843,    -14559,         0,         0,         0,     35874,         0,      1551,         0,         0,         0,         0,         0,     -1054,    -12118,    -13173,         0,         0,         0,         0,         0,         0,         0,     61839,     74682,     36928,     49046
       822,    530822,3578.05941,         0,         0,     49213,         0,      2171,         0,         0,         0,         0,         0,     -1656,    -18529,    -20184,         0,         0,         0,     29728,         0,      2613,         0,         0,         0,         0,         0,      -934,    -15246,    -16180,         0,         0,         0,         0,         0,         0,         0,     50868,     69397,     30662,     45908
       823,    530823,1189.95533,      14.2,      17.5,     48187,         0,      2238,        44,    684250,         0,     31775,       621,     -2553,    -18106,    -20658,    -36246,   -257099,   -293345,     30630,         0,      2467,        25,    536021,         0,     43166,       443,     -1479,    -13646,    -15125,    -25883,   -238807,   -264691,         0,         0,         0,         0,     50739,     68845,     32109,     45755
       824,    530824,4949.09559,      22.2,         0,     30908,         0,       320,         0,    686152,         0,      7104,         0,     -3651,    -14234,    -17884,    -81045,   -315985,   -397030,     20244,         0,       493,        22,         0,         0,         0,         0,     -1756,    -11070,    -12827,         0,         0,         0,         0,         0,         0,         0,     34558,     48792,     22000,     33071
       825,    530825,6239.44096,         0,         0,     19668,         0,         4,         0,         0,         0,         0,         0,     -3363,    -15329,    -18692,         0,         0,         0,     13391,         0,         7,         0,         0,         0,         0,         0,     -1533,    -11099,    -12632,         0,         0,         0,         0,         0,         0,         0,     23031,     38360,     14924,     26023
       826,    530826,1140.47685,         0,         0,     39198,         0,      3800,         0,         0,         0,         0,         0,     -5443,    -13498,    -18941,         0,         0,         0,     24846,         0,      4680,         0,         0,         0,         0,         0,     -3019,    -10916,    -13934,         0,         0,         0,         0,         0,         0,         0,     44641,     58139,     27865,     38781
       827,    530827,394.848059,     208.2,      78.3,     57763,         0,      1674,        95,  12026209,         0,    348605,     19778,     -1842,    -14879,    -16721,   -383554,  -3097804,  -3481358,     34940,         0,      1654,       304,   2735825,         0,    129513,     23791,     -1258,    -12990,    -14248,    -98517,  -1017092,  -1115609,         0,         0,         0,         0,     59605,     74484,     36198,     49188
       828,    530828,375.086889,         0,         0,     29946,         0,      3996,         0,         0,         0,         0,         0,     -5643,    -17358,    -23002,         0,         0,         0,     19439,         0,      4699,         1,         0,         0,         0,         0,     -2955,    -13092,    -16046,         0,         0,         0,         0,         0,         0,         0,     35589,     52948,     22394,     35486
       829,    530829,1455.11948,       0.9,         0,     10831,         0,      3286,         0,      9748,         0,      2957,         0,     -4586,    -27060,    -31646,     -4127,    -24354,    -28481,      8506,         0,      3555,         1,         0,         0,         0,         0,     -1458,    -19008,    -20466,         0,         0,         0,         0,         0,         0,         0,     15416,     42476,      9964,     28972
       830,    530830,6747.36759,         0,      13.3,     14999,         0,       557,        13,         0,         0,         0,         0,     -3230,    -40813,    -44042,         0,         0,         0,     10742,         0,      1145,         0,    142864,         0,     15230,         0,     -1292,    -26712,    -28004,    -17183,   -355266,   -372450,         0,         0,         0,         0,     18229,     59041,     12034,     38745
       831,    530831,9228.33020,         0,         0,      6300,         0,       166,         0,         0,         0,         0,         0,     -2552,    -25664,    -28216,         0,         0,         0,      6348,         0,       159,         0,         0,         0,         0,         0,      -780,    -15861,    -16641,         0,         0,         0,         0,         0,         0,         0,      8852,     34516,      7128,     22989
       832,    530832,51456.7120,         0,         0,       255,         0,         0,         0,         0,         0,         0,         0,        -6,    -11698,    -11704,         0,         0,         0,       539,         0,         0,         0,         0,         0,         0,         0,        -6,     -8505,     -8512,         0,         0,         0,         0,         0,         0,         0,       260,     11958,       546,      9051
       833,    530833,2591.71651,         0,         0,         0,         0,      2694,         0,         0,         0,         0,         0,         0,         0,         0,         0,         0,         0,         0,         0,      4925,         0,         0,         0,         0,         0,         0,         0,         0,         0,         0,         0,         0,         0,         0,         0,         0,         0,         0,         0
       834,    530834,2506.44609,         0,         0,     18203,         0,         9,         0,         0,         0,         0,         0,     -3308,    -27461,    -30769,         0,         0,         0,     12535,         0,         1,         0,         0,         0,         0,         0,     -1467,    -18433,    -19901,         0,         0,         0,         0,         0,         0,         0,     21511,     48972,     14002,     32435
       835,    530835,2553.99802,         0,         0,      4968,         0,        80,         0,         0,         0,         0,         0,      -231,    -19727,    -19958,         0,         0,         0,      3960,         0,       204,         0,         0,         0,         0,         0,      -160,    -12565,    -12725,         0,         0,         0,         0,         0,         0,         0,      5199,     24926,      4120,     16685
       836,    530836,18115.7551,         0,         0,      2970,         0,        12,         0,         0,         0,         0,         0,       -81,     -4018,     -4099,         0,         0,         0,      1680,         0,        12,         0,         0,         0,         0,         0,       -84,     -4060,     -4144,         0,         0,         0,         0,         0,         0,         0,      3051,      7069,      1765,      5824
       837,    530837,659.572809,         0,       2.2,     53779,       617,      4316,         2,         0,         0,         0,         0,     -4024,    -11401,    -15426,         0,         0,         0,     34025,      1126,      7158,         0,     74856,      2476,     15748,         0,     -2223,     -8859,    -11082,     -4891,    -19489,    -24380,       617,         0,      1126,         0,     57803,     69204,     36249,     45107
       838,    530838,6106.23234,       5.3,       2.7,     15308,         0,       790,         3,     81132,         0,      4188,        14,     -5130,    -35872,    -41002,    -27188,   -190121,   -217308,     10687,         0,       852,         5,     28854,         0,      2300,        14,     -2229,    -24218,    -26447,     -6018,    -65390,    -71407,         0,         0,         0,         0,     20438,     56309,     12915,     37134
       839,    530839,4041.15021,         0,         0,     16011,         0,        57,         0,         0,         0,         0,         0,     -5197,    -29253,    -34450,         0,         0,         0,     11099,         0,       137,         0,         0,         0,         0,         0,     -2314,    -19886,    -22200,         0,         0,         0,         0,         0,         0,         0,     21208,     50461,     13413,     33299
       840,    530840,2098.95016,         0,         0,     14308,         0,        40,         0,         0,         0,         0,         0,     -5021,    -24319,    -29340,         0,         0,         0,     10269,         0,        85,         0,         0,         0,         0,         0,     -2053,    -16549,    -18602,         0,         0,         0,         0,         0,         0,         0,     19330,     43649,     12322,     28871
       841,    530841,31610.8978,         0,         0,      1242,         0,         0,         0,         0,         0,         0,         0,       -96,    -40270,    -40365,         0,         0,         0,      1967,         0,         0,         0,         0,         0,         0,         0,      -126,    -24819,    -24946,         0,         0,         0,         0,         0,         0,         0,      1338,     41607,      2093,     26913
       842,    530842,4026.72200,         0,         0,      3270,         0,        22,         0,         0,         0,         0,         0,      -857,    -59508,    -60365,         0,         0,         0,      4357,         0,        25,         0,         0,         0,         0,         0,      -272,    -36466,    -36738,         0,         0,         0,         0,         0,         0,         0,      4126,     63634,      4630,     41095
       843,    530843,3195.46561,         0,         0,         0,         0,       964,         0,         0,         0,         0,         0,         0,         0,         0,         0,         0,         0,         0,         0,      1975,         0,         0,         0,         0,         0,         0,         0,         0,         0,         0,         0,         0,         0,         0,         0,         0,         0,         0,         0
       844,    530844,6499.83795,         0,         0,       470,         0,        75,         0,         0,         0,         0,         0,        -4,     -3283,     -3287,         0,         0,         0,       398,         0,        94,         0,         0,         0,         0,         0,        -2,     -2009,     -2012,         0,         0,         0,         0,         0,         0,         0,       474,      3757,       400,      2410
       845,    530845,4558.21002,         0,         0,     43825,         0,      5667,         0,         0,         0,         0,         0,     -3608,    -27168,    -30775,         0,         0,         0,     27470,         0,      6040,         0,         0,         0,         0,         0,     -1879,    -17782,    -19662,         0,         0,         0,         0,         0,         0,         0,     47433,     74600,     29349,     47131
       846,    530846,1183.07621,         0,         0,         0,         0,      2666,         0,         0,         0,         0,         0,         0,         0,         0,         0,         0,         0,         0,         0,      3017,         0,         0,         0,         0,         0,         0,         0,         0,         0,         0,         0,         0,         0,         0,         0,         0,         0,         0,         0
       847,    530847,715.211457,         0,         0,         0,         0,      6757,         1,         0,         0,         0,         0,         0,         0,         0,         0,         0,         0,         0,         0,      6311,        30,         0,         0,         0,         0,         0,         0,         0,         0,         0,         0,         0,         0,         0,         0,         0,         0,         0,         0
       848,    530848,15852.5296,         0,         0,     36130,         0,       156,         0,         0,         0,         0,         0,     -2242,    -23984,    -26227,         0,         0,         0,     23461,         0,       147,         0,         0,         0,         0,         0,     -1077,    -17096,    -18173,         0,         0,         0,         0,         0,         0,         0,     38372,     62357,     24538,     41634
       849,    530849,19852.6517,         0,         0,      3416,         0,         7,         0,         0,         0,         0,         0,      -135,    -33766,    -33901,         0,         0,         0,      3696,         0,        12,         0,         0,         0,         0,         0,      -132,    -20483,    -20615,         0,         0,         0,         0,         0,         0,         0,      3551,     37317,      3829,     24311
       850,    530850,180.301602,         0,         0,         0,         0,       265,         1,         0,         0,         0,         0,         0,         0,         0,         0,         0,         0,         0,         0,       496,        39,         0,         0,         0,         0,         0,         0,         0,         0,         0,         0,         0,         0,         0,         0,         0,         0,         0,         0
       851,    530851,7084.67283,         0,         0,     52862,         0,       167,         0,         0,         0,         0,         0,      -659,    -17771,    -18430,         0,         0,         0,     30948,         0,       813,         0,         0,         0,         0,         0,      -410,    -14159,    -14569,         0,         0,         0,         0,         0,         0,         0,     53521,     71291,     31358,     45517
       852,    530852,2490.65463,         0,         0,      6808,         0,        13,         0,         0,         0,         0,         0,      -765,    -43389,    -44154,         0,         0,         0,      7015,         0,        59,         0,         0,         0,         0,         0,      -317,    -26218,    -26535,         0,         0,         0,         0,         0,         0,         0,      7573,     50962,      7331,     33549
       853,    530853,2707.01839,         0,         0,     57724,         0,       883,         0,         0,         0,         0,         0,     -1637,    -16942,    -18579,         0,         0,         0,     35971,         0,      2089,         0,         0,         0,         0,         0,      -885,    -12280,    -13165,         0,         0,         0,         0,         0,         0,         0,     59361,     76303,     36856,     49136
       854,    530854,6124.24947,         0,         0,      2117,         0,         0,         0,         0,         0,         0,         0,       -81,    -32297,    -32378,         0,         0,         0,      2315,         0,         7,         0,         0,         0,         0,         0,       -42,    -20445,    -20487,         0,         0,         0,         0,         0,         0,         0,      2198,     34495,      2357,     22802
       855,    530855,2455.45077,         0,         0,     38463,         0,        13,         0,         0,         0,         0,         0,     -1604,    -19035,    -20639,         0,         0,         0,     23323,         0,       149,         0,         0,         0,         0,         0,      -828,    -14732,    -15559,         0,         0,         0,         0,         0,         0,         0,     40068,     59103,     24151,     38882
       856,    530856,2077.77035,         0,         0,         0,         0,       261,         0,         0,         0,         0,         0,         0,         0,         0,         0,         0,         0,         0,         0,      1388,         0,         0,         0,         0,         0,         0,         0,         0,         0,         0,         0,         0,         0,         0,         0,         0,         0,         0,         0
       857,    530857,1868.69283,         0,         0,     42855,         0,       202,         0,         0,         0,         0,         0,     -1615,    -20350,    -21966,         0,         0,         0,     26193,         0,      1229,         0,         0,         0,         0,         0,      -847,    -15028,    -15875,         0,         0,         0,         0,         0,         0,         0,     44471,     64821,     27039,     42067
       858,    530858,2902.93084,         0,         0,      1029,         0,       276,         0,         0,         0,         0,         0,       -10,     -6165,     -6175,         0,         0,         0,       937,         0,       184,         0,         0,         0,         0,         0,       -14,     -4827,     -4840,         0,         0,         0,         0,         0,         0,         0,      1040,      7204,       950,      5777
       859,    530859,2223.81741,         0,         0,      6973,         0,         0,         0,         0,         0,         0,         0,     -1082,    -25995,    -27077,         0,         0,         0,      5071,         0,         6,         0,         0,         0,         0,         0,      -243,    -17840,    -18083,         0,         0,         0,         0,         0,         0,         0,      8055,     34050,      5314,     23154
       860,    530860,3255.26617,         0,         0,      1112,         0,         0,         0,         0,         0,         0,         0,       -14,    -31684,    -31699,         0,         0,         0,      1104,         0,         0,         0,         0,         0,         0,         0,       -24,    -20102,    -20126,         0,         0,         0,         0,         0,         0,         0,      1126,     32811,      1127,     21229
       861,    530861,8114.33849,         0,         0,         0,         0,         0,         0,         0,         0,         0,         0,         0,     -3959,     -3959,         0,         0,         0,         0,         0,         0,         0,         0,         0,         0,         0,         0,     -3817,     -3817,         0,         0,         0,         0,         0,         0,         0,         0,      3959,         0,      3817
       862,    530862,2984.20332,         0,         0,     60022,         0,       379,         0,         0,         0,         0,         0,      -661,    -11051,    -11711,         0,         0,         0,     35603,         0,      1819,         0,         0,         0,         0,         0,      -414,     -9588,    -10002,         0,         0,         0,         0,         0,         0,         0,     60682,     71733,     36017,     45606
       863,    530863,3226.45414,         0,         0,         0,         0,         0,         0,         0,         0,         0,         0,         0,         0,         0,         0,         0,         0,         0,         0,         0,         0,         0,         0,         0,         0,         0,         0,         0,         0,         0,         0,         0,         0,         0,         0,         0,         0,         0,         0
       864,    530864,1394.85991,         0,         0,     12340,         0,         6,         0,         0,         0,         0,         0,     -1238,    -28663,    -29902,         0,         0,         0,      7739,         0,       180,         0,         0,         0,         0,         0,      -318,    -19890,    -20208,         0,         0,         0,         0,         0,         0,         0,     13579,     42242,      8057,     27947
       865,    530865,1627.89645,         0,         0,      2053,         0,         1,         0,         0,         0,         0,         0,       -30,    -20797,    -20827,         0,         0,         0,      2250,         0,        24,         0,         0,         0,         0,         0,       -42,    -12542,    -12584,         0,         0,         0,         0,         0,         0,         0,      2083,     22880,      2292,     14835
       866,    530866,2288.03385,         0,         0,      2274,         0,       105,         0,         0,         0,         0,         0,       -82,    -16104,    -16187,         0,         0,         0,      2513,         0,        61,         0,         0,         0,         0,         0,       -50,     -9541,     -9592,         0,         0,         0,         0,         0,         0,         0,      2356,     18460,      2563,     12104
       867,    530867,1715.47572,         0,         0,      2334,         0,       284,         0,         0,         0,         0,         0,       -90,    -11598,    -11689,         0,         0,         0,      2583,         0,       150,         0,         0,         0,         0,         0,       -52,     -6909,     -6961,         0,         0,         0,         0,         0,         0,         0,      2425,     14023,      2635,      9544
       868,    530868,522.283943,         0,         0,      2525,         0,       310,         0,         0,         0,         0,         0,       -93,    -10722,    -10816,         0,         0,         0,      2779,         0,       184,         0,         0,         0,         0,         0,       -54,     -6345,     -6399,         0,         0,         0,         0,         0,         0,         0,      2618,     13340,      2833,      9178
