TAZID,CO_TAZID,DevAcres,HH,Job,Job_byAuto,Job_byTran,Job_byBike,Job_byWalk,act_Job_byAuto,act_Job_byTran,act_Job_byBike,act_Job_byWalk,Loss_Job_Cong,Loss_Job_Net,Loss_Job_Abs,act_Loss_Job_Cong,act_Loss_Job_Net,act_Loss_Job_Abs,HH_byAuto,HH_byTran,HH_byBike,HH_byWalk,act_HH_byAuto,act_HH_byTran,act_HH_byBike,act_HH_byWalk,Loss_HH_Cong,Loss_HH_Net,Loss_HH_Abs,act_Loss_HH_Cong,act_Loss_HH_Net,act_Loss_HH_Abs,tmp_Job_byTran_wk,tmp_Job_byTran_dr,tmp_HH_byTran_wk,tmp_HH_byTran_dr,tmp_Job_byAuto_FF,tmp_Job_byAuto_SL,tmp_HH_byAuto_FF,tmp_HH_byAuto_SL
         1,     21001,114466.770,      16.9,         0,        35,         0,         0,         0,       587,         0,         0,         0,         0,       -35,       -35,         0,      -600,      -600,        93,         0,        17,        17,         0,         0,         0,         0,         0,      -119,      -119,         0,         0,         0,         0,         0,         0,         0,        35,        70,        93,       213
         2,     21002,196091.136,      14.7,      13.7,        59,         0,        14,        14,       867,         0,       201,       201,         0,      -149,      -149,         0,     -2194,     -2194,       155,         0,        15,        15,      2124,         0,       201,       201,        -0,      -189,      -189,        -0,     -2595,     -2595,         0,         0,         0,         0,        59,       208,       155,       344
         3,     21003,60068.9321,         0,         0,         0,         0,         0,         0,         0,         0,         0,         0,         0,       -38,       -38,         0,         0,         0,         0,         0,         0,         0,         0,         0,         0,         0,         0,      -113,      -113,         0,         0,         0,         0,         0,         0,         0,         0,        38,         0,       113
         4,     21004,104938.051,         0,         0,         0,         0,         0,         0,         0,         0,         0,         0,         0,       -68,       -68,         0,         0,         0,         4,         0,         0,         0,         0,         0,         0,         0,         0,      -176,      -176,         0,         0,         0,         0,         0,         0,         0,         0,        68,         4,       180
         5,     21005,16771.1668,      15.3,         0,        74,         0,         0,         0,      1131,         0,         0,         0,         0,       -45,       -45,         0,      -694,      -694,       178,         0,        15,        15,         0,         0,         0,         0,        -0,      -137,      -137,         0,         0,         0,         0,         0,         0,         0,        74,       119,       178,       315
         6,     21006,34075.6427,      62.8,         0,        44,         0,         9,         0,      2792,         0,       587,         0,        -0,      -106,      -106,        -1,     -6676,     -6678,       169,         0,        96,        63,         0,         0,         0,         0,        -0,      -166,      -166,         0,         0,         0,         0,         0,         0,         0,        44,       151,       169,       335
         7,     21007,69912.1193,      12.6,         0,        58,         0,         0,         0,       732,         0,         0,         0,         0,      -496,      -496,         0,     -6253,     -6253,       150,         0,        13,        13,         0,         0,         0,         0,        -0,      -636,      -636,         0,         0,         0,         0,         0,         0,         0,        58,       554,       150,       786
         8,     21008,24878.3272,      99.2,      28.3,        73,         0,        28,        28,      7227,         0,      2807,      2807,         0,      -109,      -109,         0,    -10801,    -10801,       229,         0,       120,        99,      6484,         0,      3394,      2807,        -0,      -143,      -143,        -0,     -4059,     -4059,         0,         0,         0,         0,        73,       182,       229,       373
         9,     21009,41348.0855,      95.4,      60.8,       119,         0,        61,        61,     11393,         0,      5800,      5800,        -0,     -2830,     -2830,        -1,   -269970,   -269970,       267,         0,        95,        95,     16228,         0,      5800,      5800,        -0,     -2527,     -2527,        -3,   -153615,   -153618,         0,         0,         0,         0,       119,      2949,       267,      2794
        10,     21010,15444.9901,      16.4,      18.3,       124,         0,        37,        18,      2026,         0,       607,       300,        -0,      -256,      -256,        -0,     -4198,     -4198,       277,         0,        52,        16,      5068,         0,       961,       300,        -0,      -447,      -447,        -1,     -8175,     -8176,         0,         0,         0,         0,       124,       379,       277,       724
        11,     21011,20242.5975,     140.7,      72.9,       167,         0,        78,        73,     23522,         0,     10918,     10257,        -0,     -1382,     -1382,       -42,   -194435,   -194477,       361,         0,       145,       141,     26289,         0,     10564,     10257,        -0,     -1373,     -1373,       -17,   -100078,   -100096,         0,         0,         0,         0,       167,      1549,       361,      1734
        12,     21012,34953.5015,         0,         0,         8,         0,         0,         0,         0,         0,         0,         0,         0,     -6443,     -6443,         0,         0,         0,        42,         0,         0,         0,         0,         0,         0,         0,        -0,     -5243,     -5243,         0,         0,         0,         0,         0,         0,         0,         8,      6451,        42,      5285
        13,     21013,21068.9554,         0,      28.9,     11849,         0,        29,        29,         0,         0,         0,         0,      -160,     -5469,     -5629,         0,         0,         0,      8141,         0,         1,         0,    235289,         0,        27,         0,       -97,     -5504,     -5601,     -2800,   -159073,   -161873,         0,         0,         0,         0,     12009,     17478,      8238,     13743
        14,     21014,13106.4505,       9.1,         0,      1544,         0,         0,         0,     14054,         0,         0,         0,      -119,     -5643,     -5762,     -1083,    -51356,    -52439,      1343,         0,         9,         9,         0,         0,         0,         0,       -41,     -4461,     -4502,         0,         0,         0,         0,         0,         0,         0,      1663,      7307,      1383,      5844
        15,     21015,15008.6417,      38.1,         0,      5990,         0,         0,         0,    228235,         0,         0,         0,      -165,     -8065,     -8230,     -6291,   -307287,   -313579,      4098,         0,        43,        38,         0,         0,         0,         0,       -92,     -6705,     -6797,         0,         0,         0,         0,         0,         0,         0,      6156,     14221,      4189,     10894
        16,     21016,15453.1016,       3.0,         0,     15160,         0,        24,         0,     45481,         0,        71,         0,      -166,     -4991,     -5158,      -499,    -14974,    -15474,     10879,         0,        96,         3,         0,         0,         0,         0,      -105,     -4582,     -4687,         0,         0,         0,         0,         0,         0,         0,     15327,     20318,     10984,     15566
        17,     21017,9427.45191,      47.4,         0,      6726,         0,         0,         0,    318795,         0,         0,         0,      -166,     -2960,     -3126,     -7866,   -140283,   -148149,      4643,         0,        51,        47,         0,         0,         0,         0,       -96,     -2828,     -2924,         0,         0,         0,         0,         0,         0,         0,      6892,      9851,      4739,      7568
        18,     21018,24339.3097,      14.8,         0,      8135,         0,         0,         0,    120398,         0,         0,         0,      -165,     -6087,     -6252,     -2442,    -90087,    -92530,      5669,         0,        15,        15,         0,         0,         0,         0,       -99,     -4983,     -5082,         0,         0,         0,         0,         0,         0,         0,      8300,     14387,      5768,     10751
        19,     21019,31503.2386,         0,         0,         0,         0,         0,         0,         0,         0,         0,         0,         0,        -3,        -3,         0,         0,         0,         0,         0,         0,         0,         0,         0,         0,         0,         0,        -6,        -6,         0,         0,         0,         0,         0,         0,         0,         0,         3,         0,         6
        20,     21020,224093.341,       3.0,         0,      2276,         0,         0,         0,      6829,         0,         0,         0,      -135,     -5227,     -5362,      -404,    -15682,    -16086,      2717,         0,         3,         3,         0,         0,         0,         0,       -64,     -4118,     -4181,         0,         0,         0,         0,         0,         0,         0,      2411,      7638,      2781,      6898
        21,     21021,114873.326,       2.0,     151.0,      3859,         0,       151,       151,      7718,         0,       302,       302,      -153,     -6317,     -6470,      -306,    -12634,    -12940,      2643,         0,         2,         2,    399098,         0,       302,       302,       -75,     -5655,     -5731,    -11355,   -853963,   -865318,         0,         0,         0,         0,      4012,     10329,      2718,      8374
        22,     21022,7538.00115,       2.3,       5.5,     15584,         0,        23,         6,     35842,         0,        53,        13,      -396,     -3732,     -4128,      -911,     -8584,     -9494,     12607,         0,        12,         2,     69337,         0,        66,        13,      -195,     -3338,     -3533,     -1071,    -18361,    -19432,         0,         0,         0,         0,     15979,     19712,     12801,     16140
        23,     21023,2675.70212,      14.6,       7.1,     16139,         0,       150,         7,    235631,         0,      2195,       104,      -145,     -4374,     -4519,     -2112,    -63866,    -65978,     13138,         0,       281,        15,     93278,         0,      1993,       104,       -84,     -3364,     -3449,      -599,    -23887,    -24486,         0,         0,         0,         0,     16284,     20658,     13222,     16586
        24,     21024,3162.79457,       6.5,         0,     17038,         0,       286,         0,    110744,         0,      1857,         0,      -155,     -4419,     -4574,     -1007,    -28725,    -29732,     13921,         0,       574,         7,         0,         0,         0,         0,       -93,     -3366,     -3459,         0,         0,         0,         0,         0,         0,         0,     17192,     21612,     14014,     17380
        25,     21025,2927.29804,       7.4,      13.8,     19290,         0,       534,        14,    142746,         0,      3951,       102,      -403,     -3317,     -3720,     -2979,    -24547,    -27527,     15552,         0,      1322,         7,    214617,         0,     18239,       102,      -209,     -2612,     -2820,     -2881,    -36040,    -38920,         0,         0,         0,         0,     19693,     23010,     15761,     18372
        26,     21026,2992.72361,       6.2,         0,     19555,         0,       611,         0,    121242,         0,      3787,         0,      -397,     -3682,     -4080,     -2464,    -22829,    -25293,     15705,         0,      1798,         6,         0,         0,         0,         0,      -198,     -2879,     -3077,         0,         0,         0,         0,         0,         0,         0,     19953,     23635,     15903,     18782
        27,     21027,1127.87412,       9.1,       7.1,     16743,         0,       227,         7,    152365,         0,      2062,        65,      -144,     -4886,     -5031,     -1313,    -44465,    -45778,     13620,         0,       465,         9,     96703,         0,      3302,        65,       -84,     -3589,     -3673,      -599,    -25481,    -26080,         0,         0,         0,         0,     16888,     21774,     13704,     17293
        28,     21028,373.619383,       9.7,         0,     18777,         0,       342,         0,    182136,         0,      3316,         0,      -144,     -4041,     -4185,     -1400,    -39197,    -40597,     15180,         0,       814,        26,         0,         0,         0,         0,       -85,     -2967,     -3052,         0,         0,         0,         0,         0,         0,         0,     18921,     22962,     15265,     18232
        29,     21029,480.559834,      24.9,         0,     19405,         0,       424,        11,    483177,         0,     10549,       268,      -144,     -3911,     -4055,     -3584,    -97376,   -100960,     15668,         0,      1133,        59,         0,         0,         0,         0,       -84,     -2771,     -2855,         0,         0,         0,         0,         0,         0,         0,     19549,     23459,     15752,     18523
        30,     21030,531.556819,       1.4,         0,     18372,         0,       579,         0,     25721,         0,       810,         1,      -145,     -5045,     -5190,      -203,     -7063,     -7266,     14869,         0,      1409,        15,         0,         0,         0,         0,       -85,     -3656,     -3741,         0,         0,         0,         0,         0,         0,         0,     18517,     23562,     14954,     18610
        31,     21031,524.691448,      78.0,       2.4,     19937,         0,       796,         2,   1555081,         0,     62095,       187,      -245,     -3601,     -3846,    -19092,   -280906,   -299998,     16079,         0,      2107,        78,     38591,         0,      5058,       188,      -120,     -2671,     -2791,      -288,     -6410,     -6698,         0,         0,         0,         0,     20182,     23783,     16200,     18870
        32,     21032,681.446159,      28.8,      27.0,     20644,         0,       937,        27,    594548,         0,     26979,       778,      -390,     -3340,     -3730,    -11228,    -96190,   -107418,     16626,         0,      2590,        29,    448898,         0,     69935,       778,      -159,     -2252,     -2411,     -4305,    -60800,    -65105,         0,         0,         0,         0,     21034,     24374,     16785,     19037
        33,     21033,346.749638,         0,         0,     21391,         0,      1005,        54,         0,         0,         0,         0,      -398,     -2813,     -3212,         0,         0,         0,     17037,         0,      2874,         9,         0,         0,         0,         0,      -197,     -2117,     -2314,         0,         0,         0,         0,         0,         0,         0,     21789,     24603,     17234,     19351
        34,     21034,476.347307,       6.0,      91.7,     21699,         0,       984,        92,    130194,         0,      5906,       550,      -399,     -2759,     -3158,     -2392,    -16557,    -18949,     17251,         0,      2911,         6,   1581900,         0,    266939,       550,      -198,     -2049,     -2247,    -18136,   -187920,   -206057,         0,         0,         0,         0,     22098,     24857,     17449,     19498
        35,     21035,693.694056,         0,      20.8,     21597,         0,       930,        31,         0,         0,         0,         0,      -398,     -2806,     -3204,         0,         0,         0,     17189,         0,      2884,         2,    357526,         0,     59990,        33,      -197,     -2067,     -2265,     -4107,    -42997,    -47104,         0,         0,         0,         0,     21995,     24801,     17386,     19453
        36,     21036,262.119661,       1.5,       2.7,     18886,         0,       844,         3,     28329,         0,      1266,         4,      -629,     -3574,     -4204,      -944,     -5362,     -6306,     15378,         0,      2574,        67,     41521,         0,      6950,       181,      -339,     -2553,     -2892,      -915,     -6894,     -7809,         0,         0,         0,         0,     19516,     23090,     15717,     18270
        37,     21037,167.334310,      92.3,         0,     19743,         0,       802,         3,   1822290,         0,     73994,       312,      -630,     -2773,     -3402,    -58110,   -255923,   -314033,     15995,         0,      2451,       223,         0,         0,         0,         0,      -338,     -1964,     -2301,         0,         0,         0,         0,         0,         0,         0,     20373,     23145,     16333,     18297
        38,     21038,609.154491,         0,         0,     17897,         0,       288,         0,         0,         0,         0,         0,      -145,     -4968,     -5113,         0,         0,         0,     14529,         0,       728,         1,         0,         0,         0,         0,       -85,     -3474,     -3559,         0,         0,         0,         0,         0,         0,         0,     18042,     23010,     14614,     18088
        39,     21039,538.188865,      39.3,      15.0,     20103,         0,       504,       164,    790032,         0,     19819,      6463,      -145,     -3652,     -3798,     -5704,   -143542,   -149246,     16195,         0,      1478,        84,    242928,         0,     22175,      1260,       -85,     -2493,     -2578,     -1270,    -37398,    -38667,         0,         0,         0,         0,     20248,     23900,     16280,     18773
        40,     21040,580.870931,      33.4,     186.1,     20656,         0,       584,       198,    689918,         0,     19521,      6618,      -144,     -3747,     -3891,     -4825,   -125146,   -129971,     16604,         0,      1789,        65,   3090035,         0,    332857,     12090,       -85,     -2471,     -2556,    -15778,   -459809,   -475587,         0,         0,         0,         0,     20801,     24548,     16689,     19160
        41,     21041,649.350486,     284.2,      20.5,     21397,         0,      1089,        21,   6080923,         0,    309524,      5826,      -240,     -3032,     -3272,    -68085,   -861807,   -929891,     17176,         0,      2816,       284,    352101,         0,     57730,      5826,      -127,     -2038,     -2165,     -2607,    -41779,    -44386,         0,         0,         0,         0,     21636,     24669,     17303,     19341
        42,     21042,650.698625,      49.3,       8.6,     21798,         0,      1507,         9,   1074620,         0,     74285,       424,      -330,     -3241,     -3571,    -16272,   -159765,   -176038,     17424,         0,      3771,        52,    149846,         0,     32428,       446,      -149,     -2039,     -2188,     -1280,    -17539,    -18818,         0,         0,         0,         0,     22128,     25368,     17573,     19612
        43,     21043,324.656767,      13.5,         0,     22589,         0,      1641,         4,    304956,         0,     22150,        50,      -377,     -2816,     -3193,     -5094,    -38016,    -43110,     17861,         0,      4179,        75,         0,         0,         0,         0,      -178,     -1889,     -2066,         0,         0,         0,         0,         0,         0,         0,     22967,     25783,     18039,     19928
        44,     21044,163.861680,         0,         0,     22775,         0,      1450,        59,         0,         0,         0,         0,      -392,     -2219,     -2611,         0,         0,         0,     17967,         0,      3918,        85,         0,         0,         0,         0,      -190,     -1614,     -1805,         0,         0,         0,         0,         0,         0,         0,     23167,     25386,     18157,     19771
        45,     21045,241.966112,      17.5,     106.3,     22854,         0,      1371,       193,    399938,         0,     23989,      3381,      -391,     -2186,     -2578,     -6849,    -38263,    -45113,     18019,         0,      3801,        81,   1915390,         0,    404033,      8618,      -189,     -1580,     -1769,    -20095,   -167972,   -188067,         0,         0,         0,         0,     23245,     25431,     18208,     19788
        46,     21046,161.055476,         0,         0,     21344,         0,      1221,        71,         0,         0,         0,         0,      -403,     -2971,     -3374,         0,         0,         0,     17047,         0,      3452,       133,         0,         0,         0,         0,      -196,     -1957,     -2153,         0,         0,         0,         0,         0,         0,         0,     21747,     24718,     17243,     19200
        47,     21047,143.816837,      22.7,         0,     20221,         0,      1066,        21,    459007,         0,     24193,       470,      -629,     -3037,     -3666,    -14284,    -68940,    -83224,     16317,         0,      3067,       384,         0,         0,         0,         0,      -339,     -2086,     -2425,         0,         0,         0,         0,         0,         0,         0,     20850,     23887,     16657,     18742
        48,     21048,171.033878,      82.5,       3.3,     23184,         0,      1859,        62,   1912644,         0,    153388,      5100,      -414,     -2471,     -2885,    -34134,   -203879,   -238013,     18234,         0,      4570,       135,     60172,         0,     15080,       447,      -215,     -1658,     -1872,      -709,     -5470,     -6179,         0,         0,         0,         0,     23597,     26069,     18449,     20106
        49,     21049,245.500651,      72.2,     107.0,     22956,         0,      1736,       272,   1657452,         0,    125352,     19643,      -387,     -2514,     -2900,    -27926,   -181482,   -209408,     18096,         0,      4377,       312,   1936224,         0,    468333,     33405,      -184,     -1609,     -1793,    -19694,   -172130,   -191824,         0,         0,         0,         0,     23343,     25857,     18280,     19888
        50,     21050,161.983560,      25.6,       3.5,     22266,         0,      1530,       124,    570018,         0,     39180,      3163,      -405,     -2961,     -3367,    -10379,    -75809,    -86188,     17704,         0,      3986,       551,     61963,         0,     13951,      1929,      -195,     -1783,     -1978,      -683,     -6239,     -6922,         0,         0,         0,         0,     22672,     25633,     17899,     19681
        51,     21051,147.743944,     199.0,      20.0,     21607,         0,      1344,        83,   4299769,         0,    267431,     16555,      -520,     -2775,     -3296,   -103570,   -552257,   -655827,     17306,         0,      3579,       738,    346120,         0,     71574,     14765,      -267,     -1737,     -2004,     -5350,    -34732,    -40082,         0,         0,         0,         0,     22127,     24902,     17573,     19310
        52,     21052,256.476538,     307.6,       5.6,     21070,         0,      1125,        25,   6481132,         0,    346095,      7789,      -627,     -2692,     -3319,   -192711,   -828136,  -1020847,     16926,         0,      3084,       543,     94787,         0,     17270,      3042,      -334,     -1753,     -2087,     -1873,     -9815,    -11687,         0,         0,         0,         0,     21697,     24389,     17261,     19013
        53,     21053,243.541212,      41.5,         0,     21236,         0,       756,         2,    881277,         0,     31367,        88,      -474,     -2514,     -2988,    -19669,   -104330,   -123998,     17077,         0,      2365,       185,         0,         0,         0,         0,      -245,     -1609,     -1854,         0,         0,         0,         0,         0,         0,         0,     21710,     24223,     17322,     18931
        54,     21054,473.820349,       9.3,       2.8,     15250,         0,       355,         3,    141825,         0,      3297,        26,      -145,     -7937,     -8081,     -1344,    -73809,    -75154,     12464,         0,       635,         9,     34899,         0,      1779,        26,       -85,     -5568,     -5653,      -238,    -15591,    -15829,         0,         0,         0,         0,     15395,     23331,     12549,     18117
        55,     21055,327.379062,       2.9,         0,     18149,         0,       375,         0,     52632,         0,      1087,         0,      -144,     -5584,     -5728,      -418,    -16195,    -16613,     14723,         0,       928,         4,         0,         0,         0,         0,       -84,     -3801,     -3885,         0,         0,         0,         0,         0,         0,         0,     18293,     23877,     14807,     18608
        56,     21056,588.433624,         0,         0,     20021,         0,       688,         0,         0,         0,         0,         0,      -132,     -4318,     -4451,         0,         0,         0,     15814,         0,      1588,         1,         0,         0,         0,         0,       -67,     -3055,     -3122,         0,         0,         0,         0,         0,         0,         0,     20153,     24471,     15881,     18936
        57,     21057,502.744425,       2.0,         0,     21647,         0,      1371,         0,     43295,         0,      2742,         0,      -142,     -3725,     -3866,      -283,     -7449,     -7733,     17120,         0,      2643,         8,         0,         0,         0,         0,       -80,     -2486,     -2567,         0,         0,         0,         0,         0,         0,         0,     21789,     25514,     17201,     19687
        58,     21058,626.031214,      90.6,         0,     22462,         0,      2233,         0,   2035023,         0,    202338,         0,      -224,     -2784,     -3008,    -20309,   -252224,   -272533,     17749,         0,      4106,        99,         0,         0,         0,         0,      -112,     -1821,     -1933,         0,         0,         0,         0,         0,         0,         0,     22686,     25470,     17861,     19682
        59,     21059,654.558057,     114.2,      59.4,     22600,         0,      2839,        59,   2580929,         0,    324203,      6783,      -268,     -3059,     -3327,    -30657,   -349295,   -379952,     17896,         0,      5201,       127,   1063003,         0,    308938,      7565,      -120,     -1854,     -1974,     -7130,   -110148,   -117278,         0,         0,         0,         0,     22869,     25927,     18016,     19870
        60,     21060,247.120976,      25.7,         0,     22491,         0,      2817,        50,    578015,         0,     72386,      1282,      -348,     -3365,     -3713,     -8948,    -86475,    -95423,     17775,         0,      5452,       277,         0,         0,         0,         0,      -132,     -2152,     -2284,         0,         0,         0,         0,         0,         0,         0,     22839,     26204,     17907,     20058
        61,     21061,422.066929,     274.3,      42.0,     24149,         0,      2966,       110,   6624166,         0,    813614,     30059,      -376,     -2056,     -2432,   -103203,   -563961,   -667164,     18803,         0,      5657,       466,    789731,         0,    237599,     19587,      -173,     -1376,     -1549,     -7253,    -57801,    -65054,         0,         0,         0,         0,     24526,     26582,     18976,     20352
        62,     21062,364.147650,     359.8,     160.5,     23707,         0,      2402,       227,   8529624,         0,    864333,     81593,      -385,     -2355,     -2740,   -138617,   -847268,   -985885,     18539,         0,      5192,       610,   2975486,         0,    833323,     97842,      -180,     -1544,     -1724,    -28918,   -247791,   -276709,         0,         0,         0,         0,     24092,     26447,     18719,     20263
        63,     21063,245.749801,     319.1,      10.5,     22025,         0,      2083,       168,   7028048,         0,    664651,     53744,      -408,     -3786,     -4193,   -130125,  -1207991,  -1338116,     17542,         0,      4697,       791,    184186,         0,     49319,      8301,      -197,     -2195,     -2392,     -2071,    -23042,    -25114,         0,         0,         0,         0,     22432,     26218,     17739,     19933
        64,     21064,236.755894,     268.1,      71.5,     22220,         0,      1764,        99,   5957209,         0,    472803,     26597,      -556,     -2861,     -3417,   -149034,   -767065,   -916098,     17681,         0,      4202,       769,   1264223,         0,    300447,     54994,      -285,     -1702,     -1987,    -20408,   -121687,   -142095,         0,         0,         0,         0,     22776,     25637,     17967,     19669
        65,     21065,135.955937,       1.2,         0,     23043,         0,      1660,        62,     27651,         0,      1992,        74,      -461,     -2283,     -2743,      -553,     -2739,     -3292,     18174,         0,      3918,       300,         0,         0,         0,         0,      -232,     -1330,     -1562,         0,         0,         0,         0,         0,         0,         0,     23503,     25786,     18406,     19736
        66,     21066,763.569337,       1.4,         0,     12756,         0,       843,         0,     17859,         0,      1180,         0,      -280,     -4900,     -5180,      -392,     -6861,     -7252,     10126,         0,      2520,        15,         0,         0,         0,         0,       -99,     -4468,     -4567,         0,         0,         0,         0,         0,         0,         0,     13036,     17936,     10225,     14693
        67,     21067,895.648492,       2.7,         0,     13988,         0,       313,         0,     37767,         0,       846,         0,      -145,     -8414,     -8559,      -391,    -22718,    -23109,     11471,         0,       363,         3,         0,         0,         0,         0,       -84,     -5901,     -5985,         0,         0,         0,         0,         0,         0,         0,     14133,     22547,     11555,     17456
        68,     21068,700.088320,       5.5,         0,     19178,         0,       670,         0,    105479,         0,      3685,         0,      -133,     -4909,     -5042,      -731,    -27001,    -27731,     15171,         0,      1169,         6,         0,         0,         0,         0,       -67,     -3454,     -3521,         0,         0,         0,         0,         0,         0,         0,     19311,     24220,     15238,     18692
        69,     21069,226.843556,       4.1,         0,     18623,         0,      1264,         0,     76353,         0,      5181,         0,      -132,     -4939,     -5071,      -540,    -20252,    -20791,     14735,         0,      1978,         5,         0,         0,         0,         0,       -66,     -3640,     -3706,         0,         0,         0,         0,         0,         0,         0,     18754,     23694,     14801,     18441
        70,     21070,422.822872,      10.8,         0,     22509,         0,      2345,         0,    243103,         0,     25331,         0,      -134,     -3162,     -3296,     -1444,    -34151,    -35595,     17494,         0,      3276,        16,         0,         0,         0,         0,       -68,     -2199,     -2267,         0,         0,         0,         0,         0,         0,         0,     22643,     25805,     17562,     19760
        71,     21071,339.778946,      58.1,         0,     23303,         0,      3896,         0,   1353918,         0,    226354,         0,      -219,     -2556,     -2776,    -12746,   -148512,   -161258,     18184,         0,      5148,       124,         0,         0,         0,         0,      -105,     -1679,     -1784,         0,         0,         0,         0,         0,         0,         0,     23523,     26079,     18289,     19969
        72,     21072,331.429450,      36.8,         0,     23481,         0,      5061,        10,    864118,         0,    186238,       365,      -285,     -2800,     -3085,    -10487,   -103036,   -113523,     18399,         0,      6354,       111,         0,         0,         0,         0,      -128,     -1692,     -1819,         0,         0,         0,         0,         0,         0,         0,     23766,     26566,     18527,     20218
        73,     21073,322.281311,     285.6,     116.9,     24464,         0,      5332,       128,   6986789,         0,   1522794,     36544,      -358,     -2036,     -2394,   -102336,   -581426,   -683762,     18995,         0,      6755,       434,   2220535,         0,    789706,     50733,      -154,     -1326,     -1481,    -18042,   -155051,   -173092,         0,         0,         0,         0,     24822,     26858,     19149,     20476
        74,     21074, 11.750705,      44.6,         0,     25160,         0,      4546,       113,   1122146,         0,    202763,      5036,      -338,     -1387,     -1725,    -15082,    -61858,    -76940,     19374,         0,      6448,       320,         0,         0,         0,         0,      -147,      -989,     -1136,         0,         0,         0,         0,         0,         0,         0,     25498,     26885,     19521,     20510
        75,     21075,220.896014,      14.7,         0,     24398,         0,      3607,       125,    358647,         0,     53017,      1840,      -363,     -2008,     -2371,     -5336,    -29516,    -34852,     18939,         0,      5979,       267,         0,         0,         0,         0,      -165,     -1305,     -1470,         0,         0,         0,         0,         0,         0,         0,     24761,     26769,     19104,     20408
        76,     21076,233.119758,       5.3,      31.9,     24332,         0,      3136,        35,    128959,         0,     16623,       186,      -357,     -2063,     -2420,     -1893,    -10933,    -12827,     18860,         0,      5586,       111,    601635,         0,    178182,      3541,      -166,     -1342,     -1507,     -5280,    -42803,    -48083,         0,         0,         0,         0,     24689,     26752,     19026,     20367
        77,     21077,280.958510,      13.0,         0,     17546,         0,      1945,        18,    228102,         0,     25285,       239,      -281,     -3797,     -4078,     -3658,    -49356,    -53014,     13526,         0,      4250,        83,         0,         0,         0,         0,      -104,     -3625,     -3728,         0,         0,         0,         0,         0,         0,         0,     17828,     21624,     13629,     17254
        78,     21078,804.405075,       5.0,      14.0,     19415,         0,       352,        14,     97076,         0,      1761,        70,      -163,     -4646,     -4809,      -813,    -23232,    -24045,     14030,         0,       365,         5,    196422,         0,      5108,        70,      -104,     -4665,     -4769,     -1457,    -65316,    -66773,         0,         0,         0,         0,     19578,     24224,     14134,     18800
        79,     21079,509.821934,         0,         0,     17725,         0,       562,         0,         0,         0,         0,         0,      -164,     -7256,     -7419,         0,         0,         0,     12707,         0,       764,         0,         0,         0,         0,         0,      -104,     -6581,     -6685,         0,         0,         0,         0,         0,         0,         0,     17888,     25144,     12810,     19392
        80,     21080,309.985851,         0,         0,     16361,         0,       836,         0,         0,         0,         0,         0,      -180,     -6230,     -6410,         0,         0,         0,     12099,         0,      1104,         0,         0,         0,         0,         0,       -92,     -5555,     -5648,         0,         0,         0,         0,         0,         0,         0,     16541,     22772,     12191,     17747
        81,     21081,666.155591,         0,         0,     17742,         0,      1309,         0,         0,         0,         0,         0,      -179,     -6195,     -6374,         0,         0,         0,     13176,         0,      1597,         1,         0,         0,         0,         0,       -93,     -5422,     -5516,         0,         0,         0,         0,         0,         0,         0,     17921,     24116,     13269,     18691
        82,     21082,325.006037,       5.4,         0,     20334,         0,      2204,         0,    109803,         0,     11903,         0,      -132,     -4594,     -4726,      -715,    -24805,    -25520,     15662,         0,      2630,         7,         0,         0,         0,         0,       -67,     -3548,     -3616,         0,         0,         0,         0,         0,         0,         0,     20466,     25060,     15729,     19277
        83,     21083,784.755875,      21.9,         0,     23001,         0,      3916,         0,    503714,         0,     85768,         0,      -134,     -3268,     -3402,     -2931,    -71562,    -74493,     17725,         0,      4318,        25,         0,         0,         0,         0,       -69,     -2270,     -2339,         0,         0,         0,         0,         0,         0,         0,     23134,     26402,     17794,     20064
        84,     21084,461.855710,     105.3,         0,     24257,         0,      6376,         0,   2554286,         0,    671343,         0,      -189,     -2165,     -2354,    -19874,   -228000,   -247874,     18797,         0,      6263,       137,         0,         0,         0,         0,       -93,     -1307,     -1400,         0,         0,         0,         0,         0,         0,         0,     24446,     26611,     18889,     20196
        85,     21085,490.013467,     115.0,         0,     24445,         0,      8152,        16,   2811184,         0,    937502,      1891,      -142,     -1999,     -2142,    -16369,   -229914,   -246283,     18920,         0,      7605,       187,         0,         0,         0,         0,       -80,     -1306,     -1385,         0,         0,         0,         0,         0,         0,         0,     24587,     26587,     18999,     20305
        86,     21086,258.275996,      53.1,         0,     23888,         0,      7542,       113,   1268445,         0,    400479,      5995,      -347,     -2699,     -3047,    -18433,   -143341,   -161773,     18597,         0,      7610,       437,         0,         0,         0,         0,      -193,     -1727,     -1921,         0,         0,         0,         0,         0,         0,         0,     24235,     26934,     18790,     20518
        87,     21087,474.438839,      28.0,      56.9,     25332,         0,      6372,        57,    709307,         0,    178413,      1593,      -294,     -1337,     -1630,     -8219,    -37424,    -45644,     19464,         0,      7052,        60,   1107505,         0,    401272,      3386,      -122,      -962,     -1084,     -6949,    -54743,    -61692,         0,         0,         0,         0,     25626,     26963,     19586,     20548
        88,     21088,539.793808,         0,         0,     20378,         0,      3774,         7,         0,         0,         0,         0,      -281,     -3841,     -4122,         0,         0,         0,     15742,         0,      5518,         1,         0,         0,         0,         0,      -104,     -3163,     -3267,         0,         0,         0,         0,         0,         0,         0,     20659,     24500,     15846,     19009
        89,     21089,262.499940,     120.5,       6.9,     25266,         0,      9474,        72,   3044563,         0,   1141565,      8670,      -250,     -1439,     -1689,    -30148,   -173352,   -203500,     19432,         0,      8344,       300,    134079,         0,     57570,      2070,      -100,     -1040,     -1139,      -688,     -7173,     -7860,         0,         0,         0,         0,     25516,     26955,     19531,     20571
        90,     21090,216.032097,     127.5,      86.2,     25885,         0,     11852,       272,   3300388,         0,   1511177,     34686,      -188,      -914,     -1102,    -24002,   -116555,   -140558,     19714,         0,      9144,       327,   1699350,         0,    788247,     28156,       -86,      -812,      -898,     -7375,    -69992,    -77367,         0,         0,         0,         0,     26074,     26988,     19800,     20612
        91,     21091,136.758224,         0,         0,     24676,         0,      9064,        64,         0,         0,         0,         0,      -274,     -1840,     -2114,         0,         0,         0,     18915,         0,      7870,        20,         0,         0,         0,         0,       -94,     -1344,     -1438,         0,         0,         0,         0,         0,         0,         0,     24950,     26790,     19009,     20354
        92,     21092,782.337285,         0,         0,     23194,         0,      6952,         0,         0,         0,         0,         0,      -280,     -3135,     -3415,         0,         0,         0,     17904,         0,      6247,         0,         0,         0,         0,         0,      -102,     -2155,     -2257,         0,         0,         0,         0,         0,         0,         0,     23475,     26609,     18005,     20160
        93,     21093,259.666218,         0,         0,     20530,         0,       518,         1,         0,         0,         0,         0,      -163,     -4035,     -4198,         0,         0,         0,     14925,         0,       653,         1,         0,         0,         0,         0,      -104,     -4075,     -4180,         0,         0,         0,         0,         0,         0,         0,     20694,     24728,     15029,     19104
        94,     21094,239.975726,         0,         0,     19174,         0,       826,         0,         0,         0,         0,         0,      -162,     -6158,     -6320,         0,         0,         0,     13850,         0,      1005,         0,         0,         0,         0,         0,      -104,     -5635,     -5738,         0,         0,         0,         0,         0,         0,         0,     19337,     25495,     13954,     19588
        95,     21095,149.254985,         0,         0,     16646,         0,      1236,         0,         0,         0,         0,         0,      -180,     -6636,     -6815,         0,         0,         0,     12321,         0,      1362,         0,         0,         0,         0,         0,       -93,     -5703,     -5796,         0,         0,         0,         0,         0,         0,         0,     16826,     23461,     12414,     18117
        96,     21096,332.740809,         0,         0,     21251,         0,      1890,         0,         0,         0,         0,         0,      -179,     -4383,     -4563,         0,         0,         0,     15879,         0,      2052,        33,         0,         0,         0,         0,       -93,     -3813,     -3906,         0,         0,         0,         0,         0,         0,         0,     21431,     25814,     15973,     19786
        97,     21097,246.458838,       5.4,         0,     22125,         0,      3756,         0,    119473,         0,     20280,         0,      -132,     -4062,     -4193,      -711,    -21933,    -22644,     17059,         0,      3749,        11,         0,         0,         0,         0,       -65,     -2843,     -2908,         0,         0,         0,         0,         0,         0,         0,     22256,     26318,     17124,     19967
        98,     21098,326.246414,       4.0,         0,     24143,         0,      7059,         0,     96571,         0,     28237,         0,      -129,     -2455,     -2584,      -516,     -9820,    -10336,     18439,         0,      5835,        23,         0,         0,         0,         0,       -66,     -1740,     -1806,         0,         0,         0,         0,         0,         0,         0,     24272,     26727,     18506,     20246
        99,     21099,487.878970,      14.0,         0,     24857,         0,     10042,         0,    347997,         0,    140594,         0,      -128,     -1810,     -1938,     -1792,    -25342,    -27133,     18877,         0,      7784,        40,         0,         0,         0,         0,       -66,     -1375,     -1441,         0,         0,         0,         0,         0,         0,         0,     24985,     26795,     18943,     20319
       100,     21100,370.305670,     331.0,     100.5,     25166,         0,     12170,       106,   8329942,         0,   4028353,     35251,      -177,     -1498,     -1676,    -58748,   -495878,   -554627,     19309,         0,      9197,       370,   1940529,         0,    924288,     37210,       -85,     -1007,     -1092,     -8544,   -101219,   -109763,         0,         0,         0,         0,     25343,     26842,     19394,     20401
       101,     21101,243.265163,      87.6,      26.1,     25002,         0,     12270,       151,   2190219,         0,   1074838,     13202,      -246,     -1642,     -1888,    -21519,   -143872,   -165391,     19107,         0,      9397,       403,    498688,         0,    245250,     10523,      -115,     -1208,     -1323,     -3000,    -31535,    -34535,         0,         0,         0,         0,     25248,     26891,     19222,     20430
       102,     21102,134.141256,      14.6,     134.4,     26206,     10455,     12927,       568,    382610,    152641,    188729,      8298,       -92,      -715,      -807,     -1338,    -10438,    -11775,     19845,      5167,      9335,       698,   2667205,    694395,   1254599,     93762,       -71,      -720,      -791,     -9540,    -96766,   -106306,     10455,         0,      5167,         0,     26298,     27013,     19916,     20636
       103,     21103,110.404269,         0,         0,     25886,      8837,     11745,       219,         0,         0,         0,         0,      -176,      -944,     -1119,         0,         0,         0,     19700,      4300,      8635,       433,         0,         0,         0,         0,       -69,      -819,      -888,         0,         0,         0,      8837,         0,      4300,         0,     26062,     27006,     19769,     20587
       104,     21104, 99.183280,         0,         0,     24278,         0,      9779,        56,         0,         0,         0,         0,      -278,     -2286,     -2564,         0,         0,         0,     18654,         0,      7976,        48,         0,         0,         0,         0,       -97,     -1602,     -1700,         0,         0,         0,         0,         0,         0,         0,     24556,     26842,     18752,     20354
       105,     21105,514.984728,       3.5,         0,     21637,         0,       667,         0,     75731,         0,      2335,         0,      -163,     -3219,     -3382,      -572,    -11266,    -11838,     15790,         0,       917,         4,         0,         0,         0,         0,      -104,     -3361,     -3465,         0,         0,         0,         0,         0,         0,         0,     21801,     25020,     15893,     19255
       106,     21106,297.581216,         0,         0,     21427,         0,      1090,         1,         0,         0,         0,         0,      -161,     -3763,     -3924,         0,         0,         0,     15679,         0,      1288,         0,         0,         0,         0,         0,      -103,     -3706,     -3808,         0,         0,         0,         0,         0,         0,         0,     21588,     25351,     15782,     19487
       107,     21107,225.860655,         0,         0,     21857,         0,      1541,         0,         0,         0,         0,         0,      -162,     -3975,     -4137,         0,         0,         0,     16009,         0,      1684,        10,         0,         0,         0,         0,      -103,     -3768,     -3871,         0,         0,         0,         0,         0,         0,         0,     22019,     25994,     16112,     19880
       108,     21108,570.873185,     102.5,         0,     22012,         0,      2601,         0,   2256205,         0,    266645,         0,      -179,     -3984,     -4164,    -18391,   -408375,   -426766,     16450,         0,      2747,       103,         0,         0,         0,         0,       -94,     -3361,     -3454,         0,         0,         0,         0,         0,         0,         0,     22191,     26175,     16543,     19904
       109,     21109,484.042333,      26.7,         0,     22398,         0,      5837,         0,    598030,         0,    155860,         0,      -168,     -4039,     -4207,     -4479,   -107853,   -112332,     16979,         0,      4722,        30,         0,         0,         0,         0,       -77,     -2944,     -3021,         0,         0,         0,         0,         0,         0,         0,     22566,     26605,     17056,     20000
       110,     21110,316.894655,      18.7,         0,     24156,         0,      9205,         2,    451722,         0,    172141,        31,      -151,     -2444,     -2595,     -2820,    -45698,    -48518,     18417,         0,      6707,       112,         0,         0,         0,         0,       -78,     -1753,     -1831,         0,         0,         0,         0,         0,         0,         0,     24307,     26751,     18495,     20247
       111,     21111,319.885148,       6.4,         0,     25537,         0,     13324,         9,    163437,         0,     85271,        57,      -123,     -1175,     -1298,      -787,     -7520,     -8307,     19268,         0,      9130,        99,         0,         0,         0,         0,       -59,     -1039,     -1098,         0,         0,         0,         0,         0,         0,         0,     25660,     26835,     19327,     20366
       112,     21112,353.090130,       6.5,         0,     26036,      3745,     16786,        66,    169236,     24345,    109111,       428,       -47,      -788,      -835,      -305,     -5124,     -5429,     19667,      1914,     10859,        22,         0,         0,         0,         0,       -38,      -717,      -755,         0,         0,         0,      3745,         0,      1914,         0,     26083,     26872,     19705,     20421
       113,     21113,381.374062,     227.0,     119.0,     25707,      4469,     15535,       502,   5835509,   1014473,   3526445,    114006,      -183,     -1035,     -1219,    -41596,   -235008,   -276604,     19444,      2507,     10448,       448,   2313805,    298276,   1243368,     53308,      -115,      -921,     -1036,    -13654,   -109583,   -123237,      4469,         0,      2507,         0,     25890,     26926,     19558,     20479
       114,     21114,125.174906,         0,     216.5,     26035,     10676,     16759,      1255,         0,         0,         0,         0,      -103,      -825,      -928,         0,         0,         0,     19608,      3982,     10671,      1324,   4245224,    862004,   2310243,    286629,      -121,      -827,      -948,    -26221,   -179123,   -205344,     10676,         0,      3982,         0,     26138,     26964,     19730,     20557
       115,     21115, 70.110758,     305.7,     220.4,     25974,     11890,     15311,      1109,   7940369,   3634773,   4680521,    339094,      -123,      -876,      -999,    -37590,   -267771,   -305361,     19556,      5654,     10087,      1131,   4310207,   1246080,   2223185,    249216,      -138,      -857,      -995,    -30394,   -188955,   -219350,     11890,         0,      5654,         0,     26097,     26973,     19694,     20552
       116,     21116, 87.221259,     244.5,      54.8,     25763,      8447,     15312,       925,   6299012,   2065337,   3743830,    226049,      -152,     -1034,     -1186,    -37182,   -252833,   -290016,     19319,      4552,      9921,      1229,   1058685,    249432,    543656,     67337,      -155,     -1021,     -1176,     -8521,    -55943,    -64463,      8447,         0,      4552,         0,     25915,     26949,     19475,     20495
       117,     21117,180.656395,     127.5,      23.5,     25142,      6821,     12275,        61,   3205640,    869658,   1565048,      7747,      -193,     -1597,     -1790,    -24657,   -203564,   -228221,     18978,      3261,      8489,       422,    445989,     76642,    199502,      9907,       -25,     -1447,     -1473,      -593,    -34013,    -34607,      6821,         0,      3261,         0,     25336,     26932,     19004,     20451
       118,     21118, 60.202439,     141.8,      15.0,     25501,      8846,     13833,       253,   3615985,   1254403,   1961525,     35869,      -154,     -1279,     -1433,    -21830,   -181343,   -203173,     19197,      4246,      9177,       803,    287960,     63688,    137659,     12047,       -60,     -1206,     -1265,      -893,    -18084,    -18977,      8846,         0,      4246,         0,     25655,     26933,     19257,     20462
       119,     21119,155.487163,         0,      77.5,     25929,      5094,     18084,       359,         0,         0,         0,         0,       -60,      -888,      -948,         0,         0,         0,     19516,      3562,     11266,       529,   1512486,    276016,    873077,     41012,       -51,      -835,      -886,     -3963,    -64687,    -68650,      5094,         0,      3562,         0,     25989,     26876,     19567,     20402
       120,     21120, 18.530419,      79.5,       1.2,     25967,      6449,     19451,      1351,   2064351,    512664,   1546315,    107416,       -75,      -843,      -919,     -5993,    -67054,    -73047,     19469,      4076,     11573,      1263,     23363,      4891,     13887,      1516,       -82,      -858,      -940,       -99,     -1030,     -1128,      6449,         0,      4076,         0,     26042,     26886,     19551,     20409
       121,     21121, 57.789215,     213.1,      82.4,     25803,      9057,     19125,      1548,   5498707,   1930081,   4075561,    329959,      -131,      -944,     -1075,    -27954,   -201225,   -229179,     19211,      3338,     11377,      1330,   1582961,    275041,    937451,    109564,      -155,     -1026,     -1180,    -12749,    -84507,    -97256,      9057,         0,      3338,         0,     25935,     26879,     19365,     20391
       122,     21122, 55.500279,     159.4,     236.9,     26088,     10015,     18450,      1387,   4158381,   1596428,   2940899,    221166,      -105,      -755,      -860,    -16744,   -120315,   -137059,     19623,      4726,     11013,      1446,   4648746,   1119581,   2609033,    342665,      -127,      -773,      -901,    -30165,   -183166,   -213331,     10015,         0,      4726,         0,     26193,     26948,     19751,     20524
       123,     21123, 39.806952,     177.2,     248.1,     26023,     11347,     16822,      1219,   4611241,   2010705,   2980923,    215938,      -101,      -838,      -939,    -17955,   -148509,   -166464,     19557,      5756,     10540,      1387,   4852122,   1427985,   2615091,    344224,      -123,      -865,      -988,    -30420,   -214644,   -245064,     11347,         0,      5756,         0,     26124,     26962,     19680,     20545
       124,     21124,120.657479,     229.8,      71.3,     25767,      5247,     17621,       927,   5921364,   1205777,   4049301,    212980,      -170,     -1004,     -1175,    -39181,   -230828,   -270009,     19231,      3503,     10509,      1263,   1371179,    249744,    749327,     90064,      -164,     -1106,     -1269,    -11666,    -78845,    -90511,      5247,         0,      3503,         0,     25938,     26942,     19395,     20501
       125,     21125, 98.688008,      27.2,         0,     25018,      6876,     16003,       245,    680495,    187018,    435295,      6667,      -331,     -1540,     -1871,     -8999,    -41895,    -50894,     18693,      3498,      9793,       885,         0,         0,         0,         0,      -206,     -1495,     -1701,         0,         0,         0,      6876,         0,      3498,         0,     25349,     26889,     18899,     20394
       126,     21126,108.637116,      90.0,       1.8,     24716,         0,     14186,        31,   2224425,         0,   1276755,      2750,      -282,     -1889,     -2171,    -25413,   -169975,   -195389,     18550,         0,      8874,       319,     33390,         0,     15973,       574,      -192,     -1647,     -1839,      -345,     -2965,     -3311,         0,         0,         0,         0,     24998,     26887,     18742,     20389
       127,     21127,322.146561,     115.2,       2.1,     24562,         0,     11213,        34,   2829589,         0,   1291725,      3894,      -174,     -2084,     -2257,    -20013,   -240046,   -260060,     18384,         0,      7567,       313,     38607,         0,     15891,       657,       -91,     -1879,     -1970,      -192,     -3946,     -4138,         0,         0,         0,         0,     24736,     26820,     18476,     20355
       128,     21128,290.882859,     103.8,      10.7,     24952,         0,     15389,       116,   2590069,         0,   1597354,     12021,      -152,     -1686,     -1839,    -15823,   -175021,   -190844,     18893,         0,      9916,       109,    202153,         0,    106100,      1168,       -79,     -1313,     -1392,      -843,    -14051,    -14893,         0,         0,         0,         0,     25105,     26791,     18972,     20285
       129,     21129,866.517573,     177.9,       7.9,     22360,         0,       748,         8,   3977830,         0,    132986,      1405,      -162,     -2364,     -2525,    -28808,   -420477,   -449285,     16361,         0,      1117,       178,    129252,         0,      8822,      1405,      -103,     -2594,     -2698,      -817,    -20496,    -21312,         0,         0,         0,         0,     22522,     24885,     16464,     19059
       130,     21130,558.083329,         0,      30.1,     22818,         0,      1223,        30,         0,         0,         0,         0,      -161,     -2736,     -2897,         0,         0,         0,     16724,         0,      1563,         0,    503389,         0,     47051,         0,      -103,     -2825,     -2929,     -3111,    -85044,    -88155,         0,         0,         0,         0,     22979,     25716,     16827,     19653
       131,     21131,499.131535,         0,     151.7,     23252,         0,      2310,       206,         0,         0,         0,         0,      -161,     -3232,     -3393,         0,         0,         0,     17081,         0,      2615,         0,   2591176,         0,    396684,        35,      -103,     -3006,     -3109,    -15605,   -456029,   -471634,         0,         0,         0,         0,     23413,     26645,     17184,     20190
       132,     21132,357.259056,      14.3,         0,     23645,         0,      6472,         0,    338129,         0,     92550,         0,      -149,     -2855,     -3003,     -2125,    -40823,    -42948,     17579,         0,      4900,        35,         0,         0,         0,         0,       -79,     -2470,     -2549,         0,         0,         0,         0,         0,         0,         0,     23794,     26649,     17658,     20129
       133,     21133,302.516902,     221.9,      38.4,     25181,         0,     12886,        40,   5587773,         0,   2859409,      8906,      -177,     -1455,     -1633,    -39302,   -322954,   -362256,     18675,         0,      8286,       336,    717109,         0,    318190,     12904,       -91,     -1579,     -1671,     -3501,    -60650,    -64151,         0,         0,         0,         0,     25359,     26814,     18766,     20345
       134,     21134,1117.66596,         0,    1034.4,     26020,         0,     18997,      1035,         0,         0,         0,         0,       -36,      -821,      -857,         0,         0,         0,     19328,         0,     11417,        11,  19992427,         0,  11809343,     10911,       -49,     -1048,     -1098,    -51158,  -1084230,  -1135388,         0,         0,         0,         0,     26056,     26876,     19377,     20425
       135,     21135,227.906738,       8.9,      33.0,     26108,      4167,     20733,       230,    232364,     37082,    184522,      2043,       -26,      -700,      -726,      -233,     -6229,     -6463,     19588,      2461,     12181,       348,    646416,     81212,    401974,     11500,       -32,      -728,      -760,     -1070,    -24008,    -25079,      4167,         0,      2461,         0,     26135,     26834,     19621,     20348
       136,     21136,120.296799,         0,      46.2,     26067,      5833,     20818,      1060,         0,         0,         0,         0,       -29,      -755,      -784,         0,         0,         0,     19569,      3691,     12139,      1251,    904072,    170546,    560825,     57810,       -38,      -760,      -798,     -1745,    -35120,    -36865,      5833,         0,      3691,         0,     26096,     26851,     19606,     20367
       137,     21137, 61.116056,     331.2,      48.1,     25977,      8903,     20693,      1688,   8603656,   2948784,   6853471,    559125,       -64,      -828,      -892,    -21199,   -274263,   -295462,     19448,      4992,     11972,      1603,    935459,    240119,    575840,     77122,       -72,      -870,      -942,     -3466,    -41828,    -45294,      8903,         0,      4992,         0,     26041,     26869,     19520,     20390
       138,     21138, 64.077665,     192.1,     345.1,     26015,     12637,     20442,      1900,   4997552,   2427612,   3926983,    364894,       -80,      -791,      -871,    -15403,   -151908,   -167311,     19525,      5951,     11761,      1609,   6737957,   2053789,   4058728,    555348,       -84,      -801,      -885,    -29101,   -276266,   -305367,     12637,         0,      5951,         0,     26096,     26886,     19609,     20410
       139,     21139, 79.656255,      17.2,      96.9,     25879,     12064,     20650,      1822,    445117,    207494,    355175,     31339,       -98,      -889,      -987,     -1685,    -15285,    -16970,     19258,      5815,     11664,      1461,   1866133,    563442,   1130193,    141567,      -127,      -980,     -1107,    -12333,    -94944,   -107277,     12064,         0,      5815,         0,     25977,     26866,     19386,     20365
       140,     21140,232.948048,     150.1,      29.4,     25696,      8112,     19335,       342,   3856942,   1217589,   2902116,     51364,      -160,     -1037,     -1197,    -23943,   -155723,   -179666,     19047,      3822,     10819,       503,    559979,    112369,    318092,     14796,      -174,     -1193,     -1367,     -5113,    -35083,    -40196,      8112,         0,      3822,         0,     25855,     26893,     19221,     20414
       141,     21141,112.093890,     537.6,     227.3,     26124,      7615,     21760,      1980,  14044408,   4094020,  11698088,   1064712,       -46,      -691,      -738,    -24997,   -371559,   -396557,     19609,      4496,     12364,      1428,   4457156,   1021842,   2810235,    324473,       -62,      -712,      -774,    -14076,   -161917,   -175993,      7615,         0,      4496,         0,     26171,     26862,     19671,     20383
       142,     21142, 65.829492,     235.2,     858.2,     25881,     10025,     21538,      2002,   6087205,   2357808,   5065747,    470792,       -75,      -838,      -913,    -17633,   -197171,   -214805,     19198,      5428,     12096,      1543,  16475774,   4658085,  10380490,   1324522,       -93,      -962,     -1054,    -79444,   -825522,   -904965,     10025,         0,      5428,         0,     25956,     26794,     19291,     20253
       143,     21143,567.818366,       1.2,     287.2,     24197,         0,      2374,       337,     29036,         0,      2849,       404,      -159,     -2210,     -2370,      -191,     -2652,     -2844,     17815,         0,      2731,         1,   5116383,         0,    784253,       345,      -100,     -2193,     -2293,    -28680,   -629971,   -658652,         0,         0,         0,         0,     24356,     26567,     17915,     20108
       144,     21144,413.953652,      20.0,         0,     24275,         0,      7368,        57,    485495,         0,    147362,      1142,      -156,     -2264,     -2420,     -3112,    -45282,    -48394,     17861,         0,      5303,       108,         0,         0,         0,         0,      -103,     -2187,     -2290,         0,         0,         0,         0,         0,         0,         0,     24430,     26694,     17964,     20151
       145,     21145,318.350199,      22.6,         0,     25531,         0,     14156,       165,    576998,         0,    319922,      3721,      -111,     -1168,     -1279,     -2505,    -26391,    -28896,     18792,         0,      8831,       261,         0,         0,         0,         0,       -90,     -1457,     -1547,         0,         0,         0,         0,         0,         0,         0,     25642,     26809,     18882,     20339
       146,     21146,164.657510,         0,      94.5,     25252,         0,      5804,       106,         0,         0,         0,         0,      -150,     -1369,     -1519,         0,         0,         0,     18562,         0,      4586,        77,   1754066,         0,    433371,      7316,       -90,     -1606,     -1695,     -8478,   -151739,   -160217,         0,         0,         0,         0,     25402,     26771,     18651,     20257
       147,     21147,244.870940,     119.9,      19.7,     25615,         0,      9739,       118,   3071245,         0,   1167685,     14191,       -84,     -1106,     -1190,    -10039,   -132589,   -142629,     18836,         0,      6440,       416,    371075,         0,    126868,      8197,       -82,     -1408,     -1490,     -1618,    -27733,    -29351,         0,         0,         0,         0,     25699,     26805,     18918,     20326
       148,     21148,329.072060,      65.0,     165.8,     25836,         0,     15025,       188,   1679362,         0,    976629,     12197,       -77,      -904,      -981,     -5025,    -58744,    -63769,     19110,         0,      9108,        83,   3168420,         0,   1510117,     13766,       -84,     -1155,     -1239,    -13960,   -191466,   -205426,         0,         0,         0,         0,     25914,     26817,     19194,     20349
       149,     21149,315.720034,       2.0,     718.6,     26241,      6669,     21968,      1091,     52482,     13339,     43937,      2182,       -13,      -657,      -669,       -25,     -1314,     -1339,     19745,      2941,     12274,       243,  14188608,   2113083,   8820160,    174569,       -33,      -730,      -763,    -23822,   -524404,   -548225,      6669,         0,      2941,         0,     26253,     26910,     19778,     20508
       150,     21150,198.514118,       3.0,     111.0,     26188,      5663,     22377,      1086,     78563,     16990,     67131,      3257,       -14,      -706,      -720,       -42,     -2117,     -2159,     19657,      1995,     12607,       391,   2181944,    221471,   1399429,     43372,       -33,      -785,      -818,     -3652,    -87174,    -90826,      5663,         0,      1995,         0,     26202,     26907,     19690,     20475
       151,     21151,127.646403,       4.9,     346.7,     26163,      4737,     22554,      3232,    128200,     23212,    110514,     15839,       -14,      -735,      -749,       -68,     -3601,     -3669,     19584,      3191,     12561,      1362,   6789922,   1106202,   4354807,    472355,       -36,      -859,      -895,    -12602,   -297645,   -310247,      4737,         0,      3191,         0,     26177,     26912,     19621,     20479
       152,     21152,176.455017,     183.7,     298.7,     25933,      9631,     22184,      3593,   4763899,   1769205,   4075253,    660095,       -65,      -803,      -868,    -11980,   -147453,   -159433,     19222,      5193,     12315,      1209,   5741585,   1551064,   3678453,    361019,       -85,      -945,     -1030,    -25411,   -282267,   -307678,      9631,         0,      5193,         0,     25998,     26801,     19307,     20252
       153,     21153,342.933745,     148.0,     205.7,     25975,      8172,     20925,       340,   3844259,   1209392,   3096870,     50376,       -54,      -837,      -891,     -7977,   -123914,   -131891,     19258,      4207,     11301,       279,   3961330,    865326,   2324549,     57310,       -80,     -1032,     -1113,    -16527,   -212384,   -228911,      8172,         0,      4207,         0,     26029,     26866,     19338,     20371
       154,     21154,103.864876,     137.5,     170.0,     26312,     10344,     22873,      1777,   3617942,   1422366,   3145086,    244330,        -8,      -598,      -606,     -1044,    -82248,    -83292,     19899,      4760,     12523,      1206,   3382812,    809207,   2128995,    205090,       -19,      -588,      -607,     -3214,    -99926,   -103140,     10344,         0,      4760,         0,     26320,     26918,     19918,     20506
       155,     21155, 80.051409,     240.5,     277.4,     26161,     10408,     22863,      4481,   6291631,   2503189,   5498436,   1077663,       -10,      -686,      -696,     -2411,   -165090,   -167501,     19545,      5600,     12495,      1480,   5421725,   1553578,   3466016,    410498,       -28,      -802,      -829,     -7673,   -222416,   -230090,     10408,         0,      5600,         0,     26171,     26857,     19572,     20374
       156,     21156,108.905349,     407.4,    1255.3,     26075,     13211,     22627,      7170,  10622978,   5382262,   9218187,   2921078,       -12,      -755,      -766,     -4733,   -307473,   -312206,     19353,      6410,     12352,      1504,  24293583,   8046652,  15505006,   1887724,       -31,      -939,      -969,    -38703,  -1178152,  -1216855,     13211,         0,      6410,         0,     26087,     26841,     19384,     20322
       157,     21157, 79.775267,      95.1,    1524.6,     26045,      7032,     22324,      7367,   2476890,    668782,   2123000,    700602,       -21,      -752,      -773,     -2019,    -71507,    -73526,     19338,      4985,     12120,      1274,  29483263,   7600867,  18477729,   1942954,       -57,      -892,      -949,    -87137,  -1359386,  -1446523,      7032,         0,      4985,         0,     26066,     26818,     19396,     20287
       158,     21158,428.704150,     233.1,     474.5,     25983,     11141,     21191,      1993,   6056730,   2596949,   4939586,    464580,       -24,      -779,      -804,     -5709,   -181640,   -187348,     19167,      4800,     11120,       393,   9094885,   2277584,   5276206,    186343,       -62,     -1013,     -1075,    -29463,   -480474,   -509937,     11141,         0,      4800,         0,     26008,     26787,     19229,     20242
       159,     21159,1164.15562,         0,         0,     20177,         0,       498,         0,         0,         0,         0,         0,      -164,     -4254,     -4419,         0,         0,         0,     14776,         0,       897,         0,         0,         0,         0,         0,      -105,     -3726,     -3831,         0,         0,         0,         0,         0,         0,         0,     20341,     24595,     14880,     18606
       160,     21160,491.353897,      42.8,         0,     22559,         0,       848,         0,    965513,         0,     36304,         0,      -162,     -2501,     -2663,     -6922,   -107037,   -113958,     16590,         0,      1420,        47,         0,         0,         0,         0,      -103,     -2466,     -2569,         0,         0,         0,         0,         0,         0,         0,     22720,     25221,     16694,     19160
       161,     21161,406.781019,       1.4,         0,     22574,         0,       784,         0,     31604,         0,      1097,         0,      -162,     -2711,     -2874,      -227,     -3796,     -4023,     16616,         0,      1451,        14,         0,         0,         0,         0,      -104,     -2506,     -2610,         0,         0,         0,         0,         0,         0,         0,     22736,     25448,     16720,     19226
       162,     21162,294.624498,      20.9,         0,     23794,         0,      1492,        37,    497300,         0,     31184,       779,      -158,     -2011,     -2170,     -3307,    -42039,    -45346,     17540,         0,      2050,        32,         0,         0,         0,         0,      -100,     -2023,     -2123,         0,         0,         0,         0,         0,         0,         0,     23952,     25964,     17640,     19663
       163,     21163,113.706481,         0,      38.3,     24274,         0,      2072,       193,         0,         0,         0,         0,      -158,     -1879,     -2037,         0,         0,         0,     17870,         0,      2539,        28,    684406,         0,     97228,      1071,       -99,     -1928,     -2027,     -3800,    -73845,    -77646,         0,         0,         0,         0,     24433,     26312,     17969,     19897
       164,     21164,206.525319,       8.8,         0,     23815,         0,      2336,        32,    209569,         0,     20561,       285,      -159,     -2520,     -2678,     -1395,    -22175,    -23570,     17573,         0,      2779,        25,         0,         0,         0,         0,      -100,     -2249,     -2349,         0,         0,         0,         0,         0,         0,         0,     23973,     26493,     17673,     19922
       165,     21165,489.798001,      24.7,       5.5,     24706,         0,      4775,        41,    610227,         0,    117931,      1005,      -158,     -1783,     -1941,     -3893,    -44038,    -47931,     18179,         0,      4125,        27,     99985,         0,     22689,       146,       -97,     -1787,     -1885,      -536,     -9829,    -10365,         0,         0,         0,         0,     24863,     26646,     18276,     20064
       166,     21166,360.181206,     589.9,     108.8,     25474,         0,     10102,       126,  15026961,         0,   5959045,     74089,      -110,     -1175,     -1285,    -64847,   -693081,   -757928,     18697,         0,      6592,       648,   2034265,         0,    717173,     70450,       -85,     -1441,     -1526,     -9276,   -156782,   -166058,         0,         0,         0,         0,     25584,     26759,     18783,     20224
       167,     21167,359.851743,         0,      37.0,     25916,         0,     14757,       182,         0,         0,         0,         0,       -64,      -814,      -878,         0,         0,         0,     19219,         0,      8816,       209,    711105,         0,    326185,      7749,       -71,     -1009,     -1080,     -2631,    -37328,    -39959,         0,         0,         0,         0,     25980,     26794,     19290,     20299
       168,     21168,395.631926,      90.8,      42.6,     25950,      4253,     17592,       128,   2356259,    386202,   1597339,     11649,       -55,      -785,      -839,     -4961,    -71237,    -76198,     19263,       985,     10046,       227,    820606,     41941,    427943,      9678,       -62,      -956,     -1018,     -2653,    -40716,    -43369,      4253,         0,       985,         0,     26005,     26789,     19325,     20281
       169,     21169, 68.769763,         0,     347.3,     26235,         0,     20504,       848,         0,         0,         0,         0,       -19,      -637,      -657,         0,         0,         0,     19720,         0,     11517,       491,   6848773,         0,   3999867,    170432,       -43,      -716,      -759,    -14857,   -248836,   -263693,         0,         0,         0,         0,     26254,     26892,     19763,     20479
       170,     21170,126.572112,     208.3,       9.5,     26070,      4578,     20419,       550,   5430295,    953508,   4253261,    114653,       -40,      -739,      -780,     -8345,   -154030,   -162375,     19419,      1057,     11261,       672,    184478,     10045,    106982,      6380,       -54,      -924,      -978,      -513,     -8781,     -9294,      4578,         0,      1057,         0,     26110,     26849,     19473,     20397
       171,     21171,150.429473,     287.6,      82.8,     26168,      7704,     21888,       841,   7526057,   2215588,   6294943,    241764,       -26,      -663,      -689,     -7336,   -190753,   -198089,     19568,      3162,     11874,       955,   1620199,    261851,    983143,     79106,       -46,      -793,      -839,     -3792,    -65677,    -69469,      7704,         0,      3162,         0,     26194,     26857,     19613,     20407
       172,     21172,204.078714,     423.4,      15.3,     26248,     10445,     22657,       464,  11113604,   4422216,   9592807,    196320,       -11,      -614,      -625,     -4766,   -259756,   -264522,     19754,      4357,     12091,      1423,    302231,     66659,    184993,     21766,       -29,      -636,      -665,      -445,     -9728,    -10174,     10445,         0,      4357,         0,     26260,     26873,     19783,     20419
       173,     21173, 48.076332,     191.4,      73.8,     26337,     11170,     22876,      1910,   5040909,   2137933,   4378524,    365667,        -7,      -568,      -575,     -1369,   -108656,   -110025,     19952,      5076,     12309,      1627,   1472493,    374633,    908401,    120083,       -18,      -516,      -535,     -1357,    -38105,    -39462,     11170,         0,      5076,         0,     26344,     26912,     19971,     20487
       174,     21174, 54.744671,     203.6,     187.0,     26325,     11268,     22793,      5422,   5359761,   2294259,   4640639,   1103957,        -7,      -590,      -597,     -1457,   -120139,   -121595,     19921,      5606,     12249,      1955,   3725151,   1048337,   2290529,    365654,       -21,      -559,      -580,     -3883,   -104577,   -108460,     11268,         0,      5606,         0,     26332,     26922,     19941,     20501
       175,     21175, 63.795590,     207.3,     145.7,     26142,     13005,     22601,      8775,   5419300,   2695964,   4685124,   1819037,       -10,      -700,      -710,     -2116,   -145082,   -147198,     19510,      5900,     12114,      2000,   2842616,    859664,   1765031,    291360,       -29,      -811,      -841,     -4295,   -118188,   -122483,     13005,         0,      5900,         0,     26153,     26852,     19540,     20351
       176,     21176, 46.375112,     131.9,    1340.4,     26061,     12372,     22309,      9550,   3437464,   1631921,   2942597,   1259650,       -17,      -731,      -748,     -2255,    -96451,    -98706,     19345,      6275,     11898,      1699,  25929685,   8411192,  15948295,   2277521,       -50,      -869,      -919,    -67508,  -1164292,  -1231800,     12372,         0,      6275,         0,     26078,     26809,     19395,     20264
       177,     21177, 39.541164,      52.9,    1243.6,     26026,     12711,     21933,      7449,   1376788,    672423,   1160282,    394036,       -19,      -749,      -768,      -991,    -39634,    -40625,     19266,      5343,     11635,      1301,  23958860,   6644731,  14469542,   1617360,       -55,      -908,      -963,    -68147,  -1129058,  -1197205,     12711,         0,      5343,         0,     26045,     26794,     19321,     20228
       178,     21178, 71.022234,     166.1,         0,     26161,      8111,     22292,      1583,   4345364,   1347254,   3702753,    262974,       -28,      -652,      -680,     -4625,   -108359,   -112985,     19563,      3408,     11673,      1779,         0,         0,         0,         0,       -61,      -715,      -776,         0,         0,         0,      8111,         0,      3408,         0,     26189,     26841,     19624,     20339
       179,     21179, 40.433071,         0,      26.7,     25997,      8534,     22634,      4498,         0,         0,         0,         0,       -23,      -772,      -795,         0,         0,         0,     19194,      4901,     12006,      2085,    512479,    130851,    320564,     55665,       -49,      -989,     -1038,     -1300,    -26412,    -27712,      8534,         0,      4901,         0,     26020,     26792,     19243,     20232
       180,     21180, 50.164254,         0,    2673.5,     26039,     11340,     22472,      7988,         0,         0,         0,         0,       -15,      -743,      -758,         0,         0,         0,     19278,      6024,     11874,      2192,  51539272,  16106109,  31744864,   5859221,       -41,      -919,      -959,   -108474,  -2456223,  -2564697,     11340,         0,      6024,         0,     26054,     26797,     19318,     20237
       181,     21181, 44.161139,     117.6,     419.9,     26005,     12969,     22160,      9261,   3058226,   1525159,   2606015,   1089079,       -23,      -745,      -768,     -2655,    -87616,    -90270,     19207,      6347,     11646,      1930,   8064827,   2665042,   4890228,    810616,       -64,      -914,      -978,    -26778,   -383913,   -410691,     12969,         0,      6347,         0,     26028,     26773,     19270,     20185
       182,     21182, 57.840735,     119.4,     277.3,     25970,     12291,     21728,      6959,   3100782,   1467578,   2594339,    830963,       -21,      -777,      -798,     -2519,    -92751,    -95270,     19119,      4107,     11344,      1372,   5301766,   1138740,   3145606,    380553,       -61,      -993,     -1055,    -17009,   -275495,   -292504,     12291,         0,      4107,         0,     25991,     26768,     19181,     20174
       183,     21183,893.872010,      93.6,      14.9,     25237,         0,     14422,        15,   2362221,         0,   1349932,      1395,       -65,     -1346,     -1411,     -6094,   -125968,   -132062,     17926,         0,      6701,        94,    267091,         0,     99840,      1395,       -96,     -1828,     -1924,     -1426,    -27238,    -28664,         0,         0,         0,         0,     25303,     26648,     18021,     19849
       184,     21184, 22.326901,      10.9,         0,     26149,      7324,     22372,      2721,    285028,     79827,    243852,     29661,       -16,      -685,      -701,      -170,     -7470,     -7640,     19539,      3095,     11725,      1793,         0,         0,         0,         0,       -40,      -779,      -819,         0,         0,         0,      7324,         0,      3095,         0,     26165,     26850,     19579,     20359
       185,     21185, 42.308584,     120.6,      22.6,     26175,     10966,     22367,      4329,   3156739,   1322550,   2697516,    522094,       -13,      -668,      -681,     -1574,    -80512,    -82086,     19593,      5305,     11699,      1818,    442799,    119885,    264405,     41086,       -35,      -736,      -771,      -783,    -16633,    -17415,     10966,         0,      5305,         0,     26188,     26856,     19628,     20363
       186,     21186, 52.728988,     204.2,      14.1,     25974,     13379,     22246,      6509,   5303980,   2732032,   4542599,   1329096,       -19,      -781,      -800,     -3867,   -159553,   -163420,     19139,      6041,     11581,      2018,    269867,     85183,    163288,     28453,       -47,      -991,     -1037,      -657,    -13971,    -14627,     13379,         0,      6041,         0,     25993,     26775,     19186,     20177
       187,     21187, 43.036623,     181.4,     463.9,     25942,     12775,     21938,      7946,   4705931,   2317405,   3979500,   1441409,       -25,      -775,      -800,     -4521,   -140649,   -145170,     19066,      5918,     11352,      1964,   8844590,   2745366,   5266266,    910914,       -69,      -978,     -1047,    -31857,   -453890,   -485747,     12775,         0,      5918,         0,     25967,     26743,     19134,     20113
       188,     21188, 56.331825,     199.1,     273.9,     25894,     10160,     21516,      5707,   5155441,   2022790,   4283740,   1136169,       -28,      -816,      -844,     -5564,   -162456,   -168019,     18957,      4375,     11058,      1448,   5192187,   1198440,   3028830,    396544,       -71,     -1079,     -1149,    -19342,   -295450,   -314791,     10160,         0,      4375,         0,     25922,     26738,     19027,     20106
       189,     21189,418.296368,       3.9,         0,     22634,         0,       620,         0,     88273,         0,      2416,         0,      -163,     -2328,     -2491,      -636,     -9079,     -9715,     16701,         0,      1303,        11,         0,         0,         0,         0,      -104,     -2113,     -2217,         0,         0,         0,         0,         0,         0,         0,     22797,     25125,     16805,     18918
       190,     21190,481.489685,      10.0,         0,     23130,         0,      1290,         1,    231300,         0,     12903,        13,      -162,     -2628,     -2790,     -1615,    -26285,    -27900,     17087,         0,      2041,        17,         0,         0,         0,         0,      -102,     -2283,     -2386,         0,         0,         0,         0,         0,         0,         0,     23292,     25920,     17189,     19473
       191,     21191,242.685005,      13.2,       2.6,     23250,         0,      2232,         3,    306903,         0,     29466,        37,      -161,     -3039,     -3200,     -2123,    -40111,    -42234,     17173,         0,      2742,        25,     44649,         0,      7130,        64,      -102,     -2519,     -2621,      -266,     -6549,     -6815,         0,         0,         0,         0,     23411,     26450,     17275,     19794
       192,     21192,485.456535,         0,       1.1,     22744,         0,      4532,         6,         0,         0,         0,         0,      -224,     -3278,     -3502,         0,         0,         0,     16770,         0,      4043,        33,     18447,         0,      4447,        36,      -146,     -2653,     -2799,      -161,     -2918,     -3079,         0,         0,         0,         0,     22968,     26245,     16916,     19569
       193,     21193,417.569984,         0,         0,     24851,         0,     10170,        33,         0,         0,         0,         0,      -188,     -1578,     -1766,         0,         0,         0,     18289,         0,      6558,       182,         0,         0,         0,         0,      -119,     -1525,     -1643,         0,         0,         0,         0,         0,         0,         0,     25039,     26617,     18408,     19932
       194,     21194,396.591525,         0,         0,     25526,      2948,     15738,         7,         0,         0,         0,         0,       -95,     -1087,     -1182,         0,         0,         0,     18736,       691,      9018,        14,         0,         0,         0,         0,       -68,     -1288,     -1356,         0,         0,         0,      2948,         0,       691,         0,     25621,     26708,     18804,     20092
       195,     21195,291.956146,     214.9,     193.0,     25720,      4074,     20208,       406,   5527133,    875534,   4342611,     87342,       -57,      -956,     -1013,    -12279,   -205488,   -217767,     18861,       944,     10864,       493,   3640206,    182245,   2096765,     95201,       -67,     -1213,     -1280,    -12838,   -234176,   -247014,      4074,         0,       944,         0,     25777,     26733,     18928,     20141
       196,     21196,226.226886,     394.0,      63.5,     25893,      8961,     21861,       981,  10202025,   3530683,   8613352,    386650,       -95,      -797,      -892,    -37236,   -314176,   -351411,     19093,      3712,     11352,      1280,   1212434,    235737,    720850,     81273,      -141,      -992,     -1133,     -8973,    -63002,    -71975,      8961,         0,      3712,         0,     25988,     26785,     19235,     20227
       197,     21197, 22.583461,      94.3,         0,     26085,         0,     22003,      2085,   2459817,         0,   2074855,    196624,       -21,      -716,      -737,     -1960,    -67558,    -69518,     19399,         0,     11365,      1643,         0,         0,         0,         0,       -50,      -845,      -895,         0,         0,         0,         0,         0,         0,         0,     26106,     26822,     19449,     20294
       198,     21198, 41.471098,     154.8,      16.9,     26087,     12084,     21991,      3201,   4038192,   1870649,   3404263,    495503,       -18,      -715,      -733,     -2810,   -110718,   -113528,     19401,      5458,     11326,      1657,    327876,     92234,    191413,     28005,       -45,      -835,      -880,      -758,    -14117,    -14876,     12084,         0,      5458,         0,     26105,     26820,     19446,     20281
       199,     21199, 54.351070,     166.1,      54.9,     26039,     12793,     21882,      4950,   4325029,   2124922,   3634655,    822190,        -8,      -738,      -745,     -1247,   -122533,   -123781,     19298,      5627,     11212,      1955,   1059435,    308918,    615521,    107305,       -17,      -889,      -907,      -941,    -48833,    -49774,     12793,         0,      5627,         0,     26046,     26784,     19315,     20204
       200,     21200, 53.467969,     201.2,     614.0,     25884,      9751,     21619,      5042,   5207821,   1961992,   4349741,   1014407,       -32,      -794,      -826,     -6522,   -159655,   -166178,     18945,      3980,     10987,      1995,  11632464,   2443958,   6746122,   1225199,       -77,     -1020,     -1097,    -47239,   -626284,   -673523,      9751,         0,      3980,         0,     25916,     26710,     19022,     20042
       201,     21201, 90.930086,     201.5,     936.7,     25835,      9919,     21183,      3144,   5205841,   1998760,   4268358,    633515,       -34,      -838,      -872,     -6869,   -168865,   -175734,     18862,      4539,     10670,      1539,  17668052,   4252087,   9994226,   1442012,       -77,     -1090,     -1167,    -71882,  -1021274,  -1093156,      9919,         0,      4539,         0,     25870,     26708,     18939,     20029
       202,     21202, 63.008566,      72.5,       4.4,     26031,      7403,     21573,      1657,   1887250,    536750,   1564064,    120151,       -22,      -741,      -763,     -1571,    -53754,    -55325,     19282,      3531,     10998,      1743,     84842,     15536,     48390,      7669,       -49,      -890,      -939,      -216,     -3916,     -4132,      7403,         0,      3531,         0,     26053,     26794,     19332,     20221
       203,     21203, 56.584193,         0,     131.6,     25976,     11570,     21489,      3009,         0,         0,         0,         0,       -24,      -778,      -802,         0,         0,         0,     19156,      4852,     10874,      1985,   2520924,    638473,   1430996,    261208,       -67,      -960,     -1027,     -8760,   -126343,   -135103,     11570,         0,      4852,         0,     26000,     26778,     19223,     20183
       204,     21204, 53.735100,     218.1,      60.0,     25670,     12149,     20921,      2543,   5598634,   2649647,   4562793,    554616,       -45,      -940,      -985,     -9807,   -205086,   -214893,     18564,      5659,     10382,      1386,   1113840,    339560,    622907,     83163,       -87,     -1267,     -1354,     -5230,    -76025,    -81255,     12149,         0,      5659,         0,     25715,     26655,     18651,     19918
       205,     21205,1655.06791,      74.2,       5.8,     19501,         0,        69,         6,   1446997,         0,      5151,       430,      -166,     -3037,     -3202,    -12283,   -225330,   -237613,     14284,         0,       283,        74,     82844,         0,      1641,       430,      -106,     -2748,     -2854,      -614,    -15938,    -16553,         0,         0,         0,         0,     19667,     22704,     14389,     17137
       206,     21206,1356.29924,       7.4,         0,     18993,         0,       204,         0,    140545,         0,      1510,         0,      -164,     -4710,     -4874,     -1216,    -34851,    -36067,     13870,         0,       700,         7,         0,         0,         0,         0,      -105,     -3868,     -3973,         0,         0,         0,         0,         0,         0,         0,     19157,     23867,     13975,     17843
       207,     21207,421.816147,      20.9,         0,     21040,         0,       536,         2,    439729,         0,     11203,        42,      -163,     -3519,     -3682,     -3402,    -73551,    -76953,     15559,         0,      1284,        25,         0,         0,         0,         0,      -104,     -2857,     -2961,         0,         0,         0,         0,         0,         0,         0,     21202,     24722,     15663,     18521
       208,     21208,368.911180,      13.2,      10.7,     22032,         0,       971,        11,    290823,         0,     12815,       141,      -163,     -3579,     -3742,     -2147,    -47245,    -49392,     16289,         0,      1823,        26,    174291,         0,     19506,       280,      -103,     -2841,     -2945,     -1106,    -30404,    -31510,         0,         0,         0,         0,     22195,     25774,     16392,     19234
       209,     21209,244.833959,      18.6,         0,     21122,         0,      1869,         8,    392871,         0,     34761,       153,      -218,     -3810,     -4028,     -4058,    -70857,    -74914,     15647,         0,      2479,        49,         0,         0,         0,         0,      -138,     -2974,     -3112,         0,         0,         0,         0,         0,         0,         0,     21340,     25150,     15785,     18759
       210,     21210,498.034106,     139.0,      16.4,     21578,         0,      3793,        23,   2999286,         0,    527276,      3210,      -204,     -4036,     -4239,    -28300,   -560952,   -589252,     15942,         0,      3710,       212,    261451,         0,     60849,      3477,      -137,     -3033,     -3170,     -2251,    -49734,    -51985,         0,         0,         0,         0,     21781,     25817,     16079,     19112
       211,     21211,212.772754,     256.3,      23.9,     23929,         0,      7559,        49,   6132996,         0,   1937310,     12532,      -215,     -2275,     -2491,    -55198,   -583163,   -638361,     17638,         0,      5375,       426,    421550,         0,    128451,     10189,      -140,     -1831,     -1971,     -3344,    -43767,    -47111,         0,         0,         0,         0,     24144,     26420,     17778,     19609
       212,     21212,788.790788,     218.1,      27.1,     24210,         0,     10696,        42,   5280210,         0,   2332689,      9059,      -204,     -2153,     -2357,    -44592,   -469546,   -514138,     17866,         0,      6728,       373,    484179,         0,    182324,     10106,      -130,     -1820,     -1950,     -3520,    -49320,    -52840,         0,         0,         0,         0,     24414,     26567,     17996,     19816
       213,     21213,241.377431,         0,         0,     25267,         0,     13735,         5,         0,         0,         0,         0,       -72,     -1345,     -1417,         0,         0,         0,     18569,         0,      7983,        42,         0,         0,         0,         0,       -40,     -1408,     -1448,         0,         0,         0,         0,         0,         0,         0,     25339,     26684,     18609,     20017
       214,     21214,351.170554,         0,         0,     25684,         0,     16341,       516,         0,         0,         0,         0,       -51,      -979,     -1030,         0,         0,         0,     18844,         0,      9067,        22,         0,         0,         0,         0,       -41,     -1183,     -1224,         0,         0,         0,         0,         0,         0,         0,     25735,     26714,     18885,     20068
       215,     21215,159.361869,      51.5,     555.5,     25757,      8058,     19621,      2063,   1326469,    414981,   1010493,    106257,       -42,      -973,     -1014,     -2138,    -50087,    -52225,     18893,      3209,     10279,       512,  10494865,   1782508,   5709868,    284606,       -46,     -1251,     -1297,    -25584,   -694925,   -720509,      8058,         0,      3209,         0,     25798,     26771,     18939,     20190
       216,     21216,190.087966,     238.2,     734.7,     25972,      8174,     20737,      1888,   6186606,   1946942,   4939624,    449732,       -44,      -802,      -847,    -10582,   -191146,   -201728,     19240,      3204,     10617,      1041,  14135868,   2354123,   7800514,    764845,       -57,      -982,     -1040,    -42002,   -721764,   -763765,      8174,         0,      3204,         0,     26017,     26819,     19297,     20280
       217,     21217,128.924808,     284.5,     146.9,     26012,      7570,     20612,      1834,   7400475,   2153756,   5864058,    521835,       -21,      -805,      -826,     -6050,   -229007,   -235056,     19246,      2848,     10359,      1350,   2827261,    418305,   1521696,    198382,       -42,     -1042,     -1084,     -6119,   -153116,   -159235,      7570,         0,      2848,         0,     26033,     26838,     19288,     20330
       218,     21218, 44.235011,      76.2,     237.4,     26005,     10990,     21082,      1821,   1981611,    837473,   1606457,    138734,        -4,      -774,      -778,      -303,    -58953,    -59256,     19224,      5059,     10557,      1743,   4563673,   1200888,   2506155,    413830,        -7,      -949,      -957,     -1765,   -225324,   -227089,     10990,         0,      5059,         0,     26009,     26783,     19231,     20180
       219,     21219,161.155856,     342.4,     557.7,     25989,      9191,     20179,      1264,   8898546,   3146929,   6909140,    432737,       -20,      -801,      -821,     -6703,   -274350,   -281053,     19183,      3848,      9941,      1297,  10698502,   2146075,   5544093,    723141,       -40,     -1016,     -1057,    -22444,   -566845,   -589289,      9191,         0,      3848,         0,     26008,     26810,     19224,     20240
       220,     21220,142.645748,     298.3,     128.2,     25594,     11369,     20598,      2000,   7634818,   3391496,   6144445,    596569,       -57,      -980,     -1037,    -17062,   -292209,   -309271,     18446,      4873,     10049,      1166,   2364824,    624751,   1288242,    149471,       -96,     -1316,     -1412,    -12247,   -168710,   -180958,     11369,         0,      4873,         0,     25652,     26631,     18542,     19858
       221,     21221,1320.37542,      42.1,         0,     24131,         0,     15224,         0,   1015904,         0,    640941,         0,       -76,     -2379,     -2455,     -3185,   -100176,   -103361,     17268,         0,      7040,        42,         0,         0,         0,         0,       -62,     -2432,     -2494,         0,         0,         0,         0,         0,         0,         0,     24206,     26586,     17331,     19762
       222,     21222,293.305050,         0,     992.9,     25931,      8932,     17667,      1782,         0,         0,         0,         0,       -37,      -794,      -831,         0,         0,         0,     19152,      4033,      9304,       244,  19016272,   4004725,   9237762,    242716,       -43,      -963,     -1006,    -42527,   -956454,   -998981,      8932,         0,      4033,         0,     25968,     26762,     19195,     20158
       223,     21223,142.181210,     168.4,     151.9,     25879,      9446,     17347,       961,   4358030,   1590710,   2921198,    161808,       -38,      -828,      -867,     -6436,   -139516,   -145953,     19097,      3715,      8821,       458,   2900894,    564250,   1339953,     69582,       -39,      -977,     -1016,     -5992,   -148355,   -154347,      9446,         0,      3715,         0,     25917,     26746,     19137,     20114
       224,     21224,127.085758,     311.8,     121.6,     25837,     10567,     18705,       946,   8056047,   3294896,   5832148,    295115,       -39,      -895,      -935,    -12229,   -279184,   -291413,     19000,      4624,      9158,       972,   2310388,    562243,   1113588,    118234,       -43,     -1123,     -1166,     -5184,   -136617,   -141802,     10567,         0,      4624,         0,     25876,     26772,     19043,     20166
       225,     21225,220.467288,         0,         0,     20507,         0,       446,         0,         0,         0,         0,         0,      -148,     -4048,     -4195,         0,         0,         0,     15159,         0,      1260,         4,         0,         0,         0,         0,       -95,     -3191,     -3286,         0,         0,         0,         0,         0,         0,         0,     20655,     24702,     15254,     18446
       226,     21226,271.306978,         0,         0,     21616,         0,       802,         3,         0,         0,         0,         0,      -150,     -3952,     -4102,         0,         0,         0,     16000,         0,      1612,         4,         0,         0,         0,         0,       -96,     -3029,     -3125,         0,         0,         0,         0,         0,         0,         0,     21767,     25718,     16095,     19124
       227,     21227,231.219083,         0,         0,     21674,         0,      1378,         2,         0,         0,         0,         0,      -150,     -4358,     -4508,         0,         0,         0,     16044,         0,      2075,        30,         0,         0,         0,         0,       -95,     -3254,     -3349,         0,         0,         0,         0,         0,         0,         0,     21824,     26182,     16140,     19394
       228,     21228,335.142890,      50.5,       4.5,     21301,         0,      2383,        13,   1075722,         0,    120326,       663,      -203,     -3857,     -4061,    -10267,   -194788,   -205055,     15733,         0,      2861,        87,     70798,         0,     12874,       391,      -137,     -2872,     -3009,      -619,    -12922,    -13541,         0,         0,         0,         0,     21505,     25362,     15870,     18742
       229,     21229,333.455652,      31.1,      24.4,     23002,         0,      4976,        30,    715377,         0,    154763,       936,      -190,     -2951,     -3141,     -5905,    -91783,    -97689,     16929,         0,      4165,        92,    413070,         0,    101624,      2257,      -131,     -2195,     -2326,     -3193,    -53560,    -56753,         0,         0,         0,         0,     23192,     26144,     17060,     19255
       230,     21230,947.528794,       1.4,         0,     20231,         0,       208,         0,     28323,         0,       291,         0,       -90,     -5247,     -5337,      -126,     -7345,     -7472,     14962,         0,       864,         2,         0,         0,         0,         0,       -54,     -4048,     -4102,         0,         0,         0,         0,         0,         0,         0,     20321,     25568,     15016,     19064
       231,     21231,171.690035,         0,         0,     21300,         0,       566,         0,         0,         0,         0,         0,      -125,     -4425,     -4549,         0,         0,         0,     15793,         0,      1376,         0,         0,         0,         0,         0,       -61,     -3563,     -3624,         0,         0,         0,         0,         0,         0,         0,     21424,     25849,     15854,     19417
       232,     21232,171.801440,         0,         0,     21298,         0,      1003,         0,         0,         0,         0,         0,      -124,     -4799,     -4922,         0,         0,         0,     15792,         0,      1676,         0,         0,         0,         0,         0,       -61,     -3779,     -3840,         0,         0,         0,         0,         0,         0,         0,     21422,     26221,     15853,     19632
       233,     21233,240.251591,         0,         0,     20284,         0,      1699,         2,         0,         0,         0,         0,      -125,     -5846,     -5971,         0,         0,         0,     14965,         0,      2275,        26,         0,         0,         0,         0,       -79,     -4304,     -4383,         0,         0,         0,         0,         0,         0,         0,     20409,     26255,     15044,     19347
       234,     21234,288.163216,         0,         0,     23013,         0,      3256,        12,         0,         0,         0,         0,      -109,     -3143,     -3252,         0,         0,         0,     16811,         0,      3281,        17,         0,         0,         0,         0,       -83,     -2458,     -2541,         0,         0,         0,         0,         0,         0,         0,     23123,     26265,     16894,     19352
       235,     21235,289.187343,      12.7,         0,     22063,         0,      6442,        16,    280196,         0,     81818,       198,      -173,     -4032,     -4206,     -2201,    -51212,    -53414,     16179,         0,      4617,        33,         0,         0,         0,         0,      -122,     -2975,     -3097,         0,         0,         0,         0,         0,         0,         0,     22236,     26268,     16301,     19276
       236,     21236,245.705077,         0,         0,     22944,         0,     10786,         4,         0,         0,         0,         0,       -80,     -3300,     -3380,         0,         0,         0,     16707,         0,      6460,        69,         0,         0,         0,         0,       -59,     -2613,     -2672,         0,         0,         0,         0,         0,         0,         0,     23024,     26324,     16766,     19379
       237,     21237,317.880328,         0,         0,     25158,         0,     13969,       320,         0,         0,         0,         0,       -71,     -1341,     -1412,         0,         0,         0,     18274,         0,      7760,        39,         0,         0,         0,         0,       -45,     -1444,     -1490,         0,         0,         0,         0,         0,         0,         0,     25228,     26569,     18319,     19763
       238,     21238,349.956031,     114.8,       6.6,     23785,         0,     10002,         7,   2730463,         0,   1148174,       758,       -76,     -2337,     -2413,     -8772,   -268239,   -277011,     17349,         0,      5894,       115,    114503,         0,     38900,       758,       -54,     -1849,     -1903,      -358,    -12202,    -12559,         0,         0,         0,         0,     23861,     26198,     17403,     19252
       239,     21239,323.424056,       1.1,         0,     21691,         0,       252,         0,     23860,         0,       277,         0,       -90,     -4422,     -4512,       -99,     -4864,     -4963,     16075,         0,      1013,         1,         0,         0,         0,         0,       -55,     -3317,     -3371,         0,         0,         0,         0,         0,         0,         0,     21781,     26203,     16130,     19447
       240,     21240,325.845035,         0,         0,     21600,         0,       522,         0,         0,         0,         0,         0,       -90,     -4738,     -4828,         0,         0,         0,     16019,         0,      1183,         7,         0,         0,         0,         0,       -54,     -3576,     -3631,         0,         0,         0,         0,         0,         0,         0,     21690,     26427,     16073,     19650
       241,     21241,445.881422,      10.5,         0,     21305,         0,      1005,         0,    223707,         0,     10554,         0,       -92,     -5107,     -5199,      -967,    -53621,    -54589,     15697,         0,      1508,        11,         0,         0,         0,         0,       -57,     -4007,     -4065,         0,         0,         0,         0,         0,         0,         0,     21398,     26504,     15754,     19761
       242,     21242,436.499669,         0,         0,     23262,         0,      1847,         0,         0,         0,         0,         0,       -99,     -2440,     -2538,         0,         0,         0,     16947,         0,      2245,         3,         0,         0,         0,         0,       -78,     -2006,     -2084,         0,         0,         0,         0,         0,         0,         0,     23361,     25801,     17025,     19031
       243,     21243,294.879393,      26.5,      20.7,     24184,         0,      4522,        21,    640876,         0,    119841,       549,       -87,     -2043,     -2131,     -2315,    -54145,    -56460,     17625,         0,      3721,        36,    364836,         0,     77029,       747,       -66,     -1704,     -1770,     -1367,    -35269,    -36636,         0,         0,         0,         0,     24271,     26315,     17691,     19395
       244,     21244,1086.07233,      25.0,       5.7,     24165,         0,      4574,         6,    604133,         0,    114350,       143,       -70,     -1856,     -1927,     -1759,    -46410,    -48169,     17557,         0,      3297,        25,    100077,         0,     18791,       143,       -55,     -1572,     -1627,      -312,     -8959,     -9271,         0,         0,         0,         0,     24236,     26092,     17612,     19184
       245,     21245,2753.45715,      65.2,      41.5,     16655,         0,        68,        42,   1085897,         0,      4454,      2706,       -58,     -5198,     -5256,     -3800,   -338879,   -342679,     12239,         0,       226,        65,    507898,         0,      9393,      2706,       -44,     -4299,     -4343,     -1823,   -178399,   -180222,         0,         0,         0,         0,     16713,     21911,     12282,     16581
       246,     21246,863.112631,       6.6,      13.5,     19951,         0,        94,        14,    131679,         0,       620,        89,       -90,     -4174,     -4264,      -593,    -27549,    -28142,     14650,         0,       366,         7,    197772,         0,      4937,        89,       -54,     -3432,     -3486,      -725,    -46335,    -47060,         0,         0,         0,         0,     20041,     24215,     14703,     18136
       247,     21247,585.244113,       9.7,         0,     20984,         0,       114,         0,    203542,         0,      1103,         0,       -89,     -4075,     -4165,      -867,    -39532,    -40399,     15411,         0,       529,        12,         0,         0,         0,         0,       -54,     -3324,     -3378,         0,         0,         0,         0,         0,         0,         0,     21073,     25149,     15465,     18789
       248,     21248,210.690521,       5.3,         0,     22408,         0,       132,         0,    118764,         0,       701,         0,       -87,     -3373,     -3460,      -464,    -17876,    -18340,     16587,         0,       680,        16,         0,         0,         0,         0,       -54,     -2662,     -2715,         0,         0,         0,         0,         0,         0,         0,     22496,     25869,     16640,     19302
       249,     21249,313.255920,       7.6,         0,     22466,         0,       147,         8,    170740,         0,      1113,        62,      -101,     -3513,     -3614,      -770,    -26698,    -27467,     16634,         0,       707,       136,         0,         0,         0,         0,       -53,     -2692,     -2745,         0,         0,         0,         0,         0,         0,         0,     22567,     26080,     16686,     19379
       250,     21250,258.115052,     122.3,       8.1,     22672,         0,       318,         8,   2772766,         0,     38867,       991,       -92,     -3475,     -3568,    -11302,   -425048,   -436350,     16752,         0,       825,       130,    135689,         0,      6685,      1052,       -57,     -2713,     -2770,      -460,    -21978,    -22438,         0,         0,         0,         0,     22764,     26240,     16809,     19522
       251,     21251,234.285140,       4.4,         0,     22949,         0,       125,         0,    100977,         0,       549,         0,       -92,     -2577,     -2669,      -405,    -11339,    -11744,     16955,         0,       559,        11,         0,         0,         0,         0,       -56,     -2100,     -2156,         0,         0,         0,         0,         0,         0,         0,     23041,     25618,     17012,     19112
       252,     21252,9030.61129,      35.4,         0,     13970,         0,       106,         0,    494537,         0,      3760,         0,       -90,     -4535,     -4625,     -3179,   -160540,   -163719,      9924,         0,       215,        35,         0,         0,         0,         0,       -55,     -3843,     -3898,         0,         0,         0,         0,         0,         0,         0,     14060,     18595,      9979,     13822
       253,     21253,3124.30402,       3.3,         0,     20320,         0,       125,         0,     67057,         0,       412,         0,       -90,     -3000,     -3090,      -298,     -9900,    -10198,     14901,         0,       323,         3,         0,         0,         0,         0,       -55,     -2529,     -2584,         0,         0,         0,         0,         0,         0,         0,     20411,     23411,     14956,     17485
       254,     21254,860.647809,      14.9,      16.8,     22408,         0,       121,        17,    333875,         0,      1808,       250,       -91,     -2320,     -2411,     -1357,    -34569,    -35926,     16487,         0,       338,        15,    276982,         0,      5678,       250,       -56,     -1957,     -2013,      -944,    -32870,    -33814,         0,         0,         0,         0,     22499,     24819,     16543,     18500
       255,     21255,1737.83477,      13.8,       2.4,     18847,         0,       167,         2,    260088,         0,      2308,        33,       -90,     -2692,     -2782,     -1242,    -37151,    -38393,     13736,         0,       303,        14,     32967,         0,       728,        33,       -55,     -2329,     -2385,      -133,     -5591,     -5724,         0,         0,         0,         0,     18937,     21629,     13791,     16121
       256,     21256,1179.86236,       1.1,         0,     20461,         0,       159,         0,     22507,         0,       175,         0,       -91,     -2751,     -2842,      -100,     -3026,     -3126,     14988,         0,       314,         1,         0,         0,         0,         0,       -57,     -2267,     -2324,         0,         0,         0,         0,         0,         0,         0,     20552,     23302,     15045,     17312
       257,     21257,518.839665,       1.4,         0,     18500,         0,       169,        15,     25900,         0,       237,        20,       -89,     -2673,     -2762,      -125,     -3742,     -3867,     13465,         0,       291,        24,         0,         0,         0,         0,       -55,     -2269,     -2324,         0,         0,         0,         0,         0,         0,         0,     18589,     21262,     13520,     15789
       258,     21258,375.517348,       2.3,         0,     19166,         0,       171,         0,     44082,         0,       394,         0,       -94,     -2813,     -2907,      -215,     -6471,     -6686,     13984,         0,       303,         7,         0,         0,         0,         0,       -58,     -2336,     -2394,         0,         0,         0,         0,         0,         0,         0,     19260,     22073,     14042,     16378
       259,     21259,332.408486,       6.1,         0,     19318,         0,       170,         0,    117839,         0,      1035,         0,       -93,     -2965,     -3059,      -570,    -18088,    -18658,     14101,         0,       296,         8,         0,         0,         0,         0,       -58,     -2413,     -2471,         0,         0,         0,         0,         0,         0,         0,     19411,     22377,     14160,     16572
       260,     21260,106.015776,      68.7,      45.7,     18325,         0,       166,       129,   1258942,         0,     11411,      8855,       -94,     -2672,     -2766,     -6424,   -183577,   -190001,     13328,         0,       288,       190,    609076,         0,     13157,      8699,       -59,     -2235,     -2294,     -2702,   -102146,   -104848,         0,         0,         0,         0,     18419,     21091,     13387,     15622
       261,     21261,208.527333,     121.2,      83.2,     18250,         0,       166,       129,   2211950,         0,     20159,     15623,       -95,     -2889,     -2984,    -11518,   -350151,   -361669,     13269,         0,       282,       190,   1103973,         0,     23432,     15800,       -60,     -2380,     -2440,     -4954,   -198020,   -202974,         0,         0,         0,         0,     18345,     21234,     13328,     15708
       262,     21262,1170.27886,       3.5,         0,     16011,         0,       160,        10,     56040,         0,       561,        36,       -94,     -3441,     -3535,      -328,    -12044,    -12372,     11514,         0,       301,         4,         0,         0,         0,         0,       -59,     -2883,     -2942,         0,         0,         0,         0,         0,         0,         0,     16105,     19546,     11573,     14456
       263,     21263,393.360407,       1.4,      26.9,     16627,         0,       159,        27,     23278,         0,       223,        38,       -95,     -2659,     -2754,      -133,     -3723,     -3855,     11995,         0,       293,         3,    322677,         0,      7880,        73,       -60,     -2247,     -2307,     -1602,    -60449,    -62051,         0,         0,         0,         0,     16722,     19381,     12055,     14302
       264,     21264,431.654697,         0,         0,     14693,         0,       100,         0,         0,         0,         0,         0,       -95,     -2715,     -2810,         0,         0,         0,     10489,         0,       197,        48,         0,         0,         0,         0,       -59,     -2344,     -2403,         0,         0,         0,         0,         0,         0,         0,     14788,     17503,     10549,     12893
       265,     21265,421.474247,      51.3,         0,     14513,         0,       110,         0,    744525,         0,      5627,         0,       -95,     -3104,     -3199,     -4875,   -159211,   -164086,     10349,         0,       208,        51,         0,         0,         0,         0,       -59,     -2618,     -2678,         0,         0,         0,         0,         0,         0,         0,     14608,     17712,     10409,     13027
       266,     21266,117306.528,       6.9,         0,       287,         0,         0,         0,      1983,         0,         0,         0,        -0,     -1964,     -1964,        -0,    -13554,    -13554,       580,         0,         8,         7,         0,         0,         0,         0,        -0,     -2023,     -2023,         0,         0,         0,         0,         0,         0,         0,       287,      2252,       580,      2603
       267,     21267,6918.09715,         0,         0,       303,         0,         0,         0,         0,         0,         0,         0,        -0,      -627,      -627,         0,         0,         0,       639,         0,         2,         0,         0,         0,         0,         0,        -0,      -898,      -898,         0,         0,         0,         0,         0,         0,         0,       303,       930,       639,      1537
       268,     21268,3664.73932,       2.0,         0,      1929,         0,         0,         0,      3858,         0,         0,         0,      -136,     -5622,     -5758,      -272,    -11244,    -11516,      2337,         0,         2,         2,         0,         0,         0,         0,       -49,     -4138,     -4187,         0,         0,         0,         0,         0,         0,         0,      2065,      7687,      2386,      6524
       269,     21269,14501.1616,       3.1,         0,      2888,         0,         0,         0,      8952,         0,         0,         0,      -143,     -5775,     -5918,      -443,    -17904,    -18347,      3004,         0,        10,         3,         0,         0,         0,         0,       -55,     -4367,     -4423,         0,         0,         0,         0,         0,         0,         0,      3031,      8806,      3059,      7426
       270,     21270,5166.42428,       2.2,         0,      1253,         0,         0,         0,      2757,         0,         0,         0,      -109,     -5716,     -5824,      -239,    -12574,    -12814,      1890,         0,         7,         2,         0,         0,         0,         0,       -39,     -4136,     -4175,         0,         0,         0,         0,         0,         0,         0,      1362,      7078,      1929,      6065
       271,     21271,4121.86524,       3.1,       9.9,      7779,         0,        20,        10,     24115,         0,        62,        31,      -146,     -6149,     -6295,      -452,    -19062,    -19514,      6642,         0,        35,         3,     65755,         0,       344,        31,       -63,     -4782,     -4845,      -621,    -47340,    -47961,         0,         0,         0,         0,      7925,     14074,      6705,     11486
       272,     21272,5995.09439,       6.4,         0,      9593,         0,        28,         0,     61393,         0,       181,         0,      -146,     -3915,     -4061,      -932,    -25056,    -25988,      8025,         0,       115,         6,         0,         0,         0,         0,       -63,     -2995,     -3057,         0,         0,         0,         0,         0,         0,         0,      9738,     13653,      8088,     11082
       273,     21273,4248.39360,      12.3,         0,      6020,         0,        27,         0,     74046,         0,       336,         0,      -146,     -3544,     -3690,     -1798,    -43595,    -45393,      5299,         0,       141,        12,         0,         0,         0,         0,       -61,     -2649,     -2710,         0,         0,         0,         0,         0,         0,         0,      6166,      9710,      5360,      8009
       274,     21274,16189.2716,       2.0,         0,     13034,         0,         9,         0,     26069,         0,        19,         0,      -391,     -5044,     -5435,      -782,    -10088,    -10870,     10695,         0,         5,         2,         0,         0,         0,         0,      -187,     -4367,     -4554,         0,         0,         0,         0,         0,         0,         0,     13425,     18470,     10883,     15250
       275,     21275,3996.97605,      10.8,      10.9,      6923,         0,        36,        11,     74768,         0,       384,       118,      -144,    -10597,    -10742,     -1555,   -114453,   -116008,      5959,         0,        89,        11,     64949,         0,       972,       118,       -59,     -8085,     -8144,      -646,    -88125,    -88772,         0,         0,         0,         0,      7067,     17664,      6018,     14103
       276,     21276,3577.40796,       7.9,         0,     11528,         0,       279,         0,     91068,         0,      2208,         0,      -146,     -4778,     -4923,     -1152,    -37744,    -38895,      9512,         0,       549,         8,         0,         0,         0,         0,       -63,     -3618,     -3681,         0,         0,         0,         0,         0,         0,         0,     11673,     16451,      9575,     13193
       277,     21277,2268.94864,       7.6,         0,      9166,         0,       232,         0,     69658,         0,      1767,         0,      -146,     -4986,     -5131,     -1106,    -37891,    -38997,      7706,         0,       522,         8,         0,         0,         0,         0,       -63,     -3774,     -3837,         0,         0,         0,         0,         0,         0,         0,      9311,     14297,      7769,     11543
       278,     21278,650.682948,       1.1,         0,     11255,         0,       271,        20,     12380,         0,       298,        22,      -146,     -5074,     -5220,      -160,     -5581,     -5742,      9315,         0,       597,        39,         0,         0,         0,         0,       -63,     -3752,     -3815,         0,         0,         0,         0,         0,         0,         0,     11401,     16475,      9378,     13130
       279,     21279,134.588358,         0,         0,     12096,         0,       117,        14,         0,         0,         0,         0,      -146,     -3702,     -3847,         0,         0,         0,      9950,         0,       337,        84,         0,         0,         0,         0,       -63,     -2702,     -2765,         0,         0,         0,         0,         0,         0,         0,     12242,     15944,     10013,     12714
       280,     21280,161.419144,         0,         0,      9700,         0,        76,         5,         0,         0,         0,         0,      -146,     -4140,     -4286,         0,         0,         0,      8126,         0,       271,        53,         0,         0,         0,         0,       -63,     -3031,     -3094,         0,         0,         0,         0,         0,         0,         0,      9845,     13986,      8189,     11220
       281,     21281, 55.909828,      33.9,       9.1,     11852,         0,       212,        48,    401767,         0,      7201,      1627,      -146,     -4462,     -4607,     -4935,   -151258,   -156193,      9768,         0,       495,       145,     88887,         0,      4503,      1316,       -63,     -3268,     -3331,      -572,    -29739,    -30312,         0,         0,         0,         0,     11997,     16459,      9831,     13099
       282,     21282,112.352959,      50.6,       8.2,     11649,         0,       159,        40,    589423,         0,      8025,      2035,      -146,     -4296,     -4442,     -7390,   -217387,   -224777,      9615,         0,       402,       175,     78846,         0,      3293,      1439,       -63,     -3138,     -3201,      -518,    -25728,    -26246,         0,         0,         0,         0,     11795,     16091,      9679,     12816
       283,     21283, 73.994144,      21.8,         0,     10376,         0,       107,        10,    226207,         0,      2328,       217,      -146,     -4659,     -4805,     -3184,   -101559,   -104743,      8656,         0,       314,       106,         0,         0,         0,         0,       -63,     -3398,     -3461,         0,         0,         0,         0,         0,         0,         0,     10523,     15181,      8719,     12117
       284,     21284, 74.114108,      30.4,      29.1,     11540,         0,       262,        46,    350813,         0,      7962,      1401,      -146,     -4956,     -5103,     -4451,   -150670,   -155122,      9537,         0,       575,       142,    277523,         0,     16731,      4145,       -63,     -3631,     -3694,     -1835,   -105668,   -107503,         0,         0,         0,         0,     11686,     16643,      9600,     13231
       285,     21285,182.197523,      45.5,       2.5,     11240,         0,       211,        46,    511430,         0,      9591,      2096,      -146,     -4791,     -4937,     -6623,   -217996,   -224620,      9311,         0,       485,       174,     23277,         0,      1213,       435,       -63,     -3498,     -3561,      -157,     -8746,     -8904,         0,         0,         0,         0,     11386,     16177,      9374,     12872
       286,     21286,149.127275,      24.6,       2.5,     10236,         0,       141,         8,    251814,         0,      3462,       195,      -146,     -4982,     -5127,     -3586,   -122545,   -126131,      8550,         0,       363,       104,     21375,         0,       908,       259,       -63,     -3642,     -3705,      -157,     -9106,     -9263,         0,         0,         0,         0,     10382,     15364,      8613,     12255
       287,     21287,830.121142,       1.2,         0,      9763,         0,        25,         0,     11716,         0,        30,         0,      -164,     -9468,     -9632,      -197,    -11362,    -11559,      8186,         0,        53,         1,         0,         0,         0,         0,       -72,     -7224,     -7296,         0,         0,         0,         0,         0,         0,         0,      9927,     19395,      8258,     15482
       288,     21288,2219.11229,      10.6,         0,     11616,         0,       141,         0,    123131,         0,      1496,         0,      -166,     -6647,     -6812,     -1756,    -70455,    -72211,      9569,         0,       347,        11,         0,         0,         0,         0,       -78,     -5077,     -5155,         0,         0,         0,         0,         0,         0,         0,     11782,     18429,      9647,     14725
       289,     21289,1019.71528,         0,         0,     13505,         0,       503,         0,         0,         0,         0,         0,      -167,     -3743,     -3910,         0,         0,         0,     10996,         0,       992,         0,         0,         0,         0,         0,       -78,     -2777,     -2855,         0,         0,         0,         0,         0,         0,         0,     13671,     17415,     11074,     13851
       290,     21290,965.448146,       4.2,         0,     13996,         0,       591,         0,     58782,         0,      2484,         0,      -146,     -3838,     -3984,      -613,    -16122,    -16735,     11364,         0,      1137,         4,         0,         0,         0,         0,       -63,     -2838,     -2901,         0,         0,         0,         0,         0,         0,         0,     14142,     17980,     11427,     14265
       291,     21291,363.300189,         0,         0,     13355,         0,       606,         0,         0,         0,         0,         0,      -147,     -3356,     -3503,         0,         0,         0,     10878,         0,      1169,         0,         0,         0,         0,         0,       -64,     -2418,     -2482,         0,         0,         0,         0,         0,         0,         0,     13502,     16858,     10942,     13360
       292,     21292,520.969301,       1.5,         0,     12734,         0,       456,         0,     19102,         0,       684,         0,      -147,     -3133,     -3280,      -221,     -4699,     -4920,     10421,         0,       911,         2,         0,         0,         0,         0,       -64,     -2242,     -2306,         0,         0,         0,         0,         0,         0,         0,     12882,     16014,     10486,     12727
       293,     21293,752.597737,         0,         0,     11686,         0,       338,         7,         0,         0,         0,         0,      -147,     -3209,     -3356,         0,         0,         0,      9642,         0,       696,        18,         0,         0,         0,         0,       -64,     -2268,     -2332,         0,         0,         0,         0,         0,         0,         0,     11833,     15042,      9706,     11974
       294,     21294,540.511373,      11.6,      18.3,     13579,         0,       716,        18,    157513,         0,      8310,       212,      -173,     -4133,     -4306,     -2008,    -47946,    -49953,     11040,         0,      1345,        14,    202025,         0,     24612,       256,       -83,     -3033,     -3116,     -1520,    -55510,    -57029,         0,         0,         0,         0,     13752,     17885,     11123,     14156
       295,     21295,358.827508,         0,         0,     15655,         0,       734,         9,         0,         0,         0,         0,      -146,     -2967,     -3113,         0,         0,         0,     12595,         0,      1372,        30,         0,         0,         0,         0,       -63,     -2135,     -2198,         0,         0,         0,         0,         0,         0,         0,     15801,     18768,     12658,     14793
       296,     21296,175.886055,         0,         0,     15922,         0,       726,        11,         0,         0,         0,         0,      -146,     -2326,     -2473,         0,         0,         0,     12794,         0,      1365,         0,         0,         0,         0,         0,       -63,     -1637,     -1701,         0,         0,         0,         0,         0,         0,         0,     16068,     18395,     12857,     14495
       297,     21297,384.953878,         0,      12.1,     13579,         0,       724,        34,         0,         0,         0,         0,      -146,     -3262,     -3408,         0,         0,         0,     11039,         0,      1364,        23,    133575,         0,     16505,       282,       -63,     -2342,     -2405,      -762,    -28337,    -29099,         0,         0,         0,         0,     13725,     16987,     11102,     13444
       298,     21298,920.501809,       8.7,         0,     13322,         0,       629,         0,    115903,         0,      5469,         0,      -147,     -3426,     -3573,     -1278,    -29805,    -31084,     10854,         0,      1186,         9,         0,         0,         0,         0,       -64,     -2428,     -2491,         0,         0,         0,         0,         0,         0,         0,     13469,     16895,     10918,     13345
       299,     21299,691.356049,         0,         0,     12894,         0,       596,         0,         0,         0,         0,         0,      -146,     -3676,     -3822,         0,         0,         0,     10544,         0,      1152,         0,         0,         0,         0,         0,       -63,     -2682,     -2745,         0,         0,         0,         0,         0,         0,         0,     13039,     16715,     10607,     13289
       300,     21300,148.255841,       8.6,         0,     14181,         0,       741,        58,    121955,         0,      6370,       496,      -173,     -3326,     -3498,     -1485,    -28601,    -30086,     11490,         0,      1390,       261,         0,         0,         0,         0,       -83,     -2381,     -2464,         0,         0,         0,         0,         0,         0,         0,     14354,     17679,     11572,     13953
       301,     21301,167.671666,     132.8,      30.7,     15577,         0,       740,       192,   2068665,         0,     98221,     25540,      -146,     -3314,     -3460,    -19427,   -440097,   -459524,     12528,         0,      1391,       459,    384611,         0,     42693,     14082,       -63,     -2368,     -2431,     -1946,    -72699,    -74645,         0,         0,         0,         0,     15724,     19038,     12591,     14959
       302,     21302, 54.719648,      67.2,      37.5,     15471,         0,       738,       273,   1039638,         0,     49573,     18349,      -146,     -3180,     -3326,     -9832,   -213667,   -223499,     12445,         0,      1387,       475,    466690,         0,     52013,     17825,       -64,     -2256,     -2320,     -2382,    -84619,    -87001,         0,         0,         0,         0,     15617,     18797,     12509,     14765
       303,     21303,324.343858,       6.6,      15.9,     14594,         0,       724,        44,     96320,         0,      4776,       294,      -147,     -3086,     -3232,      -967,    -20365,    -21332,     11796,         0,      1360,        53,    187563,         0,     21623,       849,       -63,     -2177,     -2240,     -1008,    -34614,    -35622,         0,         0,         0,         0,     14740,     17826,     11860,     14037
       304,     21304,2818.32967,       1.5,       4.5,      9432,         0,        40,         5,     14148,         0,        61,         7,      -172,    -10533,    -10706,      -259,    -15800,    -16058,      7816,         0,       137,         2,     35173,         0,       618,         7,       -89,     -7870,     -7959,      -401,    -35413,    -35814,         0,         0,         0,         0,      9604,     20137,      7905,     15775
       305,     21305,2827.25832,      19.7,       8.9,     13976,         0,       298,         9,    275334,         0,      5866,       175,      -167,     -5780,     -5947,     -3283,   -113871,   -117154,     11328,         0,       662,        20,    100822,         0,      5891,       175,       -78,     -4344,     -4422,      -695,    -38663,    -39359,         0,         0,         0,         0,     14143,     19923,     11406,     15751
       306,     21306,698.033839,      10.5,         0,     15151,         0,       642,         2,    159081,         0,      6743,        22,      -166,     -3604,     -3770,     -1742,    -37844,    -39586,     12221,         0,      1258,        14,         0,         0,         0,         0,       -78,     -2621,     -2699,         0,         0,         0,         0,         0,         0,         0,     15316,     18921,     12300,     14921
       307,     21307, 56.502251,       5.5,         0,     15087,         0,       734,        63,     82977,         0,      4038,       346,      -172,     -3372,     -3545,      -948,    -18548,    -19496,     12167,         0,      1377,       285,         0,         0,         0,         0,       -83,     -2403,     -2486,         0,         0,         0,         0,         0,         0,         0,     15259,     18631,     12250,     14652
       308,     21308,103.534860,     108.2,       8.4,     15616,         0,       737,       254,   1689705,         0,     79702,     27501,      -173,     -2834,     -3007,    -18732,   -306659,   -325391,     12558,         0,      1381,       597,    105491,         0,     11597,      5017,       -83,     -1981,     -2064,      -697,    -16642,    -17339,         0,         0,         0,         0,     15790,     18624,     12641,     14623
       309,     21309,103.665840,     104.8,      71.6,     15395,         0,       737,       437,   1613382,         0,     77283,     45833,      -152,     -3279,     -3431,    -15956,   -343632,   -359588,     12387,         0,      1382,       743,    886876,         0,     98978,     53209,       -67,     -2322,     -2389,     -4814,   -166234,   -171048,         0,         0,         0,         0,     15547,     18826,     12454,     14775
       310,     21310, 99.656167,     132.5,     109.2,     15364,         0,       736,       435,   2035702,         0,     97484,     57626,      -151,     -3156,     -3307,    -20014,   -418179,   -438193,     12356,         0,      1379,       633,   1349231,         0,    150560,     69087,       -67,     -2229,     -2297,     -7371,   -243426,   -250797,         0,         0,         0,         0,     15515,     18671,     12423,     14652
       311,     21311,176.925920,      93.4,      18.5,     14808,         0,       731,       313,   1383067,         0,     68259,     29240,      -172,     -2867,     -3039,    -16088,   -267747,   -283835,     11938,         0,      1367,       390,    220850,         0,     25297,      7218,       -83,     -1992,     -2075,     -1538,    -36846,    -38384,         0,         0,         0,         0,     14980,     17847,     12021,     14013
       312,     21312,264.601768,       8.1,       4.4,     17787,         0,       642,        18,    144076,         0,      5199,       142,      -167,     -2430,     -2598,     -1355,    -19685,    -21040,     14188,         0,      1254,        43,     62425,         0,      5517,       190,       -78,     -1695,     -1774,      -345,     -7459,     -7804,         0,         0,         0,         0,     17954,     20385,     14266,     15961
       313,     21313,201.751343,       8.6,         0,     17533,         0,       715,        73,    150788,         0,      6148,       628,      -169,     -2447,     -2615,     -1451,    -21042,    -22493,     13990,         0,      1351,       166,         0,         0,         0,         0,       -81,     -1693,     -1775,         0,         0,         0,         0,         0,         0,         0,     17702,     20149,     14071,     15765
       314,     21314, 78.822390,     109.0,       7.0,     15632,         0,       732,       131,   1703909,         0,     79744,     14277,      -173,     -3187,     -3359,    -18825,   -347340,   -366166,     12568,         0,      1373,       377,     87976,         0,      9614,      2640,       -83,     -2258,     -2340,      -580,    -15803,    -16383,         0,         0,         0,         0,     15805,     18992,     12651,     14908
       315,     21315, 73.552551,       7.5,      38.9,     16951,         0,       728,       157,    127130,         0,      5458,      1179,      -171,     -2588,     -2759,     -1284,    -19408,    -20692,     13551,         0,      1369,       385,    527115,         0,     53248,     14986,       -84,     -1788,     -1872,     -3266,    -69548,    -72814,         0,         0,         0,         0,     17122,     19710,     13634,     15422
       316,     21316, 46.039062,      45.6,      11.6,     16522,         0,       733,       316,    753418,         0,     33411,     14405,      -173,     -2631,     -2804,     -7880,   -119964,   -127844,     13230,         0,      1370,       553,    153465,         0,     15890,      6411,       -83,     -1810,     -1893,      -960,    -21001,    -21961,         0,         0,         0,         0,     16695,     19326,     13312,     15123
       317,     21317, 50.814306,      36.6,      29.3,     16128,         0,       735,       457,    590279,         0,     26899,     16742,      -173,     -2682,     -2855,     -6316,    -98161,   -104477,     12930,         0,      1372,       608,    378855,         0,     40196,     17826,       -83,     -1847,     -1930,     -2426,    -54128,    -56554,         0,         0,         0,         0,     16300,     18982,     13013,     14860
       318,     21318, 80.446246,      91.2,     145.9,     15698,         0,       731,       406,   1431656,         0,     66641,     36993,      -173,     -2708,     -2880,    -15747,   -246953,   -262700,     12602,         0,      1363,       491,   1838670,         0,    198863,     71653,       -83,     -1862,     -1945,    -12127,   -271678,   -283805,         0,         0,         0,         0,     15871,     18578,     12685,     14547
       319,     21319,1226.94771,       4.0,         0,     14162,         0,       224,         0,     56647,         0,       895,         0,      -165,     -6870,     -7035,      -660,    -27481,    -28141,     11473,         0,       554,         6,         0,         0,         0,         0,       -76,     -4880,     -4956,         0,         0,         0,         0,         0,         0,         0,     14327,     21197,     11549,     16429
       320,     21320,337.362274,      53.5,         0,     16725,         0,       559,        11,    894795,         0,     29885,       568,      -174,     -3880,     -4054,     -9314,   -207584,   -216898,     13407,         0,      1123,        74,         0,         0,         0,         0,       -90,     -2707,     -2797,         0,         0,         0,         0,         0,         0,         0,     16899,     20779,     13497,     16204
       321,     21321,278.482040,      79.9,      42.3,     17653,         0,       672,        51,   1410488,         0,     53695,      4085,      -169,     -2753,     -2922,    -13502,   -219984,   -233486,     14064,         0,      1293,       120,    594926,         0,     54708,      5062,       -79,     -1898,     -1977,     -3327,    -80288,    -83615,         0,         0,         0,         0,     17822,     20575,     14143,     16041
       322,     21322,179.566809,      82.3,      34.2,     16626,         0,       722,       119,   1368292,         0,     59402,      9819,      -171,     -3063,     -3234,    -14061,   -252101,   -266162,     13296,         0,      1364,       219,    454706,         0,     46638,      7485,       -80,     -2123,     -2203,     -2744,    -72593,    -75338,         0,         0,         0,         0,     16797,     19860,     13376,     15498
       323,     21323, 86.449538,      59.0,      78.5,     16410,         0,       730,       300,    968169,         0,     43077,     17678,      -173,     -2727,     -2900,    -10185,   -160920,   -171105,     13146,         0,      1362,       431,   1031993,         0,    106920,     33865,       -83,     -1870,     -1953,     -6485,   -146816,   -153301,         0,         0,         0,         0,     16582,     19310,     13229,     15099
       324,     21324,448.363615,      44.6,       7.4,     15063,         0,       723,       163,    671809,         0,     32242,      7267,      -172,     -3533,     -3704,     -7651,   -157565,   -165216,     12124,         0,      1344,       176,     89714,         0,      9948,      1299,       -81,     -2447,     -2528,      -599,    -18111,    -18710,         0,         0,         0,         0,     15235,     18767,     12204,     14652
       325,     21325,296.653369,         0,         0,     13824,         0,       702,         0,         0,         0,         0,         0,      -173,     -3893,     -4066,         0,         0,         0,     11175,         0,      1279,         0,         0,         0,         0,         0,       -83,     -2752,     -2835,         0,         0,         0,         0,         0,         0,         0,     13997,     17891,     11258,     14010
       326,     21326,2675.54425,         0,      17.6,     19886,         0,        25,        18,         0,         0,         0,         0,      -146,     -2963,     -3108,         0,         0,         0,     15829,         0,       159,         0,    278594,         0,      2798,         0,       -62,     -2006,     -2068,     -1093,    -35303,    -36396,         0,         0,         0,         0,     20031,     22994,     15891,     17897
       327,     21327,991.480916,      10.3,         0,     17511,         0,       214,         0,    180364,         0,      2207,         0,      -144,     -3079,     -3223,     -1487,    -31710,    -33198,     14068,         0,       522,        11,         0,         0,         0,         0,       -61,     -2022,     -2082,         0,         0,         0,         0,         0,         0,         0,     17655,     20734,     14128,     16150
       328,     21328,1850.72398,      15.4,         0,     16857,         0,       277,         0,    259596,         0,      4260,         0,      -144,     -3509,     -3654,     -2223,    -54043,    -56266,     13569,         0,       607,        15,         0,         0,         0,         0,       -61,     -2294,     -2354,         0,         0,         0,         0,         0,         0,         0,     17001,     20511,     13629,     15923
       329,     21329,1321.96526,      16.8,         0,     11348,         0,       632,         0,    190644,         0,     10621,         0,      -173,     -7396,     -7569,     -2901,   -124251,   -127152,      9292,         0,      1137,        17,         0,         0,         0,         0,       -83,     -5402,     -5484,         0,         0,         0,         0,         0,         0,         0,     11521,     18916,      9374,     14776
       330,     21330,3085.56488,         0,         0,     17085,         0,       427,         0,         0,         0,         0,         0,      -476,     -5073,     -5549,         0,         0,         0,     14188,         0,      1499,         0,         0,         0,         0,         0,      -247,     -3539,     -3787,         0,         0,         0,         0,         0,         0,         0,     17562,     22634,     14435,     17974
       331,     21331,693.687974,         0,         0,     17052,         0,       204,         0,         0,         0,         0,         0,      -145,     -8198,     -8344,         0,         0,         0,     13602,         0,       959,         0,         0,         0,         0,         0,       -61,     -5766,     -5827,         0,         0,         0,         0,         0,         0,         0,     17197,     25395,     13663,     19429
       332,     21332,1864.96359,      85.7,         0,     20062,         0,        42,         0,   1719290,         0,      3601,         0,      -145,     -3618,     -3763,    -12420,   -310087,   -322507,     15923,         0,       179,        86,         0,         0,         0,         0,       -61,     -2430,     -2491,         0,         0,         0,         0,         0,         0,         0,     20207,     23825,     15984,     18414
       333,     21333,36099.8436,         0,         0,       265,         0,         0,         0,         0,         0,         0,         0,        -0,      -522,      -522,         0,         0,         0,       552,         0,         0,         0,         0,         0,         0,         0,        -0,      -824,      -825,         0,         0,         0,         0,         0,         0,         0,       265,       787,       552,      1377
       334,     21334,58586.9844,      10.8,         0,         0,         0,         0,         0,         0,         0,         0,         0,         0,      -562,      -562,         0,     -6070,     -6070,         7,         0,        11,        11,         0,         0,         0,         0,         0,      -970,      -970,         0,         0,         0,         0,         0,         0,         0,         0,       562,         7,       978
       335,     21335,11023.5820,       5.9,      28.3,     19820,         0,       678,        28,    116937,         0,      4001,       167,      -230,     -5049,     -5280,     -1360,    -29791,    -31151,     15083,         0,       877,         6,    426851,         0,     24817,       167,       -41,     -3797,     -3839,     -1165,   -107467,   -108632,         0,         0,         0,         0,     20050,     25100,     15124,     18922
       336,     21336,10683.5820,         0,      57.4,      4641,         0,        96,        57,         0,         0,         0,         0,      -172,    -18837,    -19008,         0,         0,         0,      4122,         0,        48,         0,    236614,         0,      2755,         0,       -78,    -13953,    -14031,     -4479,   -800929,   -805407,         0,         0,         0,         0,      4813,     23649,      4200,     18154
       337,     21337,4433.96188,       1.0,         0,      8742,         0,       248,         0,      8742,         0,       248,         0,      -172,     -5756,     -5928,      -172,     -5756,     -5928,      7304,         0,       417,         1,         0,         0,         0,         0,       -82,     -4166,     -4248,         0,         0,         0,         0,         0,         0,         0,      8914,     14670,      7386,     11552
       338,     21338,40213.3378,       3.9,         0,         0,         0,         0,         0,         0,         0,         0,         0,         0,     -2077,     -2077,         0,     -8100,     -8100,         3,         0,         4,         4,         0,         0,         0,         0,         0,     -1946,     -1946,         0,         0,         0,         0,         0,         0,         0,         0,      2077,         3,      1949
       339,     21339,1083.31773,         0,         0,       513,         0,       435,         0,         0,         0,         0,         0,        -0,    -19898,    -19898,         0,         0,         0,       369,         0,        69,         0,         0,         0,         0,         0,        -0,    -14597,    -14597,         0,         0,         0,         0,         0,         0,         0,       513,     20411,       369,     14966
       340,     21340,641.698310,       8.9,         0,      2865,         0,       452,         0,     25501,         0,      4026,         0,      -168,    -20529,    -20697,     -1495,   -182704,   -184200,      2801,         0,        75,         9,         0,         0,         0,         0,       -71,    -14977,    -15048,         0,         0,         0,         0,         0,         0,         0,      3033,     23562,      2871,     17849
       341,     21341, 73.151652,       1.3,         0,      5021,         0,       431,         0,      6527,         0,       561,         0,      -171,    -17705,    -17876,      -222,    -23017,    -23239,      4365,         0,        76,         1,         0,         0,         0,         0,       -78,    -12940,    -13018,         0,         0,         0,         0,         0,         0,         0,      5192,     22897,      4443,     17383
       342,     21342,1282.28949,         0,         0,      4008,         0,       423,         0,         0,         0,         0,         0,      -169,    -17598,    -17768,         0,         0,         0,      3620,         0,        79,         0,         0,         0,         0,         0,       -74,    -12785,    -12859,         0,         0,         0,         0,         0,         0,         0,      4177,     21775,      3693,     16478
       343,     21343,13099.4308,       8.9,         0,      2171,         0,       202,         0,     19324,         0,      1798,         0,      -152,    -17140,    -17293,     -1355,   -152550,   -153905,      2340,         0,        45,         9,         0,         0,         0,         0,       -60,    -12360,    -12419,         0,         0,         0,         0,         0,         0,         0,      2324,     19464,      2400,     14759
       344,     21344,4121.31941,         0,         0,     17007,         0,       144,         0,         0,         0,         0,         0,       -85,     -4810,     -4896,         0,         0,         0,     11152,         0,        20,         0,         0,         0,         0,         0,      -105,     -5165,     -5270,         0,         0,         0,         0,         0,         0,         0,     17092,     21902,     11257,     16423
       345,     21345,549.988053,      31.9,     143.8,      2880,         0,       472,       161,     91866,         0,     15057,      5149,      -166,    -20317,    -20483,     -5309,   -648112,   -653421,      2816,         0,        81,        33,    404956,         0,     11582,      4715,       -70,    -14669,    -14739,    -10133,  -2109385,  -2119518,         0,         0,         0,         0,      3046,     23363,      2887,     17555
       346,     21346, 65.339245,         0,         0,      3695,         0,       471,        46,         0,         0,         0,         0,      -169,    -19398,    -19567,         0,         0,         0,      3396,         0,        80,         9,         0,         0,         0,         0,       -73,    -14131,    -14204,         0,         0,         0,         0,         0,         0,         0,      3864,     23262,      3469,     17600
       347,     21347,170.510619,       4.7,      93.2,      3573,         0,       477,       120,     16791,         0,      2242,       566,      -180,    -19182,    -19362,      -846,    -90154,    -91000,      3311,         0,        82,        11,    308625,         0,      7683,      1000,       -79,    -13904,    -13983,     -7346,  -1295829,  -1303175,         0,         0,         0,         0,      3753,     22934,      3390,     17294
       348,     21348,779.422710,       9.5,         0,      1994,         0,       465,         0,     18943,         0,      4413,         0,      -139,    -19754,    -19894,     -1322,   -187668,   -188990,      2215,         0,        82,        10,         0,         0,         0,         0,       -54,    -14200,    -14254,         0,         0,         0,         0,         0,         0,         0,      2133,     21888,      2269,     16469
       349,     21349,584.172624,         0,         0,      2044,         0,       439,         0,         0,         0,         0,         0,       -30,    -19368,    -19398,         0,         0,         0,      1782,         0,        69,         0,         0,         0,         0,         0,       -26,    -14499,    -14525,         0,         0,         0,         0,         0,         0,         0,      2074,     21441,      1808,     16307
       350,     21350,384.049397,      20.6,     227.5,      2131,         0,       465,       228,     43904,         0,      9569,      4687,      -122,    -20097,    -20219,     -2519,   -413992,   -416511,      2357,         0,        78,        21,    536200,         0,     17781,      4687,       -52,    -14622,    -14674,    -11824,  -3326496,  -3338320,         0,         0,         0,         0,      2254,     22350,      2409,     17031
       351,     21351,734.030649,         0,         0,      1464,         0,       460,         0,         0,         0,         0,         0,       -22,    -18592,    -18614,         0,         0,         0,      1191,         0,        77,         0,         0,         0,         0,         0,       -12,    -14168,    -14180,         0,         0,         0,         0,         0,         0,         0,      1486,     20078,      1203,     15371
       352,     21352,13915.3910,         0,         0,     15971,         0,       122,         0,         0,         0,         0,         0,       -92,     -4501,     -4592,         0,         0,         0,     11465,         0,       179,         0,         0,         0,         0,         0,       -57,     -3502,     -3559,         0,         0,         0,         0,         0,         0,         0,     16063,     20563,     11522,     15024
       353,     21353,1183.53444,         0,         0,     20539,         0,       100,         0,         0,         0,         0,         0,       -91,     -4063,     -4154,         0,         0,         0,     15035,         0,       279,         0,         0,         0,         0,         0,       -56,     -3164,     -3220,         0,         0,         0,         0,         0,         0,         0,     20630,     24693,     15091,     18256
       354,     21354,2846.44027,         0,         0,     21250,         0,       596,         0,         0,         0,         0,         0,       -90,     -4988,     -5079,         0,         0,         0,     15582,         0,       755,         0,         0,         0,         0,         0,       -55,     -3830,     -3886,         0,         0,         0,         0,         0,         0,         0,     21340,     26329,     15637,     19468
       355,     21355,6834.78883,       2.0,         0,        13,         0,         1,         0,        26,         0,         2,         0,         0,    -11437,    -11437,         0,    -22874,    -22874,         5,         0,        11,         2,         0,         0,         0,         0,         0,     -7253,     -7253,         0,         0,         0,         0,         0,         0,         0,        13,     11450,         5,      7258
       356,     21356,1798.73167,       8.0,         0,     20446,         0,       432,         0,    163568,         0,      3458,         0,       -78,     -3146,     -3223,      -620,    -25166,    -25786,     14671,         0,       384,         8,         0,         0,         0,         0,       -63,     -2581,     -2644,         0,         0,         0,         0,         0,         0,         0,     20524,     23669,     14734,     17315
       357,     21357,6283.55925,         0,         0,     21963,         0,      2990,         0,         0,         0,         0,         0,       -81,     -2659,     -2740,         0,         0,         0,     15628,         0,      1696,         0,         0,         0,         0,         0,       -64,     -2357,     -2421,         0,         0,         0,         0,         0,         0,         0,     22044,     24703,     15692,     18049
       358,     21358,38092.0465,       6.9,      27.2,     13927,         0,        27,        27,     96095,         0,       188,       188,       -84,     -6911,     -6996,      -582,    -47688,    -48271,      8715,         0,         7,         7,    237052,         0,       188,       188,      -103,     -6239,     -6343,     -2803,   -169713,   -172516,         0,         0,         0,         0,     14011,     20923,      8818,     15058
       359,     21359,6043.87588,         0,         0,     12947,         0,        13,         0,         0,         0,         0,         0,       -83,     -6161,     -6245,         0,         0,         0,      8037,         0,         1,         0,         0,         0,         0,         0,      -102,     -5889,     -5991,         0,         0,         0,         0,         0,         0,         0,     13030,     19192,      8138,     14027
       360,     21360,36680.2270,       6.9,         0,      4074,         0,         0,         0,     28111,         0,         0,         0,       -70,     -8716,     -8786,      -480,    -60142,    -60622,      1878,         0,         7,         7,         0,         0,         0,         0,       -56,     -7347,     -7403,         0,         0,         0,         0,         0,         0,         0,      4144,     12860,      1934,      9280
