TAZID,CO_TAZID,DevAcres,HH,Job,Job_byAuto,Job_byTran,Job_byBike,Job_byWalk,act_Job_byAuto,act_Job_byTran,act_Job_byBike,act_Job_byWalk,Loss_Job_Cong,Loss_Job_Net,Loss_Job_Abs,act_Loss_Job_Cong,act_Loss_Job_Net,act_Loss_Job_Abs,HH_byAuto,HH_byTran,HH_byBike,HH_byWalk,act_HH_byAuto,act_HH_byTran,act_HH_byBike,act_HH_byWalk,Loss_HH_Cong,Loss_HH_Net,Loss_HH_Abs,act_Loss_HH_Cong,act_Loss_HH_Net,act_Loss_HH_Abs,tmp_Job_byTran_wk,tmp_Job_byTran_dr,tmp_HH_byTran_wk,tmp_HH_byTran_dr,tmp_Job_byAuto_FF,tmp_Job_byAuto_SL,tmp_HH_byAuto_FF,tmp_HH_byAuto_SL
         1,    530001,413.121263,     121.7,       1.9,     37642,         0,      1904,         7,   4580996,         0,    231711,       856,     -8948,    -22257,    -31204,  -1088921,  -2708655,  -3797575,     29418,         0,      3280,       205,     55894,         0,      6232,       390,     -5154,    -20905,    -26059,     -9792,    -39720,    -49512,         0,         0,         0,         0,     46589,     68846,     34572,     55477
         2,    530002,208.841456,      82.5,         0,     39324,         0,      2110,       173,   3244256,         0,    174044,     14288,     -8988,    -21748,    -30736,   -741474,  -1794207,  -2535680,     30601,         0,      3762,       339,         0,         0,         0,         0,     -5211,    -20382,    -25593,         0,         0,         0,         0,         0,         0,         0,     48312,     70060,     35812,     56194
         3,    530003,286.385021,     205.2,      14.7,     49292,         0,      3835,        20,  10114671,         0,    786964,      4129,     -9109,    -19724,    -28833,  -1869210,  -4047420,  -5916631,     37422,         0,      6973,       298,    550110,         0,    102499,      4375,     -5810,    -18891,    -24701,    -85414,   -277693,   -363106,         0,         0,         0,         0,     58401,     78125,     43233,     62124
         4,    530004, 85.802976,      56.8,       9.0,     40268,         0,      2599,        55,   2287222,         0,    147602,      3127,     -9009,    -23443,    -32452,   -511739,  -1331551,  -1843289,     31263,         0,      4558,       270,    281369,         0,     41026,      2430,     -5245,    -21672,    -26917,    -47203,   -195050,   -242253,         0,         0,         0,         0,     49277,     72720,     36508,     58180
         5,    530005,309.773291,      74.8,       2.0,     49325,         0,      3687,        28,   3689524,         0,    275797,      2065,     -9110,    -19154,    -28265,   -681455,  -1432749,  -2114204,     37445,         0,      6741,       354,     74890,         0,     13483,       708,     -5813,    -18397,    -24210,    -11626,    -36794,    -48420,         0,         0,         0,         0,     58436,     77590,     43258,     61655
         6,    530006,359.204413,         0,    1032.6,     61276,      1094,      5583,      1040,         0,         0,         0,         0,     -8615,    -15902,    -24517,         0,         0,         0,     45477,       688,     10646,        76,  46959118,    710556,  10993318,     78360,     -6098,    -16333,    -22431,  -6297171, -16865234, -23162405,      1094,         0,       688,         0,     69891,     85793,     51575,     67908
         7,    530007,215.036172,      68.1,      13.2,     41978,         0,      2954,       146,   2858736,         0,    201194,      9925,     -9771,    -22652,    -32424,   -665425,  -1542631,  -2208055,     32430,         0,      5316,       343,    428077,         0,     70177,      4521,     -5738,    -21026,    -26764,    -75739,   -277549,   -353289,         0,         0,         0,         0,     51750,     74402,     38168,     59194
         8,    530008,268.164181,     133.3,     185.6,     40500,         0,      2374,       196,   5398602,         0,    316431,     26086,     -9741,    -21189,    -30930,  -1298461,  -2824461,  -4122922,     31397,         0,      4357,       259,   5827372,         0,    808631,     48009,     -5667,    -19931,    -25598,  -1051822,  -3699239,  -4751061,         0,         0,         0,         0,     50241,     71429,     37065,     56996
         9,    530009,327.081259,      72.4,         0,     49902,         0,      3239,         3,   3612938,         0,    234475,       238,     -9709,    -16352,    -26061,   -702906,  -1183897,  -1886803,     37865,         0,      6089,       139,         0,         0,         0,         0,     -6040,    -16270,    -22309,         0,         0,         0,         0,         0,         0,         0,     59611,     75963,     43904,     60174
        10,    530010,223.386752,     118.1,       5.8,     53880,         0,      4097,       200,   6363212,         0,    483802,     23655,     -9277,    -16987,    -26264,  -1095587,  -2006134,  -3101721,     40569,         0,      7650,       468,    235302,         0,     44372,      2713,     -6153,    -16582,    -22735,    -35685,    -96176,   -131860,         0,         0,         0,         0,     63157,     80143,     46722,     63304
        11,    530011,193.208258,     277.3,     343.1,     53714,      1488,      4943,       544,  14894885,    412500,   1370800,    150960,     -9267,    -19757,    -29023,  -2569719,  -5478483,  -8048202,     40455,      1375,      9203,       830,  13880095,    471617,   3157663,    284740,     -6137,    -18486,    -24623,  -2105670,  -6342571,  -8448242,      1488,         0,      1375,         0,     62981,     82737,     46592,     65078
        12,    530012,739.354278,      62.3,     117.7,     54601,         0,      4075,       137,   3401664,         0,    253893,      8531,    -10501,    -15744,    -26245,   -654237,   -980839,  -1635076,     40874,         0,      7837,       213,   4810841,         0,    922404,     25052,     -6885,    -15497,    -22382,   -810396,  -1824022,  -2634418,         0,         0,         0,         0,     65103,     80847,     47759,     63256
        13,    530013,151.470766,     304.2,      30.2,     66788,      3323,      7090,       591,  20316909,   1010971,   2156856,    179647,     -8737,    -14790,    -23528,  -2657902,  -4499264,  -7157166,     49538,      1783,     12849,       584,   1496041,     53853,    388033,     17630,     -6353,    -14830,    -21184,   -191873,   -447869,   -639742,      3323,         0,      1783,         0,     75525,     90316,     55891,     70721
        14,    530014,170.998209,     275.0,     177.1,     60062,      2692,      5706,       708,  16517140,    740209,   1569163,    194722,     -8931,    -15782,    -24713,  -2455899,  -4340154,  -6796053,     44715,      2411,     10578,      1035,   7919069,    426994,   1873431,    183224,     -6350,    -15765,    -22115,  -1124517,  -2791965,  -3916482,      2692,         0,      2411,         0,     68993,     84775,     51065,     66830
        15,    530015,163.744751,     186.1,     164.6,     64056,      2980,      6424,       448,  11920871,    554589,   1195430,     83341,     -8845,    -14554,    -23399,  -1645976,  -2708497,  -4354474,     47517,      2462,     11792,       857,   7821328,    405198,   1941034,    141101,     -6367,    -14863,    -21230,  -1048018,  -2446374,  -3494391,      2980,         0,      2462,         0,     72901,     87455,     53884,     68747
        16,    530016,207.448398,     128.2,     272.1,     71549,      2990,      8422,       521,   9172541,    383301,   1079734,     66757,     -8548,    -13744,    -22292,  -1095841,  -1761969,  -2857810,     52580,      1618,     14424,       348,  14306948,    440324,   3924904,     94623,     -6360,    -14101,    -20461,  -1730436,  -3836951,  -5567387,      2990,         0,      1618,         0,     80097,     93840,     58939,     73041
        17,    530017,233.559259,     200.4,      25.6,     55025,         0,      4474,       182,  11027003,         0,    896585,     36485,    -10524,    -15968,    -26492,  -2108972,  -3200036,  -5309008,     41163,         0,      8459,       643,   1053766,         0,    216545,     16464,     -6923,    -15761,    -22684,   -177236,   -403481,   -580717,         0,         0,         0,         0,     65549,     81517,     48086,     63847
        18,    530018,165.216789,     389.4,      78.6,     57596,      1870,      5420,       445,  22427954,    727993,   2110553,    173238,     -9276,    -17875,    -27151,  -3612116,  -6960349, -10572466,     43152,      2104,     10009,      1338,   3391776,    165403,    786669,    105144,     -6353,    -16833,    -23186,   -499330,  -1323108,  -1822437,      1870,         0,      2104,         0,     66872,     84747,     49505,     66339
        19,    530019, 84.363081,     152.3,      26.4,     60015,      3226,      6178,       514,   9140218,    491318,    940970,     78273,     -8968,    -17189,    -26157,  -1365868,  -2617867,  -3983735,     44815,      3071,     11118,      1700,   1183121,     81078,    293510,     44870,     -6416,    -16277,    -22693,   -169381,   -429712,   -599093,      3226,         0,      3071,         0,     68983,     86172,     51231,     67508
        20,    530020, 85.323665,     156.2,      97.3,     61357,      3155,      6648,       478,   9584025,    492856,   1038379,     74714,     -8972,    -17145,    -26116,  -1401392,  -2677976,  -4079368,     45718,      3059,     11852,      1606,   4448337,    297641,   1153161,    156234,     -6484,    -16248,    -22732,   -630899,  -1580959,  -2211858,      3155,         0,      3059,         0,     70329,     87474,     52202,     68450
        21,    530021, 67.002791,     106.2,       5.7,     61746,      2964,      7023,       482,   6557380,    314781,    745820,     51176,     -8959,    -17966,    -26925,   -951470,  -1907990,  -2859460,     45984,      2871,     12498,      1431,    262109,     16364,     71236,      8157,     -6477,    -16760,    -23237,    -36920,    -95530,   -132450,      2964,         0,      2871,         0,     70705,     88671,     52461,     69221
        22,    530022, 68.628745,      55.6,      70.5,     67223,      3189,      7338,       450,   3737603,    177335,    408002,     25026,     -8744,    -14281,    -23024,   -486160,   -793999,  -1280159,     49749,      2052,     13100,      1069,   3507274,    144680,    923540,     75365,     -6385,    -14388,    -20773,   -450134,  -1014360,  -1464495,      3189,         0,      2052,         0,     75967,     90248,     56133,     70522
        23,    530023, 96.921369,      39.8,      21.2,     69377,      3657,      8187,       695,   2761224,    145555,    325834,     27655,     -8622,    -14292,    -22914,   -343149,   -568840,   -911990,     51129,      2111,     14298,       793,   1083929,     44748,    303110,     16812,     -6363,    -14390,    -20753,   -134890,   -305075,   -439965,      3657,         0,      2111,         0,     77999,     92292,     57491,     71882
        24,    530024,299.539259,     108.5,     339.5,     69869,      1829,      9227,       566,   7580807,    198417,   1001174,     61429,     -8547,    -15631,    -24177,   -927298,  -1695919,  -2623216,     51349,      1164,     15535,       386,  17433081,    395131,   5274066,    131093,     -6330,    -15161,    -21490,  -2148936,  -5146990,  -7295926,      1829,         0,      1164,         0,     78416,     94046,     57679,     72839
        25,    530025, 69.801838,      55.0,       4.7,     61581,      2814,      7580,       442,   3386982,    154793,    416901,     24324,     -8902,    -19677,    -28580,   -489618,  -1082255,  -1571873,     45820,      2501,     13386,      1142,    215356,     11753,     62915,      5369,     -6392,    -17953,    -24344,    -30041,    -84377,   -114418,      2814,         0,      2501,         0,     70484,     90161,     52212,     70165
        26,    530026,131.205944,     336.3,      40.5,     59946,      1763,      8230,       498,  20159729,    592776,   2767791,    167619,     -8659,    -22385,    -31044,  -2912029,  -7528063, -10440092,     44729,      1890,     14231,      1225,   1811513,     76531,    576373,     49593,     -6166,    -19568,    -25734,   -249714,   -792505,  -1042219,      1763,         0,      1890,         0,     68605,     90990,     50895,     70463
        27,    530027,156.339084,     227.0,      41.5,     60132,      1785,      5912,       212,  13650021,    405158,   1342132,     48102,    -10684,    -14515,    -25200,  -2425343,  -3295012,  -5720356,     44649,      2346,     10732,      1219,   1852942,     97372,    445396,     50584,     -7314,    -14401,    -21715,   -303527,   -597625,   -901152,      1785,         0,      2346,         0,     70817,     85332,     51963,     66364
        28,    530028, 83.023239,     331.2,      16.0,     60081,      2821,      6698,       316,  19898977,    934270,   2218403,    104770,    -10554,    -15870,    -26424,  -3495569,  -5256148,  -8751717,     44711,      3298,     11938,      1569,    715372,     52767,    191009,     25110,     -7205,    -15204,    -22409,   -115280,   -243269,   -358549,      2821,         0,      3298,         0,     70636,     86506,     51916,     67120
        29,    530029, 83.266700,     355.8,      36.9,     60596,      2802,      7264,       393,  21560018,    996810,   2584390,    139737,    -10075,    -16949,    -27025,  -3584812,  -6030605,  -9615417,     45166,      3274,     12793,      1860,   1666610,    120819,    472054,     68646,     -6828,    -15925,    -22753,   -251959,   -587641,   -839600,      2802,         0,      3274,         0,     70671,     87621,     51994,     67919
        30,    530030, 51.466483,       8.6,      67.3,     60559,      2492,      7114,       270,    520806,     21429,     61180,      2320,    -10576,    -16712,    -27289,    -90956,   -143725,   -234681,     44908,      3452,     12619,      1416,   3022323,    232337,    849282,     95324,     -7265,    -15646,    -22911,   -488936,  -1053006,  -1541941,      2492,         0,      3452,         0,     71135,     87847,     52173,     67820
        31,    530031, 38.735251,      78.0,         0,     61767,      2549,      7731,       495,   4817799,    198857,    603047,     38636,    -10160,    -17159,    -27320,   -792509,  -1338424,  -2130933,     45849,      3369,     13550,      1900,         0,         0,         0,         0,     -6953,    -15930,    -22884,         0,         0,         0,      2549,         0,      3369,         0,     71927,     89086,     52802,     68733
        32,    530032, 54.138728,     161.3,       9.1,     65056,      2193,      7848,       455,  10493580,    353795,   1265953,     73365,    -10032,    -14802,    -24835,  -1618205,  -2387629,  -4005834,     48060,      3189,     13740,      1541,    437347,     29023,    125033,     14025,     -7034,    -14133,    -21167,    -64013,   -128609,   -192622,      2193,         0,      3189,         0,     75089,     89891,     55095,     69227
        33,    530033,358.335183,      20.3,         0,     66193,      1685,     10522,       589,   1343710,     34198,    213600,     11957,     -8946,    -17857,    -26803,   -181606,   -362489,   -544095,     48712,      3219,     16840,       521,         0,         0,         0,         0,     -6557,    -16439,    -22996,         0,         0,         0,         0,      1685,         0,      3219,     75139,     92995,     55268,     71707
        34,    530034,104.372358,     220.7,     118.7,     60837,      1518,      8549,       663,  13426826,    335079,   1886818,    146316,     -9860,    -19723,    -29583,  -2176034,  -4352969,  -6529003,     45213,      2373,     14710,      1771,   5366791,    281654,   1746036,    210236,     -6680,    -17626,    -24306,   -792860,  -2092224,  -2885084,      1518,         0,      2373,         0,     70697,     90421,     51893,     69519
        35,    530035, 63.375686,      18.7,     303.6,     67351,      1748,      9824,       689,   1259462,     32696,    183712,     12882,     -9070,    -15708,    -24778,   -169611,   -293736,   -463348,     49558,      3464,     16298,      1434,  15045818,   1051623,   4948001,    435460,     -6752,    -14935,    -21687,  -2049763,  -4534357,  -6584120,         0,      1748,         0,      3464,     76421,     92129,     56310,     71245
        36,    530036,106.408213,     427.7,      96.0,     65152,      1434,      8764,       713,  27865437,    613428,   3748509,    304810,     -9699,    -16615,    -26313,  -4148059,  -7106048, -11254107,     48144,      2274,     15035,      1634,   4621844,    218323,   1443404,    156869,     -6891,    -15239,    -22130,   -661522,  -1462929,  -2124451,      1434,         0,      2274,         0,     74850,     91465,     55035,     70274
        37,    530037,235.279922,      13.0,         0,     66534,      1268,      7891,       173,    864947,     16478,    102585,      2247,    -10798,    -13229,    -24026,   -140368,   -171974,   -312342,     48874,      2387,     13913,       756,         0,         0,         0,         0,     -7764,    -12843,    -20607,         0,         0,         0,      1268,         0,      2387,         0,     77332,     90561,     56638,     69481
        38,    530038,139.987087,     259.7,      86.4,     67505,         0,     11834,       567,  17531068,         0,   3073405,    147290,     -9421,    -15080,    -24501,  -2446560,  -3916236,  -6362796,     49498,         0,     17735,      1074,   4276632,         0,   1532345,     92761,     -6807,    -14056,    -20863,   -588147,  -1214435,  -1802582,         0,         0,         0,         0,     76926,     92006,     56305,     70361
        39,    530039, 88.044524,     314.8,      92.5,     66525,      1228,      8997,       603,  20942176,    386731,   2832196,    189869,     -9844,    -15539,    -25383,  -3098920,  -4891788,  -7990709,     49056,      2334,     15327,      1476,   4537720,    215879,   1417756,    136560,     -6959,    -14411,    -21370,   -643699,  -1332999,  -1976698,      1228,         0,      2334,         0,     76369,     91909,     56015,     70426
        40,    530040, 41.730559,     114.3,      16.5,     66448,         0,     10395,       706,   7594990,         0,   1188143,     80661,     -8911,    -16376,    -25287,  -1018474,  -1871778,  -2890252,     48979,         0,     16741,      1413,    808151,         0,    276230,     23311,     -6397,    -15144,    -21541,   -105553,   -249877,   -355430,         0,         0,         0,         0,     75358,     91734,     55376,     70520
        41,    530041,157.323283,     111.5,      12.3,     71902,      2457,     16174,       459,   8017108,    273928,   1803409,     51145,     -9265,    -14699,    -23964,  -1033047,  -1638913,  -2671960,     52398,      4909,     19527,       950,    644493,     60378,    240185,     11679,     -6838,    -13515,    -20353,    -84111,   -166237,   -250348,      2457,       886,      4909,      1654,     81167,     95866,     59236,     72751
        42,    530042,105.827727,     166.4,      23.0,     65921,         0,      9686,       427,  10969183,         0,   1611797,     71113,     -8903,    -16031,    -24934,  -1481422,  -2667566,  -4148988,     48599,         0,     16024,      1174,   1117767,         0,    368549,     27007,     -6383,    -14917,    -21300,   -146818,   -343080,   -489899,         0,         0,         0,         0,     74823,     90854,     54982,     69898
        43,    530043,118.276162,     190.6,     102.2,     72836,       887,     12869,       383,  13882469,    169070,   2452788,     73014,    -10265,    -12512,    -22777,  -1956517,  -2384817,  -4341333,     53100,      1762,     17988,       944,   5426829,    180109,   1838326,     96443,     -7546,    -11972,    -19518,   -771160,  -1223572,  -1994733,         0,       887,         0,      1762,     83101,     95613,     60646,     72618
        44,    530044, 54.459441,     112.9,      68.4,     70505,       760,     14043,       436,   7959959,     85847,   1585405,     49217,     -9356,    -14438,    -23793,  -1056245,  -1630035,  -2686280,     51523,      1514,     18661,      1064,   3524196,    103561,   1276384,     72761,     -6858,    -13305,    -20163,   -469120,   -910029,  -1379149,         0,       760,         0,      1514,     79860,     94298,     58382,     71686
        45,    530045,416.445842,     194.8,         0,     67652,      1017,      9805,        28,  13178601,    198103,   1909987,      5362,    -10427,    -15869,    -26296,  -2031217,  -3091194,  -5122411,     49479,      2026,     15569,       233,         0,         0,         0,         0,     -7560,    -14184,    -21744,         0,         0,         0,         0,      1017,         0,      2026,     78079,     93948,     57039,     71223
        46,    530046, 36.094869,     104.4,      22.6,     73223,       841,     15967,       679,   7644504,     87787,   1666948,     70838,     -9269,    -13404,    -22673,   -967709,  -1399370,  -2367079,     53329,      1560,     19410,      1046,   1205246,     35259,    438658,     23630,     -6850,    -12567,    -19417,   -154814,   -284011,   -438826,         0,       841,         0,      1560,     82492,     95896,     60180,     72747
        47,    530047,123.030332,     188.1,     105.2,     75788,      2710,     19323,       964,  14255726,    509822,   3634665,    181278,     -9696,    -12986,    -22682,  -1823872,  -2442697,  -4266569,     55045,      5389,     20316,       835,   5790705,    566906,   2137233,     87878,     -7200,    -12334,    -19534,   -757448,  -1297507,  -2054954,      2710,      1046,      5389,      2345,     85484,     98470,     62245,     74579
        48,    530048, 86.317784,      81.4,      72.3,     74395,      1017,     14336,       491,   6055776,     82751,   1166963,     39948,    -10007,    -11875,    -21882,   -814599,   -966613,  -1781213,     54141,      1715,     18485,       782,   3914386,    123965,   1336474,     56536,     -7378,    -11482,    -18860,   -533406,   -830141,  -1363546,         0,      1017,         0,      1715,     84403,     96277,     61519,     73000
        49,    530049,631.889034,     237.9,         0,     62254,         0,     16065,       123,  14810147,         0,   3821801,     29277,    -10289,    -25333,    -35621,  -2447635,  -6026655,  -8474290,     45534,         0,     18392,       311,         0,         0,         0,         0,     -7326,    -20501,    -27827,         0,         0,         0,         0,         0,         0,         0,     72542,     97875,     52860,     73361
        50,    530050,171.684094,     203.6,     390.5,     78603,      2162,     20789,       900,  16003502,    440154,   4232635,    183143,     -9076,    -10906,    -19982,  -1847947,  -2220385,  -4068333,     56899,      4826,     20540,       697,  22219078,   1884625,   8020822,    272035,     -6839,    -10908,    -17747,  -2670494,  -4259672,  -6930166,      2162,      1890,      4826,      3093,     87679,     98585,     63738,     74646
        51,    530051, 94.004735,     137.6,      90.2,     82700,      6868,     30211,      1599,  11379545,    945095,   4157053,    219997,     -7637,    -10546,    -18184,  -1050910,  -1451179,  -2502089,     59631,      8839,     22465,      1570,   5378723,    797291,   2026298,    141576,     -5907,    -10833,    -16740,   -532767,   -977181,  -1509949,      6868,      1544,      8839,      2941,     90338,    100884,     65538,     76371
        52,    530052,119.712115,     164.9,     145.0,     78821,      2354,     26818,      1050,  12997547,    388164,   4422302,    173160,     -7237,    -13617,    -20853,  -1193359,  -2245363,  -3438722,     57186,      4858,     21803,      1181,   8291956,    704404,   3161492,    171238,     -5340,    -12673,    -18013,   -774283,  -1837608,  -2611891,      2354,      1782,      4858,      2731,     86058,     99674,     62526,     75199
        53,    530053,2366.67418,         0,         0,     59844,         0,      3558,         0,         0,         0,         0,         0,     -8446,    -29507,    -37953,         0,         0,         0,     42250,         0,      6218,         0,         0,         0,         0,         0,     -6419,    -27505,    -33924,         0,         0,         0,         0,         0,         0,         0,     68290,     97797,     48669,     76174
        54,    530054,309.402589,     411.7,      81.1,     61530,         0,      3450,        86,  25331812,         0,   1420408,     35456,    -10001,    -18253,    -28254,  -4117404,  -7514736, -11632140,     43803,         0,      6710,       416,   3552388,         0,    544190,     33766,     -7585,    -19890,    -27474,   -615110,  -1613066,  -2228176,         0,         0,         0,         0,     71531,     89784,     51387,     71277
        55,    530055,275.563471,     345.9,     155.3,     56586,         0,      2438,       333,  19573016,         0,    843401,    115120,     -9346,    -24671,    -34017,  -3232647,  -8533666, -11766313,     40105,         0,      4876,      1172,   6228321,         0,    757307,    182001,     -6914,    -24881,    -31795,  -1073813,  -3864006,  -4937819,         0,         0,         0,         0,     65931,     90602,     47020,     71900
        56,    530056,440.066861,     727.1,     124.4,     61367,         0,      2762,       259,  44620076,         0,   2008012,    187979,     -9263,    -22336,    -31598,  -6734860, -16240281, -22975141,     43657,         0,      5496,      1026,   5430987,         0,    683678,    127616,     -7026,    -22758,    -29785,   -874069,  -2831156,  -3705226,         0,         0,         0,         0,     70630,     92966,     50684,     73442
        57,    530057,705.155130,     444.8,       7.9,     51513,         0,      6550,         8,  22912839,         0,   2913605,      3514,     -9788,    -34818,    -44605,  -4353486, -15486850, -19840336,     36434,         0,     11034,       533,    287826,         0,     87170,      4212,     -7034,    -30973,    -38007,    -55569,   -244686,   -300255,         0,         0,         0,         0,     61300,     96118,     43468,     74441
        58,    530058,630.971195,     372.1,         0,     71299,         0,      5741,         2,  26530473,         0,   2136140,       698,     -8284,    -17673,    -25957,  -3082601,  -6576132,  -9658733,     50835,         0,      9378,       478,         0,         0,         0,         0,     -6635,    -18445,    -25080,         0,         0,         0,         0,         0,         0,         0,     79584,     97257,     57470,     75915
        59,    530059,877.743697,         0,         0,     73849,         0,     17610,         0,         0,         0,         0,         0,     -8053,    -18937,    -26990,         0,         0,         0,     53672,         0,     17386,         0,         0,         0,         0,         0,     -6130,    -17495,    -23625,         0,         0,         0,         0,         0,         0,         0,     81902,    100839,     59802,     77297
        60,    530060,312.412483,     537.7,      10.7,     77334,      1425,     12312,       319,  41582271,    766398,   6620019,    171388,     -8045,    -12986,    -21032,  -4325944,  -6982819, -11308763,     56423,      2354,     16900,       703,    603727,     25193,    180825,      7521,     -6142,    -13231,    -19373,    -65715,   -141573,   -207288,         0,      1425,         0,      2354,     85379,     98365,     62565,     75796
        61,    530061,223.894445,     166.7,     391.4,     79903,      2286,     15271,       637,  13319892,    381108,   2545679,    106246,     -7962,    -11941,    -19903,  -1327267,  -1990563,  -3317829,     58296,      5149,     18593,      1071,  22816903,   2015320,   7277356,    419199,     -6067,    -12228,    -18295,  -2374805,  -4785993,  -7160798,      2286,      1466,      5149,      2263,     87865,     99806,     64363,     76591
        62,    530062,285.939531,     205.4,      44.5,     72920,      2442,     13325,       460,  14977870,    501633,   2737023,     94490,     -8581,    -15214,    -23796,  -1762562,  -3125039,  -4887601,     53192,      4908,     18318,       573,   2367027,    218406,    815159,     25515,     -6467,    -14569,    -21036,   -287803,   -648315,   -936118,      2442,      1871,      4908,      2668,     81502,     96716,     59659,     74228
        63,    530063,280.463159,     445.6,      50.5,     84436,      3335,     30040,       246,  37624850,   1486145,  13385689,    109626,     -7383,    -11279,    -18662,  -3289702,  -5025879,  -8315581,     61133,      6049,     21298,      1343,   3087205,    305460,   1075558,     67830,     -5729,    -12272,    -18001,   -289320,   -619712,   -909032,      3335,      1579,      6049,      2328,     91819,    103098,     66862,     79133
        64,    530064,128.128059,     184.8,     157.3,     80431,      3635,     19046,       772,  14863559,    671684,   3519783,    142613,     -7845,    -12263,    -20108,  -1449843,  -2266129,  -3715972,     58540,      6883,     19709,      1179,   9208323,   1082620,   3100225,    185389,     -5989,    -12412,    -18401,   -942056,  -1952351,  -2894407,      3635,      1435,      6883,      2234,     88276,    100539,     64529,     76940
        65,    530065, 70.442462,     158.5,      94.5,     82032,      4186,     22618,       536,  13002050,    663481,   3584952,     84884,     -7967,    -11599,    -19567,  -1262830,  -1838483,  -3101313,     59624,      7407,     20594,      2009,   5634511,    699941,   1946088,    189820,     -6084,    -11982,    -18066,   -574896,  -1132325,  -1707222,      4186,      1486,      7407,      2082,     89999,    101599,     65708,     77690
        66,    530066, 94.466948,     150.3,      86.8,     77093,      3429,     19881,       597,  11587107,    515391,   2988150,     89776,     -7861,    -15075,    -22936,  -1181460,  -2265812,  -3447273,     56306,      6399,     20449,      1579,   4887368,    555407,   1774945,    137048,     -6041,    -13810,    -19851,   -524336,  -1198713,  -1723049,      3429,      1588,      6399,      2711,     84954,    100029,     62347,     76157
        67,    530067, 55.715045,      73.1,      36.2,     76902,      3432,     22659,       768,   5621531,    250893,   1656398,     56143,     -7865,    -16100,    -23964,   -574911,  -1176884,  -1751794,     56111,      6383,     21014,      2146,   2031211,    231056,    760689,     77688,     -6052,    -14588,    -20641,   -219099,   -528098,   -747197,      3432,      1709,      6383,      3074,     84767,    100866,     62163,     76752
        68,    530068, 24.859405,     216.3,      46.5,     80160,      4188,     20478,       628,  17338546,    905817,   4429356,    135782,     -8312,    -12443,    -20755,  -1797959,  -2691383,  -4489341,     58360,      7452,     20324,      1628,   2713733,    346496,    945083,     75711,     -6306,    -12421,    -18727,   -293226,   -577597,   -870822,      4188,      1706,      7452,      2316,     88472,    100915,     64666,     77087
        69,    530069,118.038193,     609.5,      38.8,     84993,      4391,     30526,       776,  51803295,   2676547,  18605439,    472670,     -6778,    -11071,    -17849,  -4131157,  -6747618, -10878775,     61586,      7066,     22059,      2877,   2389527,    274142,    855871,    111637,     -5377,    -11799,    -17176,   -208625,   -457788,   -666412,      4391,      1316,      7066,      2543,     91771,    102842,     66963,     78761
        70,    530070, 94.549551,     491.5,         0,     81925,      4256,     24588,       716,  40266194,   2091815,  12085070,    351718,     -6923,    -12812,    -19735,  -3402505,  -6297301,  -9699805,     59423,      6964,     21264,      2520,         0,         0,         0,         0,     -5434,    -12742,    -18177,         0,         0,         0,      4256,      1698,      6964,      3085,     88848,    101660,     64857,     77600
        71,    530071, 78.248280,     247.4,     134.2,     87821,      4382,     34768,      1385,  21726832,   1084054,   8601515,    342745,     -6692,     -9148,    -15841,  -1655667,  -2263328,  -3918995,     63490,      7243,     22703,      2527,   8520383,    972051,   3046798,    339134,     -5405,    -10742,    -16147,   -725350,  -1441547,  -2166897,      4382,      3181,      7243,      3554,     94513,    103661,     68895,     79637
        72,    530072,220.659658,      22.1,      52.6,     90531,     19499,     47719,       567,   2000739,    430929,   1054599,     12532,     -5427,     -8735,    -14161,   -119927,   -193034,   -312961,     64801,     11371,     24113,       281,   3408508,    598103,   1268319,     14772,     -4790,    -11197,    -15987,   -251933,   -588974,   -840907,     19499,      2953,     11371,      2669,     95958,    104692,     69590,     80787
        73,    530073,103.225974,         0,     269.5,     78593,      2627,     23288,      1162,         0,         0,         0,         0,     -8003,    -12582,    -20585,         0,         0,         0,     56814,      6373,     21243,      1620,  15311346,   1717543,   5724947,    436504,     -6080,    -12159,    -18239,  -1638520,  -3276980,  -4915500,      2627,      1673,      6373,      3146,     86595,     99178,     62894,     75053
        74,    530074,100.968640,     570.8,         0,     82712,      5123,     28784,      1141,  47212255,   2923982,  16430055,    651286,     -6536,    -13185,    -19722,  -3730770,  -7526264, -11257034,     59865,      8750,     22098,      2674,         0,         0,         0,         0,     -5032,    -13275,    -18307,         0,         0,         0,      5123,      1520,      8750,      3078,     89248,    102434,     64897,     78172
        75,    530075,142.958856,     225.7,     361.9,     83624,      5424,     29778,      1630,  18873964,   1224196,   6720974,    368001,     -6972,    -10447,    -17419,  -1573491,  -2357889,  -3931380,     60451,      8836,     22325,      2143,  21877153,   3197875,   8079363,    775382,     -5280,    -10846,    -16126,  -1910849,  -3925214,  -5836063,      5424,      1633,      8836,      2725,     90596,    101043,     65731,     76577
        76,    530076,107.961777,     213.9,      88.0,     87350,     18350,     40719,      2219,  18684089,   3925096,   8709733,    474601,     -6144,     -9792,    -15936,  -1314122,  -2094543,  -3408665,     62697,      9791,     23486,      1303,   5517335,    861570,   2066774,    114658,     -5117,    -11387,    -16504,   -450299,  -1002069,  -1452368,     18350,      3148,      9791,      2979,     93493,    103285,     67814,     79201
        77,    530077,282.982323,       4.4,         0,     92645,     16476,     56045,       426,    407638,     72495,    246598,      1873,     -3790,     -7841,    -11631,    -16675,    -34502,    -51177,     65808,      8476,     25845,       465,         0,         0,         0,         0,     -3734,    -10573,    -14307,         0,         0,         0,     16476,      4862,      8476,      4020,     96435,    104276,     69542,     80115
        78,    530078, 66.269316,      27.8,     590.5,     88410,     22021,     47461,      2869,   2457796,    612187,   1319426,     79767,     -6215,     -8189,    -14404,   -172783,   -227643,   -400425,     63028,     13276,     24797,      1548,  37218129,   7839279,  14642604,    913838,     -5323,     -9976,    -15299,  -3143304,  -5890751,  -9034055,     22021,      3782,     13276,      3545,     94625,    102814,     68351,     78327
        79,    530079, 92.691294,     276.9,     621.9,     85687,     18509,     43440,      3314,  23726782,   5125162,  12028512,    917756,     -6842,     -9522,    -16364,  -1894540,  -2636700,  -4531240,     61204,     11848,     24281,      2128,  38062824,   7368438,  15100471,   1323698,     -5550,    -10796,    -16346,  -3451261,  -6714262, -10165523,     18509,      3279,     11848,      3519,     92529,    102051,     66754,     77550
        80,    530080, 85.891237,     441.3,     281.5,     81144,      7428,     35904,      2719,  35808677,   3277819,  15844573,   1199784,     -7152,    -12335,    -19488,  -3156260,  -5443590,  -8599850,     58380,      9251,     23227,      2658,  16433969,   2604245,   6538445,    748263,     -5543,    -12174,    -17717,  -1560355,  -3427009,  -4987364,      7428,      2964,      9251,      3382,     88296,    100631,     63923,     76097
        81,    530081, 73.452734,     232.4,     557.6,     83275,     11479,     39664,      3433,  19353199,   2667638,   9217885,    797803,     -7389,    -10602,    -17991,  -1717235,  -2463889,  -4181124,     59678,     10455,     23823,      2611,  33276526,   5829909,  13283818,   1456062,     -5820,    -11259,    -17079,  -3245244,  -6277788,  -9523032,     11479,      3110,     10455,      3741,     90665,    101266,     65498,     76757
        82,    530082,149.414257,     296.9,      29.1,     97378,      4368,     53869,      1250,  28911626,   1296715,  15993809,    371181,     -2447,     -6208,     -8656,   -726655,  -1843301,  -2569955,     69633,      1079,     23544,       832,   2026317,     31406,    685121,     24201,     -2441,     -9700,    -12141,    -71024,   -282270,   -353294,         0,      4368,         0,      1079,     99826,    106034,     72074,     81774
        83,    530083, 72.832767,         0,    1035.7,     96286,      5105,     44537,      5751,         0,         0,         0,         0,     -2800,     -6762,     -9563,         0,         0,         0,     68928,      4274,     22058,      1313,  71388377,   4426629,  22845746,   1360366,     -2541,     -9828,    -12370,  -2632013, -10179101, -12811114,      4765,      5105,      4274,      1441,     99086,    105848,     71469,     81297
        84,    530084, 27.101639,      97.1,       4.0,     89764,     21202,     52062,      2407,   8716103,   2058672,   5055261,    233708,     -4778,     -8315,    -13093,   -463938,   -807373,  -1271312,     63885,     11598,     25629,      1174,    255538,     46392,    102514,      4695,     -4251,    -10191,    -14443,    -17004,    -40766,    -57770,     21202,      4662,     11598,      3742,     94542,    102857,     68136,     78327
        85,    530085,115.843241,     190.1,     494.0,     85115,     10298,     35477,      1973,  16180402,   1957608,   6744122,    375125,     -6730,    -10042,    -16772,  -1279347,  -1909050,  -3188397,     61374,     10679,     23361,      2191,  30318737,   5275241,  11540441,   1082350,     -5223,    -10637,    -15860,  -2580385,  -5254655,  -7835040,     10298,      2956,     10679,      2828,     91845,    101887,     66597,     77234
        86,    530086, 77.030945,     155.0,     781.5,     86514,     19190,     46116,      3569,  13409659,   2974428,   7148010,    553209,     -6773,     -9259,    -16033,  -1049852,  -1435210,  -2485062,     61858,     13700,     24897,      2456,  48341960,  10706396,  19456944,   1919183,     -5547,    -10527,    -16074,  -4335135,  -8226697, -12561832,     19190,      3166,     13700,      3617,     93287,    102547,     67405,     77932
        87,    530087, 55.454890,     235.9,     181.7,     90164,     22071,     51224,      3125,  21269700,   5206636,  12083788,    737239,     -5157,     -7535,    -12692,  -1216549,  -1777419,  -2993968,     64081,     13093,     25701,      1769,  11643470,   2378954,   4669886,    321413,     -4630,     -9569,    -14199,   -841192,  -1738690,  -2579883,     22071,      3178,     13093,      3198,     95321,    102856,     68710,     78279
        88,    530088, 40.335968,      26.9,     455.2,     95418,      8762,     48622,      4359,   2566750,    235708,   1307943,    117268,     -2946,     -7138,    -10084,    -79246,   -192011,   -271257,     68212,      6025,     22990,      1616,  31049970,   2742528,  10465183,    735468,     -2600,     -9979,    -12579,  -1183456,  -4542361,  -5725817,      8762,      5214,      6025,      1359,     98364,    105502,     70812,     80790
        89,    530089,506.407375,     348.6,     152.6,     79947,      4195,     28290,       264,  27869682,   1462306,   9861749,     91942,     -4630,    -17829,    -22459,  -1614061,  -6215248,  -7829309,     58010,      3223,     21554,       980,   8852350,    491886,   3289216,    149599,     -3545,    -15830,    -19375,   -540983,  -2415687,  -2956670,         0,      4195,         0,      3223,     84578,    102407,     61555,     77385
        90,    530090,277.217871,      85.8,    1830.3,     95391,     17067,     63776,      4012,   8184584,   1464355,   5472013,    344230,     -3129,     -7114,    -10242,   -268459,   -610344,   -878803,     67019,      3833,     27289,       236, 122664205,   7015134,  49946504,    431511,     -3179,    -11137,    -14316,  -5818024, -20383985, -26202009,     17067,      8717,      3833,      3099,     98520,    105634,     70197,     81334
        91,    530091, 89.478236,     140.2,     240.0,     97137,      8920,     56507,      2947,  13618655,   1250559,   7922269,    413117,     -2471,     -5943,     -8414,   -346479,   -833210,  -1179689,     69367,      2737,     24719,      1332,  16648183,    656900,   5932537,    319789,     -2449,     -9217,    -11666,   -587721,  -2212004,  -2799725,         0,      8920,         0,      2737,     99609,    105552,     71816,     81033
        92,    530092, 72.572866,      69.4,         0,     93681,      6699,     40599,      6092,   6501466,    464930,   2817572,    422767,     -3765,     -8247,    -12011,   -261260,   -572324,   -833584,     66898,      3740,     21760,      1108,         0,         0,         0,         0,     -3130,    -11072,    -14202,         0,         0,         0,      6699,      5326,      3740,      1693,     97446,    105692,     70028,     81100
        93,    530093,108.338329,     313.3,     534.4,     82296,     10085,     40193,      2902,  25783460,   3159524,  12592567,    909203,     -7004,    -11680,    -18684,  -2194327,  -3659302,  -5853629,     58996,      9858,     24133,      2724,  31527702,   5268320,  12896447,   1455510,     -5506,    -11732,    -17237,  -2942170,  -6269320,  -9211490,     10085,      3085,      9858,      3434,     89300,    100980,     64502,     76234
        94,    530094, 48.821432,     120.1,     302.1,     92000,     22169,     56237,      3014,  11049186,   2662518,   6754024,    362028,     -4327,     -7029,    -11356,   -519669,   -844134,  -1363802,     65517,     11193,     26663,      1320,  19792682,   3381474,   8054757,    398804,     -4021,     -9287,    -13308,  -1214705,  -2805733,  -4020438,     22169,      4812,     11193,      3725,     96327,    103355,     69538,     78825
        95,    530095,147.176297,     350.2,     420.1,     93923,     15592,     54543,      3737,  32891878,   5460441,  19101090,   1308577,     -3107,     -8132,    -11238,  -1087996,  -2847689,  -3935686,     66717,      5735,     24598,      1975,  28027688,   2409084,  10333579,    829837,     -2737,    -10906,    -13643,  -1149604,  -4581682,  -5731286,     15592,      4611,      5735,      1337,     97030,    105162,     69453,     80359
        96,    530096, 94.425125,      59.7,     186.2,     91164,      3839,     37606,      3053,   5442466,    229164,   2245052,    182235,     -3797,    -10196,    -13993,   -226657,   -608713,   -835369,     65333,      1916,     21698,       737,  12165026,    356720,   4040175,    137253,     -2944,    -12334,    -15279,   -548220,  -2296656,  -2844877,      3839,      1637,      1916,       709,     94960,    105156,     68277,     80612
        97,    530097, 50.331698,      94.9,       4.4,     96562,      8768,     61326,      4550,   9163750,    832088,   5819839,    431773,     -2587,     -6355,     -8942,   -245529,   -603058,   -848586,     68749,      3154,     26343,       656,    302498,     13878,    115909,      2886,     -2527,     -9807,    -12334,    -11121,    -43149,    -54270,         0,      8768,         0,      3154,     99149,    105504,     71277,     81084
        98,    530098, 64.716036,     473.6,      98.0,     85173,     20024,     49830,      3022,  40337869,   9483301,  23599621,   1431105,     -6320,    -10968,    -17287,  -2992967,  -5194238,  -8187204,     60757,     12617,     25778,      2530,   5954194,   1236461,   2526198,    247892,     -5175,    -11703,    -16878,   -507114,  -1146924,  -1654038,     20024,      4754,     12617,      3715,     91492,    102460,     65932,     77635
        99,    530099,111.639405,     279.3,    1082.3,     93357,     10986,     46668,      5787,  26074542,   3068355,  13034262,   1616238,     -3462,     -8675,    -12137,   -967008,  -2422986,  -3389994,     66709,      5435,     23174,      1547,  72199279,   5882242,  25080748,   1674050,     -3070,    -11702,    -14772,  -3322662, -12665194, -15987856,     10986,      5008,      5435,      1439,     96819,    105494,     69779,     81481
       100,    530100, 60.443710,     285.4,      35.6,     84483,     12776,     46084,      3396,  24111423,   3646354,  13152234,    969166,     -6692,    -10664,    -17356,  -1909975,  -3043482,  -4953457,     60394,     11082,     25065,      2811,   2150020,    394532,    892322,    100086,     -5393,    -11268,    -16661,   -192004,   -401141,   -593145,     12776,      2998,     11082,      3369,     91175,    101839,     65787,     77055
       101,    530101, 44.317417,     164.3,      13.7,     94754,     20118,     59020,      3686,  15568042,   3305358,   9697018,    605618,     -3665,     -6162,     -9826,   -602144,  -1012335,  -1614479,     67820,      8105,     26999,      1068,    929139,    111034,    369887,     14628,     -3696,     -8883,    -12579,    -50641,   -121693,   -172335,     20118,      4976,      8105,      4026,     98419,    104580,     71517,     80400
       102,    530102, 50.828225,      55.1,     360.4,     92214,     22767,     54479,      3193,   5080986,   1254484,   3001795,    175926,     -4291,     -6655,    -10946,   -236444,   -366670,   -603113,     65594,     12149,     26492,      1829,  23640145,   4378350,   9547808,    659182,     -4048,     -8936,    -12984,  -1459020,  -3220584,  -4679604,     22767,      4189,     12149,      3673,     96505,    103160,     69643,     78579
       103,    530103, 45.477328,     278.6,      13.1,     94230,      9223,     51070,      3883,  26252483,   2569585,  14228038,   1081897,     -2673,     -7944,    -10616,   -744572,  -2213114,  -2957687,     67094,      5564,     24027,      2003,    878933,     72893,    314754,     26243,     -2548,    -10837,    -13385,    -33384,   -141963,   -175347,      9223,      5034,      5564,      1326,     96903,    104846,     69643,     80479
       104,    530104, 24.756044,      25.3,     247.0,     96334,     17512,     58628,      3305,   2437242,    443054,   1483299,     83612,     -2661,     -6485,     -9145,    -67320,   -164058,   -231378,     68536,      5064,     25703,      1640,  16928422,   1250918,   6348577,    405155,     -2544,     -9761,    -12306,   -628454,  -2411043,  -3039497,     17512,      9641,      5064,      2962,     98995,    105479,     71080,     80842
       105,    530105, 82.610702,      69.4,    1000.4,     93267,      4990,     42118,      5243,   6472732,    346333,   2922987,    363855,     -3447,     -8502,    -11949,   -239221,   -590020,   -829241,     66771,      2987,     22542,      1010,  66797674,   2988038,  22550914,   1010506,     -3003,    -11289,    -14292,  -3003912, -11293423, -14297335,      4769,      4990,      2987,      1434,     96714,    105216,     69774,     81063
       106,    530106, 79.580605,      33.6,    1672.6,     97278,     14427,     61247,      4068,   3268555,    484754,   2057884,    136694,     -2671,     -5619,     -8290,    -89754,   -188790,   -278544,     69293,      4083,     26715,      1337, 115899013,   6828785,  44683280,   2235824,     -2718,     -9016,    -11734,  -4546521, -15080052, -19626573,     14427,      9097,      4083,      2462,     99950,    105568,     72011,     81027
       107,    530107,180.130158,     465.2,      18.1,     78789,      5058,     32598,       735,  36652875,   2352758,  15164457,    341694,     -5749,    -17047,    -22796,  -2674293,  -7930362, -10604655,     57425,      7136,     22624,      1478,   1039390,    129155,    409491,     26753,     -3990,    -15265,    -19255,    -72224,   -276292,   -348516,      5058,       984,      7136,      2261,     84538,    101585,     61415,     76680
       108,    530108, 41.621500,     113.2,       3.3,     83141,      7747,     36770,      1126,   9411571,    876989,   4162321,    127491,     -4531,    -15710,    -20240,   -512853,  -1778359,  -2291212,     60656,      9119,     23411,      2000,    200166,     30092,     77258,      6601,     -3405,    -14469,    -17874,    -11238,    -47748,    -58986,      7747,      4062,      9119,      3915,     87672,    103381,     64062,     78531
       109,    530109,121.975397,     568.5,     180.3,     84693,     10073,     43741,      1583,  48148183,   5726743,  24867005,    900130,     -5812,    -11723,    -17535,  -3304084,  -6664700,  -9968784,     60962,      9000,     24708,      2727,  10991524,   1622770,   4454816,    491763,     -4522,    -11872,    -16393,   -815231,  -2140462,  -2955693,     10073,      3040,      9000,      3533,     90505,    102229,     65484,     77356
       110,    530110, 59.460871,     173.1,      36.9,     83754,     11457,     47595,      1515,  14497755,   1983225,   8238698,    262191,     -5678,    -12507,    -18185,   -982865,  -2165018,  -3147883,     60122,     10939,     25413,      2907,   2218517,    403656,    937742,    107284,     -4382,    -12403,    -16785,   -161711,   -457652,   -619364,     11457,      2628,     10939,      2256,     89432,    101939,     64505,     76907
       111,    530111,370.054165,     121.1,       2.5,     93587,     21413,     57251,       771,  11333377,   2593121,   6933038,     93380,     -3350,     -6696,    -10046,   -405677,   -810937,  -1216614,     65667,      8749,     27550,       915,    164167,     21871,     68876,      2287,     -3551,     -9599,    -13150,     -8878,    -23997,    -32875,     21413,      8060,      8749,      3275,     96937,    103633,     69218,     78817
       112,    530112, 62.647274,      78.8,    1561.8,     96437,     26824,     64486,      9612,   7599237,   2113745,   5081507,    757404,     -2871,     -5562,     -8433,   -226215,   -438308,   -664524,     68303,      7565,     28337,      1628, 106675122,  11814368,  44256210,   2542210,     -3324,     -9034,    -12358,  -5191767, -14108685, -19300452,     26824,      7086,      7565,      2753,     99308,    104870,     71627,     80661
       113,    530113, 68.563160,     235.0,      52.3,     86464,      9843,     40886,      1047,  20318927,   2313168,   9608299,    246010,     -4872,    -12598,    -17470,  -1144889,  -2960584,  -4105473,     62835,      7229,     24073,      2127,   3286291,    378068,   1258997,    111252,     -3515,    -12909,    -16424,   -183810,   -675146,   -858956,      9843,      2409,      7229,      3093,     91335,    103934,     66350,     79259
       114,    530114, 35.843280,     118.9,     285.1,     94105,     20095,     58983,      4734,  11189129,   2389296,   7013104,    562856,     -3632,     -6264,     -9896,   -431882,   -744785,  -1176668,     66894,      7103,     27349,      1459,  19071560,   2024939,   7797271,    416089,     -3606,     -8960,    -12566,  -1028101,  -2554515,  -3582616,     20095,      4314,      7103,      3735,     97738,    104002,     70500,     79460
       115,    530115, 28.348757,      75.2,      10.5,     94580,     20747,     61140,      6924,   7112409,   1560158,   4597695,    520696,     -3400,     -6053,     -9453,   -255675,   -455200,   -710874,     67049,      7342,     27692,      1459,    704020,     77094,    290761,     15316,     -3525,     -8911,    -12435,    -37008,    -93565,   -130573,     20747,      4753,      7342,      3690,     97980,    104033,     70574,     79485
       116,    530116, 46.425298,     113.5,      77.2,     93696,     26233,     62550,      8190,  10634473,   2977397,   7099375,    929561,     -3612,     -6678,    -10290,   -409926,   -757989,  -1167915,     66225,      7205,     27845,      1412,   5112532,    556260,   2149656,    109023,     -3686,     -9521,    -13207,   -284595,   -735023,  -1019618,     26233,      4875,      7205,      3699,     97307,    103986,     69911,     79432
       117,    530117,126.339309,     162.3,      17.1,     96226,     10590,     63519,      5437,  15617557,   1718686,  10309108,    882395,     -2509,     -6776,     -9284,   -407172,  -1099682,  -1506855,     68117,      3012,     28311,      1684,   1164797,     51507,    484120,     28799,     -2449,    -10431,    -12880,    -41874,   -178375,   -220250,     10590,      3093,      3012,       900,     98735,    105511,     70566,     80997
       118,    530118, 37.978874,      66.7,     466.8,     93095,     26366,     58422,      4237,   6209404,   1758592,   3896766,    282590,     -4251,     -6395,    -10647,   -283554,   -426575,   -710128,     65992,      7792,     27436,      1653,  30804962,   3637158,  12807137,    771403,     -4110,     -9034,    -13144,  -1918486,  -4217113,  -6135599,     26366,      4216,      7792,      3693,     97346,    103741,     70102,     79136
       119,    530119,183.701887,     229.5,      41.2,     97014,     16918,     64759,      7485,  22264635,   3882701,  14862114,   1717899,     -2361,     -6456,     -8817,   -541797,  -1481699,  -2023496,     68541,      4266,     28805,      1447,   2823895,    175762,   1186746,     59605,     -2759,    -10162,    -12921,   -113677,   -418665,   -532342,     16918,      8667,      4266,      2759,     99374,    105831,     71300,     81462
       120,    530120, 41.150676,     111.4,      16.2,     96066,      8413,     51252,      3668,  10701725,    937220,   5709517,    408659,     -2594,     -7205,     -9799,   -288943,   -802653,  -1091596,     68892,      5067,     24422,      2283,   1116057,     82083,    395641,     36979,     -2503,    -10191,    -12694,    -40550,   -165097,   -205647,      8413,      5161,      5067,      1421,     98659,    105865,     71395,     81587
       121,    530121, 41.671605,      94.0,     244.7,         0,         0,     47290,      3952,         0,         0,   4445297,    371488,         0,         0,         0,         0,         0,         0,         0,         0,     23897,      1756,         0,         0,   5847489,    429653,         0,         0,         0,         0,         0,         0,         0,         0,         0,         0,         0,         0,         0,         0
       122,    530122, 91.901310,         0,    1127.3,     91934,      5032,     44193,      3463,         0,         0,         0,         0,     -3329,     -9577,    -12906,         0,         0,         0,     65688,      1797,     23409,      1244,  74050076,   2025237,  26389004,   1402690,     -2711,    -11639,    -14350,  -3055975, -13120299, -16176274,      3631,      5032,      1797,      1404,     95263,    104840,     68399,     80038
       123,    530123, 79.093129,     288.1,     115.7,     86146,     15304,     51702,      1238,  24818756,   4409135,  14895475,    356738,     -5554,    -11771,    -17325,  -1600217,  -3391168,  -4991385,     61823,      9310,     26293,      2378,   7152922,   1077119,   3042092,    275146,     -4331,    -12544,    -16876,   -501142,  -1451358,  -1952500,     15304,      2995,      9310,      2800,     91701,    103472,     66154,     78699
       124,    530124, 19.869867,      77.7,      10.1,     95634,     15784,     58030,      3327,   7430749,   1226455,   4508948,    258516,     -2878,     -6910,     -9788,   -223606,   -536905,   -760511,     67942,      4720,     25923,      2107,    686216,     47671,    261821,     21276,     -2668,    -10057,    -12725,    -26944,   -101579,   -128524,     15784,      9537,      4720,      2791,     98512,    105422,     70610,     80667
       125,    530125, 14.492598,         0,     187.0,     96415,     15293,     59919,      3383,         0,         0,         0,         0,     -2655,     -6421,     -9076,         0,         0,         0,     68625,      3972,     26466,      1836,  12832934,    742711,   4949173,    343347,     -2543,     -9638,    -12180,   -475518,  -1802235,  -2277753,     15293,      9653,      3972,      2968,     99070,    105491,     71168,     80806
       126,    530126,100.962955,         0,     207.1,     92443,      4963,     39149,      2526,         0,         0,         0,         0,     -3719,     -9270,    -12989,         0,         0,         0,     66348,      1622,     22395,       655,  13740622,    336012,   4637913,    135635,     -2931,    -11463,    -14394,   -607042,  -2373939,  -2980980,         0,      4963,         0,      1622,     96162,    105432,     69279,     80742
       127,    530127, 20.948628,      68.2,      12.9,     97531,      4769,     55387,      3054,   6651638,    325217,   3777376,    208273,     -2447,     -5834,     -8281,   -166864,   -397877,   -564741,     70053,      2838,     25282,      2370,    903686,     36614,    326136,     30579,     -2572,     -8992,    -11565,    -33184,   -116002,   -149186,      2946,      4769,      2838,      1138,     99978,    105812,     72626,     81618
       128,    530128, 32.235187,         0,     452.3,     98991,     18859,     65519,      8119,         0,         0,         0,         0,     -2352,     -4770,     -7122,         0,         0,         0,     70759,      5528,     28480,       796,  32004420,   2500298,  12881292,    360005,     -2893,     -8215,    -11108,  -1308319,  -3715823,  -5024142,     18859,      6338,      5528,      2683,    101343,    106113,     73652,     81867
       129,    530129, 57.669539,      38.3,    1709.9,     96802,     33977,     66075,      9762,   3707498,   1301300,   2530665,    373898,     -2879,     -5646,     -8525,   -110275,   -216245,   -326520,     68610,      9338,     28765,      1692, 117316857,  15966595,  49185854,   2893818,     -3283,     -9011,    -12293,  -5612798, -15407218, -21020016,     33977,      4714,      9338,      2528,     99681,    105327,     71893,     80903
       130,    530130, 45.746499,         0,     210.4,     97951,     28973,     66089,      7434,         0,         0,         0,         0,     -3092,     -4870,     -7962,         0,         0,         0,     70006,      7376,     28603,      1006,  14729230,   1551948,   6018162,    211688,     -3530,     -8286,    -11816,   -742618,  -1743369,  -2485987,     28973,      7086,      7376,      2767,    101043,    105913,     73535,     81821
       131,    530131, 19.188459,         0,     500.8,     99169,     19589,     65342,      7864,         0,         0,         0,         0,     -2329,     -4648,     -6977,         0,         0,         0,     71002,      5729,     28486,       916,  35557896,   2868960,  14265761,    458599,     -2882,     -8003,    -10885,  -1443515,  -4007705,  -5451220,     19589,      6358,      5729,      2686,    101499,    106147,     73885,     81887
       132,    530132, 23.162286,      31.5,     399.3,     95846,     29353,     60499,      6114,   3019155,    924630,   1905723,    192600,     -3185,     -5080,     -8265,   -100314,   -160028,   -260342,     68187,      8605,     27816,      1559,  27227224,   3436001,  11107075,    622571,     -3384,     -8016,    -11401,  -1351336,  -3200898,  -4552233,     29353,      6735,      8605,      2764,     99031,    104111,     71572,     79588
       133,    530133, 35.470465,      90.6,     902.0,     95208,     30566,     62139,      8178,   8625867,   2769243,   5629803,    740950,     -3079,     -5937,     -9016,   -278972,   -537911,   -816883,     67367,      8876,     28081,      1826,  60765009,   8006572,  25329059,   1647164,     -3287,     -9000,    -12287,  -2964575,  -8117964, -11082539,     30566,      6354,      8876,      2944,     98287,    104225,     70654,     79654
       134,    530134, 56.312267,     107.6,     144.4,     97124,     13411,     58998,      3145,  10450561,   1443010,   6348146,    338355,     -2404,     -6126,     -8530,   -258630,   -659149,   -917779,     69329,      4116,     26435,      2261,  10011146,    594353,   3817216,    326464,     -2519,     -9595,    -12114,   -363695,  -1385524,  -1749220,     13411,      5104,      4116,      1178,     99528,    105654,     71848,     81443
       135,    530135, 28.963335,      39.1,     464.7,     96680,     28489,     63774,      9801,   3780200,   1113932,   2493548,    383228,     -2859,     -4986,     -7845,   -111798,   -194934,   -306731,     68593,      8652,     28366,      2001,  31875196,   4020610,  13181747,    929823,     -3297,     -8253,    -11550,  -1532228,  -3835163,  -5367391,     28489,      5750,      8652,      2734,     99540,    104525,     71890,     80143
       136,    530136, 59.209960,     268.6,      26.1,     95975,      7666,     56398,      2377,  25778914,   2059127,  15148481,    638585,     -2691,     -6995,     -9686,   -722823,  -1878912,  -2601735,     68500,      3344,     25781,      2584,   1787847,     87276,    672890,     67448,     -2637,    -10139,    -12776,    -68818,   -264640,   -333458,      7666,      5143,      3344,      1347,     98666,    105661,     71137,     81276
       137,    530137, 32.489524,     118.2,         0,     95962,      6389,     53376,      2260,  11342662,    755176,   6309008,    267188,     -2695,     -6928,     -9623,   -318539,   -818853,  -1137392,     68488,      3365,     25102,      2485,         0,         0,         0,         0,     -2638,     -9971,    -12608,         0,         0,         0,      6389,      5140,      3365,      1346,     98657,    105584,     71126,     81097
       138,    530138, 30.016114,     118.0,      20.2,     95325,      5592,     50335,      2997,  11248323,    659843,   5939578,    353702,     -2717,     -7423,    -10141,   -320656,   -875925,  -1196581,     67882,      3095,     24578,      2100,   1371216,     62511,    496480,     42412,     -2584,    -10211,    -12795,    -52190,   -206260,   -258450,      5592,      4805,      3095,      1257,     98042,    105465,     70466,     80677
       139,    530139, 36.021473,         0,     420.3,     98077,     27018,     66318,      8686,         0,         0,         0,         0,     -2827,     -5095,     -7921,         0,         0,         0,     69908,      7083,     28819,       906,  29382268,   2976966,  12112550,    380647,     -3245,     -8689,    -11934,  -1364020,  -3651890,  -5015911,     27018,      7644,      7083,      2881,    100904,    105999,     73153,     81842
       140,    530140, 50.955411,      49.2,     639.8,     99119,     30358,     66731,      8969,   4876666,   1493603,   3283158,    441286,     -2429,     -4359,     -6788,   -119511,   -214474,   -333986,     71244,      8485,     28982,      1387,  45581915,   5428896,  18542624,    887109,     -2856,     -7719,    -10575,  -1827168,  -4938874,  -6766042,     30358,      5064,      8485,      2778,    101548,    105908,     74100,     81819
       141,    530141, 40.626233,     179.3,     215.0,     98141,     11586,     62132,      4148,  17596757,   2077338,  11140295,    743814,     -2207,     -5469,     -7676,   -395650,   -980657,  -1376307,     70365,      3245,     27451,      1689,  15128473,    697753,   5901976,    363226,     -2401,     -8899,    -11300,   -516159,  -1913283,  -2429442,     11586,      3661,      3245,       940,    100348,    105817,     72766,     81665
       142,    530142, 24.435254,     116.0,      19.2,     98063,     10919,     61197,      3615,  11375361,   1266547,   7098827,    419297,     -2208,     -5500,     -7707,   -256073,   -637978,   -894051,     70302,      2579,     27187,      1963,   1349805,     49522,    521982,     37681,     -2383,     -8902,    -11285,    -45747,   -170917,   -216664,     10919,      3711,      2579,       950,    100271,    105771,     72685,     81587
       143,    530143, 86.625323,     316.4,      32.0,     86968,      9903,     46956,       716,  27516786,   3133251,  14856982,    226406,     -4319,    -12398,    -16717,  -1366682,  -3922581,  -5289263,     62915,      8688,     25151,      2381,   2013292,    278005,    804817,     76178,     -3143,    -12840,    -15983,   -100567,   -410878,   -511445,      9903,      2632,      8688,      1558,     91288,    103685,     66058,     78898
       144,    530144,108.550713,     486.1,      88.0,     87196,      8459,     52787,       561,  42385759,   4112006,  25659732,    272645,     -4141,    -12917,    -17057,  -2012810,  -6278826,  -8291636,     62998,      7751,     26453,      1858,   5543805,    682107,   2327827,    163506,     -3032,    -13493,    -16525,   -266818,  -1187415,  -1454233,      8459,      1607,      7751,      1248,     91336,    104253,     66030,     79523
       145,    530145, 20.100330,      31.0,       3.4,     87792,      7696,     41414,       490,   2721539,    238563,   1283848,     15193,     -4391,    -12002,    -16393,   -136106,   -372071,   -508177,     63918,      7432,     23925,      1963,    217320,     25269,     81345,      6674,     -3373,    -12202,    -15575,    -11467,    -41487,    -52954,      7696,      3081,      7432,      3282,     92182,    104184,     67290,     79492
       146,    530146, 44.205198,     104.7,       8.4,     95612,      6397,     54337,      1469,  10010586,    669732,   5689089,    153786,     -2653,     -7190,     -9844,   -277803,   -752836,  -1030638,     67954,      2735,     25599,      2308,    570811,     22972,    215035,     19386,     -2570,    -10201,    -12772,    -21589,    -85692,   -107281,      6397,      3794,      2735,      1087,     98265,    105456,     70524,     80725
       147,    530147, 37.309838,     139.2,       7.8,     95333,      6672,     51359,      1925,  13270409,    928753,   7149172,    267978,     -3010,     -7555,    -10565,   -418935,  -1051687,  -1470622,     68059,      2510,     25001,      1947,    530863,     19575,    195009,     15190,     -2655,    -10481,    -13136,    -20712,    -81752,   -102464,      6672,      3436,      2510,      1111,     98343,    105898,     70715,     81196
       148,    530148, 24.576884,         0,     438.7,     96621,     31686,     62473,      7998,         0,         0,         0,         0,     -2908,     -4834,     -7742,         0,         0,         0,     68634,      9372,     28311,      1898,  30109795,   4111465,  12419980,    832555,     -3280,     -7943,    -11223,  -1439078,  -3484421,  -4923500,     31686,      5894,      9372,      2880,     99530,    104363,     71914,     79857
       149,    530149, 34.333331,     106.2,      71.8,     95164,     27475,     60849,      4980,  10106423,   2917846,   6462161,    528836,     -3245,     -5484,     -8729,   -344585,   -582440,   -927024,     67275,      7434,     28144,      1465,   4830329,    533769,   2020733,    105209,     -3481,     -8457,    -11939,   -249969,   -607237,   -857206,     27475,      7179,      7434,      2950,     98409,    103893,     70756,     79214
       150,    530150, 71.146669,     348.5,      13.5,     95493,      5313,     50670,      1510,  33279270,   1851525,  17658533,    526397,     -3000,     -7375,    -10375,  -1045393,  -2570293,  -3615686,     68198,      2069,     25011,      1723,    920673,     27928,    337647,     23266,     -2651,    -10227,    -12878,    -35789,   -138060,   -173849,      5313,      3450,      2069,      1114,     98493,    105868,     70849,     81076
       151,    530151, 17.717862,     159.9,     337.8,     97145,     29801,     64486,     10608,  15533527,   4765229,  10311358,   1696233,     -2817,     -4637,     -7454,   -450396,   -741434,  -1191830,     69050,      8884,     28678,      2391,  23325095,   3001038,   9687273,    807737,     -3325,     -7807,    -11132,  -1123092,  -2637159,  -3760251,     29801,      4481,      8884,      2658,     99962,    104599,     72375,     80182
       152,    530152, 17.639651,      21.5,    1287.8,     97518,     27889,     65630,     11528,   2096644,    599604,   1411045,    247850,     -2760,     -4514,     -7274,    -59334,    -97052,   -156385,     69389,      8644,     28895,      2486,  89358524,  11132304,  37210351,   3201820,     -3267,     -7762,    -11029,  -4207304,  -9995512, -14202816,     27889,      3884,      8644,      2499,    100278,    104792,     72656,     80417
       153,    530153, 17.396764,     109.5,     355.8,     97670,     28660,     66398,     11696,  10694903,   3138303,   7270527,   1280747,     -2774,     -4887,     -7661,   -303701,   -535140,   -838841,     69679,      8335,     29074,      2377,  24791769,   2965556,  10344645,    845844,     -3183,     -8076,    -11259,  -1132545,  -2873482,  -4006027,     28660,      4388,      8335,      2449,    100444,    105331,     72862,     80938
       154,    530154, 25.710951,     170.0,     372.4,     98174,     35309,     66963,     10944,  16689522,   6002498,  11383674,   1860399,     -2773,     -4595,     -7368,   -471379,   -781223,  -1252602,     70099,      9727,     29200,      2077,  26104825,   3622416,  10874103,    773344,     -3202,     -7932,    -11134,  -1192298,  -2953863,  -4146162,     35309,      6684,      9727,      2790,    100946,    105542,     73301,     81233
       155,    530155, 25.775736,     202.0,     463.1,     99107,     31825,     67177,     10029,  20019553,   6428702,  13569833,   2025836,     -2518,     -4242,     -6760,   -508618,   -856937,  -1365555,     70976,      8929,     29285,      1747,  32869158,   4135199,  13562062,    808908,     -3068,     -7628,    -10696,  -1420728,  -3532526,  -4953254,     31825,      4907,      8929,      2671,    101625,    105867,     74044,     81672
       156,    530156, 27.344230,       5.9,     461.9,     98656,     31363,     67054,     10559,    582069,    185044,    395616,     62299,     -2767,     -4460,     -7227,    -16324,    -26313,    -42637,     70728,      8566,     29332,      1434,  32669476,   3956495,  13548408,    662496,     -3098,     -7820,    -10918,  -1430996,  -3611949,  -5042944,     31363,      5095,      8566,      2815,    101422,    105882,     73827,     81646
       157,    530157, 31.167463,         0,     540.9,     98762,     19205,     66606,     10411,         0,         0,         0,         0,     -2250,     -4459,     -6709,         0,         0,         0,     70574,      5773,     29205,      1208,  38173654,   3122534,  15797104,    653568,     -2826,     -8192,    -11018,  -1528450,  -4431317,  -5959768,     19205,      7763,      5773,      3077,    101012,    105471,     73400,     81593
       158,    530158,139.640003,     266.8,     222.1,     88478,      8690,     45782,       522,  23605956,   2318583,  12214682,    139374,     -4274,    -11556,    -15830,  -1140266,  -3083240,  -4223507,     64398,      7494,     24701,      2052,  14302785,   1664436,   5486090,    455724,     -3313,    -11800,    -15113,   -735774,  -2620874,  -3356648,      8690,      2253,      7494,      1683,     92752,    104308,     67711,     79511
       159,    530159, 22.842236,     245.8,     179.0,     96714,     29543,     62966,      8024,  23772328,   7261667,  15476921,   1972307,     -2561,     -4944,     -7505,   -629552,  -1215276,  -1844828,     68538,      8585,     28508,      1940,  12268373,   1536673,   5102865,    347315,     -3128,     -8043,    -11171,   -559830,  -1439759,  -1999589,     29543,      4941,      8585,      2677,     99275,    104220,     71666,     79709
       160,    530160, 17.668989,       7.3,     896.8,     97123,     28546,     64826,     10880,    708999,    208385,    473232,     79426,     -2729,     -4727,     -7457,    -19925,    -34509,    -54434,     68824,      8365,     28853,      2515,  61720994,   7501379,  25875439,   2255620,     -3286,     -7966,    -11252,  -2947043,  -7143756, -10090799,     28546,      4060,      8365,      2573,     99853,    104580,     72110,     80076
       161,    530161, 10.581485,         0,     444.7,     99077,     20129,     66157,      9801,         0,         0,         0,         0,     -2215,     -4277,     -6491,         0,         0,         0,     70987,      5776,     29073,      1216,  31567760,   2568778,  12928662,    540798,     -2812,     -7858,    -10670,  -1250367,  -3494464,  -4744831,     20129,      6956,      5776,      2978,    101292,    105568,     73798,     81656
       162,    530162, 32.170872,     103.7,      16.0,     96345,     11253,     62242,      3702,   9991004,   1166888,   6454545,    383867,     -2555,     -6614,     -9169,   -264985,   -685834,   -950819,     68358,      2939,     27794,      1947,   1093731,     47031,    444708,     31156,     -2498,    -10170,    -12668,    -39969,   -162717,   -202686,     11253,      3201,      2939,       955,     98901,    105514,     70856,     81026
       163,    530163, 17.633321,     101.0,     674.2,     97464,     27821,     65933,     12224,   9843881,   2809896,   6659270,   1234647,     -2678,     -4614,     -7292,   -270503,   -465997,   -736499,     69147,      7994,     29075,      2764,  46619189,   5389672,  19602630,   1863329,     -3214,     -7939,    -11153,  -2166812,  -5352751,  -7519563,     27821,      4121,      7994,      2485,    100142,    104756,     72361,     80301
       164,    530164, 62.986089,     175.8,      57.8,     96450,     11382,     60378,      2246,  16955935,   2000872,  10614495,    394803,     -2543,     -6516,     -9059,   -447048,  -1145526,  -1592573,     68461,      3568,     27370,      2228,   3957029,    206207,   1581981,    128753,     -2494,     -9966,    -12460,   -144138,   -576028,   -720166,     11382,      3211,      3568,       957,     98993,    105509,     70954,     80920
       165,    530165, 17.493345,     144.9,     148.3,     97616,     34520,     66621,     12287,  14144614,   5001938,   9653371,   1780319,     -2676,     -4898,     -7574,   -387719,   -709779,  -1097498,     69431,      9972,     29257,      2672,  10296592,   1478780,   4338820,    396325,     -3114,     -8193,    -11308,   -461820,  -1215089,  -1676909,     34520,      6807,      9972,      2898,    100292,    105191,     72545,     80738
       166,    530166, 47.602470,     167.8,      10.5,     95731,      8971,     57704,      1662,  16063650,   1505366,   9682777,    278894,     -2659,     -7381,    -10040,   -446224,  -1238491,  -1684715,     68047,      3392,     26605,      2426,    714497,     35613,    279351,     25477,     -2521,    -10539,    -13059,    -26467,   -110656,   -137123,      8971,      3510,      3392,      1091,     98390,    105771,     70568,     81107
       167,    530167,1258.21654,     192.5,       4.4,     79905,      4716,     19513,         4,  15381710,    907754,   3756305,       847,     -4727,    -15289,    -20016,   -909887,  -2943221,  -3853107,     57800,      3311,     16526,       193,    254321,     14570,     72716,       847,     -3686,    -13547,    -17234,    -16219,    -59608,    -75827,         0,      4716,         0,      3311,     84632,     99921,     61486,     75034
       168,    530168, 26.571409,     145.6,     286.2,     98123,     36703,     67180,     11717,  14286764,   5344000,   9781423,   1705936,     -2611,     -4640,     -7251,   -380183,   -675615,  -1055798,     69859,     10344,     29395,      2429,  19993695,   2960466,   8412918,    695308,     -3051,     -8050,    -11102,   -873306,  -2304051,  -3177358,     36703,      7210,     10344,      3033,    100735,    105375,     72911,     80961
       169,    530169, 26.606803,      54.1,     109.6,     98459,     33365,     67480,     10438,   5326640,   1805027,   3650665,    564715,     -2609,     -4495,     -7104,   -141174,   -243178,   -384352,     70420,      9550,     29493,      2069,   7718004,   1046650,   3232390,    226755,     -3008,     -7992,    -11001,   -329726,   -875945,  -1205671,     33365,      5322,      9550,      2883,    101069,    105564,     73428,     81420
       170,    530170, 25.336415,     105.6,      16.3,     95716,      8231,     55411,      1448,  10107654,    869161,   5851350,    152928,     -2660,     -7311,     -9971,   -280934,   -772035,  -1052969,     68034,      2682,     26113,      2144,   1108958,     43711,    425650,     34949,     -2521,    -10361,    -12882,    -41094,   -168883,   -209976,      8231,      3510,      2682,      1091,     98377,    105688,     70555,     80916
       171,    530171, 57.303932,     185.8,     183.4,     96355,     27036,     63607,      7353,  17902667,   5023340,  11818258,   1366231,     -2529,     -5086,     -7615,   -469840,   -945017,  -1414857,     68026,      6966,     28798,      2040,  12476030,   1277477,   5281473,    374191,     -3067,     -8173,    -11240,   -562488,  -1498892,  -2061379,     27036,      5545,      6966,      2792,     98883,    103969,     71093,     79266
       172,    530172, 52.918561,     227.0,      57.6,     96920,     25201,     65212,      9964,  22000873,   5720736,  14803111,   2261931,     -2420,     -5203,     -7624,   -549422,  -1181177,  -1730599,     68398,      6766,     29116,      2577,   3939737,    389717,   1677088,    148448,     -3058,     -8443,    -11501,   -176154,   -486309,   -662462,     25201,      5030,      6766,      2566,     99341,    104544,     71456,     79899
       173,    530173, 52.753069,     237.1,     349.5,     97302,     26993,     66303,     11334,  23070268,   6400136,  15720440,   2687304,     -2298,     -4922,     -7219,   -544788,  -1166892,  -1711681,     68731,      7207,     29343,      2939,  24021604,   2518740,  10255355,   1027169,     -2991,     -8121,    -11112,  -1045255,  -2838459,  -3883714,     26993,      3318,      7207,      2435,     99600,    104521,     71722,     79844
       174,    530174, 17.180460,      25.6,     123.4,     97482,     33191,     66768,     12276,   2495535,    849688,   1709273,    314269,     -2545,     -5113,     -7658,    -65152,   -130902,   -196054,     69220,      9507,     29406,      2897,   8541784,   1173104,   3628730,    357521,     -3107,     -8296,    -11403,   -383438,  -1023707,  -1407145,     33191,      6830,      9507,      2910,    100027,    105140,     72328,     80623
       175,    530175, 77.749602,     282.4,     464.4,     97823,     36004,     67482,     11135,  27625083,  10167614,  19056951,   3144484,     -2338,     -4963,     -7302,   -660370,  -1401679,  -2062049,     69329,      9485,     29695,      2987,  32196411,   4404727,  13790552,   1387069,     -2860,     -8308,    -11168,  -1328040,  -3858252,  -5186293,     36004,      7090,      9485,      2799,    100161,    105124,     72189,     80497
       176,    530176, 31.663384,         0,     794.1,     97101,     17365,     66061,     10307,         0,         0,         0,         0,     -2435,     -5627,     -8062,         0,         0,         0,     68504,      4362,     29306,      1375,  54399131,   3464210,  23271535,   1091803,     -2871,     -9526,    -12398,  -2279918,  -7564957,  -9844875,     17365,      7578,      4362,      3217,     99536,    105163,     71375,     80902
       177,    530177, 90.722100,     302.5,    2324.4,     98112,     30534,     67733,     11495,  29678872,   9236682,  20489296,   3477166,     -2438,     -4956,     -7393,   -737410,  -1499095,  -2236505,     69636,      8688,     29804,      2468, 161861839,  20195538,  69277233,   5736842,     -2982,     -8443,    -11425,  -6930613, -19625478, -26556091,     30534,      5350,      8688,      2710,    100550,    105505,     72618,     81061
       178,    530178, 60.399551,     291.9,     993.2,     98048,     22067,     67350,     13126,  28620089,   6441286,  19659401,   3831454,     -2408,     -4880,     -7288,   -702837,  -1424607,  -2127444,     69450,      5530,     29692,      1695,  68978149,   5492734,  29489772,   1683670,     -2963,     -8725,    -11688,  -2942816,  -8665654, -11608471,     22067,      6989,      5530,      3157,    100455,    105336,     72413,     81138
       179,    530179, 43.833974,         0,    1024.2,     98416,     20068,     66815,     12135,         0,         0,         0,         0,     -2355,     -4666,     -7021,         0,         0,         0,     69895,      5517,     29555,      1486,  71585952,   5650061,  30270158,   1521602,     -2942,     -8345,    -11287,  -3013261,  -8547055, -11560317,     20068,      6859,      5517,      3175,    100771,    105437,     72837,     81182
       180,    530180,112.459078,     313.2,      67.3,     90078,      7509,     50773,       451,  28212567,   2351956,  15902016,    141104,     -3152,    -11134,    -14286,   -987129,  -3487151,  -4474280,     65156,      6747,     25868,      1568,   4385009,    454067,   1740937,    105534,     -2546,    -11755,    -14301,   -171334,   -791114,   -962447,      7509,      2438,      6747,      1262,     93230,    104364,     67702,     79457
       181,    530181,139.399524,     593.2,      33.2,     84582,      6513,     36317,       212,  50174232,   3863542,  21543388,    125928,     -4560,    -14198,    -18758,  -2704717,  -8422258, -11126975,     61499,      5673,     22233,      1275,   2041759,    188341,    738130,     42331,     -3512,    -13252,    -16764,   -116607,   -439972,   -556579,      6513,      2899,      5673,      1953,     89142,    103340,     65011,     78263
       182,    530182, 18.779885,     161.8,     949.1,     97631,     32782,     67107,     10870,  15796662,   5304112,  10857926,   1758779,     -2310,     -5419,     -7729,   -373748,   -876797,  -1250546,     69076,      8306,     29604,      3099,  65559997,   7882871,  28096734,   2941279,     -2776,     -8968,    -11744,  -2635075,  -8511085, -11146161,     32782,      7293,      8306,      2797,     99941,    105360,     71852,     80820
       183,    530183, 35.252745,     363.9,     270.3,     97218,     12248,     61779,      3146,  35377508,   4457159,  22481266,   1144794,     -2373,     -6187,     -8560,   -863353,  -2251617,  -3114970,     69116,      3668,     28049,      1528,  18682047,    991387,   7581710,    412893,     -2346,     -9689,    -12035,   -634139,  -2618978,  -3253117,     12248,      3046,      3668,       924,     99590,    105778,     71462,     81151
       184,    530184, 17.506302,      88.6,      11.1,     97112,     24317,     66850,     10768,   8604128,   2154470,   5922938,    954068,     -2264,     -5525,     -7789,   -200604,   -489541,   -690145,     68561,      6377,     29526,      3066,    761032,     70781,    327733,     34032,     -2812,     -8888,    -11701,    -31217,    -98662,   -129879,     24317,      4144,      6377,      2405,     99376,    104902,     71374,     80262
       185,    530185, 48.968702,      30.2,     284.9,     90132,     18114,     61564,      3042,   2721974,    547028,   1859243,     91871,     -3885,     -9317,    -13202,   -117336,   -281371,   -398706,     62323,      5125,     28571,      1127,  17755713,   1460131,   8140004,    320985,     -3967,    -11918,    -15885,  -1130136,  -3395375,  -4525510,     18114,      8143,      5125,      3236,     94017,    103334,     66289,     78207
       186,    530186, 53.842419,      62.6,     199.5,     94157,     11231,     59300,      1773,   5894208,    703081,   3712173,    111017,     -2899,     -7918,    -10817,   -181503,   -495661,   -677164,     66486,      3695,     27302,      1829,  13263901,    737124,   5446787,    364920,     -2623,    -10911,    -13534,   -523368,  -2176663,  -2700031,     11231,      3118,      3695,       907,     97056,    104974,     69109,     80020
       187,    530187, 27.952576,       5.9,     316.1,     90868,     24999,     63422,      4939,    536123,    147491,    374190,     29140,     -3836,     -9019,    -12855,    -22630,    -53213,    -75843,     63005,      6091,     28969,      1639,  19916018,   1925384,   9157239,    518199,     -3961,    -11656,    -15617,  -1252125,  -3684454,  -4936579,     24999,      7857,      6091,      3216,     94704,    103723,     66967,     78623
       188,    530188, 93.416001,     152.4,     710.8,     93570,     10030,     57208,      1874,  14260123,   1528596,   8718498,    285653,     -2920,     -8261,    -11181,   -444988,  -1259050,  -1704038,     65961,      3398,     26869,      1502,  46884729,   2415603,  19098432,   1067282,     -2640,    -10974,    -13614,  -1876595,  -7800251,  -9676846,     10030,      3070,      3398,       896,     96490,    104752,     68601,     79575
       189,    530189, 71.553562,     256.6,     103.0,     98588,     34900,     68337,      9975,  25297739,   8955249,  17535157,   2559506,     -2069,     -5024,     -7093,   -530898,  -1289074,  -1819972,     69876,      8565,     30024,      2747,   7197273,    882223,   3092517,    282964,     -2605,     -8734,    -11339,   -268315,   -899578,  -1167893,     34900,      6081,      8565,      2733,    100657,    105681,     72481,     81215
       190,    530190,122.879088,     135.7,      66.1,     91716,      8806,     48521,       479,  12445802,   1194930,   6584270,     64987,     -3858,     -9121,    -12979,   -523508,  -1237699,  -1761207,     66393,      8059,     25185,      1868,   4388560,    532712,   1664740,    123458,     -3235,    -10170,    -13406,   -213866,   -672247,   -886112,      8806,      3304,      8059,      2350,     95573,    104694,     69628,     79798
       191,    530191,157.666440,     570.2,      84.1,     88991,      8821,     41386,       494,  50742896,   5029796,  23598482,    281898,     -4229,    -10789,    -15018,  -2411190,  -6152125,  -8563315,     64640,      7538,     23271,      2216,   5436260,    633956,   1957100,    186399,     -3302,    -10967,    -14269,   -277705,   -922298,  -1200003,      8821,      3080,      7538,      2217,     93220,    104009,     67943,     78909
       192,    530192, 59.325946,     238.1,     871.7,     97828,     15760,     65452,      8063,  23292846,   3752521,  15584236,   1919814,     -2276,     -4686,     -6962,   -541918,  -1115746,  -1657664,     69477,      3648,     29346,      2088,  60562933,   3180392,  25581337,   1819990,     -2842,     -7714,    -10556,  -2477667,  -6724157,  -9201823,     15760,      4291,      3648,      2452,    100104,    104790,     72319,     80033
       193,    530193, 52.440383,     329.7,     115.2,     98051,     22240,     66744,      8765,  32327424,   7332445,  22005578,   2889837,     -2221,     -4706,     -6927,   -732286,  -1551683,  -2283969,     69507,      5360,     29575,      2440,   8007241,    617500,   3407091,    281087,     -2794,     -7976,    -10770,   -321885,   -918824,  -1240709,     22240,      3389,      5360,      2294,    100272,    104978,     72301,     80277
       194,    530194, 26.318075,      86.4,     377.5,     98056,     10050,     67255,      8108,   8472045,    868312,   5810793,    700562,     -2156,     -4978,     -7134,   -186300,   -430099,   -616399,     69486,      2552,     29701,      2683,  26231102,    963194,  11212300,   1012754,     -2683,     -8351,    -11034,  -1013013,  -3152397,  -4165409,     10050,      3353,      2552,      2246,    100212,    105190,     72170,     80521
       195,    530195, 27.171166,      50.5,    1206.1,     98374,     27226,     67550,      7700,   4967868,   1374932,   3411252,    388839,     -2207,     -4757,     -6964,   -111453,   -240215,   -351667,     69739,      6409,     29781,      2784,  84112564,   7730295,  35918327,   3357296,     -2721,     -8294,    -11015,  -3281934, -10003318, -13285252,     27226,      6187,      6409,      2788,    100581,    105337,     72460,     80754
       196,    530196, 51.838059,     159.5,      59.4,     98875,     34970,     67888,      7855,  15770628,   5577673,  10828130,   1252942,     -2060,     -4457,     -6517,   -328525,   -710933,  -1039458,     70313,      8484,     29889,      2891,   4176590,    503945,   1775433,    171705,     -2627,     -7854,    -10481,   -156064,   -466508,   -622571,     34970,      6059,      8484,      2708,    100935,    105392,     72940,     80794
       197,    530197, 26.775555,      88.4,      89.5,     99144,     28885,     68175,      8784,   8764336,   2553446,   6026679,    776543,     -2040,     -4528,     -6568,   -180337,   -400281,   -580618,     70649,      6737,     29983,      2906,   6323097,    602939,   2683475,    260091,     -2573,     -8075,    -10648,   -230263,   -722695,   -952958,     28885,      5949,      6737,      2660,    101184,    105712,     73222,     81297
       198,    530198, 86.774608,     288.0,    1615.8,     98379,     25937,     68103,     12157,  28333090,   7469877,  19613670,   3501116,     -2147,     -5040,     -7186,   -618216,  -1451492,  -2069708,     69985,      6406,     29945,      2101, 113082204,  10350358,  48385490,   3394941,     -2642,     -8622,    -11264,  -4268146, -13932067, -18200213,     25937,      6191,      6406,      2992,    100525,    105565,     72627,     81249
       199,    530199, 39.039150,         0,    2681.3,     97743,     22411,     66970,      9855,         0,         0,         0,         0,     -2328,     -5502,     -7829,         0,         0,         0,     68969,      5834,     29582,      1510, 184926349,  15642241,  79317840,   4048564,     -2807,     -9314,    -12121,  -7527555, -24972741, -32500296,     22411,      7652,      5834,      3148,    100071,    105572,     71776,     81090
       200,    530200, 26.449588,         0,     722.8,     97125,     21436,     66306,      8665,         0,         0,         0,         0,     -2408,     -5899,     -8307,         0,         0,         0,     68220,      5052,     29382,      1324,  49309156,   3651525,  21237519,    956877,     -2825,     -9807,    -12632,  -2041701,  -7088679,  -9130380,     21436,      8247,      5052,      2709,     99533,    105432,     71044,     80852
       201,    530201, 37.824908,         0,     296.4,     97305,      9301,     60270,      2169,         0,         0,         0,         0,     -2551,     -5827,     -8379,         0,         0,         0,     69065,      3196,     27708,      1324,  20470888,    947387,   8212779,    392469,     -2605,     -9337,    -11942,   -772112,  -2767534,  -3539646,      9301,      2574,      3196,       712,     99856,    105684,     71670,     81007
       202,    530202, 86.409108,     136.1,    1282.1,     97975,     13347,     64265,      5964,  13334363,   1816470,   8746534,    811637,     -2135,     -4851,     -6986,   -290593,   -660174,   -950767,     69567,      2677,     29131,       715,  89191845,   3432528,  37348655,    917043,     -2468,     -8095,    -10564,  -3164720, -10379068, -13543788,     13347,      6320,      2677,      2676,    100110,    104961,     72035,     80131
       203,    530203, 42.676169,      31.7,     180.9,     87416,     13534,     61337,      3560,   2771092,    429027,   1944380,    112837,     -4041,    -11484,    -15525,   -128098,   -364042,   -492140,     59881,      3085,     28598,       589,  10832547,    558085,   5173430,    106508,     -4030,    -13635,    -17664,   -728990,  -2466506,  -3195496,     13534,      3527,      3085,      2234,     91457,    102941,     63911,     77546
       204,    530204, 28.798157,      31.7,     180.9,     87413,     15040,     63181,      5020,   2770986,    476752,   2002835,    159139,     -4042,    -11772,    -15814,   -128138,   -373175,   -501313,     59879,      3642,     29004,       961,  10832141,    658893,   5246762,    173931,     -4030,    -13933,    -17964,   -729109,  -2520528,  -3249637,     15040,      3527,      3642,      2234,     91455,    103227,     63910,     77843
       205,    530205,188.940274,     181.6,     260.2,     96329,      5896,     60577,      1019,  17493338,   1070767,  11000812,    185051,     -2566,     -6384,     -8950,   -466031,  -1159313,  -1625343,     67708,      1750,     27687,       677,  17617612,    455451,   7204276,    176231,     -2590,    -10139,    -12728,   -673823,  -2638042,  -3311865,      4438,      5896,      1610,      1750,     98895,    105279,     70298,     80436
       206,    530206, 56.336092,       2.9,    1159.8,     98265,     16169,     65548,      6968,    284968,     46889,    190091,     20206,     -2176,     -4495,     -6671,     -6311,    -13036,    -19347,     69913,      3656,     29391,      1073,  81084859,   4240717,  34087401,   1244512,     -2541,     -7690,    -10231,  -2946950,  -8919275, -11866225,     16169,      4188,      3656,      2509,    100441,    104936,     72454,     80144
       207,    530207,130.053348,     103.2,      56.5,     97319,     15937,     64495,      4144,  10043329,   1644728,   6655916,    427670,     -2557,     -5766,     -8323,   -263893,   -595062,   -858956,     68720,      3111,     28750,       715,   3882661,    175778,   1624360,     40384,     -2925,     -9384,    -12309,   -165256,   -530177,   -695433,     15937,      4702,      3111,      1304,     99876,    105642,     71645,     81028
       208,    530208,152.681732,     119.1,     768.1,     96551,     14498,     67068,      7980,  11499200,   1726703,   7987747,    950400,     -2467,     -5670,     -8137,   -293763,   -675314,   -969077,     67527,      3853,     29584,      1646,  51867244,   2959169,  22723263,   1264378,     -2873,     -9365,    -12238,  -2206518,  -7193305,  -9399823,     14498,      3201,      3853,      2352,     99017,    104687,     70399,     79764
       209,    530209,171.726141,     731.9,     171.7,     87507,      7990,     42852,       346,  64046727,   5848079,  31363246,    252986,     -4477,    -11840,    -16317,  -3276786,  -8665602, -11942388,     62865,      6768,     23418,      1694,  10793971,   1162061,   4020952,    290857,     -3595,    -12000,    -15596,   -617338,  -2060470,  -2677808,      7990,      4018,      6768,      2896,     91985,    103824,     66461,     78461
       210,    530210, 63.114890,     249.3,     319.0,     98902,     29849,     68079,      6362,  24656202,   7441453,  16972131,   1586115,     -2143,     -4204,     -6348,   -534265,  -1048172,  -1582437,     70293,      6622,     29884,      2272,  22423348,   2112504,   9532900,    724706,     -2754,     -7510,    -10264,   -878489,  -2395758,  -3274247,     29849,      8191,      6622,      3229,    101045,    105249,     73047,     80557
       211,    530211, 44.314025,     105.0,     259.2,     94436,     24179,     68388,      5968,   9915811,   2538844,   7180714,    626664,     -2682,     -7889,    -10571,   -281633,   -828335,  -1109969,     65648,      6012,     29918,      2401,  17015974,   1558293,   7754723,    622394,     -2791,    -11771,    -14562,   -723533,  -3051033,  -3774566,     24179,      7323,      6012,      2336,     97119,    105007,     68439,     80210
       212,    530212, 68.240874,     277.6,     647.8,     98779,     27587,     68344,      8696,  27421095,   7658108,  18972317,   2414039,     -2065,     -4760,     -6826,   -573355,  -1321405,  -1894759,     70479,      6684,     29885,      2049,  45656536,   4329770,  19359391,   1327492,     -2495,     -8167,    -10662,  -1616161,  -5290715,  -6906876,     27587,      6869,      6684,      2885,    100845,    105605,     72974,     81141
       213,    530213, 23.451209,      78.7,      74.5,     98148,     27232,     67608,      8770,   7724242,   2143129,   5320767,    690165,     -2394,     -5029,     -7424,   -188437,   -395814,   -584251,     69463,      6430,     29669,      1448,   5174976,    479020,   2210313,    107880,     -2896,     -8620,    -11517,   -215788,   -642225,   -858013,     27232,      6962,      6430,      2914,    100542,    105572,     72359,     80980
       214,    530214, 26.600515,         0,     421.9,     97457,     24303,     66877,      8268,         0,         0,         0,         0,     -2477,     -5571,     -8048,         0,         0,         0,     68685,      5767,     29491,      1263,  28978369,   2433249,  12442402,    532716,     -2905,     -9289,    -12194,  -1225815,  -3918931,  -5144746,     24303,      7586,      5767,      2725,     99934,    105505,     71591,     80880
       215,    530215,254.020411,     308.1,     454.6,     88429,      4826,     54693,      1395,  27244976,   1486930,  16850975,    429888,     -5219,    -11332,    -16550,  -1607823,  -3491275,  -5099098,     62011,      1761,     26224,       784,  28190345,    800346,  11921209,    356587,     -4060,    -13718,    -17778,  -1845826,  -6236061,  -8081887,      4826,         0,      1761,         0,     93648,    104979,     66072,     79789
       216,    530216,128.051078,         0,         0,     88234,      5336,     37314,       221,         0,         0,         0,         0,     -4463,    -10670,    -15133,         0,         0,         0,     63430,      4737,     21642,      1090,         0,         0,         0,         0,     -3595,    -10847,    -14442,         0,         0,         0,      5336,      4050,      4737,      2810,     92697,    103367,     67025,     77872
       217,    530217, 34.762970,      66.8,       7.8,     93438,      6344,     52075,      1469,   6241680,    423766,   3478611,     98128,     -2638,     -8491,    -11129,   -176238,   -567182,   -743420,     67201,      5924,     26025,      1043,    524167,     46210,    202998,      8136,     -2438,     -9889,    -12327,    -19013,    -77137,    -96149,      6344,      2611,      5924,      2384,     96077,    104567,     69638,     79528
       218,    530218, 57.282941,      31.7,     180.9,     83892,     11856,     60216,      3211,   2659379,    375844,   1908854,    101797,     -4145,    -14310,    -18454,   -131385,   -453614,   -584998,     56885,      2472,     28222,       358,  10290536,    447127,   5105301,     64834,     -4046,    -15749,    -19796,   -731992,  -2849053,  -3581045,     11856,      1674,      2472,       725,     88037,    102346,     60932,     76681
       219,    530219, 25.235918,      35.3,      22.3,     84310,     15900,     62143,      4486,   2976147,    561268,   2193642,    158372,     -4136,    -14197,    -18333,   -145987,   -501157,   -647144,     57232,      3381,     28657,       421,   1276271,     75387,    639056,      9397,     -4046,    -15733,    -19778,    -90218,   -350839,   -441057,     15900,      1680,      3381,       727,     88446,    102643,     61278,     77010
       220,    530220,154.061250,     292.0,      19.5,     90329,      7569,     47255,      2532,  26376145,   2210015,  13798592,    739470,     -4243,     -9649,    -13892,  -1238941,  -2817397,  -4056338,     64147,      6707,     24303,      1042,   1250867,    130778,    473910,     20325,     -3522,    -11222,    -14744,    -68680,   -218826,   -287506,      7569,      2690,      6707,      3085,     94572,    104221,     67669,     78891
       221,    530221, 94.095006,     323.8,     260.1,     95654,     19338,     67676,      5561,  30972640,   6261609,  21913352,   1800649,     -2196,     -7137,     -9333,   -711018,  -2311088,  -3022106,     67408,      4099,     29573,      1523,  17532740,   1066080,   7691890,    396191,     -2311,    -10386,    -12697,   -601101,  -2701479,  -3302580,     19338,      7505,      4099,      2496,     97849,    104987,     69719,     80105
       222,    530222, 53.741564,      78.4,     114.9,     93520,     23235,     67976,      4563,   7331961,   1821605,   5329307,    357710,     -2767,     -8525,    -11291,   -216896,   -668353,   -885249,     64780,      5417,     29644,      2034,   7443185,    622402,   3406099,    233688,     -2817,    -12213,    -15031,   -323723,  -1403319,  -1727043,     23235,      7914,      5417,      2392,     96286,    104811,     67597,     79811
       223,    530223, 49.014318,     148.7,      69.0,     95299,     23035,     67888,      4784,  14171027,   3425363,  10094995,    711413,     -2986,     -6801,     -9787,   -443974,  -1011327,  -1455301,     66429,      5537,     29590,      1937,   4583609,    382049,   2041718,    133621,     -3163,    -10675,    -13838,   -218247,   -736598,   -954845,     23035,      6810,      5537,      2366,     98285,    105086,     69592,     80267
       224,    530224, 27.663642,     113.1,      32.1,     97013,     24857,     67632,      5882,  10972225,   2811290,   7649149,    665259,     -2906,     -5449,     -8355,   -328652,   -616310,   -944962,     68062,      5846,     29519,      1573,   2184802,    187652,    947553,     50477,     -3257,     -9307,    -12564,   -104550,   -298747,   -403297,     24857,      7989,      5846,      3213,     99919,    105369,     71319,     80626
       225,    530225, 34.198319,      86.1,     246.2,     96799,     23807,     66844,      6038,   8334401,   2049750,   5755253,    519857,     -2945,     -5576,     -8521,   -253537,   -480130,   -733667,     67844,      5443,     29299,      1273,  16703303,   1340012,   7213323,    313527,     -3266,     -9435,    -12701,   -804170,  -2322915,  -3127085,     23807,      7961,      5443,      3199,     99744,    105320,     71111,     80546
       226,    530226,167.048788,      47.4,      13.4,     93085,     12886,     55276,      3258,   4412227,    610807,   2620067,    154449,     -2619,     -8781,    -11400,   -124144,   -416200,   -540345,     66443,      7526,     26727,       427,    890332,    100851,    358147,      5727,     -2431,    -10493,    -12924,    -32574,   -140610,   -173184,     12886,       623,      7526,       340,     95704,    104485,     68874,     79367
       227,    530227,2033.56532,     658.5,      19.5,     84152,         0,     26649,        20,  55414253,         0,  17548128,     12841,     -3804,    -12953,    -16757,  -2504839,  -8529561, -11034401,     58350,         0,     17065,       659,   1137827,         0,    332758,     12841,     -3298,    -13609,    -16907,    -64307,   -265378,   -329685,         0,         0,         0,         0,     87956,    100909,     61648,     75257
       228,    530228,112.214651,         0,    1872.9,     94977,     16746,     65794,      6573,         0,         0,         0,         0,     -2559,     -7062,     -9622,         0,         0,         0,     66785,      4141,     28987,       703, 125081000,   7755613,  54289782,   1316321,     -2524,    -10272,    -12795,  -4726404, -19237656, -23964061,     16746,      8335,      4141,      1796,     97536,    104598,     69308,     79580
       229,    530229, 31.447022,         0,     264.8,     98626,     15684,     65292,      7638,         0,         0,         0,         0,     -2031,     -4334,     -6365,         0,         0,         0,     70115,      3160,     29041,       629,  18566411,    836756,   7690103,    166497,     -2403,     -7617,    -10020,   -636342,  -2017031,  -2653374,     15684,      6562,      3160,      2694,    100657,    104991,     72518,     80135
       230,    530230, 28.864278,         0,     701.0,     98683,     15931,     67004,      3477,         0,         0,         0,         0,     -2367,     -4756,     -7123,         0,         0,         0,     69860,      3456,     29205,      1553,  48972190,   2422986,  20472486,   1088440,     -2880,     -8477,    -11357,  -2019163,  -5942213,  -7961376,     15931,      5065,      3456,      1468,    101050,    105806,     72741,     81218
       231,    530231, 30.000571,      44.0,      11.9,     95711,     15818,     65859,      3363,   4211277,    695971,   2897809,    147959,     -3307,     -6020,     -9327,   -145499,   -264892,   -410391,     66705,      3222,     28823,      1154,    793790,     38345,    342994,     13727,     -3478,     -9869,    -13347,    -41394,   -117437,   -158831,     15818,      4958,      3222,      1436,     99018,    105038,     70183,     80052
       232,    530232,104.840964,     109.5,      29.5,     92189,       650,     56652,       699,  10094644,     71219,   6203428,     76590,     -4506,     -8726,    -13232,   -493360,   -955515,  -1448875,     64264,       312,     26519,       948,   1895775,      9201,    782310,     27962,     -3949,    -12135,    -16084,   -116493,   -357994,   -474487,         0,       650,         0,       312,     96694,    105420,     68213,     80348
       233,    530233, 91.534125,     124.6,      39.9,     91058,       742,     50635,       639,  11345853,     92502,   6309138,     79592,     -4432,     -9467,    -13899,   -552228,  -1179542,  -1731770,     63574,       390,     25048,       777,   2536621,     15549,    999404,     30994,     -3518,    -12469,    -15987,   -140372,   -497493,   -637865,         0,       742,         0,       390,     95490,    104957,     67093,     79561
       234,    530234, 98.048344,         0,     848.9,     96951,      8836,     53023,      3290,         0,         0,         0,         0,     -2954,     -4968,     -7923,         0,         0,         0,     69216,      6801,     25880,       611,  58757442,   5773189,  21969316,    518302,     -2878,     -7925,    -10803,  -2443167,  -6727702,  -9170869,      7060,      8836,      6801,      4772,     99906,    104874,     72094,     80019
       235,    530235,141.932307,      37.4,      42.6,     84784,     18376,     59155,      3901,   3170938,    687255,   2212388,    145898,     -4128,    -13946,    -18074,   -154402,   -521567,   -675969,     57629,      7758,     27749,       263,   2454992,    330509,   1182109,     11209,     -4045,    -15690,    -19735,   -172319,   -668381,   -840700,     18376,      1637,      7758,       709,     88913,    102858,     61674,     77364
       236,    530236,101.561839,         0,    1051.6,     99335,     17632,     61010,      4742,         0,         0,         0,         0,     -1906,     -4149,     -6055,         0,         0,         0,     71094,      8269,     28022,       278,  74762739,   8696138,  29468182,    292088,     -2186,     -7496,     -9682,  -2298628,  -7883040, -10181669,     17632,      8426,      8269,      3188,    101241,    105390,     73280,     80776
       237,    530237, 76.862258,     133.5,     775.4,     95553,     18383,     66338,      4498,  12756350,   2454137,   8856181,    600479,     -2201,     -6982,     -9183,   -293883,   -932092,  -1225975,     67310,      4142,     28988,      1212,  52192539,   3211668,  22477259,    939972,     -2313,    -10044,    -12356,  -1793182,  -7787756,  -9580938,     18383,      7491,      4142,      2491,     97755,    104737,     69623,     79667
       238,    530238, 98.647958,     139.3,     470.9,     96386,     10388,     63475,      1646,  13426635,   1446995,   8842083,    229290,     -3924,     -5295,     -9219,   -546634,   -737555,  -1284189,     67327,      2069,     27962,       762,  31704399,    974491,  13167076,    359028,     -4246,     -9299,    -13545,  -1999649,  -4378876,  -6378524,     10388,      5734,      2069,      1882,    100311,    105605,     71574,     80873
       239,    530239,146.768076,     240.9,     178.7,     97393,     13461,     66131,      2781,  23461873,   3242868,  15931025,    669890,     -2221,     -5575,     -7797,   -535088,  -1343095,  -1878184,     68751,      2710,     28860,      1444,  12285761,    484256,   5157298,    258005,     -2507,     -9032,    -11540,   -448089,  -1614066,  -2062155,     13461,      5793,      2710,      2157,     99614,    105189,     71258,     80291
       240,    530240, 45.135736,         0,    1909.6,     95394,      6341,     50584,      3213,         0,         0,         0,         0,     -3708,     -5646,     -9353,         0,         0,         0,     68120,      6990,     25095,       740, 130082495,  13348790,  47921382,   1413666,     -3316,     -8335,    -11651,  -6332673, -15916578, -22249250,      6341,      3058,      6990,      3203,     99101,    104747,     71437,     79772
       241,    530241,127.696080,     135.4,     150.2,     94323,       629,     60637,       826,  12771325,     85117,   8210312,    111890,     -4540,     -6382,    -10922,   -614676,   -864137,  -1478813,     65455,       282,     26992,       630,   9831271,     42421,   4054253,     94565,     -4420,    -10443,    -14863,   -663823,  -1568531,  -2232355,         0,       629,         0,       282,     98863,    105245,     69874,     80317
       242,    530242,105.704546,      43.3,     964.5,     97642,     15884,     61308,      4455,   4227914,    687787,   2654655,    192895,     -2023,     -4775,     -6798,    -87610,   -206762,   -294372,     69214,      3786,     27822,       236,  66756750,   3651462,  26833915,    227826,     -2187,     -7856,    -10043,  -2109020,  -7577150,  -9686170,     15884,      8464,      3786,      1883,     99666,    104441,     71400,     79257
       243,    530243,431.892008,     500.0,      96.6,     90724,       752,     53965,       343,  45361823,    375901,  26982451,    171511,     -4669,     -9440,    -14110,  -2334695,  -4720060,  -7054755,     63111,       394,     25216,       992,   6096509,     38086,   2435843,     95842,     -3988,    -12451,    -16439,   -385230,  -1202746,  -1587976,         0,       752,         0,       394,     95393,    104833,     67099,     79550
       244,    530244,244.423989,     265.6,     296.1,     92381,      8951,     63761,      1599,  24536300,   2377463,  16934960,    424823,     -4916,     -7652,    -12567,  -1305565,  -2032359,  -3337923,     63661,      2072,     27882,      1359,  18849923,    613472,   8255774,    402261,     -4615,    -11741,    -16356,  -1366377,  -3476604,  -4842981,      8951,       617,      2072,       278,     97296,    104948,     68275,     80017
       245,    530245,256.117527,     357.8,     404.4,     96158,      6798,     47393,      3326,  34405282,   2432192,  16957376,   1190051,     -3131,     -5104,     -8236,  -1120306,  -1826357,  -2946663,     68541,      5983,     23685,       946,  27717893,   2419324,   9578396,    382471,     -2924,     -7746,    -10670,  -1182281,  -3132490,  -4314771,      6798,      3110,      5983,      3560,     99289,    104393,     71464,     79210
       246,    530246, 40.272530,         0,         0,     97809,     16783,     62526,      4256,         0,         0,         0,         0,     -1996,     -4848,     -6844,         0,         0,         0,     69478,      3863,     27937,       690,         0,         0,         0,         0,     -2157,     -7927,    -10084,         0,         0,         0,     16783,      8552,      3863,      1904,     99805,    104653,     71635,     79562
       247,    530247,130.693546,     192.4,      30.8,     88313,         0,     44781,       277,  16991355,         0,   8615814,     53385,     -4975,    -10868,    -15842,   -957098,  -2090955,  -3048054,     61824,         0,     22847,       718,   1904177,         0,    703697,     22125,     -3672,    -12972,    -16645,   -113111,   -399551,   -512662,         0,         0,         0,         0,     93287,    104155,     65496,     78469
       248,    530248,121.206465,     125.0,         0,     88047,         0,     38969,       237,  11005913,         0,   4871133,     29569,     -4992,    -10773,    -15765,   -623940,  -1346640,  -1970580,     61634,         0,     21560,       891,         0,         0,         0,         0,     -3677,    -12641,    -16318,         0,         0,         0,         0,         0,         0,         0,     93039,    103812,     65311,     77952
       249,    530249,451.222990,     827.1,      87.6,     89105,      8254,     59744,       471,  73698744,   6826930,  49414449,    389556,     -5677,     -9733,    -15411,  -4695713,  -8050430, -12746143,     60991,      1788,     26749,      1127,   5342811,    156647,   2343249,     98689,     -4947,    -13485,    -18433,   -433372,  -1181318,  -1614690,      8254,       736,      1788,       387,     94782,    104516,     65938,     79424
       250,    530250, 23.772330,         0,     272.0,    100368,      7836,     57398,      2712,         0,         0,         0,         0,     -1776,     -3214,     -4989,         0,         0,         0,     72356,      7535,     26835,       537,  19680853,   2049458,   7299202,    146099,     -2128,     -6161,     -8289,   -578903,  -1675814,  -2254717,      7836,      5534,      7535,      1480,    102144,    105358,     74484,     80645
       251,    530251,229.785138,     437.6,     164.0,     96233,      6653,     52733,      1651,  42111411,   2911299,  23076091,    722391,     -2986,     -5392,     -8378,  -1306802,  -2359341,  -3666144,     68304,      5595,     25205,       684,  11201822,    917634,   4133668,    112155,     -2904,     -8247,    -11151,   -476332,  -1352464,  -1828796,      6653,      6260,      5595,      1460,     99219,    104611,     71208,     79455
       252,    530252, 52.016616,         0,      40.7,     99510,     10936,     57300,      2265,         0,         0,         0,         0,     -1830,     -3814,     -5644,         0,         0,         0,     71366,      2623,     26492,       523,   2904581,    106756,   1078217,     21281,     -2053,     -6825,     -8879,    -83574,   -277795,   -361370,     10936,      4003,      2623,       952,    101340,    105154,     73419,     80244
       253,    530253,132.908541,     242.3,      35.2,     92827,      6182,     47607,       825,  22491865,   1497896,  11535096,    199943,     -3600,     -7701,    -11301,   -872297,  -1865870,  -2738167,     65402,      5153,     23420,      1246,   2302153,    181372,    824379,     43861,     -3254,    -10107,    -13361,   -114535,   -355758,   -470293,      6182,       618,      5153,       310,     96427,    104127,     68656,     78763
       254,    530254,210.069188,     442.4,     286.2,     91538,       752,     52104,       352,  40496357,    332498,  23050772,    155673,     -5156,     -7688,    -12843,  -2280807,  -3401109,  -5681916,     63134,       394,     24047,       765,  18069087,    112807,   6882114,    218857,     -4678,    -11263,    -15942,  -1338969,  -3223497,  -4562466,         0,       752,         0,       394,     96693,    104381,     67813,     79076
       255,    530255,273.322035,     397.2,     160.4,     88733,       726,     48399,       372,  35244654,    288288,  19224088,    147575,     -5626,    -10269,    -15895,  -2234785,  -4078820,  -6313605,     61477,       382,     23111,      1073,   9860853,     61218,   3707017,    172043,     -4558,    -13290,    -17848,   -731129,  -2131695,  -2862824,         0,       726,         0,       382,     94359,    104628,     66035,     79325
       256,    530256,125.782440,     344.1,     180.8,     93271,       620,     41559,       575,  32094624,    213420,  14300353,    198018,     -3567,     -6900,    -10467,  -1227254,  -2374280,  -3601533,     65775,       312,     21435,      1014,  11892124,     56354,   3875370,    183336,     -3241,     -9203,    -12443,   -585896,  -1663846,  -2249743,         0,       620,         0,       312,     96838,    103738,     69016,     78218
       257,    530257,162.543458,      52.0,     140.7,     85957,         0,     40843,       319,   4469781,         0,   2123835,     16565,     -5150,    -12668,    -17818,   -267804,   -658736,   -926541,     60117,         0,     21315,       689,   8458485,         0,   2999060,     96948,     -3813,    -14078,    -17892,   -536508,  -1980830,  -2517337,         0,         0,         0,         0,     91107,    103775,     63930,     78009
       258,    530258,160.354761,      96.0,      98.5,     86174,         0,     33878,       240,   8272744,         0,   3252278,     23042,     -5037,    -12207,    -17244,   -483526,  -1171887,  -1655413,     60417,         0,     19636,       754,   5951031,         0,   1934161,     74314,     -3665,    -13355,    -17021,   -361035,  -1315504,  -1676539,         0,         0,         0,         0,     91211,    103418,     64082,     77437
       259,    530259,308.732470,      57.1,      31.4,     86025,      3332,     53140,       560,   4912003,    190232,   3034275,     31977,     -6062,    -11709,    -17771,   -346162,   -668565,  -1014727,     58796,      2536,     24666,       694,   1846187,     79619,    774507,     21794,     -5091,    -14542,    -19633,   -159862,   -456628,   -616490,      3332,         0,      2536,         0,     92087,    103796,     63887,     78429
       260,    530260, 95.538665,      37.6,    1021.5,     96882,       587,     47912,      1444,   3642755,     22082,   1801482,     54309,     -3201,     -4846,     -8047,   -120343,   -182215,   -302558,     68085,       169,     23064,       455,  69549024,    172608,  23559440,    464303,     -3537,     -8253,    -11790,  -3613233,  -8430223, -12043456,         0,       587,         0,       169,    100082,    104929,     71622,     79875
       261,    530261, 98.951969,     138.4,      15.9,     92137,       653,     40533,       252,  12751731,     90436,   5609739,     34881,     -3355,     -7982,    -11337,   -464329,  -1104698,  -1569027,     64918,       372,     20734,       929,   1032200,      5919,    329669,     14770,     -2990,     -9852,    -12842,    -47537,   -156653,   -204190,         0,       653,         0,       372,     95492,    103474,     67908,     77760
       262,    530262,209.136747,         0,     494.8,     95056,      5386,     47827,      1022,         0,         0,         0,         0,     -4148,     -5702,     -9850,         0,         0,         0,     66723,      4757,     22826,        93,  33014486,   2353805,  11294201,     46066,     -4072,     -8949,    -13021,  -2014845,  -4428054,  -6442899,      5386,       632,      4757,       317,     99204,    104906,     70795,     79744
       263,    530263, 69.930612,      31.5,         0,     93480,       563,     46005,      1287,   2944622,     17732,   1449157,     40547,     -3251,     -6884,    -10135,   -102408,   -216843,   -319251,     65938,       162,     22555,       922,         0,         0,         0,         0,     -2986,     -9036,    -12022,         0,         0,         0,         0,       563,         0,       162,     96731,    103615,     68923,     77959
       264,    530264,295.515648,     444.8,      81.1,     87236,         0,     44011,       345,  38802667,         0,  19576108,    153540,     -5192,    -12092,    -17284,  -2309597,  -5378529,  -7688126,     60716,         0,     21442,       877,   4924034,         0,   1738980,     71154,     -4288,    -14037,    -18325,   -347761,  -1138414,  -1486175,         0,         0,         0,         0,     92429,    104521,     65004,     79041
       265,    530265, 61.536123,      98.1,         0,     88973,         0,     34637,       291,   8728217,         0,   3397877,     28556,     -3508,    -10233,    -13741,   -344166,  -1003864,  -1348030,     62347,         0,     18818,       999,         0,         0,         0,         0,     -3084,    -11421,    -14505,         0,         0,         0,         0,         0,         0,         0,     92481,    102714,     65432,     76852
       266,    530266,177.524784,     290.6,      77.8,     88606,       725,     43619,       494,  25748921,    210657,  12675632,    143574,     -5643,     -9886,    -15528,  -1639759,  -2872782,  -4512540,     61381,       381,     21537,      1065,   4775423,     29659,   1675541,     82863,     -4560,    -12691,    -17251,   -354758,   -987385,  -1342143,         0,       725,         0,       381,     94249,    104134,     65941,     78632
       267,    530267,129.171313,      41.2,         0,     87056,         0,     36091,       346,   3586687,         0,   1486952,     14237,     -5685,    -11064,    -16749,   -234214,   -455829,   -690044,     60558,         0,     19656,       848,         0,         0,         0,         0,     -4212,    -13197,    -17409,         0,         0,         0,         0,         0,         0,         0,     92740,    103804,     64770,     77967
       268,    530268, 86.996133,     184.3,       9.0,     85298,         0,     30093,       205,  15720407,         0,   5546119,     37859,     -5691,    -12154,    -17845,  -1048862,  -2240006,  -3288868,     59504,         0,     18165,       872,    535534,         0,    163481,      7845,     -4195,    -13454,    -17649,    -37755,   -121082,   -158837,         0,         0,         0,         0,     90989,    103143,     63699,     77152
       269,    530269,313.634112,     114.2,       1.0,     80089,         0,     20654,        49,   9146198,         0,   2358703,      5582,     -5416,    -15503,    -20920,   -618563,  -1770489,  -2389052,     56396,         0,     15247,       598,     56396,         0,     15247,       598,     -3872,    -14742,    -18614,     -3872,    -14742,    -18614,         0,         0,         0,         0,     85506,    101009,     60268,     75011
       270,    530270,165.257238,     341.3,      14.5,     83396,         0,     24991,        76,  28462935,         0,   8529430,     25993,     -5609,    -12869,    -18477,  -1914242,  -4392110,  -6306351,     58241,         0,     16377,      1216,    844492,         0,    237464,     17629,     -4103,    -13449,    -17552,    -59494,   -195013,   -254507,         0,         0,         0,         0,     89004,    101873,     62344,     75793
       271,    530271, 94.347555,     101.5,      10.2,     86963,         0,     39959,       630,   8826734,         0,   4055799,     63924,     -3671,    -12630,    -16301,   -372623,  -1281904,  -1654527,     60938,         0,     20351,       608,    621568,         0,    207575,      6206,     -3090,    -13425,    -16515,    -31519,   -136933,   -168453,         0,         0,         0,         0,     90634,    103264,     64028,     77453
       272,    530272,311.196543,     614.5,     200.4,     86737,         0,     28681,       286,  53299969,         0,  17624216,    175700,     -3547,    -10772,    -14318,  -2179435,  -6619173,  -8798609,     60619,         0,     16571,      1109,  12148056,         0,   3320802,    222249,     -3055,    -11572,    -14628,   -612305,  -2319053,  -2931358,         0,         0,         0,         0,     90284,    101055,     63674,     75247
       273,    530273,121.940803,     172.9,      94.3,     93089,       741,     43473,       282,  16095092,    128088,   7516520,     48799,     -4610,     -7046,    -11656,   -797122,  -1218182,  -2015304,     65590,       389,     21197,       630,   6185099,     36677,   1998913,     59441,     -4033,     -9787,    -13820,   -380335,   -922911,  -1303245,         0,       741,         0,       389,     97699,    104745,     69623,     79410
       274,    530274,132.600563,      86.4,       6.4,     84586,         0,     30584,       285,   7308232,         0,   2642425,     24634,     -5731,    -12307,    -18038,   -495136,  -1063322,  -1558458,     58870,         0,     17799,      1274,    376767,         0,    113914,      8154,     -4245,    -13480,    -17726,    -27171,    -86273,   -113443,         0,         0,         0,         0,     90317,    102624,     63115,     76595
       275,    530275,242.901873,     326.2,     233.2,     83204,         0,     35963,       435,  27141158,         0,  11731123,    141792,     -5597,    -14447,    -20044,  -1825780,  -4712513,  -6538293,     58008,         0,     19133,      1009,  13527463,         0,   4461908,    235278,     -4061,    -15433,    -19494,   -946985,  -3598931,  -4545916,         0,         0,         0,         0,     88801,    103248,     62069,     77502
       276,    530276,118.282186,     185.2,      17.1,     85396,         0,     26442,       243,  15815343,         0,   4897120,     44933,     -3542,    -11797,    -15339,   -655896,  -2184889,  -2840785,     59417,         0,     15876,       947,   1016023,         0,    271483,     16201,     -3085,    -12459,    -15543,    -52749,   -213041,   -265790,         0,         0,         0,         0,     88938,    100735,     62501,     74960
       277,    530277,253.502894,     186.8,     161.4,     90363,       756,     38482,       776,  16879771,    141172,   7188397,    145040,     -4366,     -9077,    -13443,   -815488,  -1695572,  -2511060,     62801,       453,     19725,       461,  10136032,     73178,   3183566,     74413,     -3667,    -11712,    -15379,   -591854,  -1890288,  -2482142,         0,       756,         0,       453,     94728,    103805,     66468,     78180
       278,    530278,1161.82128,    1082.2,     722.6,     88277,      2582,     33777,       723,  95533723,   2794556,  36553245,    781998,     -5035,    -10042,    -15077,  -5448771, -10867937, -16316707,     61500,      1959,     17896,      1082,  44439802,   1415473,  12931550,    781998,     -4213,    -11771,    -15985,  -3044463,  -8506032, -11550494,      2582,         0,      1959,         0,     93312,    103355,     65713,     77484
       279,    530279,588.871224,     706.9,    1475.6,     86937,         0,     29771,      1569,  61455826,         0,  21044941,   1109294,     -5187,    -11437,    -16625,  -3666864,  -8085133, -11751997,     60837,         0,     16846,       879,  89770382,         0,  24858487,   1297761,     -4236,    -12677,    -16913,  -6250122, -18706394, -24956516,         0,         0,         0,         0,     92124,    103562,     65072,     77749
       280,    530280,965.635451,         0,         0,     75559,         0,     10851,         0,         0,         0,         0,         0,     -3967,    -14870,    -18837,         0,         0,         0,     51910,         0,      9549,         0,         0,         0,         0,         0,     -3222,    -14927,    -18149,         0,         0,         0,         0,         0,         0,         0,     79527,     94396,     55131,     70059
       281,    530281,198.245626,     253.5,     117.6,     84249,         0,     29512,       681,  21357098,         0,   7481191,    172686,     -5551,    -12318,    -17869,  -1407136,  -3122699,  -4529836,     58667,         0,     16986,      1139,   6899267,         0,   1997605,    133911,     -4161,    -13784,    -17945,   -489383,  -1620946,  -2110329,         0,         0,         0,         0,     89800,    102118,     62829,     76612
       282,    530282,113.262809,     249.4,      39.4,     81356,         0,     25317,       312,  20290178,         0,   6314049,     77754,     -5612,    -14674,    -20286,  -1399584,  -3659623,  -5059208,     57052,         0,     15966,      1497,   2247859,         0,    629069,     58996,     -3945,    -14532,    -18477,   -155439,   -572569,   -728008,         0,         0,         0,         0,     86968,    101641,     60997,     75530
       283,    530283, 90.980464,     306.3,      13.3,     80674,         0,     20973,       111,  24710585,         0,   6424177,     33985,     -5696,    -14759,    -20454,  -1744605,  -4520554,  -6265160,     56256,         0,     14819,      1357,    748207,         0,    197090,     18044,     -4214,    -14730,    -18944,    -56050,   -195903,   -251953,         0,         0,         0,         0,     86370,    101129,     60470,     75200
       284,    530284,1375.86149,         0,     599.0,     67077,         0,      9516,       748,         0,         0,         0,         0,     -2881,    -28617,    -31498,         0,         0,         0,     48240,         0,      9128,         2,  28895751,         0,   5467935,      1192,     -1866,    -24430,    -26295,  -1117564, -14633392, -15750956,         0,         0,         0,         0,     69958,     98575,     50106,     74535
       285,    530285,530.985057,     572.3,     177.0,     82813,         0,     20069,       589,  47394058,         0,  11485724,    337305,     -4696,    -12496,    -17192,  -2687236,  -7151606,  -9838842,     57619,         0,     13301,      1075,  10198573,         0,   2354238,    190248,     -3553,    -12925,    -16478,   -628862,  -2287679,  -2916540,         0,         0,         0,         0,     87509,    100005,     61172,     74097
       286,    530286,272.737675,     212.6,     232.8,     90194,       777,     28958,       310,  19175292,    165217,   6156382,     65975,     -4372,     -8147,    -12519,   -929392,  -1732150,  -2661542,     62667,       477,     16307,       302,  14588817,    110941,   3796270,     70381,     -3667,    -10506,    -14173,   -853757,  -2445759,  -3299516,         0,       777,         0,       477,     94566,    102713,     66334,     76840
       287,    530287,112.362303,     157.3,      94.6,     90232,         0,     33792,      1110,  14193423,         0,   5315464,    174525,     -4932,     -8736,    -13668,   -775769,  -1374223,  -2149991,     63401,         0,     18075,       784,   5997700,         0,   1709870,     74151,     -4193,    -10606,    -14799,   -396617,  -1003326,  -1399943,         0,         0,         0,         0,     95163,    103900,     67593,     78199
       288,    530288,132.373746,     281.4,      14.0,     78792,         0,     17636,       112,  22171976,         0,   4962716,     31615,     -5722,    -15572,    -21294,  -1610138,  -4382062,  -5992200,     54842,         0,     13312,      1058,    767794,         0,    186373,     14813,     -4236,    -15286,    -19522,    -59310,   -214002,   -273312,         0,         0,         0,         0,     84514,    100086,     59079,     74365
       289,    530289,318.245187,     273.7,     124.2,     77100,         0,     21959,       430,  21102172,         0,   6010126,    117615,     -5747,    -16659,    -22406,  -1572980,  -4559600,  -6132580,     53668,         0,     14201,       709,   6665596,         0,   1763792,     88084,     -4001,    -16482,    -20483,   -496944,  -2047094,  -2544038,         0,         0,         0,         0,     82847,     99506,     57669,     74152
       290,    530290,126.546561,         0,         0,     72563,         0,      8254,        16,         0,         0,         0,         0,     -5055,    -19961,    -25016,         0,         0,         0,     52152,         0,      9762,        56,         0,         0,         0,         0,     -3643,    -17390,    -21034,         0,         0,         0,         0,         0,         0,         0,     77618,     97579,     55796,     73186
       291,    530291,211.794941,         0,         0,     72448,         0,      5860,         1,         0,         0,         0,         0,     -5057,    -18861,    -23917,         0,         0,         0,     52065,         0,      8074,         0,         0,         0,         0,         0,     -3644,    -16874,    -20518,         0,         0,         0,         0,         0,         0,         0,     77505,     96366,     55709,     72583
       292,    530292,130.557447,     245.8,      68.1,     78722,         0,     21105,       266,  19349795,         0,   5187711,     65387,     -5888,    -15508,    -21396,  -1447353,  -3811821,  -5259174,     54778,         0,     14257,      1175,   3730406,         0,    970935,     79999,     -4100,    -16058,    -20157,   -279186,  -1093539,  -1372725,         0,         0,         0,         0,     84610,    100118,     58878,     74936
       293,    530293,499.553778,         0,         0,         0,         0,      3539,         0,         0,         0,         0,         0,         0,         0,         0,         0,         0,         0,         0,         0,      4899,         8,         0,         0,         0,         0,         0,         0,         0,         0,         0,         0,         0,         0,         0,         0,         0,         0,         0,         0
       294,    530294,651.383895,         0,    3416.6,     79416,         0,     19746,      3857,         0,         0,         0,         0,     -6256,    -15177,    -21434,         0,         0,         0,     54845,         0,     12791,        32, 187383517,         0,  43702399,    109097,     -4991,    -15527,    -20517, -17050800, -53049112, -70099911,         0,         0,         0,         0,     85672,    100849,     59836,     75362
       295,    530295,470.691208,      10.0,       4.4,     74695,         0,     13231,         8,    746948,         0,    132309,        80,     -5231,    -15135,    -20366,    -52314,   -151347,   -203661,     52012,         0,     10194,        56,    228854,         0,     44854,       247,     -3583,    -15567,    -19150,    -15766,    -68494,    -84260,         0,         0,         0,         0,     79926,     95061,     55595,     71162
       296,    530296,248.362511,     319.2,    1375.0,     90536,      1614,     16927,      1562,  28899115,    515055,   5403242,    498694,     -2271,    -10793,    -13064,   -724905,  -3445105,  -4170010,     62956,       699,     11550,       926,  86564340,    961369,  15880710,   1273745,     -2110,    -12918,    -15028,  -2900658, -17762554, -20663212,         0,      1614,         0,       699,     92807,    103600,     65065,     77984
       297,    530297,207.682415,         0,         0,     87388,         0,     18704,      1267,         0,         0,         0,         0,     -1741,    -13749,    -15490,         0,         0,         0,     60590,         0,     12315,       295,         0,         0,         0,         0,     -1700,    -14735,    -16436,         0,         0,         0,         0,         0,         0,         0,     89129,    102878,     62290,     77025
       298,    530298,443.955051,     657.7,     245.9,     90419,      1613,     13764,      1126,  59468418,   1060928,   9052528,    740332,     -2193,    -10519,    -12711,  -1442051,  -6918121,  -8360172,     62732,       699,     10138,      1142,  15425834,    171876,   2492875,    280777,     -2089,    -12735,    -14824,   -513771,  -3131492,  -3645263,         0,      1613,         0,       699,     92611,    103130,     64821,     77556
       299,    530299,274.048621,       5.0,     374.3,         0,         0,      6487,       613,         0,         0,     32437,      3063,         0,         0,         0,         0,         0,         0,         0,         0,      7368,        43,         0,         0,   2757769,     16192,         0,         0,         0,         0,         0,         0,         0,         0,         0,         0,         0,         0,         0,         0
       300,    530300,348.422114,       5.0,         0,         0,         0,      4776,       284,         0,         0,     23880,      1421,         0,         0,         0,         0,         0,         0,         0,         0,      6152,         9,         0,         0,         0,         0,         0,         0,         0,         0,         0,         0,         0,         0,         0,         0,         0,         0,         0,         0
       301,    530301,394.497791,         0,    1818.8,     82403,         0,     18443,      2806,         0,         0,         0,         0,     -5076,    -13607,    -18684,         0,         0,         0,     57589,         0,     12403,        22, 104743201,         0,  22558285,     40382,     -3922,    -14039,    -17960,  -7132722, -25533378, -32666100,         0,         0,         0,         0,     87479,    101086,     61511,     75549
       302,    530302, 84.791430,      45.4,         0,         0,         0,     17195,       544,         0,         0,    780666,     24712,         0,         0,         0,         0,         0,         0,         0,         0,     12004,       300,         0,         0,         0,         0,         0,         0,         0,         0,         0,         0,         0,         0,         0,         0,         0,         0,         0,         0
       303,    530303,226.746061,      49.2,     459.1,     78599,         0,     16897,      1091,   3867057,         0,    831320,     53665,     -5215,    -16864,    -22079,   -256572,   -829724,  -1086295,     54167,         0,     11786,       110,  24868117,         0,   5411071,     50295,     -4119,    -16727,    -20846,  -1891116,  -7679315,  -9570431,         0,         0,         0,         0,     83814,    100678,     58286,     75013
       304,    530304,177.272511,     177.9,         0,     73923,         0,     18575,       618,  13150953,         0,   3304569,    109958,     -6308,    -18893,    -25201,  -1122239,  -3361090,  -4483329,     50264,         0,     12227,       178,         0,         0,         0,         0,     -5025,    -18502,    -23527,         0,         0,         0,         0,         0,         0,         0,     80232,     99125,     55289,     73791
       305,    530305,166.139773,         0,       4.4,     89035,         0,     16572,        11,         0,         0,         0,         0,     -2138,    -12209,    -14347,         0,         0,         0,     61703,         0,     11221,       145,    271492,         0,     49375,       640,     -2015,    -13961,    -15975,     -8864,    -61427,    -70291,         0,         0,         0,         0,     91174,    103382,     63717,     77678
       306,    530306,320.920011,      20.5,       4.4,     72090,         0,     11512,         8,   1477844,         0,    235989,       167,     -4803,    -18303,    -23106,    -98454,   -375217,   -473671,     50061,         0,      8899,        39,    220267,         0,     39155,       172,     -3260,    -17900,    -21160,    -14345,    -78759,    -93103,         0,         0,         0,         0,     76893,     95196,     53321,     71220
       307,    530307,157.052985,      78.6,       2.5,     91829,      1634,     11291,       479,   7217722,    128419,    887512,     37641,     -2163,     -8557,    -10719,   -169975,   -672542,   -842517,     63877,       708,      8755,      1258,    159693,      1769,     21887,      3146,     -2091,    -10997,    -13088,     -5227,    -27493,    -32721,         0,      1634,         0,       708,     93991,    102548,     65968,     76965
       308,    530308,487.031268,      22.3,       4.4,     77396,         0,     13553,       751,   1725922,         0,    302237,     16749,     -4022,    -17649,    -21671,    -89687,   -393581,   -483268,     54301,         0,      9927,        57,    238926,         0,     43677,       250,     -3000,    -16624,    -19624,    -13200,    -73146,    -86346,         0,         0,         0,         0,     81417,     99067,     57301,     73925
       309,    530309, 73.663706,     160.5,         0,     93071,      1653,     12260,       778,  14937951,    265323,   1967673,    124829,     -2158,     -7149,     -9308,   -346429,  -1147473,  -1493903,     64910,       716,      9098,       811,         0,         0,         0,         0,     -2085,     -9805,    -11889,         0,         0,         0,         0,      1653,         0,       716,     95230,    102379,     66995,     76799
       310,    530310,630.119154,     847.0,      32.2,     86674,         0,      7610,        33,  73413192,         0,   6446034,     28241,     -2211,    -11654,    -13865,  -1872670,  -9870919, -11743590,     59739,         0,      7012,       883,   1923611,         0,    225787,     28430,     -2086,    -13257,    -15343,    -67178,   -426859,   -494037,         0,         0,         0,         0,     88885,    100539,     61826,     75082
       311,    530311,124.163182,         0,         0,     90955,      1617,     13853,        29,         0,         0,         0,         0,     -2117,     -9683,    -11800,         0,         0,         0,     63253,       701,      9690,       228,         0,         0,         0,         0,     -2013,    -11795,    -13808,         0,         0,         0,         0,      1617,         0,       701,     93072,    102755,     65265,     77061
       312,    530312, 52.084461,      51.6,      21.4,     90977,      1619,     12499,       367,   4694400,     83516,    644973,     18944,     -2158,     -9341,    -11499,   -111350,   -482002,   -593352,     63215,       701,      9117,       543,   1352798,     15007,    195100,     11621,     -2032,    -11552,    -13584,    -43483,   -247218,   -290701,         0,      1619,         0,       701,     93135,    102476,     65247,     76799
       313,    530313,385.990702,         0,         0,     77734,         0,     13976,       405,         0,         0,         0,         0,     -1980,    -23416,    -25396,         0,         0,         0,     53309,         0,      9834,         0,         0,         0,         0,         0,     -1720,    -22172,    -23892,         0,         0,         0,         0,         0,         0,         0,     79714,    103130,     55030,     77201
       314,    530314, 93.694178,         0,       1.0,     75307,         0,     15565,         6,         0,         0,         0,         0,     -6300,    -16713,    -23013,         0,         0,         0,     51421,         0,     10683,       170,     51421,         0,     10683,       170,     -5023,    -16851,    -21874,     -5023,    -16851,    -21874,         0,         0,         0,         0,     81607,     98320,     56443,     73295
       315,    530315,176.707736,         0,       4.3,     87687,         0,     13338,         8,         0,         0,         0,         0,     -2140,    -12327,    -14467,         0,         0,         0,     60635,         0,      9407,        55,    260729,         0,     40450,       238,     -2010,    -13741,    -15751,     -8642,    -59088,    -67730,         0,         0,         0,         0,     89827,    102154,     62644,     76386
       316,    530316, 68.088339,      25.8,         0,     90127,      1605,     11422,        56,   2325275,     41414,    294689,      1456,     -2176,     -9535,    -11711,    -56135,   -246005,   -302140,     62502,       696,      8404,       452,         0,         0,         0,         0,     -2032,    -11605,    -13637,         0,         0,         0,         0,      1605,         0,       696,     92303,    101838,     64534,     76139
       317,    530317,152.147102,     147.9,         0,         0,         0,      5840,        90,         0,         0,    863667,     13279,         0,         0,         0,         0,         0,         0,         0,         0,      5742,       182,         0,         0,         0,         0,         0,         0,         0,         0,         0,         0,         0,         0,         0,         0,         0,         0,         0,         0
       318,    530318,254.661689,      35.3,         0,     71119,         0,      4428,         0,   2510484,         0,    156299,         0,     -1887,    -28396,    -30283,    -66611,  -1002364,  -1068975,     50480,         0,      4724,       160,         0,         0,         0,         0,     -1611,    -23485,    -25096,         0,         0,         0,         0,         0,         0,         0,     73006,    101401,     52092,     75576
       319,    530319,128.809645,     128.4,         0,     90810,      1616,     10426,        75,  11660062,    207438,   1338727,      9641,     -2163,     -8646,    -10809,   -277743,  -1110092,  -1387835,     63061,       700,      7945,       588,         0,         0,         0,         0,     -2032,    -10863,    -12895,         0,         0,         0,         0,      1616,         0,       700,     92974,    101619,     65092,     75955
       320,    530320,396.997758,       6.2,       4.4,     71542,         0,      5878,         4,    443558,         0,     36445,        27,     -1886,    -27422,    -29308,    -11694,   -170018,   -181712,     50810,         0,      4942,        92,    223564,         0,     21745,       407,     -1612,    -22580,    -24192,     -7093,    -99350,   -106443,         0,         0,         0,         0,     73428,    100850,     52422,     75002
       321,    530321, 86.513377,     105.2,      33.7,     85840,         0,      9102,        72,   9030370,         0,    957556,      7555,     -2190,    -12597,    -14787,   -230368,  -1325192,  -1555560,     59046,         0,      7340,       586,   1989846,         0,    247365,     19733,     -2016,    -13970,    -15986,    -67941,   -470794,   -538735,         0,         0,         0,         0,     88030,    100627,     61062,     75032
       322,    530322,169.463808,         0,         0,     78984,         0,     12701,         3,         0,         0,         0,         0,     -1980,    -21845,    -23825,         0,         0,         0,     54303,         0,      8931,         0,         0,         0,         0,         0,     -1720,    -20892,    -22612,         0,         0,         0,         0,         0,         0,         0,     80964,    102809,     56023,     76915
       323,    530323,677.347051,         0,       1.0,     78964,         0,     10613,         7,         0,         0,         0,         0,     -1541,    -19886,    -21427,         0,         0,         0,     54955,         0,      7186,        49,     54955,         0,      7186,        49,     -1379,    -18965,    -20343,     -1379,    -18965,    -20343,         0,         0,         0,         0,     80505,    100391,     56334,     75298
       324,    530324,193.163620,      35.3,       4.4,     77962,         0,      9584,         6,   2752061,         0,    338328,       210,     -1765,    -23838,    -25603,    -62307,   -841487,   -903794,     54359,         0,      6608,        46,    239178,         0,     29076,       203,     -1468,    -21697,    -23165,     -6460,    -95468,   -101928,         0,         0,         0,         0,     79727,    103565,     55827,     77524
       325,    530325,267.420809,         0,         0,     83826,         0,     11219,         9,         0,         0,         0,         0,     -2010,    -15699,    -17709,         0,         0,         0,     57940,         0,      7995,        89,         0,         0,         0,         0,     -1818,    -15935,    -17753,         0,         0,         0,         0,         0,         0,         0,     85836,    101535,     59758,     75693
       326,    530326,760.310064,     207.4,         0,     73228,         0,      2088,         0,  15187517,         0,    433068,         0,     -1856,    -23771,    -25627,   -384909,  -4930076,  -5314986,     52139,         0,      2626,       207,         0,         0,         0,         0,     -1608,    -19925,    -21534,         0,         0,         0,         0,         0,         0,         0,     75084,     98855,     53747,     73673
       327,    530327,381.701679,      31.7,       4.4,     76311,         0,      7000,         6,   2419059,         0,    221889,       184,     -1796,    -24708,    -26504,    -56927,   -783258,   -840185,     53228,         0,      4768,        75,    234205,         0,     20977,       329,     -1450,    -21955,    -23404,     -6378,    -96600,   -102979,         0,         0,         0,         0,     78107,    102815,     54678,     76633
       328,    530328, 67.397586,      25.8,         0,     87927,         0,      9922,        27,   2268513,         0,    255981,       709,     -2151,    -10869,    -13020,    -55501,   -280412,   -335914,     60777,         0,      7363,       420,         0,         0,         0,         0,     -1991,    -12520,    -14512,         0,         0,         0,         0,         0,         0,         0,     90078,    100947,     62768,     75288
       329,    530329,174.910379,     137.1,         0,     84215,         0,      5841,        33,  11545843,         0,    800863,      4554,     -2183,    -11709,    -13892,   -299351,  -1605262,  -1904614,     57787,         0,      5484,       340,         0,         0,         0,         0,     -1992,    -13215,    -15207,         0,         0,         0,         0,         0,         0,         0,     86398,     98107,     59779,     72994
       330,    530330,162.152669,     206.9,      18.5,     86618,         0,      8590,        54,  17921265,         0,   1777302,     11269,     -2151,    -11078,    -13230,   -445124,  -2292130,  -2737254,     59736,         0,      6712,       621,   1105112,         0,    124167,     11485,     -1982,    -12666,    -14648,    -36665,   -234322,   -270987,         0,         0,         0,         0,     88769,     99848,     61718,     74384
       331,    530331,168.853904,     186.0,      27.2,     82912,         0,      7151,        66,  15421609,         0,   1330053,     12234,     -2183,    -13729,    -15912,   -406089,  -2553586,  -2959675,     56772,         0,      6073,       650,   1544186,         0,    165180,     17676,     -1987,    -14764,    -16751,    -54041,   -401585,   -455626,         0,         0,         0,         0,     85095,     98824,     58758,     73523
       332,    530332,191.251612,         0,         0,     82701,         0,     10259,         2,         0,         0,         0,         0,     -1684,    -18159,    -19843,         0,         0,         0,     57752,         0,      6868,        13,         0,         0,         0,         0,     -1498,    -17308,    -18806,         0,         0,         0,         0,         0,         0,         0,     84385,    102545,     59250,     76558
       333,    530333,148.618970,         0,         0,     82033,         0,     10214,         0,         0,         0,         0,         0,     -1792,    -17257,    -19049,         0,         0,         0,     56925,         0,      7021,         0,         0,         0,         0,         0,     -1592,    -16651,    -18243,         0,         0,         0,         0,         0,         0,         0,     83825,    101082,     58517,     75168
       334,    530334, 92.071684,         0,         0,     84090,         0,      9294,        16,         0,         0,         0,         0,     -2002,    -14063,    -16065,         0,         0,         0,     58149,         0,      6589,       216,         0,         0,         0,         0,     -1819,    -14539,    -16359,         0,         0,         0,         0,         0,         0,         0,     86092,    100154,     59968,     74507
       335,    530335,234.065149,     191.0,      16.2,     83708,         0,      7973,        18,  15988257,         0,   1522853,      3439,     -2141,    -12497,    -14639,   -409008,  -2386960,  -2795968,     57526,         0,      5681,       300,    931921,         0,     92030,      4859,     -1952,    -13657,    -15609,    -31627,   -221240,   -252866,         0,         0,         0,         0,     85850,     98347,     59478,     73135
       336,    530336,314.289726,      35.3,       4.4,         0,         0,      8439,         8,         0,         0,    297892,       299,         0,         0,         0,         0,         0,         0,         0,         0,      5247,        60,         0,         0,     23085,       265,         0,         0,         0,         0,         0,         0,         0,         0,         0,         0,         0,         0,         0,         0
       337,    530337,134.183651,      31.7,       4.4,     82495,         0,      9385,         9,   2615094,         0,    297493,       276,     -1595,    -17364,    -18960,    -50573,   -550444,   -601017,     57666,         0,      5974,        59,    253732,         0,     26286,       261,     -1499,    -16913,    -18412,     -6598,    -74416,    -81013,         0,         0,         0,         0,     84090,    101455,     59166,     76079
       338,    530338,334.717687,         0,         0,     66831,         0,      1913,         5,         0,         0,         0,         0,     -1853,    -27886,    -29739,         0,         0,         0,     47125,         0,      2145,       176,         0,         0,         0,         0,     -1605,    -22973,    -24578,         0,         0,         0,         0,         0,         0,         0,     68684,     96570,     48730,     71704
       339,    530339,243.004362,     227.6,      12.6,     72903,         0,      3411,        23,  16592772,         0,    776380,      5338,     -1848,    -25642,    -27490,   -420512,  -5836114,  -6256626,     51134,         0,      2708,       405,    644285,         0,     34127,      5105,     -1540,    -21873,    -23413,    -19404,   -275596,   -295001,         0,         0,         0,         0,     74751,    100393,     52674,     74547
       340,    530340,144.806355,     112.7,         0,     84500,         0,      7050,        35,   9523171,         0,    794512,      3938,     -2140,    -11524,    -13665,   -241229,  -1298804,  -1540033,     58154,         0,      5404,       484,         0,         0,         0,         0,     -1955,    -12924,    -14880,         0,         0,         0,         0,         0,         0,         0,     86641,     98165,     60110,     73034
       341,    530341,222.655551,     381.2,      23.3,     75393,         0,      4431,        29,  28739998,         0,   1689005,     11119,     -1840,    -23849,    -25689,   -701255,  -9091262,  -9792517,     53087,         0,      3079,       496,   1236937,         0,     71748,     11552,     -1548,    -20450,    -21997,    -36065,   -476474,   -512540,         0,         0,         0,         0,     77233,    101082,     54635,     75085
       342,    530342,216.807794,         0,         0,     81723,         0,      5710,        27,         0,         0,         0,         0,     -2142,    -13150,    -15292,         0,         0,         0,     55933,         0,      4967,       358,         0,         0,         0,         0,     -1950,    -14230,    -16180,         0,         0,         0,         0,         0,         0,         0,     83865,     97014,     57883,     72113
       343,    530343,120.851790,         0,         0,     82385,         0,      8560,         8,         0,         0,         0,         0,     -1793,    -15438,    -17231,         0,         0,         0,     57211,         0,      5741,        94,         0,         0,         0,         0,     -1592,    -15147,    -16740,         0,         0,         0,         0,         0,         0,         0,     84178,     99616,     58803,     73951
       344,    530344,188.293531,      35.3,         0,     74996,         0,      5727,        10,   2647351,         0,    202180,       339,     -1823,    -24378,    -26201,    -64366,   -860535,   -924901,     52114,         0,      3705,       156,         0,         0,         0,         0,     -1465,    -21481,    -22946,         0,         0,         0,         0,         0,         0,         0,     76819,    101197,     53579,     75060
       345,    530345,117.793973,         0,         0,     83268,         0,      8530,         1,         0,         0,         0,         0,     -1685,    -16589,    -18273,         0,         0,         0,     58209,         0,      5434,        10,         0,         0,         0,         0,     -1499,    -15837,    -17336,         0,         0,         0,         0,         0,         0,         0,     84953,    101542,     59708,     75545
       346,    530346,193.443695,         0,         0,     74528,         0,      7274,         5,         0,         0,         0,         0,     -1822,    -25121,    -26943,         0,         0,         0,     51744,         0,      4421,        38,         0,         0,         0,         0,     -1463,    -22080,    -23543,         0,         0,         0,         0,         0,         0,         0,     76350,    101471,     53207,     75287
       347,    530347,435.073625,     380.1,     208.7,     70942,         0,      7372,       373,  26964930,         0,   2802054,    141921,    -13183,    -19181,    -32364,  -5010863,  -7290850, -12301713,     53433,         0,      6820,       634,  11151511,         0,   1423318,    132361,     -8691,    -17618,    -26309,  -1813861,  -3676897,  -5490758,         0,         0,         0,         0,     84125,    103306,     62124,     79743
       348,    530348,111.237385,     124.7,         0,     89311,      1621,     15800,        24,  11137029,    202199,   1970213,      3026,     -4621,    -12385,    -17006,   -576274,  -1544422,  -2120697,     64291,       703,     10439,       563,         0,         0,         0,         0,     -3444,    -14742,    -18186,         0,         0,         0,         0,      1621,         0,       703,     93932,    106317,     67734,     82477
       349,    530349,364.859565,      22.3,       1.9,         0,         0,     16827,        69,         0,         0,    375242,      1538,         0,         0,         0,         0,         0,         0,         0,         0,     12346,       365,         0,         0,     23458,       694,         0,         0,         0,         0,         0,         0,         0,         0,         0,         0,         0,         0,         0,         0
       350,    530350,175.711153,     225.7,     133.6,     72092,         0,      7641,       535,  16271174,         0,   1724624,    120673,    -13179,    -18343,    -31522,  -2974515,  -4140062,  -7114577,     54350,         0,      7181,       838,   7261096,         0,    959367,    111972,     -8693,    -16914,    -25607,  -1161450,  -2259696,  -3421146,         0,         0,         0,         0,     85271,    103614,     63043,     79957
       351,    530351,106.671663,      88.8,         0,     73901,         0,      6274,       113,   6562384,         0,    557121,     10001,    -16042,    -13540,    -29582,  -1424536,  -1202344,  -2626880,     56120,         0,      6089,       402,         0,         0,         0,         0,    -10677,    -13413,    -24090,         0,         0,         0,         0,         0,         0,         0,     89943,    103483,     66797,     80210
       352,    530352,110.785104,     158.5,       2.0,     88711,      1622,     20364,        67,  14060722,    257084,   3227716,     10654,     -3761,    -14044,    -17805,   -596189,  -2225932,  -2822121,     63803,       703,     11515,       708,    127606,      1405,     23031,      1415,     -2751,    -16130,    -18880,     -5501,    -32259,    -37760,         0,      1622,         0,       703,     92473,    106516,     66554,     82683
       353,    530353, 37.548208,     146.8,         0,     89172,      1620,     18895,        79,  13090480,    237889,   2773741,     11536,     -4359,    -12960,    -17319,   -639863,  -1902525,  -2542388,     64119,       702,     11988,       833,         0,         0,         0,         0,     -3211,    -15285,    -18496,         0,         0,         0,         0,      1620,         0,       702,     93531,    106491,     67330,     82616
       354,    530354,152.081248,         0,     306.4,     88285,         0,     12487,       403,         0,         0,         0,         0,     -7847,     -9606,    -17453,         0,         0,         0,     64020,         0,     11637,       416,  19615759,         0,   3565538,    127557,     -5837,    -11962,    -17799,  -1788467,  -3665007,  -5453474,         0,         0,         0,         0,     96133,    105738,     69857,     81819
       355,    530355,282.534931,     283.2,      60.1,     70005,         0,     10016,        70,  19825318,         0,   2836497,     19940,    -13185,    -21985,    -35169,  -3733877,  -6226016,  -9959893,     52685,         0,      9739,       397,   3166390,         0,    585335,     23879,     -8693,    -19592,    -28285,   -522428,  -1177478,  -1699906,         0,         0,         0,         0,     83189,    105174,     61378,     80970
       356,    530356, 79.774437,      21.3,       1.9,     87047,         0,     10236,       262,   1854098,         0,    218025,      5580,     -7935,     -9793,    -17728,   -169022,   -208587,   -377609,     63072,         0,      9835,       275,    119838,         0,     18687,       522,     -5870,    -12209,    -18078,    -11152,    -23197,    -34349,         0,         0,         0,         0,     94982,    104775,     68942,     81151
       357,    530357, 29.685618,      50.5,      10.9,     88928,      1616,     19637,        99,   4490853,     81611,    991680,      4998,     -3275,    -14298,    -17574,   -165410,   -722060,   -887470,     63880,       700,     11913,       919,    696290,      7632,    129849,     10021,     -2471,    -16257,    -18727,    -26930,   -177199,   -204129,         0,      1616,         0,       700,     92203,    106501,     66350,     82607
       358,    530358,269.568877,     173.1,     189.3,     76175,         0,      7930,       365,  13185925,         0,   1372676,     63179,     -9547,    -18576,    -28123,  -1652580,  -3215544,  -4868124,     57445,         0,      7589,       527,  10874417,         0,   1436561,     99717,     -6378,    -16685,    -23063,  -1207266,  -3158498,  -4365764,         0,         0,         0,         0,     85722,    104298,     63823,     80508
       359,    530359,124.047735,     183.2,      25.2,     88595,      1621,     24713,       142,  16230663,    296966,   4527370,     26048,     -3720,    -12824,    -16544,   -681545,  -2349387,  -3030931,     62754,       702,     13121,       841,   1581405,     17699,    330658,     21201,     -3097,    -15221,    -18318,    -78055,   -383569,   -461624,         0,      1621,         0,       702,     92316,    105140,     65852,     81073
       360,    530360,162.627250,      22.3,       1.3,     90244,      1619,     15016,       130,   2012434,     36093,    334862,      2895,     -7125,     -9145,    -16270,   -158897,   -203928,   -362824,     65482,       701,     12497,       420,     85127,       912,     16246,       546,     -5334,    -11869,    -17203,     -6934,    -15430,    -22364,         0,      1619,         0,       701,     97369,    106514,     70816,     82685
       361,    530361,236.593848,     374.9,     125.5,     90892,      3796,     28208,       252,  34075426,   1423106,  10575250,     94526,     -3941,    -10859,    -14800,  -1477518,  -4070875,  -5548393,     64378,      1891,     15124,      1300,   8079420,    237355,   1898053,    163193,     -3291,    -13939,    -17231,   -413067,  -1749388,  -2162455,      3796,      1661,      1891,       719,     94833,    105692,     67669,     81609
       362,    530362,1581.51526,         0,         0,         0,         0,      5790,         0,         0,         0,         0,         0,         0,         0,         0,         0,         0,         0,         0,         0,      6491,         5,         0,         0,         0,         0,         0,         0,         0,         0,         0,         0,         0,         0,         0,         0,         0,         0,         0,         0
       363,    530363,330.575687,         0,       1.9,     65289,         0,      6775,        63,         0,         0,         0,         0,     -8439,    -24316,    -32755,         0,         0,         0,     48393,         0,      6908,        57,     91946,         0,     13126,       108,     -5670,    -22421,    -28091,    -10773,    -42600,    -53372,         0,         0,         0,         0,     73729,     98044,     54062,     76483
       364,    530364,297.178905,         0,       1.9,     76390,         0,      7647,       247,         0,         0,         0,         0,     -9547,    -18123,    -27671,         0,         0,         0,     57617,         0,      7523,       280,    109472,         0,     14294,       532,     -6378,    -16338,    -22715,    -12117,    -31042,    -43159,         0,         0,         0,         0,     85938,    104061,     63994,     80332
       365,    530365, 99.425989,     206.3,         0,     88621,      2870,     23441,       279,  18282583,    592000,   4835775,     57654,     -3968,    -12116,    -16084,   -818548,  -2499568,  -3318115,     62540,      2083,     14286,      1349,         0,         0,         0,         0,     -3298,    -14896,    -18193,         0,         0,         0,      2870,      1626,      2083,       704,     92589,    104705,     65838,     80734
       366,    530366, 71.339693,      73.3,       9.1,     77857,         0,      9391,       214,   5706895,         0,    688384,     15717,     -8393,    -15764,    -24157,   -615197,  -1155495,  -1770693,     58172,         0,      9196,       520,    529366,         0,     83687,      4735,     -5660,    -15064,    -20724,    -51502,   -137083,   -188585,         0,         0,         0,         0,     86250,    102013,     63832,     78896
       367,    530367, 50.196603,      20.3,         0,     88345,         0,     11445,       383,   1793398,         0,    232324,      7781,     -7843,     -8992,    -16835,   -159206,   -182538,   -341744,     64067,         0,     10954,       587,         0,         0,         0,         0,     -5836,    -11442,    -17278,         0,         0,         0,         0,         0,         0,         0,     96187,    105179,     69902,     81345
       368,    530368,117.398562,     202.4,      15.8,     87829,      2940,     13359,       492,  17776577,    594957,   2703852,     99534,     -7707,    -10061,    -17768,  -1559833,  -2036317,  -3596150,     63859,      2455,     12333,       825,   1008974,     38791,    194859,     13041,     -5614,    -12048,    -17662,    -88698,   -190356,   -279054,      2940,         0,      2455,         0,     95536,    105596,     69473,     81521
       369,    530369,198.898937,     202.9,         0,     91364,      2247,     16862,       405,  18537758,    455986,   3421357,     82206,     -5382,     -8145,    -13527,  -1092043,  -1652605,  -2744648,     66092,      1141,     13430,       921,         0,         0,         0,         0,     -4216,    -10627,    -14843,         0,         0,         0,      2247,      1641,      1141,       711,     96746,    104891,     70308,     80935
       370,    530370,136.940529,      14.8,         0,     81513,         0,     12131,       209,   1206388,         0,    179536,      3091,     -7870,    -14771,    -22641,   -116474,   -218610,   -335084,     60100,         0,     11684,       754,         0,         0,         0,         0,     -5348,    -14642,    -19990,         0,         0,         0,         0,         0,         0,         0,     89383,    104153,     65448,     80090
       371,    530371,106.506269,     365.8,     168.1,     94040,      3323,     21746,       398,  34399911,   1215723,   7954642,    145426,     -5153,     -7074,    -12227,  -1884892,  -2587772,  -4472664,     67596,      1910,     14719,      1457,  11362855,    321137,   2474203,    244934,     -4264,    -10386,    -14650,   -716779,  -1745918,  -2462698,      3323,      1696,      1910,       734,     99193,    106267,     71860,     82246
       372,    530372,151.575887,     332.2,      75.5,     94080,      4737,     32147,       804,  31253330,   1573483,  10679233,    266969,     -3889,     -8324,    -12213,  -1291893,  -2765315,  -4057208,     66871,      3259,     17206,      1660,   5048723,    246035,   1299032,    125294,     -3457,    -11960,    -15417,   -260975,   -902996,  -1163971,      4737,      1678,      3259,       706,     97969,    106293,     70327,     82287
       373,    530373,110.201722,      30.6,      94.5,     89628,      4654,     16915,       514,   2742627,    142420,    517602,     15737,     -7721,     -9135,    -16857,   -236268,   -279541,   -515810,     65060,      3631,     13735,      1255,   6148129,    343084,   1297931,    118588,     -5788,    -11596,    -17385,   -546987,  -1095857,  -1642844,      4654,      1611,      3631,       698,     97350,    106485,     70848,     82444
       374,    530374,196.738239,     491.5,      68.7,     94221,      4356,     28429,       932,  46309432,   2141192,  13972909,    458015,     -4384,     -8055,    -12439,  -2154970,  -3958818,  -6113788,     67828,      2251,     16665,      1699,   4659811,    154677,   1144862,    116749,     -3520,    -11303,    -14824,   -241855,   -776536,  -1018391,      4356,      1662,      2251,       699,     98605,    106660,     71349,     82652
       375,    530375,234.476299,     240.4,      54.9,     95467,      5181,     39189,       715,  22950170,   1245397,   9420921,    171989,     -3576,     -7537,    -11113,   -859698,  -1811906,  -2671604,     68027,      3454,     18922,       862,   3734665,    189644,   1038831,     47346,     -3285,    -11334,    -14620,   -180359,   -622256,   -802615,      5028,      5181,      3454,      1696,     99043,    106580,     71312,     82646
       376,    530376, 81.264377,     186.9,      96.5,     89754,      5180,     16609,       499,  16774935,    968180,   3104198,     93255,     -7564,     -9154,    -16717,  -1413692,  -1710801,  -3124494,     65351,      3949,     13872,      1590,   6306412,    381046,   1338612,    153406,     -5562,    -11436,    -16998,   -536693,  -1103566,  -1640259,      5180,      1609,      3949,       697,     97317,    106471,     70913,     82349
       377,    530377,170.455031,     421.2,      41.0,     88071,      2771,     15135,       292,  37095667,   1167248,   6374820,    123016,     -7603,    -10309,    -17911,  -3202237,  -4342050,  -7544287,     64185,      2843,     13487,      1336,   2631585,    116564,    552975,     54783,     -5489,    -12050,    -17538,   -225029,   -494031,   -719060,      2771,         0,      2843,         0,     95674,    105983,     69674,     81723
       378,    530378,154.546825,     450.7,     163.4,     90149,      2790,     21366,       841,  40629943,   1257343,   9629630,    378930,     -5345,    -10052,    -15397,  -2408866,  -4530454,  -6939320,     65064,      3576,     15267,      1587,  10631525,    584296,   2494693,    259355,     -4003,    -12205,    -16208,   -654046,  -1994347,  -2648392,      2790,      1628,      3576,       705,     95493,    105545,     69067,     81272
       379,    530379,282.454235,         0,         0,     72123,         0,     12518,       143,         0,         0,         0,         0,     -8443,    -23973,    -32416,         0,         0,         0,     53749,         0,     12529,       148,         0,         0,         0,         0,     -5679,    -20571,    -26250,         0,         0,         0,         0,         0,         0,         0,     80566,    104539,     59428,     79999
       380,    530380, 76.137165,     155.7,      39.7,     95506,      3385,     26436,      1549,  14870325,    527092,   4116150,    241209,     -4755,     -6445,    -11200,   -740394,  -1003449,  -1743843,     69082,      3991,     16807,      1861,   2742538,    158452,    667220,     73868,     -3959,     -9636,    -13595,   -157154,   -382550,   -539704,      3385,      1680,      3991,       707,    100262,    106706,     73040,     82676
       381,    530381, 41.794157,      93.9,      10.1,     95912,      4019,     29615,      2440,   9006151,    377348,   2780818,    229127,     -4632,     -6399,    -11031,   -434964,   -600851,  -1035815,     69298,      3557,     17764,      1753,    699912,     35924,    179414,     17705,     -3969,     -9716,    -13685,    -40087,    -98133,   -138220,      4019,      1687,      3557,       710,    100544,    106943,     73267,     82983
       382,    530382,154.480497,      76.5,         0,     82818,       247,     14345,        81,   6335552,     18884,   1097382,      6215,     -7838,    -14678,    -22516,   -599630,  -1122861,  -1722491,     61114,       838,     13446,       653,         0,         0,         0,         0,     -5349,    -14304,    -19653,         0,         0,         0,       247,         0,       838,         0,     90656,    105334,     66463,     80767
       383,    530383,103.898398,     162.4,     348.8,     93490,      5261,     37756,      3467,  15182776,    854377,   6131544,    562983,     -3729,     -8419,    -12148,   -605623,  -1367264,  -1972887,     66419,      3396,     19574,      1305,  23166916,   1184461,   6827357,    455150,     -3250,    -11592,    -14842,  -1133500,  -4043319,  -5176819,      4659,      5261,      3396,      1704,     97219,    105638,     69669,     81261
       384,    530384,342.334683,      22.3,     149.1,     69195,         0,     11000,       149,   1543054,         0,    245306,      3325,     -8443,    -25908,    -34351,   -188272,   -577748,   -766020,     51450,         0,     11515,        37,   7671253,         0,   1716926,      5445,     -5676,    -22118,    -27794,   -846249,  -3297820,  -4144069,         0,         0,         0,         0,     77638,    103546,     57126,     79244
       385,    530385, 87.237685,     414.9,      67.7,     86391,      2363,     18834,       378,  35843432,    980373,   7814277,    156831,     -6552,     -9901,    -16453,  -2718421,  -4107790,  -6826212,     63410,      3260,     15017,      1633,   4292876,    220709,   1016640,    110576,     -4482,    -11087,    -15569,   -303421,   -750614,  -1054036,      2363,         0,      3260,         0,     92943,    102843,     67892,     78979
       386,    530386, 72.803102,      41.4,         0,     88044,      3258,     21204,       558,   3645035,    134865,    877825,     23121,     -6107,     -9636,    -15743,   -252824,   -398949,   -651773,     64440,      4176,     15800,      1738,         0,         0,         0,         0,     -4194,    -11003,    -15197,         0,         0,         0,      3258,         0,      4176,         0,     94151,    103788,     68634,     79637
       387,    530387,149.081807,     245.8,     127.8,     91785,      3222,     24722,      1269,  22560821,    791946,   6076636,    312006,     -5169,     -9097,    -14266,  -1270575,  -2236110,  -3506685,     66612,      4416,     16833,      1536,   8513033,    564329,   2151257,    196360,     -3825,    -11266,    -15091,   -488883,  -1439781,  -1928664,      3222,      1650,      4416,       714,     96954,    106052,     70438,     81703
       388,    530388, 67.762616,      99.0,     285.8,     91698,      5326,     32581,      3530,   9078101,    527275,   3225482,    349474,     -4723,     -8526,    -13249,   -467600,   -844064,  -1311664,     65951,      3539,     18875,      1511,  18848778,   1011364,   5394504,    431930,     -3571,    -10812,    -14382,  -1020549,  -3089949,  -4110497,      5326,      5101,      3539,      1670,     96421,    104947,     69522,     80333
       389,    530389, 45.452859,      79.9,         0,     86103,      2310,     16472,       198,   6879645,    184573,   1316083,     15822,     -7345,    -12175,    -19520,   -586878,   -972743,  -1559621,     63242,      2675,     14266,      1420,         0,         0,         0,         0,     -5014,    -12937,    -17951,         0,         0,         0,      2310,         0,      2675,         0,     93448,    105623,     68256,     81193
       390,    530390, 44.780703,      72.4,     747.3,     90766,      2530,     29081,      2068,   6571468,    183190,   2105480,    149754,     -5282,     -9607,    -14889,   -382398,   -695547,  -1077945,     65778,      4131,     18153,      1555,  49156251,   3087225,  13566095,   1162290,     -3843,    -11466,    -15309,  -2871966,  -8568706, -11440672,      2530,      1687,      4131,       730,     96048,    105655,     69622,     81088
       391,    530391, 71.949134,     137.1,     657.9,     94258,      5189,     38053,      4473,  12922714,    711401,   5217101,    613192,     -4127,     -7471,    -11598,   -565861,  -1024231,  -1590092,     67430,      4177,     20168,      1125,  44362082,   2748269,  13268342,    740327,     -3439,    -10541,    -13981,  -2262719,  -6935170,  -9197889,      4759,      5189,      4177,      1558,     98385,    105856,     70869,     81411
       392,    530392,121.064744,     220.3,     333.9,     97982,      4988,     46897,      2993,  21585421,   1098870,  10331350,    659266,     -2442,     -6214,     -8657,   -538023,  -1369028,  -1907051,     70385,      1588,     21912,      1083,  23501684,    530285,   7316432,    361629,     -2417,     -9654,    -12071,   -807041,  -3223602,  -4030643,      2879,      4988,      1458,      1588,    100424,    106639,     72802,     82457
       393,    530393,133.606858,     385.8,      31.3,     85723,      2028,     20483,       180,  33072018,    782560,   7902417,     69400,     -6581,    -10943,    -17524,  -2538969,  -4221968,  -6760937,     62893,      2624,     16059,       951,   1968543,     82137,    502646,     29769,     -4502,    -11575,    -16077,   -140907,   -362299,   -503206,      2028,         0,      2624,         0,     92304,    103248,     67395,     78970
       394,    530394, 45.553666,         0,      37.9,     89456,      2411,     23244,       439,         0,         0,         0,         0,     -6046,     -9106,    -15152,         0,         0,         0,     65545,      3820,     16832,      1491,   2484142,    144786,    637922,     56490,     -4153,    -10444,    -14597,   -157390,   -395828,   -553217,      2411,         0,      3820,         0,     95502,    104608,     69697,     80141
       395,    530395, 22.196008,      47.6,      32.6,     95023,      5132,     34248,      3985,   4523109,    244276,   1630224,    189707,     -4438,     -6780,    -11218,   -211251,   -322731,   -533982,     68626,      2845,     19814,      1223,   2237222,     92763,    645941,     39858,     -3499,     -9744,    -13243,   -114053,   -317657,   -431710,      2990,      5132,      2845,      1666,     99461,    106241,     72125,     81869
       396,    530396, 20.790710,      45.5,      50.2,     94327,      2894,     32324,      3074,   4291882,    131675,   1470763,    139886,     -4856,     -7017,    -11874,   -220961,   -319286,   -540247,     68465,      2928,     19327,      1322,   3436962,    147000,    970216,     66355,     -3647,     -9726,    -13374,   -183095,   -488269,   -671363,      2894,      1689,      2928,       731,     99183,    106201,     72113,     81839
       397,    530397, 20.668683,      49.9,      46.4,     89826,      2642,     30931,      2288,   4482341,    131830,   1543481,    114182,     -5224,     -9613,    -14837,   -260698,   -479682,   -740380,     65247,      2719,     19107,      1322,   3027465,    126151,    886552,     61324,     -3685,    -11051,    -14736,   -170975,   -512760,   -683735,      2642,      1663,      2719,       720,     95051,    104664,     68932,     79983
       398,    530398, 49.806596,     218.2,         0,     91627,      2081,     27229,      1211,  19992965,    453987,   5941357,    264327,     -5349,     -8255,    -13604,  -1167237,  -1801192,  -2968428,     66900,      4074,     18083,      1274,         0,         0,         0,         0,     -3717,    -10030,    -13747,         0,         0,         0,      2081,      1634,      4074,       708,     96976,    105231,     70616,     80647
       399,    530399, 66.299709,      65.8,    1369.3,     94259,      5189,     38900,      5453,   6202261,    341431,   2559611,    358788,     -4127,     -7482,    -11609,   -271526,   -492323,   -763848,     67431,      4192,     20821,      1072,  92332658,   5739486,  28509884,   1468161,     -3439,    -10494,    -13933,  -4709393, -14369268, -19078661,      4779,      5189,      4192,      1558,     98386,    105868,     70870,     81364
       400,    530400,415.629415,         0,         0,         0,         0,      7165,        34,         0,         0,         0,         0,         0,         0,         0,         0,         0,         0,         0,         0,      8362,        52,         0,         0,         0,         0,         0,         0,         0,         0,         0,         0,         0,         0,         0,         0,         0,         0,         0,         0
       401,    530401, 10.872975,      28.3,         0,     92520,      4688,     35504,      4415,   2618323,    132671,   1004760,    124952,     -5009,     -8595,    -13604,   -141745,   -243248,   -384993,     67024,      2881,     20260,      1159,         0,         0,         0,         0,     -3698,    -10940,    -14639,         0,         0,         0,      4688,      1660,      2881,       719,     97529,    106124,     70722,     81662
       402,    530402, 21.450428,      40.5,       2.6,     93090,      2658,     33870,      3314,   3770132,    107659,   1371725,    134232,     -5039,     -8052,    -13090,   -204065,   -326097,   -530162,     67761,      2580,     20053,      1181,    176179,      6709,     52137,      3071,     -3630,    -10327,    -13957,     -9438,    -26851,    -36288,      2658,      1668,      2580,       722,     98128,    106180,     71391,     81718
       403,    530403, 20.029659,      51.4,       7.6,     91401,      2448,     31438,      2113,   4698003,    125841,   1615918,    108625,     -5081,     -9236,    -14317,   -261157,   -474744,   -735901,     66632,      2465,     19492,      1250,    506403,     18734,    148141,      9499,     -3633,    -10862,    -14495,    -27608,    -82555,   -110162,      2448,      1633,      2465,       707,     96482,    105718,     70265,     81127
       404,    530404,135.580949,     104.8,       4.6,     89046,      2212,     26679,       546,   9331992,    231818,   2795931,     57264,     -5100,    -10466,    -15566,   -534432,  -1096837,  -1631269,     65147,      3216,     18283,      1177,    299677,     14792,     84100,      5413,     -3546,    -11164,    -14711,    -16314,    -51356,    -67670,      2212,         0,      3216,         0,     94145,    104611,     68694,     79858
       405,    530405, 17.578673,      22.6,         0,     91637,      4689,     36220,      4459,   2070994,    105975,    818567,    100763,     -5109,     -9368,    -14476,   -115453,   -211706,   -327159,     66623,      2696,     20636,      1112,         0,         0,         0,         0,     -3651,    -11321,    -14972,         0,         0,         0,      4689,      1644,      2696,       712,     96745,    106113,     70274,     81595
       406,    530406, 28.083918,      18.3,         0,     91720,      2381,     35150,      3188,   1678467,     43566,    643242,     58349,     -5107,     -9264,    -14371,    -93465,   -169527,   -262992,     66688,      2297,     20629,      1009,         0,         0,         0,         0,     -3651,    -11181,    -14832,         0,         0,         0,      2381,      1646,      2297,       713,     96827,    106091,     70339,     81520
       407,    530407, 22.440861,      41.4,      17.1,     91714,      1641,     32824,      2205,   3796952,     67948,   1358908,     91271,     -4902,     -9286,    -14188,   -202954,   -384443,   -587397,     66756,      2021,     20050,      1124,   1141531,     34559,    342849,     19215,     -3497,    -11050,    -14547,    -59793,   -188960,   -248753,      1127,      1641,      2021,       711,     96616,    105902,     70253,     81303
       408,    530408, 39.036270,      47.3,       2.3,     90247,      1608,     30882,       641,   4268684,     76042,   1460716,     30316,     -4757,    -10205,    -14962,   -225002,   -482693,   -707695,     65805,      1473,     19872,       995,    151353,      3388,     45705,      2288,     -3546,    -11563,    -15109,     -8155,    -26595,    -34750,       377,      1608,      1473,       697,     95004,    105209,     69351,     80914
       409,    530409,114.040685,     223.9,      91.0,     86809,         0,     26936,       263,  19436513,         0,   6031075,     58818,     -4796,    -12879,    -17674,  -1073765,  -2883497,  -3957262,     63122,         0,     18789,       795,   5744090,         0,   1709829,     72316,     -3548,    -13475,    -17023,   -322891,  -1226209,  -1549100,         0,         0,         0,         0,     91605,    104483,     66670,     80145
       410,    530410,208.291728,      37.0,     168.9,     76801,         0,     14566,       227,   2841650,         0,    538959,      8400,     -5388,    -19009,    -24396,   -199348,   -703318,   -902667,     56294,         0,     14015,        56,   9508036,         0,   2367087,      9433,     -3850,    -18087,    -21937,   -650224,  -3054916,  -3705141,         0,         0,         0,         0,     82189,    101198,     60144,     78231
       411,    530411,266.812737,      52.6,     104.6,     79474,         0,     21936,       618,   4180358,         0,   1153819,     32496,     -5400,    -18564,    -23964,   -284049,   -976450,  -1260499,     57825,         0,     17067,       512,   6048513,         0,   1785178,     53527,     -3897,    -17432,    -21329,   -407640,  -1823347,  -2230987,         0,         0,         0,         0,     84875,    103438,     61722,     79154
       412,    530412, 27.004968,      71.9,      23.8,     90086,      1605,     33403,      1238,   6477199,    115377,   2401651,     89028,     -4762,    -10503,    -15265,   -342366,   -755162,  -1097528,     65681,       695,     20592,       938,   1563216,     16551,    490097,     22315,     -3548,    -11820,    -15367,    -84432,   -281306,   -365738,         0,      1605,         0,       695,     94848,    105351,     69229,     81048
       413,    530413, 26.940105,         0,         0,     88649,         0,     30116,       416,         0,         0,         0,         0,     -4720,    -11563,    -16283,         0,         0,         0,     64496,         0,     19817,       873,         0,         0,         0,         0,     -3521,    -12593,    -16114,         0,         0,         0,         0,         0,         0,         0,     93369,    104932,     68017,     80609
       414,    530414, 47.844784,      14.5,       2.9,     89932,      1601,     34335,      1435,   1304009,     23211,    497856,     20803,     -4038,    -10642,    -14680,    -58552,   -154315,   -212867,     65011,       694,     21090,       790,    188531,      2012,     61162,      2292,     -2883,    -11998,    -14881,     -8360,    -34795,    -43155,         0,      1601,         0,       694,     93970,    104612,     67894,     79892
       415,    530415,262.210654,      52.2,      34.3,     71865,         0,      7825,        34,   3751336,         0,    408463,      1790,     -5212,    -21687,    -26899,   -272090,  -1132064,  -1404154,     53063,         0,      9159,        52,   1820055,         0,    314168,      1790,     -3754,    -19821,    -23574,   -128747,   -679857,   -808604,         0,         0,         0,         0,     77077,     98764,     56816,     76637
       416,    530416, 52.813344,     101.4,      10.6,     87491,         0,     32519,       450,   8871540,         0,   3297434,     45615,     -4806,    -12883,    -17689,   -487292,  -1306339,  -1793631,     63695,         0,     20806,       766,    675163,         0,    220543,      8123,     -3498,    -13399,    -16896,    -37076,   -142026,   -179102,         0,         0,         0,         0,     92296,    105179,     67192,     80591
       417,    530417,540.724329,     139.4,     547.4,     81015,         0,     19367,       736,  11293424,         0,   2699717,    102556,     -5388,    -16800,    -22187,   -751018,  -2341889,  -3092907,     59011,         0,     16223,       461,  32302584,         0,   8880581,    252528,     -3891,    -15977,    -19867,  -2129690,  -8745673, -10875363,         0,         0,         0,         0,     86402,    103202,     62901,     78878
       418,    530418, 90.982602,     119.2,      35.1,     86714,         0,     28692,       406,  10336268,         0,   3420046,     48393,     -4828,    -13178,    -18006,   -575477,  -1570805,  -2146282,     63103,         0,     19667,       821,   2214907,         0,    690299,     28825,     -3514,    -13469,    -16983,   -123335,   -472759,   -596094,         0,         0,         0,         0,     91541,    104719,     66617,     80086
       419,    530419,114.744676,     113.5,       9.6,     83226,         0,     37161,      1139,   9446155,         0,   4217764,    129305,     -5002,    -14993,    -19995,   -567698,  -1701702,  -2269400,     59562,         0,     22094,       730,    571799,         0,    212105,      7005,     -3498,    -15059,    -18558,    -33584,   -144568,   -178152,         0,         0,         0,         0,     88228,    103221,     63061,     78120
       420,    530420,139.130666,     172.9,      44.2,     87261,         0,     43372,      1389,  15087351,         0,   7499055,    240169,     -4878,    -12015,    -16893,   -843394,  -2077459,  -2920852,     62039,         0,     23616,      1139,   2742103,         0,   1043838,     50336,     -3480,    -13374,    -16854,   -153828,   -591118,   -744946,         0,         0,         0,         0,     92138,    104154,     65519,     78893
       421,    530421, 65.843552,      95.9,      15.7,     86021,         0,     33262,       343,   8249407,         0,   3189852,     32940,     -4958,    -13899,    -18857,   -475428,  -1332925,  -1808353,     62453,         0,     21140,       858,    980510,         0,    331899,     13466,     -3538,    -14304,    -17842,    -55553,   -224570,   -280122,         0,         0,         0,         0,     90978,    104878,     65991,     80295
       422,    530422, 87.822950,     116.4,      82.9,     85432,         0,     28715,       338,   9944289,         0,   3342382,     39371,     -4966,    -13853,    -18819,   -578065,  -1612472,  -2190537,     62004,         0,     19771,       992,   5140170,         0,   1638979,     82248,     -3544,    -14217,    -17761,   -293792,  -1178622,  -1472414,         0,         0,         0,         0,     90398,    104251,     65548,     79766
       423,    530423,262.588659,     261.1,     101.3,     81576,         0,     22499,       722,  21299483,         0,   5874544,    188393,     -5197,    -16016,    -21213,  -1356954,  -4181864,  -5538817,     59202,         0,     17491,       892,   5997190,         0,   1771864,     90352,     -3625,    -15573,    -19198,   -367207,  -1577581,  -1944788,         0,         0,         0,         0,     86773,    102789,     62827,     78401
       424,    530424,175.160042,     155.4,      42.5,     88975,      6245,     51433,      1255,  13826639,    970514,   7992699,    195011,     -4904,    -11383,    -16287,   -762151,  -1768852,  -2531003,     62732,      2334,     25424,      1462,   2666103,     99187,   1080532,     62133,     -3695,    -13659,    -17354,   -157046,   -580519,   -737565,      6245,         0,      2334,         0,     93879,    105262,     66427,     80086
       425,    530425,726.834154,      59.2,       8.5,     70261,         0,     11557,        10,   4159471,         0,    684187,       607,     -4895,    -22225,    -27120,   -289788,  -1315723,  -1605511,     50654,         0,     12520,        80,    430556,         0,    106419,       679,     -3445,    -20685,    -24130,    -29282,   -175825,   -205107,         0,         0,         0,         0,     75156,     97381,     54099,     74784
       426,    530426,150.825782,     136.3,      68.0,     84968,         0,     34001,       285,  11581093,         0,   4634368,     38813,     -4974,    -13080,    -18054,   -677915,  -1782787,  -2460702,     60866,         0,     21309,       840,   4138889,         0,   1449038,     57118,     -3481,    -13379,    -16860,   -236697,   -909787,  -1146484,         0,         0,         0,         0,     89941,    103021,     64347,     77726
       427,    530427,120.030741,     251.6,     174.5,     90182,       795,     45801,       461,  22689913,    199956,  11523536,    115977,     -4723,    -10140,    -14863,  -1188353,  -2551190,  -3739543,     63648,       409,     24293,       954,  11106567,     71441,   4239163,    166430,     -3626,    -12407,    -16032,   -632677,  -2164968,  -2797646,         0,       795,         0,       409,     94906,    105046,     67274,     79680
       428,    530428, 80.731545,     187.1,      48.8,     88387,         0,     40763,       441,  16537145,         0,   7626849,     82458,     -4692,    -10835,    -15526,   -877848,  -2027149,  -2904997,     62835,         0,     23104,       956,   3066350,         0,   1127470,     46648,     -3395,    -12229,    -15624,   -165680,   -596777,   -762457,         0,         0,         0,         0,     93079,    103913,     66230,     78459
       429,    530429,180.013073,     329.6,      50.9,     80980,         0,     22097,       275,  26690947,         0,   7283074,     90595,     -5276,    -15911,    -21187,  -1738845,  -5244327,  -6983172,     58577,         0,     17303,       827,   2981571,         0,    880713,     42083,     -3672,    -15383,    -19055,   -186916,   -783008,   -969924,         0,         0,         0,         0,     86255,    102167,     62249,     77633
       430,    530430, 51.261573,      64.7,      16.4,     83688,         0,     28165,       261,   5414639,         0,   1822296,     16868,     -4701,    -15223,    -19924,   -304185,   -984926,  -1289112,     60456,         0,     19478,       941,    991485,         0,    319441,     15431,     -3231,    -14940,    -18170,    -52985,   -245010,   -297995,         0,         0,         0,         0,     88390,    103613,     63687,     78627
       431,    530431, 33.099208,         0,         0,     91024,       805,     53437,      1725,         0,         0,         0,         0,     -4846,     -9427,    -14273,         0,         0,         0,     64010,       414,     25986,      1018,         0,         0,         0,         0,     -3934,    -12232,    -16166,         0,         0,         0,         0,       805,         0,       414,     95870,    105297,     67944,     80176
       432,    530432,165.479049,     120.7,      48.5,     86769,         0,     33150,       233,  10473025,         0,   4001153,     28145,     -4745,    -11911,    -16656,   -572680,  -1437643,  -2010323,     62068,         0,     20826,       802,   3010314,         0,   1010054,     38899,     -3335,    -12679,    -16014,   -161760,   -614912,   -776673,         0,         0,         0,         0,     91514,    103425,     65404,     78082
       433,    530433,160.892188,      32.6,     139.7,     89886,         0,     45144,       615,   2930284,         0,   1471708,     20042,     -4880,    -10042,    -14922,   -159093,   -327379,   -486473,     63216,         0,     24088,       911,   8831333,         0,   3365141,    127301,     -3824,    -12272,    -16097,   -534275,  -1714468,  -2248743,         0,         0,         0,         0,     94766,    104808,     67041,     79313
       434,    530434, 68.150139,     100.3,       7.3,     80366,         0,     23536,       112,   8060668,         0,   2360626,     11262,     -4665,    -16931,    -21596,   -467901,  -1698131,  -2166032,     57644,         0,     17724,       760,    420800,         0,    129384,      5545,     -3240,    -16178,    -19419,    -23655,   -118102,   -141757,         0,         0,         0,         0,     85031,    101961,     60884,     77063
       435,    530435, 80.234648,      73.8,         0,     88081,         0,     39226,       446,   6500380,         0,   2894863,     32908,     -4820,    -11080,    -15900,   -355735,   -817675,  -1173410,     62344,         0,     22604,       903,         0,         0,         0,         0,     -3501,    -12537,    -16037,         0,         0,         0,         0,         0,         0,         0,     92901,    103981,     65845,     78382
       436,    530436, 72.203274,      78.7,         0,     84112,         0,     26874,       161,   6619615,         0,   2115020,     12674,     -4573,    -14409,    -18982,   -359886,  -1133975,  -1493862,     60567,         0,     18893,       790,         0,         0,         0,         0,     -3130,    -14189,    -17319,         0,         0,         0,         0,         0,         0,         0,     88685,    103094,     63697,     77886
       437,    530437,155.745329,     157.7,      25.2,     87568,         0,     42422,       265,  13809538,         0,   6689942,     41722,     -4869,    -11872,    -16740,   -767767,  -1872195,  -2639962,     61733,         0,     23097,       799,   1555660,         0,    582042,     20142,     -3505,    -13313,    -16818,    -88326,   -335485,   -423811,         0,         0,         0,         0,     92437,    104309,     65238,     78550
       438,    530438, 81.931531,     177.0,      52.1,     87113,         0,     36507,       246,  15419009,         0,   6461655,     43462,     -4604,    -11902,    -16507,   -814969,  -2106741,  -2921710,     61773,         0,     21555,       968,   3218367,         0,   1123037,     50427,     -3191,    -12786,    -15977,   -166238,   -666143,   -832382,         0,         0,         0,         0,     91717,    103620,     64964,     77749
       439,    530439,161.341894,     158.9,      54.2,     85156,         0,     30484,       191,  13531334,         0,   4843880,     30295,     -5074,    -13126,    -18200,   -806283,  -2085648,  -2891931,     60720,         0,     19770,       956,   3290998,         0,   1071555,     51814,     -3634,    -13366,    -17000,   -196956,   -724450,   -921406,         0,         0,         0,         0,     90230,    103356,     64353,     77720
       440,    530440, 78.218940,      32.2,         0,     85005,         0,     24693,       141,   2737166,         0,    795123,      4543,     -4830,    -13113,    -17942,   -155519,   -422223,   -577742,     61057,         0,     17915,       821,         0,         0,         0,         0,     -3362,    -13187,    -16550,         0,         0,         0,         0,         0,         0,         0,     89835,    102947,     64419,     77606
       441,    530441,148.611517,     195.3,      18.7,     81120,         0,     19936,        57,  15842787,         0,   3893537,     11175,     -4659,    -15644,    -20303,   -909968,  -3055298,  -3965265,     58207,         0,     16142,       550,   1088480,         0,    301848,     10290,     -3230,    -15138,    -18369,    -60410,   -283087,   -343497,         0,         0,         0,         0,     85780,    101424,     61438,     76576
       442,    530442,329.104060,     403.9,      52.2,     81373,         0,     15271,        90,  32866385,         0,   6167872,     36424,     -5196,    -14375,    -19572,  -2098751,  -5806191,  -7904941,     58480,         0,     13807,       582,   3052642,         0,    720713,     30360,     -3701,    -13784,    -17485,   -193211,   -719528,   -912739,         0,         0,         0,         0,     86569,    100944,     62181,     75965
       443,    530443, 40.354802,      64.3,       1.9,     88235,         0,     37822,       178,   5673535,         0,   2431958,     11474,     -5079,    -10568,    -15647,   -326584,   -679531,  -1006115,     62182,         0,     21490,      1031,    118146,         0,     40831,      1959,     -3679,    -12179,    -15858,     -6990,    -23140,    -30131,         0,         0,         0,         0,     93314,    103883,     65861,     78040
       444,    530444, 95.027643,     143.5,      18.1,     86795,         0,     31180,       175,  12455116,         0,   4474315,     25075,     -5039,    -11253,    -16292,   -723092,  -1614773,  -2337865,     61646,         0,     19691,      1039,   1115796,         0,    356408,     18800,     -3609,    -12055,    -15664,    -65322,   -218190,   -283512,         0,         0,         0,         0,     91834,    103087,     65255,     77310
       445,    530445,150.002837,     177.6,      27.0,     82096,         0,     22850,       150,  14580301,         0,   4058137,     26664,     -5144,    -15251,    -20395,   -913591,  -2708534,  -3622125,     58993,         0,     16922,       890,   1592810,         0,    456902,     24033,     -3675,    -14272,    -17947,    -99231,   -385339,   -484570,         0,         0,         0,         0,     87240,    102491,     62668,     76940
       446,    530446,627.300806,      12.1,       1.8,     71031,         0,      7851,        18,    859473,         0,     94999,       219,     -4733,    -23629,    -28362,    -57271,   -285908,   -343179,     51221,         0,      9889,       138,     92198,         0,     17801,       249,     -3224,    -20536,    -23760,     -5803,    -36966,    -42768,         0,         0,         0,         0,     75764,     99393,     54445,     74981
       447,    530447, 79.138693,     188.7,       6.8,     84780,         0,     30065,       163,  15997916,         0,   5673199,     30844,     -5049,    -12821,    -17870,   -952782,  -2419252,  -3372034,     59840,         0,     19060,       857,    406910,         0,    129606,      5826,     -3639,    -13326,    -16965,    -24748,    -90617,   -115365,         0,         0,         0,         0,     89829,    102649,     63479,     76805
       448,    530448,156.177057,      50.5,         0,     82230,         0,     26753,       137,   4152591,         0,   1351041,      6908,     -5033,    -14563,    -19596,   -254174,   -735426,   -989600,     57962,         0,     17680,       619,         0,         0,         0,         0,     -3610,    -14263,    -17874,         0,         0,         0,         0,         0,         0,         0,     87263,    101826,     61573,     75836
       449,    530449,116.207262,         0,      32.7,     80200,         0,     20799,        97,         0,         0,         0,         0,     -5200,    -16576,    -21776,         0,         0,         0,     57615,         0,     15790,       594,   1884007,         0,    516325,     19423,     -3703,    -15007,    -18711,   -121104,   -490739,   -611843,         0,         0,         0,         0,     85400,    101977,     61318,     76326
       450,    530450,497.785380,     312.9,      80.5,     76487,         0,     11888,        85,  23932936,         0,   3719743,     26547,     -5057,    -19118,    -24175,  -1582249,  -5981977,  -7564226,     55122,         0,     12006,       339,   4437336,         0,    966480,     27327,     -3656,    -16683,    -20339,   -294333,  -1342964,  -1637296,         0,         0,         0,         0,     81544,    100662,     58778,     75461
       451,    530451, 83.807041,         0,         0,     76490,         0,      9452,        83,         0,         0,         0,         0,     -5056,    -18495,    -23551,         0,         0,         0,     55124,         0,     10907,       317,         0,         0,         0,         0,     -3656,    -16492,    -20149,         0,         0,         0,         0,         0,         0,         0,     81546,    100041,     58780,     75272
       452,    530452, 78.959569,         0,       1.9,     76378,         0,      7079,        60,         0,         0,         0,         0,     -5057,    -16817,    -21874,         0,         0,         0,     55040,         0,      9367,       226,    104576,         0,     17798,       429,     -3656,    -15367,    -19023,     -6947,    -29197,    -36143,         0,         0,         0,         0,     81435,     98252,     58696,     74063
       453,    530453,225.537307,     201.7,      12.6,     58967,         0,      3396,        13,  11893735,         0,    685073,      2541,     -9068,    -16460,    -25527,  -1828937,  -3319920,  -5148858,     44118,         0,      3498,       202,    555884,         0,     44071,      2541,     -6162,    -17573,    -23735,    -77639,   -221424,   -299063,         0,         0,         0,         0,     68035,     84495,     50280,     67853
       454,    530454,155.102541,         0,     630.0,     65373,         0,      5111,       791,         0,         0,         0,         0,    -16385,    -13476,    -29860,         0,         0,         0,     49248,         0,      4239,         0,  31025956,         0,   2670386,         0,    -11050,    -14801,    -25851,  -6961733,  -9324378, -16286111,         0,         0,         0,         0,     81757,     95233,     60298,     75099
       455,    530455,500.120537,         0,     236.5,     62269,         0,      5305,       633,         0,         0,         0,         0,    -16378,    -13984,    -30363,         0,         0,         0,     46733,         0,      4936,         0,  11052400,         0,   1167452,        35,    -11024,    -15571,    -26594,  -2607128,  -3682427,  -6289555,         0,         0,         0,         0,     78647,     92631,     57757,     73328
       456,    530456, 46.019509,      83.0,       2.5,     24880,         0,      5249,        65,   2065067,         0,    435693,      5406,    -26278,    -18135,    -44413,  -2181063,  -1505220,  -3686283,     23868,         0,      8037,       651,     59670,         0,     20093,      1628,    -16158,    -16195,    -32353,    -40394,    -40489,    -80883,         0,         0,         0,         0,     51158,     69293,     40026,     56221
       457,    530457, 55.527827,     143.6,       3.9,     21194,         0,      5056,       257,   3043423,         0,    725991,     36961,    -24372,    -20051,    -44423,  -3499790,  -2879388,  -6379178,     21383,         0,      7608,       828,     83393,         0,     29670,      3229,    -14491,    -17674,    -32166,    -56515,    -68930,   -125446,         0,         0,         0,         0,     45566,     65617,     35874,     53548
       458,    530458,434.809863,       3.9,     120.7,     62836,         0,      5241,       130,    245060,         0,     20441,       506,    -16412,    -12882,    -29294,    -64006,    -50241,   -114247,     48026,         0,      5485,         4,   5796789,         0,    662031,       471,    -11054,    -13872,    -24927,  -1334247,  -1674395,  -3008643,         0,         0,         0,         0,     79248,     92130,     59081,     72953
       459,    530459,453.978134,     228.8,      17.4,     34855,         0,      5334,        98,   7974906,         0,   1220407,     22395,    -29074,    -16649,    -45723,  -6652179,  -3809283, -10461462,     30419,         0,      8560,       349,    529293,         0,    148943,      6065,    -18618,    -15568,    -34186,   -323948,   -270888,   -594836,         0,         0,         0,         0,     63930,     80579,     49037,     64605
       460,    530460,294.071880,         0,         0,     27828,         0,      5391,         0,         0,         0,         0,         0,    -28808,    -18829,    -47637,         0,         0,         0,     25920,         0,      8882,         0,         0,         0,         0,         0,    -17938,    -16976,    -34913,         0,         0,         0,         0,         0,         0,         0,     56635,     75465,     43858,     60834
       461,    530461,104.349599,       7.7,         0,     23841,         0,      5385,        35,    183573,         0,     41461,       272,    -26066,    -20373,    -46439,   -200705,   -156875,   -357580,     23190,         0,      8380,       294,         0,         0,         0,         0,    -15904,    -17903,    -33807,         0,         0,         0,         0,         0,         0,         0,     49906,     70280,     39094,     56997
       462,    530462,102.189811,         0,         0,     25678,         0,      5514,        46,         0,         0,         0,         0,    -28404,    -18367,    -46771,         0,         0,         0,     24672,         0,      8805,        23,         0,         0,         0,         0,    -17450,    -16466,    -33916,         0,         0,         0,         0,         0,         0,         0,     54082,     72449,     42121,     58587
       463,    530463,520.413043,     365.9,         0,     42460,         0,      5172,         0,  15536079,         0,   1892299,         0,    -28957,    -15441,    -44397, -10595196,  -5649727, -16244922,     35196,         0,      7119,       558,         0,         0,         0,         0,    -19080,    -14984,    -34064,         0,         0,         0,         0,         0,         0,         0,     71416,     86857,     54276,     69260
       464,    530464,223.339269,         0,         0,     30856,         0,      5594,       523,         0,         0,         0,         0,    -29147,    -16307,    -45454,         0,         0,         0,     28010,         0,      9192,       310,         0,         0,         0,         0,    -18358,    -14985,    -33343,         0,         0,         0,         0,         0,         0,         0,     60004,     76310,     46368,     61353
       465,    530465, 57.085447,         0,      51.4,     27414,         0,      5533,       762,         0,         0,         0,         0,    -28713,    -16532,    -45245,         0,         0,         0,     25828,         0,      8856,       381,   1327580,         0,    455194,     19578,    -17796,    -15056,    -32852,   -914713,   -773882,  -1688595,         0,         0,         0,         0,     56127,     72659,     43624,     58680
       466,    530466,108.833227,      49.5,         0,     26229,         0,      5427,       495,   1298345,         0,    268635,     24495,    -26540,    -18901,    -45441,  -1313725,   -935590,  -2249315,     24770,         0,      8529,       727,         0,         0,         0,         0,    -16450,    -16730,    -33180,         0,         0,         0,         0,         0,         0,         0,     52769,     71670,     41220,     57950
       467,    530467, 75.934216,     193.6,       3.8,     26483,         0,      5283,       267,   5127067,         0,   1022811,     51678,    -26583,    -16976,    -43559,  -5146426,  -3286648,  -8433075,     24941,         0,      8107,       924,     94776,         0,     30807,      3512,    -16498,    -15282,    -31781,    -62693,    -58073,   -120766,         0,         0,         0,         0,     53066,     70042,     41439,     56721
       468,    530468, 42.065571,      28.5,      20.7,     29823,         0,      4981,       238,    849949,         0,    141972,      6786,    -24072,    -15595,    -39667,   -686059,   -444453,  -1130512,     27073,         0,      7377,       503,    560409,         0,    152710,     10404,    -14965,    -14200,    -29165,   -309769,   -293941,   -603710,         0,         0,         0,         0,     53895,     69490,     42038,     56238
       469,    530469, 61.170327,      60.6,      44.3,     28512,         0,      5116,       273,   1727842,         0,    310017,     16532,    -25230,    -16369,    -41599,  -1528935,   -991978,  -2520912,     26227,         0,      7697,       795,   1161850,         0,    340998,     35232,    -15710,    -14786,    -30496,   -695935,   -655037,  -1350972,         0,         0,         0,         0,     53742,     70111,     41936,     56723
       470,    530470,469.738089,         0,         0,     18696,         0,      4290,         0,         0,         0,         0,         0,    -26413,    -21882,    -48295,         0,         0,         0,     20157,         0,      6129,        31,         0,         0,         0,         0,    -15222,    -18967,    -34190,         0,         0,         0,         0,         0,         0,         0,     45109,     66991,     35380,     54347
       471,    530471,239.950407,     381.0,         0,     41827,         0,      5508,       469,  15935963,         0,   2098448,    178777,    -28940,    -17185,    -46125, -11025972,  -6547597, -17573570,     34750,         0,      7513,       792,         0,         0,         0,         0,    -19029,    -16188,    -35217,         0,         0,         0,         0,         0,         0,         0,     70766,     87952,     53779,     69967
       472,    530472,224.938024,         0,         0,         0,         0,      5523,       123,         0,         0,         0,         0,         0,         0,         0,         0,         0,         0,         0,         0,      8147,       815,         0,         0,         0,         0,         0,         0,         0,         0,         0,         0,         0,         0,         0,         0,         0,         0,         0,         0
       473,    530473,188.357592,     479.5,      40.9,     36320,         0,      5570,       488,  17415285,         0,   2670622,    233839,    -28696,    -18289,    -46985, -13759760,  -8769638, -22529398,     31335,         0,      8676,       955,   1281583,         0,    354856,     39049,    -18449,    -16737,    -35186,   -754582,   -684529,  -1439111,         0,         0,         0,         0,     65016,     83305,     49784,     66521
       474,    530474,164.034744,     213.4,     292.4,     36354,         0,      5697,       613,   7757985,         0,   1215780,    130903,    -29719,    -16146,    -45865,  -6341975,  -3445521,  -9787496,     31479,         0,      9058,      1223,   9204456,         0,   2648684,    357664,    -19178,    -15020,    -34198,  -5607595,  -4391941,  -9999536,         0,         0,         0,         0,     66073,     82219,     50657,     65677
       475,    530475,230.081303,     289.9,     223.7,     35250,         0,      5675,       711,  10219027,         0,   1645246,    206226,    -29669,    -14823,    -44492,  -8601119,  -4297150, -12898269,     30715,         0,      9271,       952,   6871055,         0,   2073875,    213059,    -19073,    -14025,    -33098,  -4266636,  -3137487,  -7404122,         0,         0,         0,         0,     64919,     79742,     49789,     63814
       476,    530476,189.425679,     200.8,     275.2,     30433,         0,      5623,      1214,   6111018,         0,   1129176,    243762,    -29675,    -17302,    -46977,  -5958645,  -3474264,  -9432908,     27751,         0,      9266,       708,   7637154,         0,   2550102,    194839,    -18715,    -15643,    -34358,  -5150341,  -4304940,  -9455281,         0,         0,         0,         0,     60108,     77410,     46466,     62109
       477,    530477,195.363167,     161.8,     763.2,     30758,         0,      5557,      1831,   4976598,         0,    899151,    296233,    -29704,    -15092,    -44795,  -4806068,  -2441839,  -7247907,     28008,         0,      8957,       857,  21375636,         0,   6836211,    654002,    -18753,    -13939,    -32691, -14312195, -10637895, -24950090,         0,         0,         0,         0,     60461,     75553,     46761,     60699
       478,    530478, 58.336513,      94.1,      21.6,     28794,         0,      5214,       625,   2709528,         0,    490668,     58820,    -25566,    -15868,    -41434,  -2405738,  -1493198,  -3898936,     26429,         0,      7894,       904,    570860,         0,    170503,     19531,    -15956,    -14418,    -30374,   -344653,   -311423,   -656075,         0,         0,         0,         0,     54360,     70228,     42385,     56803
       479,    530479, 39.453410,      88.6,      17.4,     28598,         0,      5320,       931,   2533787,         0,    471330,     82448,    -27441,    -15707,    -43148,  -2431245,  -1391666,  -3822911,     26430,         0,      8193,      1063,    459888,         0,    142566,     18488,    -17174,    -14317,    -31490,   -298821,   -249108,   -547929,         0,         0,         0,         0,     56039,     71746,     43604,     57921
       480,    530480, 93.135733,     126.0,         0,     26845,         0,      5432,      1488,   3382455,         0,    684476,    187524,    -27636,    -18035,    -45671,  -3482130,  -2272452,  -5754583,     25302,         0,      8564,       987,         0,         0,         0,         0,    -17154,    -16077,    -33230,         0,         0,         0,         0,         0,         0,         0,     54481,     72516,     42455,     58532
       481,    530481,503.536620,     143.8,       1.4,     19865,         0,      4362,         1,   2856604,         0,    627263,       201,    -26758,    -22670,    -49427,  -3847752,  -3259904,  -7107656,     20873,         0,      6142,       154,     29223,         0,      8598,       216,    -15666,    -19454,    -35120,    -21932,    -27236,    -49168,         0,         0,         0,         0,     46623,     69292,     36539,     55993
       482,    530482,241.921348,      21.0,         0,     21929,         0,      4932,       362,    460519,         0,    103572,      7593,    -27288,    -20304,    -47592,   -573044,   -426380,   -999423,     22094,         0,      7161,       379,         0,         0,         0,         0,    -16378,    -17771,    -34148,         0,         0,         0,         0,         0,         0,         0,     49217,     69521,     38472,     56242
       483,    530483, 33.380336,      44.5,      97.0,     29993,         0,      5154,       818,   1334699,         0,    229332,     36382,    -27326,    -14477,    -41803,  -1216010,   -644221,  -1860232,     27324,         0,      7720,       706,   2650448,         0,    748823,     68480,    -17199,    -13358,    -30558,  -1668324,  -1295768,  -2964091,         0,         0,         0,         0,     57319,     71796,     44523,     57882
       484,    530484,588.595925,     134.1,    1431.0,     71105,         0,      5377,      1539,   9535235,         0,    720998,    206341,    -16351,    -11529,    -27880,  -2192637,  -1546089,  -3738726,     53688,         0,      4576,       176,  76828188,         0,   6548278,    252156,    -11062,    -12784,    -23846, -15829503, -18294043, -34123547,         0,         0,         0,         0,     87456,     98986,     64750,     77534
       485,    530485,224.411111,     318.7,      10.1,     48644,         0,      5526,       129,  15502998,         0,   1761285,     41029,    -28671,    -15636,    -44308,  -9137578,  -4983245, -14120823,     39302,         0,      6603,       748,    396952,         0,     66689,      7559,    -19258,    -14884,    -34141,   -194503,   -150325,   -344829,         0,         0,         0,         0,     77316,     92952,     58560,     73444
       486,    530486,128.060079,     343.4,      33.3,     48473,         0,      5553,       487,  16645589,         0,   1907022,    167141,    -28633,    -13812,    -42445,  -9832468,  -4743133, -14575602,     39212,         0,      7117,       909,   1305756,         0,    236989,     30273,    -19199,    -13611,    -32810,   -639319,   -453243,  -1092561,         0,         0,         0,         0,     77106,     90918,     58411,     72022
       487,    530487, 92.885603,     146.7,     333.2,     30044,         0,      5414,      2152,   4407464,         0,    794258,    315763,    -29672,    -14457,    -44129,  -4352867,  -2120893,  -6473760,     27583,         0,      8501,      1193,   9190568,         0,   2832559,    397574,    -18668,    -13403,    -32071,  -6220047,  -4465932, -10685979,         0,         0,         0,         0,     59716,     74173,     46250,     59654
       488,    530488, 39.855986,      98.9,     111.0,     29212,         0,      5307,      1442,   2889053,         0,    524860,    142596,    -29117,    -14687,    -43803,  -2879625,  -1452538,  -4332164,     27004,         0,      8142,      1134,   2997499,         0,    903803,    125900,    -18256,    -13538,    -31794,  -2026422,  -1502746,  -3529168,         0,         0,         0,         0,     58328,     73015,     45261,     58799
       489,    530489, 39.931019,      79.9,      38.6,     28635,         0,      5228,      1160,   2287908,         0,    417740,     92645,    -28559,    -14841,    -43400,  -2281864,  -1185825,  -3467689,     26553,         0,      7913,       940,   1024956,         0,    305453,     36293,    -17870,    -13652,    -31522,   -689795,   -526953,  -1216748,         0,         0,         0,         0,     57194,     72035,     44424,     58075
       490,    530490, 35.733820,      72.7,      20.2,         0,         0,      5624,       404,         0,         0,    408898,     29344,         0,         0,         0,         0,         0,         0,         0,         0,      8704,       882,         0,         0,    175821,     17818,         0,         0,         0,         0,         0,         0,         0,         0,         0,         0,         0,         0,         0,         0
       491,    530491,125.038764,     186.5,     165.8,     42027,         0,      5661,       419,   7837987,         0,   1055722,     78228,    -29579,    -13981,    -43560,  -5516549,  -2607459,  -8124008,     35231,         0,      8859,      1011,   5841275,         0,   1468898,    167703,    -19477,    -13320,    -32796,  -3229216,  -2208391,  -5437607,         0,         0,         0,         0,     71606,     85587,     54707,     68027
       492,    530492,144.880462,     380.9,         0,     37262,         0,      5701,       414,  14193241,         0,   2171338,    157745,    -29719,    -14615,    -44333, -11319798,  -5566668, -16886467,     32082,         0,      9193,       980,         0,         0,         0,         0,    -19254,    -13749,    -33003,         0,         0,         0,         0,         0,         0,         0,     66981,     81595,     51337,     65086
       493,    530493, 81.427017,      14.8,      29.3,     44277,         0,      5609,       420,    655303,         0,     83019,      6223,    -29390,    -14652,    -44042,   -434973,   -216853,   -651827,     36645,         0,      8157,       510,   1073686,         0,    238999,     14929,    -19490,    -13958,    -33448,   -571061,   -408958,   -980019,         0,         0,         0,         0,     73667,     88320,     56135,     70092
       494,    530494, 66.074281,      38.2,      39.0,     33127,         0,      5657,       571,   1265461,         0,    216114,     21824,    -29661,    -16832,    -46493,  -1133043,   -642978,  -1776021,     29422,         0,      9205,      1003,   1147452,         0,    358984,     39128,    -18902,    -15330,    -34232,   -737195,   -597866,  -1335060,         0,         0,         0,         0,     62788,     79620,     48324,     63654
       495,    530495, 96.733872,      99.1,     118.0,     31366,         0,      5582,      1070,   3108405,         0,    553146,    105997,    -29746,    -17218,    -46964,  -2947816,  -1706338,  -4654154,     28371,         0,      9117,       919,   3347775,         0,   1075760,    108395,    -18830,    -15499,    -34329,  -2221972,  -1828904,  -4050876,         0,         0,         0,         0,     61112,     78331,     47201,     62700
       496,    530496, 37.015487,     136.7,     194.9,     33039,         0,      5546,      1879,   4516494,         0,    758184,    256927,    -29869,    -14663,    -44532,  -4083065,  -2004407,  -6087472,     29512,         0,      8939,       967,   5751880,         0,   1742117,    188479,    -19010,    -13583,    -32594,  -3705146,  -2647387,  -6352533,         0,         0,         0,         0,     62908,     77571,     48522,     62106
       497,    530497, 56.244028,      87.5,     272.4,     30450,         0,      5477,      1965,   2664355,         0,    479279,    171922,    -29916,    -16129,    -46045,  -2617650,  -1411313,  -4028963,     27839,         0,      8697,      1085,   7583348,         0,   2369090,    295591,    -18884,    -14591,    -33475,  -5143933,  -3974657,  -9118590,         0,         0,         0,         0,     60366,     76495,     46723,     61314
       498,    530498,123.381184,     194.3,     407.3,     29335,         0,      5372,      1931,   5699728,         0,   1043821,    375241,    -29778,    -15366,    -45144,  -5785910,  -2985591,  -8771502,     27107,         0,      8375,      1204,  11040750,         0,   3411155,    490563,    -18708,    -14032,    -32740,  -7619617,  -5715221, -13334837,         0,         0,         0,         0,     59113,     74479,     45815,     59847
       499,    530499, 27.444721,      27.8,     256.4,     29318,         0,      5275,      1552,    815037,         0,    146652,     43143,    -28649,    -15670,    -44318,   -796431,   -435623,  -1232054,     27019,         0,      8061,      1106,   6927594,         0,   2066732,    283612,    -17977,    -14226,    -32202,  -4609199,  -3647433,  -8256631,         0,         0,         0,         0,     57966,     73636,     44995,     59221
       500,    530500, 37.900815,      57.1,     178.2,     27835,         0,      5177,      1146,   1589400,         0,    295628,     65438,    -28472,    -16137,    -44609,  -1625779,   -921410,  -2547189,     26010,         0,      7767,       862,   4634989,         0,   1384110,    153622,    -17762,    -14580,    -32343,  -3165244,  -2598239,  -5763483,         0,         0,         0,         0,     56308,     72445,     43772,     58353
       501,    530501,105.055709,      14.8,     421.1,     46947,         0,      5586,       528,    694822,         0,     82667,      7810,    -29060,    -13364,    -42424,   -430085,   -197787,   -627872,     38223,         0,      7649,       801,  16095869,         0,   3220971,    337165,    -19439,    -13241,    -32679,  -8185572,  -5575712, -13761283,         0,         0,         0,         0,     76007,     89371,     57662,     70903
       502,    530502,156.751280,         0,     279.2,     69317,         0,      5429,      1055,         0,         0,         0,         0,    -16374,    -12263,    -28637,         0,         0,         0,     52295,         0,      4929,        33,  14600698,         0,   1376268,      9244,    -11073,    -13451,    -24524,  -3091643,  -3755545,  -6847188,         0,         0,         0,         0,     85691,     97954,     63368,     76819
       503,    530503,516.826326,     511.0,      30.2,     31172,         0,      5586,        63,  15929093,         0,   2854366,     32327,    -29465,    -21377,    -50842, -15056736, -10923543, -25980279,     27864,         0,      8971,       657,    841488,         0,    270937,     19833,    -18689,    -18855,    -37544,   -564414,   -569413,  -1133827,         0,         0,         0,         0,     60638,     82014,     46553,     65408
       504,    530504,154.965161,     229.5,       9.4,     59666,         0,      5513,       184,  13693420,         0,   1265325,     42340,    -22829,    -13326,    -36155,  -5239165,  -3058357,  -8297523,     46620,         0,      6247,       366,    438228,         0,     58720,      3442,    -15494,    -13201,    -28694,   -145642,   -124085,   -269728,         0,         0,         0,         0,     82495,     95821,     62114,     75314
       505,    530505, 61.630689,      14.8,       1.4,         0,         0,      5608,       400,         0,         0,     82994,      5916,         0,         0,         0,         0,         0,         0,         0,         0,      8187,       283,         0,         0,     11461,       397,         0,         0,         0,         0,         0,         0,         0,         0,         0,         0,         0,         0,         0,         0
       506,    530506, 37.328806,      13.8,       1.4,         0,         0,      5617,       210,         0,         0,     77509,      2904,         0,         0,         0,         0,         0,         0,         0,         0,      8523,       456,         0,         0,     11932,       638,         0,         0,         0,         0,         0,         0,         0,         0,         0,         0,         0,         0,         0,         0
       507,    530507, 40.320135,      51.9,       4.5,     31730,         0,      5518,      1365,   1646783,         0,    286376,     70864,    -29783,    -15728,    -45510,  -1545718,   -816274,  -2361992,     28637,         0,      8848,       862,    128869,         0,     39817,      3878,    -18875,    -14346,    -33221,    -84939,    -64556,   -149495,         0,         0,         0,         0,     61513,     77240,     47513,     61859
       508,    530508, 26.854206,      52.0,       5.9,     28283,         0,      5232,      1403,   1470692,         0,    272082,     72957,    -28852,    -16064,    -44915,  -1500281,   -835320,  -2335600,     26356,         0,      7952,      1012,    155503,         0,     46917,      5972,    -18024,    -14522,    -32547,   -106344,    -85681,   -192025,         0,         0,         0,         0,     57134,     73198,     44381,     58903
       509,    530509, 51.968623,      15.9,       1.4,         0,         0,      5592,       522,         0,         0,     88911,      8301,         0,         0,         0,         0,         0,         0,         0,         0,      7790,       559,         0,         0,     10905,       783,         0,         0,         0,         0,         0,         0,         0,         0,         0,         0,         0,         0,         0,         0
       510,    530510, 32.319475,      39.7,      64.4,     48908,         0,      5583,       426,   1941661,         0,    221637,     16916,    -29018,    -14337,    -43355,  -1152026,   -569169,  -1721195,     39629,         0,      7250,       758,   2552120,         0,    466884,     48833,    -19509,    -13775,    -33284,  -1256361,   -887126,  -2143487,         0,         0,         0,         0,     77927,     92263,     59138,     72913
       511,    530511, 50.015999,      36.9,       7.5,     33908,         0,      5631,       173,   1251221,         0,    207769,      6370,    -29696,    -16913,    -46609,  -1095781,   -624074,  -1719855,     29944,         0,      9124,       915,    224580,         0,     68427,      6865,    -18986,    -15328,    -34313,   -142393,   -114957,   -257350,         0,         0,         0,         0,     63604,     80517,     48930,     64257
       512,    530512, 61.367376,      37.1,       6.7,     31645,         0,      5548,       411,   1174040,         0,    205837,     15231,    -29541,    -17206,    -46747,  -1095963,   -638348,  -1734310,     28526,         0,      9008,       830,    191127,         0,     60353,      5562,    -18704,    -15481,    -34185,   -125314,   -103723,   -229037,         0,         0,         0,         0,     61186,     78392,     47230,     62711
       513,    530513, 42.187246,      42.4,       3.1,     30226,         0,      5490,       757,   1281585,         0,    232785,     32077,    -29635,    -17433,    -47068,  -1256503,   -739169,  -1995671,     27605,         0,      8802,       841,     85574,         0,     27286,      2607,    -18695,    -15593,    -34287,    -57953,    -48338,   -106291,         0,         0,         0,         0,     59861,     77294,     46299,     61892
       514,    530514, 42.727552,      35.4,       7.6,     28939,         0,      5418,       958,   1024445,         0,    191815,     33906,    -29479,    -17355,    -46834,  -1043555,   -614356,  -1657911,     26778,         0,      8589,       875,    203516,         0,     65277,      6651,    -18500,    -15503,    -34003,   -140597,   -117824,   -258421,         0,         0,         0,         0,     58418,     75773,     45278,     60781
       515,    530515, 28.291441,      39.2,         0,     27096,         0,      5283,      1395,   1062176,         0,    207081,     54690,    -29555,    -17221,    -46776,  -1158570,   -675050,  -1833620,     25621,         0,      8144,      1062,         0,         0,         0,         0,    -18391,    -15387,    -33778,         0,         0,         0,         0,         0,         0,         0,     56652,     73872,     44012,     59399
       516,    530516, 59.220586,     140.1,      29.8,     26577,         0,      5124,       808,   3723505,         0,    717839,    113264,    -28273,    -17872,    -46145,  -3960980,  -2503898,  -6464878,     25169,         0,      7669,       797,    750035,         0,    228537,     23753,    -17537,    -15837,    -33374,   -522608,   -471933,   -994541,         0,         0,         0,         0,     54850,     72722,     42706,     58543
       517,    530517, 35.713435,      78.9,       9.9,     27620,         0,      5335,      1138,   2179233,         0,    420937,     89810,    -29736,    -17937,    -47673,  -2346134,  -1415257,  -3761392,     25905,         0,      8322,      1038,    256455,         0,     82387,     10279,    -18593,    -15919,    -34512,   -184068,   -157602,   -341671,         0,         0,         0,         0,     57356,     75293,     44497,     60417
       518,    530518,257.219640,         0,     288.9,     66125,         0,      5594,       874,         0,         0,         0,         0,    -16467,    -18258,    -34725,         0,         0,         0,     50536,         0,      5257,       145,  14599793,         0,   1518859,     41811,    -11093,    -16976,    -28070,  -3204910,  -4904452,  -8109362,         0,         0,         0,         0,     82592,    100850,     61629,     78606
       519,    530519,332.597194,         0,     546.7,     64629,         0,      5563,       637,         0,         0,         0,         0,    -16441,    -16468,    -32908,         0,         0,         0,     49322,         0,      5823,        15,  26964075,         0,   3183685,      7985,    -11095,    -15984,    -27079,  -6065539,  -8738485, -14804025,         0,         0,         0,         0,     81070,     97537,     60416,     76400
       520,    530520, 36.830867,      14.8,         0,         0,         0,      5578,       321,         0,         0,     82555,      4758,         0,         0,         0,         0,         0,         0,         0,         0,      7260,       675,         0,         0,         0,         0,         0,         0,         0,         0,         0,         0,         0,         0,         0,         0,         0,         0,         0,         0
       521,    530521,110.891691,      15.9,       1.4,         0,         0,      5521,        90,         0,         0,     87780,      1427,         0,         0,         0,         0,         0,         0,         0,         0,      8269,        88,         0,         0,     11577,       123,         0,         0,         0,         0,         0,         0,         0,         0,         0,         0,         0,         0,         0,         0
       522,    530522, 76.401260,      16.6,       1.4,         0,         0,      5515,        47,         0,         0,     91545,       777,         0,         0,         0,         0,         0,         0,         0,         0,      8572,       143,         0,         0,     12001,       201,         0,         0,         0,         0,         0,         0,         0,         0,         0,         0,         0,         0,         0,         0
       523,    530523,122.118699,         0,         0,     31557,         0,      5534,       133,         0,         0,         0,         0,    -29501,    -23347,    -52848,         0,         0,         0,     28139,         0,      8701,       443,         0,         0,         0,         0,    -18733,    -20337,    -39070,         0,         0,         0,         0,         0,         0,         0,     61058,     84405,     46872,     67208
       524,    530524,154.898029,      17.2,       1.4,         0,         0,      5560,       359,         0,         0,     95639,      6182,         0,         0,         0,         0,         0,         0,         0,         0,      8001,       141,         0,         0,     11201,       198,         0,         0,         0,         0,         0,         0,         0,         0,         0,         0,         0,         0,         0,         0
       525,    530525, 22.784930,      26.9,       4.8,     24448,         0,      5236,      1082,    657650,         0,    140836,     29106,    -28819,    -19867,    -48686,   -775231,   -534428,  -1309659,     23874,         0,      8026,      1009,    114593,         0,     38527,      4842,    -17641,    -17364,    -35005,    -84679,    -83345,   -168024,         0,         0,         0,         0,     53267,     73134,     41515,     58879
       526,    530526, 58.184794,         0,         0,     44517,         0,      5518,       264,         0,         0,         0,         0,    -28955,    -18857,    -47812,         0,         0,         0,     36380,         0,      6792,       669,         0,         0,         0,         0,    -19283,    -17269,    -36553,         0,         0,         0,         0,         0,         0,         0,     73472,     92329,     55663,     72933
       527,    530527,172.325391,         0,     138.9,     67437,         0,      5557,       889,         0,         0,         0,         0,    -16503,    -16047,    -32550,         0,         0,         0,     51592,         0,      5381,         0,   7166092,         0,    747419,         0,    -11110,    -15360,    -26470,  -1543200,  -2133524,  -3676724,         0,         0,         0,         0,     83940,     99987,     62702,     78062
       528,    530528, 47.786640,      14.8,       1.4,         0,         0,      5552,       238,         0,         0,     82169,      3525,         0,         0,         0,         0,         0,         0,         0,         0,      7402,       421,         0,         0,     10363,       590,         0,         0,         0,         0,         0,         0,         0,         0,         0,         0,         0,         0,         0,         0
       529,    530529, 71.625122,     125.2,       6.1,     23195,         0,      5002,       158,   2903984,         0,    626202,     19757,    -28559,    -20303,    -48861,  -3575572,  -2541886,  -6117457,     23066,         0,      7436,       595,    140702,         0,     45358,      3627,    -17321,    -17666,    -34988,   -105661,   -107763,   -213424,         0,         0,         0,         0,     51754,     72056,     40387,     58053
       530,    530530,323.882542,     328.2,         0,     29374,         0,      5475,        18,   9640679,         0,   1796734,      5948,    -29342,    -20203,    -49544,  -9629914,  -6630485, -16260399,     26853,         0,      8794,       476,         0,         0,         0,         0,    -18464,    -17744,    -36208,         0,         0,         0,         0,         0,         0,         0,     58716,     78919,     45317,     63061
       531,    530531, 41.280283,      20.6,       6.7,     28526,         0,      5424,       300,    587643,         0,    111744,      6176,    -29212,    -19080,    -48292,   -601766,   -393050,   -994817,     26434,         0,      8646,       805,    177107,         0,     57929,      5393,    -18294,    -16809,    -35103,   -122568,   -112621,   -235189,         0,         0,         0,         0,     57738,     76818,     44728,     61537
       532,    530532, 42.130786,      16.1,         0,     26582,         0,      5364,       541,    427965,         0,     86367,      8712,    -29622,    -20169,    -49791,   -476918,   -324719,   -801636,     25203,         0,      8475,       823,         0,         0,         0,         0,    -18440,    -17560,    -36000,         0,         0,         0,         0,         0,         0,         0,     56204,     76373,     43643,     61203
       533,    530533, 52.302765,      15.4,         0,     49051,         0,      5499,       253,    755385,         0,     84688,      3899,    -28990,    -15932,    -44922,   -446451,   -245346,   -691797,     39657,         0,      6903,       479,         0,         0,         0,         0,    -19532,    -14856,    -34388,         0,         0,         0,         0,         0,         0,         0,     78041,     93973,     59189,     74046
       534,    530534, 42.254268,      22.6,      70.7,     26441,         0,      5263,       476,    597572,         0,    118933,     10765,    -29595,    -19156,    -48752,   -668857,   -432936,  -1101793,     25110,         0,      8159,       903,   1775305,         0,    576843,     63814,    -18408,    -16805,    -35213,  -1301449,  -1188081,  -2489530,         0,         0,         0,         0,     56037,     75193,     43518,     60323
       535,    530535, 41.352718,      48.2,       6.6,     24597,         0,      5166,       511,   1185565,         0,    248988,     24621,    -29170,    -19507,    -48678,  -1406002,   -940260,  -2346262,     23964,         0,      7861,       869,    158160,         0,     51882,      5738,    -17916,    -17069,    -34985,   -118249,   -112654,   -230903,         0,         0,         0,         0,     53767,     73274,     41880,     58949
       536,    530536, 77.371180,      22.4,     190.9,     47110,         0,      5436,       207,   1055266,         0,    121771,      4633,    -29436,    -18857,    -48293,   -659374,   -422393,  -1081767,     38420,         0,      6663,       333,   7334423,         0,   1271955,     63610,    -19831,    -16741,    -36572,  -3785774,  -3195856,  -6981630,         0,         0,         0,         0,     76546,     95403,     58251,     74992
       537,    530537,155.248869,         0,         0,         0,         0,      5225,         7,         0,         0,         0,         0,         0,         0,         0,         0,         0,         0,         0,         0,      7938,        99,         0,         0,         0,         0,         0,         0,         0,         0,         0,         0,         0,         0,         0,         0,         0,         0,         0,         0
       538,    530538, 84.985971,     235.3,       4.5,     74286,         0,      5907,       417,  17479389,         0,   1389886,     98038,    -16040,    -11755,    -27795,  -3774243,  -2765859,  -6540103,     56429,         0,      5577,       322,    253929,         0,     25095,      1449,    -10671,    -12226,    -22897,    -48020,    -55017,   -103037,         0,         0,         0,         0,     90326,    102080,     67100,     79326
       539,    530539,309.077013,      17.2,       5.0,         0,         0,      5206,       149,         0,         0,     89551,      2558,         0,         0,         0,         0,         0,         0,         0,         0,      6839,       209,         0,         0,     34196,      1043,         0,         0,         0,         0,         0,         0,         0,         0,         0,         0,         0,         0,         0,         0
       540,    530540,139.556538,      17.2,       1.4,     37323,         0,      5288,        50,    641956,         0,     90957,       858,    -29386,    -23483,    -52869,   -505440,   -403902,   -909342,     31508,         0,      7262,       122,     44111,         0,     10166,       170,    -19332,    -20470,    -39803,    -27065,    -28658,    -55724,         0,         0,         0,         0,     66709,     90192,     50840,     71311
       541,    530541, 77.435799,       5.0,       1.4,     62187,         0,      5443,       658,    310937,         0,     27215,      3289,    -21613,    -14052,    -35665,   -108066,    -70260,   -178326,     48382,         0,      6114,       175,     67734,         0,      8560,       244,    -14666,    -13512,    -28177,    -20532,    -18916,    -39448,         0,         0,         0,         0,     83801,     97853,     63047,     76559
       542,    530542,159.791808,      16.6,       1.4,     43890,         0,      5264,         8,    728568,         0,     87388,       128,    -29535,    -17511,    -47045,   -490276,   -290677,   -780953,     35897,         0,      7533,        99,     50256,         0,     10546,       138,    -19703,    -16226,    -35929,    -27584,    -22717,    -50301,         0,         0,         0,         0,     73424,     90935,     55600,     71827
       543,    530543,136.350338,         0,         0,     11169,         0,      4551,        13,         0,         0,         0,         0,    -22458,    -36306,    -58764,         0,         0,         0,     15498,         0,      6500,       132,         0,         0,         0,         0,    -11335,    -29699,    -41034,         0,         0,         0,         0,         0,         0,         0,     33627,     69933,     26833,     56532
       544,    530544, 82.473397,      34.4,         0,     20719,         0,      5291,        71,    712719,         0,    182014,      2440,    -28426,    -27389,    -55815,   -977852,   -942196,  -1920048,     21365,         0,      8367,       613,         0,         0,         0,         0,    -16938,    -23036,    -39974,         0,         0,         0,         0,         0,         0,         0,     49144,     76534,     38303,     61339
       545,    530545, 83.884054,     102.5,       3.8,     24617,         0,      5208,       151,   2523254,         0,    533817,     15498,    -29309,    -22562,    -51871,  -3004177,  -2312560,  -5316737,     23884,         0,      8139,       592,     90758,         0,     30927,      2249,    -18057,    -19310,    -37367,    -68616,    -73377,   -141993,         0,         0,         0,         0,     53926,     76488,     41941,     61250
       546,    530546, 84.754609,      58.4,         0,     24617,         0,      5110,       191,   1437644,         0,    298452,     11172,    -29304,    -21470,    -50774,  -1711361,  -1253840,  -2965201,     23886,         0,      7832,       633,         0,         0,         0,         0,    -18051,    -18498,    -36549,         0,         0,         0,         0,         0,         0,         0,     53921,     75391,     41937,     60436
       547,    530547, 83.569777,      83.3,      18.5,     22714,         0,      5001,       175,   1892118,         0,    416568,     14558,    -28772,    -21837,    -50609,  -2396718,  -1818986,  -4215704,     22733,         0,      7508,       605,    420561,         0,    138892,     11190,    -17435,    -18782,    -36217,   -322539,   -347472,   -670010,         0,         0,         0,         0,     51487,     73323,     40168,     58950
       548,    530548,132.215590,         0,         0,         0,         0,      5139,         1,         0,         0,         0,         0,         0,         0,         0,         0,         0,         0,         0,         0,      8355,        18,         0,         0,         0,         0,         0,         0,         0,         0,         0,         0,         0,         0,         0,         0,         0,         0,         0,         0
       549,    530549,140.384813,         0,         0,         0,         0,      5299,         3,         0,         0,         0,         0,         0,         0,         0,         0,         0,         0,         0,         0,      8265,        37,         0,         0,         0,         0,         0,         0,         0,         0,         0,         0,         0,         0,         0,         0,         0,         0,         0,         0
       550,    530550, 65.067939,      13.8,       1.4,     43311,         0,      5312,       363,    597697,         0,     73302,      5014,    -29650,    -23788,    -53438,   -409166,   -328277,   -737442,     35885,         0,      6312,       198,     50239,         0,      8837,       277,    -19849,    -20085,    -39935,    -27789,    -28120,    -55909,         0,         0,         0,         0,     72961,     96749,     55734,     75819
       551,    530551,152.611580,         0,         0,         0,         0,      5106,         1,         0,         0,         0,         0,         0,         0,         0,         0,         0,         0,         0,         0,      8470,        13,         0,         0,         0,         0,         0,         0,         0,         0,         0,         0,         0,         0,         0,         0,         0,         0,         0,         0
       552,    530552,290.765448,         0,         0,         0,         0,      5046,        10,         0,         0,         0,         0,         0,         0,         0,         0,         0,         0,         0,         0,      8516,       171,         0,         0,         0,         0,         0,         0,         0,         0,         0,         0,         0,         0,         0,         0,         0,         0,         0,         0
       553,    530553,119.627760,         0,         0,     64014,         0,      5708,       145,         0,         0,         0,         0,    -16434,    -20712,    -37146,         0,         0,         0,     48823,         0,      5704,         0,         0,         0,         0,         0,    -11089,    -18794,    -29883,         0,         0,         0,         0,         0,         0,         0,     80448,    101160,     59912,     78706
       554,    530554,305.645937,         0,         0,     60397,         0,      5431,       397,         0,         0,         0,         0,    -16426,    -21404,    -37830,         0,         0,         0,     45895,         0,      5796,        18,         0,         0,         0,         0,    -11052,    -19800,    -30852,         0,         0,         0,         0,         0,         0,         0,     76823,     98227,     56947,     76747
       555,    530555,117.273976,         0,         0,         0,         0,      5069,         5,         0,         0,         0,         0,         0,         0,         0,         0,         0,         0,         0,         0,      8298,       301,         0,         0,         0,         0,         0,         0,         0,         0,         0,         0,         0,         0,         0,         0,         0,         0,         0,         0
       556,    530556,274.090434,      30.1,     112.9,     36515,         0,      5152,       233,   1099090,         0,    155062,      7021,    -29489,    -31350,    -60839,   -887628,   -943628,  -1831256,     31268,         0,      5998,        62,   3530181,         0,    677198,      7010,    -19377,    -25420,    -44797,  -2187640,  -2869965,  -5057605,         0,         0,         0,         0,     66004,     97354,     50645,     76065
       557,    530557, 47.614903,      22.4,       2.3,     21481,         0,      5004,        78,    481179,         0,    112097,      1756,    -28623,    -27114,    -55737,   -641159,   -607349,  -1248508,     21833,         0,      7965,       443,     50215,         0,     18320,      1018,    -17204,    -22733,    -39937,    -39569,    -52287,    -91855,         0,         0,         0,         0,     50104,     77218,     39036,     61770
       558,    530558, 43.165703,      29.6,      18.1,     22779,         0,      4945,       163,    674266,         0,    146385,      4824,    -28947,    -24784,    -53731,   -856839,   -733592,  -1590431,     22666,         0,      7712,       485,    410258,         0,    139582,      8779,    -17609,    -20957,    -38566,   -318716,   -379326,   -698042,         0,         0,         0,         0,     51727,     76510,     40275,     61232
       559,    530559,252.352933,     165.7,     132.0,     20683,         0,      4514,       158,   3427092,         0,    748040,     26144,    -28419,    -25623,    -54042,  -4708983,  -4245778,  -8954761,     21348,         0,      6871,       321,   2817959,         0,    906910,     42362,    -16925,    -21616,    -38541,  -2234079,  -2853372,  -5087450,         0,         0,         0,         0,     49101,     74725,     38273,     59889
       560,    530560,250.888880,     159.5,         0,     38816,         0,      4842,        25,   6191136,         0,    772316,      3986,    -29619,    -26319,    -55938,  -4724226,  -4197923,  -8922148,     32846,         0,      6466,       270,         0,         0,         0,         0,    -19579,    -21914,    -41493,         0,         0,         0,         0,         0,         0,         0,     68435,     94754,     52425,     74339
       561,    530561,486.304414,         0,         0,     13647,         0,      2935,         0,         0,         0,         0,         0,    -24455,    -31042,    -55496,         0,         0,         0,     17220,         0,      4084,         0,         0,         0,         0,         0,    -12908,    -25611,    -38520,         0,         0,         0,         0,         0,         0,         0,     38102,     69144,     30129,     55740
       562,    530562,260.030050,         0,         0,         0,         0,      4323,         2,         0,         0,         0,         0,         0,         0,         0,         0,         0,         0,         0,         0,      7783,        17,         0,         0,         0,         0,         0,         0,         0,         0,         0,         0,         0,         0,         0,         0,         0,         0,         0,         0
       563,    530563,146.831712,         0,         0,     21616,         0,      4136,       143,         0,         0,         0,         0,    -27380,    -37333,    -64712,         0,         0,         0,     21141,         0,      7456,         0,         0,         0,         0,         0,    -16497,    -30677,    -47174,         0,         0,         0,         0,         0,         0,         0,     48995,     86328,     37638,     68315
       564,    530564,277.389965,         0,         0,     19660,         0,      4405,        55,         0,         0,         0,         0,    -26699,    -38116,    -64815,         0,         0,         0,     20415,         0,      7590,        19,         0,         0,         0,         0,    -15586,    -30979,    -46566,         0,         0,         0,         0,         0,         0,         0,     46359,     84475,     36001,     66981
       565,    530565,143.487116,      48.6,         0,     20069,         0,      4490,       127,    975339,         0,    218220,      6183,    -28263,    -28417,    -56680,  -1373576,  -1381086,  -2754662,     20969,         0,      7252,       296,         0,         0,         0,         0,    -16717,    -23680,    -40397,         0,         0,         0,         0,         0,         0,         0,     48332,     76749,     37687,     61367
       566,    530566, 83.224721,      53.5,         0,     38223,         0,      4794,        27,   2044952,         0,    256493,      1435,    -29368,    -22160,    -51528,  -1571189,  -1185542,  -2756731,     32224,         0,      7239,       208,         0,         0,         0,         0,    -19375,    -19270,    -38645,         0,         0,         0,         0,         0,         0,         0,     67591,     89751,     51599,     70869
       567,    530567, 92.734065,         0,       1.4,     37902,         0,      4786,        26,         0,         0,         0,         0,    -29350,    -23811,    -53161,         0,         0,         0,     31996,         0,      6941,       307,     44795,         0,      9717,       429,    -19345,    -20450,    -39794,    -27082,    -28630,    -55712,         0,         0,         0,         0,     67252,     91064,     51341,     71791
       568,    530568,158.590605,      83.8,      11.3,     34070,         0,      4512,        46,   2855086,         0,    378068,      3817,    -28931,    -24814,    -53745,  -2424380,  -2079437,  -4503818,     29402,         0,      7216,       262,    332246,         0,     81537,      2961,    -18830,    -21220,    -40050,   -212783,   -239783,   -452566,         0,         0,         0,         0,     63001,     87815,     48233,     69452
       569,    530569, 74.676968,         0,         0,         0,         0,      4604,        12,         0,         0,         0,         0,         0,         0,         0,         0,         0,         0,         0,         0,      7612,       124,         0,         0,         0,         0,         0,         0,         0,         0,         0,         0,         0,         0,         0,         0,         0,         0,         0,         0
       570,    530570,139.241485,         0,         0,         0,         0,      4446,         7,         0,         0,         0,         0,         0,         0,         0,         0,         0,         0,         0,         0,      7701,        56,         0,         0,         0,         0,         0,         0,         0,         0,         0,         0,         0,         0,         0,         0,         0,         0,         0,         0
       571,    530571,130.928551,      17.2,       1.4,         0,         0,      4337,         1,         0,         0,     74601,        24,         0,         0,         0,         0,         0,         0,         0,         0,      7724,        17,         0,         0,     10813,        24,         0,         0,         0,         0,         0,         0,         0,         0,         0,         0,         0,         0,         0,         0
       572,    530572,262.241983,      13.7,         0,     29871,         0,      4974,        24,    409238,         0,     68150,       322,    -29121,    -43086,    -72207,   -398952,   -590279,   -989231,     26559,         0,      5643,        32,         0,         0,         0,         0,    -18690,    -33548,    -52237,         0,         0,         0,         0,         0,         0,         0,     58992,    102078,     45249,     78797
       573,    530573,307.127852,      39.7,      51.7,     32508,         0,      4778,        55,   1290560,         0,    189672,      2199,    -29263,    -38490,    -67753,  -1161735,  -1528050,  -2689785,     28422,         0,      5403,        71,   1469415,         0,    279330,      3666,    -18984,    -30381,    -49364,   -981455,  -1570683,  -2552138,         0,         0,         0,         0,     61771,    100261,     47406,     77786
       574,    530574,414.926652,      41.2,       6.1,     37753,         0,      4482,        46,   1555426,         0,    184652,      1880,    -29411,    -31889,    -61300,  -1211723,  -1313817,  -2525540,     32161,         0,      5408,        80,    196182,         0,     32987,       490,    -19459,    -25434,    -44893,   -118699,   -155150,   -273849,         0,         0,         0,         0,     67164,     99053,     51620,     77054
       575,    530575,100.084256,      15.9,       1.4,     38544,         0,      4467,        50,    612851,         0,     71021,       794,    -29552,    -27924,    -57477,   -469878,   -443998,   -913876,     32714,         0,      6039,       687,     45800,         0,      8454,       962,    -19543,    -22900,    -42443,    -27360,    -32059,    -59420,         0,         0,         0,         0,     68096,     96021,     52257,     75157
       576,    530576, 46.360187,         0,       1.0,     28820,         0,      4405,        80,         0,         0,         0,         0,    -27896,    -36227,    -64123,         0,         0,         0,     25844,         0,      6383,       815,     25844,         0,      6383,       815,    -17810,    -29594,    -47404,    -17810,    -29594,    -47404,         0,         0,         0,         0,     56716,     92943,     43654,     73248
       577,    530577, 60.516680,      15.4,       1.4,     35996,         0,      4383,        96,    554338,         0,     67491,      1482,    -29043,    -25786,    -54828,   -447255,   -397098,   -844353,     30783,         0,      6601,       668,     43096,         0,      9242,       935,    -19011,    -21755,    -40766,    -26616,    -30457,    -57073,         0,         0,         0,         0,     65038,     90824,     49795,     71549
       578,    530578,221.395326,     154.4,      21.1,     18801,         0,      3519,        21,   2902848,         0,    543401,      3258,    -25685,    -32655,    -58340,  -3965784,  -5041906,  -9007689,     20071,         0,      5993,       180,    423495,         0,    126452,      3791,    -14698,    -26769,    -41467,   -310130,   -564829,   -874959,         0,         0,         0,         0,     44486,     77141,     34769,     61538
       579,    530579,130.193202,     236.0,      47.1,     34541,         0,      3751,       122,   8151759,         0,    885341,     28688,    -28499,    -27787,    -56285,  -6725674,  -6557655, -13283329,     29878,         0,      6017,       805,   1407255,         0,    283389,     37912,    -18564,    -22988,    -41552,   -874355,  -1082734,  -1957089,         0,         0,         0,         0,     63040,     90827,     48442,     71430
       580,    530580,268.251269,     428.3,      37.8,     33320,         0,      4006,        63,  14271115,         0,   1715981,     26780,    -29053,    -32952,    -62005, -12443282, -14113469, -26556751,     28981,         0,      5690,       723,   1095466,         0,    215065,     27337,    -19029,    -26751,    -45780,   -719290,  -1011202,  -1730492,         0,         0,         0,         0,     62373,     95325,     48009,     74761
       581,    530581,352.303499,     157.5,      10.0,     31995,         0,      2730,        55,   5039144,         0,    429908,      8702,    -28282,    -29248,    -57529,  -4454348,  -4606513,  -9060861,     28089,         0,      5372,       342,    280893,         0,     53720,      3418,    -18250,    -24031,    -42281,   -182498,   -240310,   -422808,         0,         0,         0,         0,     60276,     89524,     46339,     70370
       582,    530582, 82.037140,     115.1,         0,     31424,         0,      3865,       113,   3616937,         0,    444826,     13007,    -28074,    -34304,    -62378,  -3231321,  -3948380,  -7179701,     27654,         0,      5892,       891,         0,         0,         0,         0,    -18144,    -27957,    -46101,         0,         0,         0,         0,         0,         0,         0,     59498,     93802,     45798,     73755
       583,    530583, 81.342709,     168.7,      49.6,     34581,         0,      3744,       110,   5833816,         0,    631591,     18606,    -28709,    -26346,    -55055,  -4843202,  -4444594,  -9287796,     29901,         0,      6304,       621,   1483070,         0,    312681,     30778,    -18685,    -22001,    -40685,   -926766,  -1091232,  -2017998,         0,         0,         0,         0,     63290,     89636,     48585,     70586
       584,    530584,169.571469,         0,         0,         0,         0,      3477,         5,         0,         0,         0,         0,         0,         0,         0,         0,         0,         0,         0,         0,      6635,        14,         0,         0,         0,         0,         0,         0,         0,         0,         0,         0,         0,         0,         0,         0,         0,         0,         0,         0
       585,    530585,174.802500,         0,         0,         0,         0,      2953,        23,         0,         0,         0,         0,         0,         0,         0,         0,         0,         0,         0,         0,      5968,       152,         0,         0,         0,         0,         0,         0,         0,         0,         0,         0,         0,         0,         0,         0,         0,         0,         0,         0
       586,    530586,210.505506,         0,         0,         0,         0,      3359,         7,         0,         0,         0,         0,         0,         0,         0,         0,         0,         0,         0,         0,      6580,         5,         0,         0,         0,         0,         0,         0,         0,         0,         0,         0,         0,         0,         0,         0,         0,         0,         0,         0
       587,    530587,455.731445,         0,       7.4,     27530,         0,      3225,        25,         0,         0,         0,         0,    -28479,    -33359,    -61838,         0,         0,         0,     25079,         0,      6454,         3,    185584,         0,     47756,        25,    -17820,    -27456,    -45275,   -131865,   -203171,   -335036,         0,         0,         0,         0,     56010,     89368,     42899,     70354
       588,    530588,159.524673,         0,     143.2,     23494,         0,      3580,       144,         0,         0,         0,         0,    -27795,    -35244,    -63039,         0,         0,         0,     22427,         0,      6697,        31,   3211545,         0,    959062,      4427,    -16972,    -28959,    -45931,  -2430343,  -4146965,  -6577308,         0,         0,         0,         0,     51290,     86533,     39399,     68358
       589,    530589,161.200222,         0,         0,     24041,         0,      3527,       133,         0,         0,         0,         0,    -27772,    -32811,    -60583,         0,         0,         0,     23084,         0,      6350,       166,         0,         0,         0,         0,    -16949,    -26880,    -43830,         0,         0,         0,         0,         0,         0,         0,     51812,     84623,     40033,     66914
       590,    530590,129.072887,         0,         0,     24063,         0,      2817,        18,         0,         0,         0,         0,    -27794,    -31251,    -59045,         0,         0,         0,     23012,         0,      4952,       150,         0,         0,         0,         0,    -16971,    -25718,    -42689,         0,         0,         0,         0,         0,         0,         0,     51857,     83108,     39983,     65701
       591,    530591,474.874995,     107.4,         0,     32744,         0,      3110,         9,   3516726,         0,    333987,       970,    -29023,    -34466,    -63489,  -3117040,  -3701684,  -6818724,     28577,         0,      4722,       212,         0,         0,         0,         0,    -18967,    -27634,    -46601,         0,         0,         0,         0,         0,         0,         0,     61767,     96233,     47543,     75178
       592,    530592,157.763944,      29.0,         0,     27391,         0,      2860,       116,    794347,         0,     82931,      3355,    -28443,    -31278,    -59721,   -824844,   -907069,  -1731913,     25112,         0,      5658,        49,         0,         0,         0,         0,    -17745,    -25765,    -43510,         0,         0,         0,         0,         0,         0,         0,     55834,     87112,     42858,     68622
       593,    530593,218.152625,      25.9,         0,     33826,         0,      3570,        39,    876085,         0,     92454,      1022,    -28313,    -36762,    -65075,   -733309,   -952129,  -1685438,     29177,         0,      4574,       277,         0,         0,         0,         0,    -18592,    -29321,    -47913,         0,         0,         0,         0,         0,         0,         0,     62139,     98900,     47769,     77090
       594,    530594,158.778806,      25.2,         0,     26084,         0,      2825,        50,    657312,         0,     71196,      1254,    -28194,    -30871,    -59065,   -710501,   -777940,  -1488441,     24347,         0,      5302,        94,         0,         0,         0,         0,    -17449,    -25372,    -42821,         0,         0,         0,         0,         0,         0,         0,     54278,     85149,     41797,     67168
       595,    530595,329.526850,      14.8,       1.4,     64603,         0,      4475,       140,    956128,         0,     66228,      2066,     -5400,    -25181,    -30581,    -79925,   -372678,   -452603,     47761,         0,      5855,       506,     66866,         0,      8197,       709,     -3694,    -22919,    -26613,     -5171,    -32086,    -37258,         0,         0,         0,         0,     70004,     95185,     51455,     74374
       596,    530596,695.599170,     747.4,     210.1,     26581,         0,      3503,       211,  19866908,         0,   2617819,    157717,    -27560,    -46588,    -74148, -20598718, -34819818, -55418536,     24108,         0,      4852,       757,   5065147,         0,   1019398,    159074,    -17411,    -36199,    -53610,  -3658099,  -7605382, -11263481,         0,         0,         0,         0,     54142,    100730,     41519,     77718
       597,    530597,395.852168,         0,     135.1,     31628,         0,      1378,       135,         0,         0,         0,         0,    -27238,    -32709,    -59947,         0,         0,         0,     27365,         0,      3382,         0,   3697072,         0,    456965,         0,    -17616,    -26869,    -44485,  -2379979,  -3629938,  -6009918,         0,         0,         0,         0,     58865,     91574,     44982,     71850
       598,    530598,445.300495,         0,         0,         0,         0,      1723,         0,         0,         0,         0,         0,         0,         0,         0,         0,         0,         0,         0,         0,      4509,         2,         0,         0,         0,         0,         0,         0,         0,         0,         0,         0,         0,         0,         0,         0,         0,         0,         0,         0
       599,    530599, 80.160442,         0,         0,         0,         0,      1956,         0,         0,         0,         0,         0,         0,         0,         0,         0,         0,         0,         0,         0,      4807,         0,         0,         0,         0,         0,         0,         0,         0,         0,         0,         0,         0,         0,         0,         0,         0,         0,         0,         0
       600,    530600, 84.323581,         0,         0,         0,         0,      1998,         0,         0,         0,         0,         0,         0,         0,         0,         0,         0,         0,         0,         0,      4805,         0,         0,         0,         0,         0,         0,         0,         0,         0,         0,         0,         0,         0,         0,         0,         0,         0,         0,         0
       601,    530601,193.647341,         0,         0,     29298,         0,      2073,         0,         0,         0,         0,         0,    -28695,    -31270,    -59965,         0,         0,         0,     26365,         0,      4715,        17,         0,         0,         0,         0,    -18058,    -25643,    -43701,         0,         0,         0,         0,         0,         0,         0,     57993,     89263,     44423,     70066
       602,    530602,695.533412,      33.5,         0,     24834,         0,      1535,         3,    831936,         0,     51436,       104,    -28064,    -33450,    -61515,   -940156,  -1120586,  -2060742,     23308,         0,      3564,        40,         0,         0,         0,         0,    -17292,    -27228,    -44520,         0,         0,         0,         0,         0,         0,         0,     52898,     86349,     40600,     67828
       603,    530603,345.405041,      90.6,      40.9,     22645,         0,      1514,        41,   2051644,         0,    137184,      3706,    -27569,    -33402,    -60971,  -2497762,  -3026208,  -5523970,     21980,         0,      3144,        93,    898990,         0,    128603,      3810,    -16688,    -27198,    -43886,   -682544,  -1112394,  -1794938,         0,         0,         0,         0,     50214,     83616,     38668,     65866
       604,    530604,265.899856,     308.3,      50.4,     33530,         0,      2865,        50,  10337258,         0,    883337,     15538,    -28300,    -37406,    -65706,  -8725030, -11532257, -20257286,     28971,         0,      3991,       372,   1460123,         0,    201154,     18742,    -18561,    -29616,    -48177,   -935452,  -1492646,  -2428098,         0,         0,         0,         0,     61830,     99236,     47531,     77147
       605,    530605, 68.776188,         0,         0,         0,         0,      1356,         0,         0,         0,         0,         0,         0,         0,         0,         0,         0,         0,         0,         0,      3923,         0,         0,         0,         0,         0,         0,         0,         0,         0,         0,         0,         0,         0,         0,         0,         0,         0,         0,         0
       606,    530606,102.188260,         0,         0,         0,         0,      1392,         0,         0,         0,         0,         0,         0,         0,         0,         0,         0,         0,         0,         0,      3895,         0,         0,         0,         0,         0,         0,         0,         0,         0,         0,         0,         0,         0,         0,         0,         0,         0,         0,         0
       607,    530607,158.012528,         0,         0,         0,         0,      1474,         0,         0,         0,         0,         0,         0,         0,         0,         0,         0,         0,         0,         0,      3814,        15,         0,         0,         0,         0,         0,         0,         0,         0,         0,         0,         0,         0,         0,         0,         0,         0,         0,         0
       608,    530608,330.026956,      61.5,         0,     31856,         0,      2137,        36,   1959116,         0,    131403,      2196,    -27347,    -38940,    -66286,  -1681818,  -2394791,  -4076608,     27666,         0,      3406,       280,         0,         0,         0,         0,    -17698,    -30920,    -48619,         0,         0,         0,         0,         0,         0,         0,     59202,     98142,     45364,     76285
       609,    530609,423.192608,         0,         0,     27495,         0,      2377,        63,         0,         0,         0,         0,    -26940,    -44885,    -71824,         0,         0,         0,     24430,         0,      3964,       226,         0,         0,         0,         0,    -17056,    -34841,    -51897,         0,         0,         0,         0,         0,         0,         0,     54434,     99319,     41486,     76327
       610,    530610,188.296215,         0,         0,         0,         0,       952,         0,         0,         0,         0,         0,         0,         0,         0,         0,         0,         0,         0,         0,      3045,         0,         0,         0,         0,         0,         0,         0,         0,         0,         0,         0,         0,         0,         0,         0,         0,         0,         0,         0
       611,    530611,834.172433,     361.7,      10.0,     16421,         0,       407,        11,   5939366,         0,    147235,      4073,    -25863,    -43095,    -68957,  -9354487, -15587405, -24941892,     18047,         0,      1556,       362,    180467,         0,     15556,      3617,    -14579,    -34286,    -48866,   -145795,   -342862,   -488656,         0,         0,         0,         0,     42283,     85378,     32626,     66912
       612,    530612,110.480145,         0,         0,         0,         0,       825,         0,         0,         0,         0,         0,         0,         0,         0,         0,         0,         0,         0,         0,      2792,         0,         0,         0,         0,         0,         0,         0,         0,         0,         0,         0,         0,         0,         0,         0,         0,         0,         0,         0
       613,    530613,570.236031,         0,         0,         0,         0,       528,         0,         0,         0,         0,         0,         0,         0,         0,         0,         0,         0,         0,         0,      2082,         3,         0,         0,         0,         0,         0,         0,         0,         0,         0,         0,         0,         0,         0,         0,         0,         0,         0,         0
       614,    530614,132.692896,         0,         0,         0,         0,       803,         0,         0,         0,         0,         0,         0,         0,         0,         0,         0,         0,         0,         0,      2726,         0,         0,         0,         0,         0,         0,         0,         0,         0,         0,         0,         0,         0,         0,         0,         0,         0,         0,         0
       615,    530615,125.922595,         0,         0,         0,         0,       722,         0,         0,         0,         0,         0,         0,         0,         0,         0,         0,         0,         0,         0,      2428,         0,         0,         0,         0,         0,         0,         0,         0,         0,         0,         0,         0,         0,         0,         0,         0,         0,         0,         0
       616,    530616,154.425644,         0,         0,         0,         0,       480,         0,         0,         0,         0,         0,         0,         0,         0,         0,         0,         0,         0,         0,      1940,         0,         0,         0,         0,         0,         0,         0,         0,         0,         0,         0,         0,         0,         0,         0,         0,         0,         0,         0
       617,    530617, 59.368640,         0,         0,         0,         0,       696,         0,         0,         0,         0,         0,         0,         0,         0,         0,         0,         0,         0,         0,      2410,         0,         0,         0,         0,         0,         0,         0,         0,         0,         0,         0,         0,         0,         0,         0,         0,         0,         0,         0
       618,    530618,396.190312,      16.6,         0,         0,         0,       382,         0,         0,         0,      6338,         0,         0,         0,         0,         0,         0,         0,         0,         0,      1534,        17,         0,         0,         0,         0,         0,         0,         0,         0,         0,         0,         0,         0,         0,         0,         0,         0,         0,         0
       619,    530619,261.140800,         0,         0,         0,         0,       413,         0,         0,         0,         0,         0,         0,         0,         0,         0,         0,         0,         0,         0,      1614,         7,         0,         0,         0,         0,         0,         0,         0,         0,         0,         0,         0,         0,         0,         0,         0,         0,         0,         0
       620,    530620,158.210605,         0,         0,         0,         0,       363,         0,         0,         0,         0,         0,         0,         0,         0,         0,         0,         0,         0,         0,      1427,         0,         0,         0,         0,         0,         0,         0,         0,         0,         0,         0,         0,         0,         0,         0,         0,         0,         0,         0
       621,    530621,235.589343,         0,         0,         0,         0,       330,         0,         0,         0,         0,         0,         0,         0,         0,         0,         0,         0,         0,         0,      1326,        15,         0,         0,         0,         0,         0,         0,         0,         0,         0,         0,         0,         0,         0,         0,         0,         0,         0,         0
       622,    530622,472.005874,         0,         0,         0,         0,       264,         0,         0,         0,         0,         0,         0,         0,         0,         0,         0,         0,         0,         0,       976,         0,         0,         0,         0,         0,         0,         0,         0,         0,         0,         0,         0,         0,         0,         0,         0,         0,         0,         0
       623,    530623,3265.88830,      41.2,         0,     20043,         0,       857,         0,    825782,         0,     35326,         0,    -10076,    -21294,    -31369,   -415113,   -877303,  -1292416,     19176,         0,      2178,        41,         0,         0,         0,         0,     -5330,    -18314,    -23644,         0,         0,         0,         0,         0,         0,         0,     30119,     51413,     24506,     42819
       624,    530624,1271.77123,         0,         0,      9401,         0,       595,         0,         0,         0,         0,         0,     -6029,    -30319,    -36348,         0,         0,         0,     12324,         0,      1292,         0,         0,         0,         0,         0,     -2269,    -23967,    -26236,         0,         0,         0,         0,         0,         0,         0,     15430,     45750,     14593,     38560
       625,    530625, 34.726881,      41.9,         0,     35257,         0,      2331,         7,   1477262,         0,     97681,       275,    -10221,    -32552,    -42773,   -428274,  -1363917,  -1792191,     29188,         0,      4112,       191,         0,         0,         0,         0,     -6129,    -27079,    -33208,         0,         0,         0,         0,         0,         0,         0,     45478,     78030,     35317,     62397
       626,    530626,274.922928,     169.4,       3.0,     30696,         0,      2482,        47,   5199847,         0,    420399,      7931,    -10124,    -34201,    -44324,  -1714938,  -5793601,  -7508539,     26196,         0,      4222,       254,     78588,         0,     12667,       762,     -5864,    -27874,    -33738,    -17592,    -83621,   -101213,         0,         0,         0,         0,     40819,     75020,     32060,     59934
       627,    530627,169.006196,      21.2,       2.7,     31193,         0,      2762,        67,    661293,         0,     58545,      1410,    -10154,    -35399,    -45553,   -215262,   -750455,   -965717,     26554,         0,      4607,       448,     71695,         0,     12440,      1209,     -5894,    -28861,    -34755,    -15914,    -77925,    -93838,         0,         0,         0,         0,     41347,     76746,     32447,     61308
       628,    530628,1113.08961,         0,         0,     17657,         0,      2906,         2,         0,         0,         0,         0,     -9738,    -31666,    -41404,         0,         0,         0,     17661,         0,      4557,        37,         0,         0,         0,         0,     -4820,    -26246,    -31065,         0,         0,         0,         0,         0,         0,         0,     27395,     59061,     22481,     48727
       629,    530629, 88.459293,     160.7,       2.0,     34291,         0,      3562,       371,   5510639,         0,    572353,     59547,    -10754,    -34948,    -45702,  -1728108,  -5616149,  -7344257,     28831,         0,      5693,       779,     57662,         0,     11386,      1557,     -6410,    -28503,    -34914,    -12821,    -57007,    -69828,         0,         0,         0,         0,     45045,     79993,     35242,     63745
       630,    530630, 39.611684,      43.4,      51.5,     34750,         0,      3426,       520,   1508154,         0,    148690,     22571,    -10737,    -26954,    -37691,   -466001,  -1169788,  -1635789,     29362,         0,      5425,      1005,   1512144,         0,    279408,     51754,     -6394,    -22124,    -28518,   -329309,  -1139378,  -1468687,         0,         0,         0,         0,     45487,     72441,     35756,     57880
       631,    530631, 50.343178,     127.7,     113.5,     34040,         0,      3590,       521,   4346944,         0,    458480,     66505,    -10712,    -28139,    -38851,  -1367870,  -3593354,  -4961224,     28866,         0,      5678,      1009,   3276261,         0,    644503,    114513,     -6342,    -23042,    -29384,   -719867,  -2615269,  -3335136,         0,         0,         0,         0,     44752,     72891,     35208,     58250
       632,    530632, 73.388308,     136.1,      81.8,     30973,         0,      3193,       427,   4215421,         0,    434594,     58158,    -11503,    -19521,    -31024,  -1565530,  -2656782,  -4222312,     26763,         0,      5078,       813,   2189200,         0,    415376,     66469,     -6777,    -17331,    -24108,   -554337,  -1417670,  -1972007,         0,         0,         0,         0,     42476,     61997,     33540,     50871
       633,    530633, 59.267278,     123.1,       6.7,     30537,         0,      3433,       477,   3759136,         0,    422604,     58779,    -12491,    -18885,    -31376,  -1537668,  -2324766,  -3862434,     26575,         0,      5360,       781,    178055,         0,     35913,      5234,     -7375,    -16826,    -24201,    -49412,   -112734,   -162146,         0,         0,         0,         0,     43028,     61914,     33950,     50776
       634,    530634, 71.660072,     118.9,         0,     29179,         0,      4160,       433,   3469367,         0,    494597,     51540,    -13290,    -22806,    -36097,  -1580229,  -2711654,  -4291883,     25731,         0,      6505,       933,         0,         0,         0,         0,     -7847,    -19794,    -27640,         0,         0,         0,         0,         0,         0,         0,     42469,     65275,     33578,     53371
       635,    530635, 67.366225,     165.8,     119.7,     32515,         0,      3905,       641,   5391019,         0,    647383,    106228,    -13432,    -19381,    -32814,  -2227068,  -3213432,  -5440500,     28085,         0,      6069,      1245,   3361832,         0,    726479,    148991,     -8058,    -17187,    -25246,   -964594,  -2057327,  -3021922,         0,         0,         0,         0,     45947,     65329,     36144,     53331
       636,    530636, 33.997465,      24.5,      98.7,     33221,         0,      3744,       666,    813926,         0,     91724,     16324,    -13451,    -18153,    -31604,   -329539,   -444750,   -774289,     28566,         0,      5820,      1173,   2819450,         0,    574445,    115752,     -8114,    -16252,    -24365,   -800806,  -1604065,  -2404870,         0,         0,         0,         0,     46672,     64825,     36679,     52931
       637,    530637, 32.482857,      80.0,      15.5,     31304,         0,      3659,       640,   2504357,         0,    292713,     51206,    -13909,    -18362,    -32271,  -1112750,  -1468943,  -2581693,     27250,         0,      5680,      1016,    422382,         0,     88043,     15744,     -8314,    -16432,    -24746,   -128867,   -254701,   -383568,         0,         0,         0,         0,     45214,     63576,     35564,     51997
       638,    530638, 65.029551,     135.2,         0,     27426,         0,      4532,       394,   3707998,         0,    612709,     53281,    -16471,    -21956,    -38427,  -2226816,  -2968466,  -5195282,     24850,         0,      6963,       833,         0,         0,         0,         0,     -9770,    -19154,    -28923,         0,         0,         0,         0,         0,         0,         0,     43897,     65853,     34620,     53774
       639,    530639, 44.434112,      69.7,      90.8,     31073,         0,      4198,       694,   2165811,         0,    292631,     48349,    -16490,    -18491,    -34981,  -1149359,  -1288790,  -2438149,     27390,         0,      6413,      1163,   2487022,         0,    582284,    105629,     -9960,    -16484,    -26443,   -904332,  -1496725,  -2401057,         0,         0,         0,         0,     47563,     66054,     37350,     53833
       640,    530640, 23.279764,      20.8,         0,     31748,         0,      4027,       692,    660362,         0,     83760,     14399,    -16546,    -17279,    -33825,   -344152,   -359407,   -703559,     27869,         0,      6146,      1055,         0,         0,         0,         0,    -10024,    -15549,    -25573,         0,         0,         0,         0,         0,         0,         0,     48294,     65573,     37893,     53442
       641,    530641, 43.588816,      85.5,         0,     29831,         0,      3841,       587,   2550578,         0,    328426,     50209,    -16170,    -17673,    -33843,  -1382516,  -1511050,  -2893566,     26459,         0,      5877,       814,         0,         0,         0,         0,     -9696,    -15889,    -25585,         0,         0,         0,         0,         0,         0,         0,     46001,     63674,     36154,     52044
       642,    530642, 37.368862,      86.1,       2.0,     27059,         0,      4845,       339,   2329763,         0,    417176,     29224,    -19949,    -20790,    -40738,  -1717582,  -1789992,  -3507574,     24995,         0,      7293,       816,     49991,         0,     14586,      1633,    -11936,    -18217,    -30154,    -23872,    -36435,    -60307,         0,         0,         0,         0,     47007,     67797,     36932,     55149
       643,    530643, 33.184096,      70.8,       2.0,     28350,         0,      4606,       503,   2007179,         0,    326086,     35615,    -19065,    -19513,    -38577,  -1349785,  -1381487,  -2731273,     25790,         0,      6969,       946,     51580,         0,     13938,      1892,    -11447,    -17255,    -28702,    -22894,    -34510,    -57404,         0,         0,         0,         0,     47415,     66927,     37237,     54492
       644,    530644, 31.685198,      73.0,      84.6,     30322,         0,      4419,       581,   2213531,         0,    322617,     42436,    -18986,    -17592,    -36578,  -1385968,  -1284217,  -2670185,     27141,         0,      6675,       979,   2296092,         0,    564669,     82806,    -11509,    -15775,    -27284,   -973703,  -1334556,  -2308259,         0,         0,         0,         0,     49308,     66900,     38650,     54425
       645,    530645, 59.258453,      39.6,      80.6,     30051,         0,      4343,       530,   1190003,         0,    171966,     21005,    -18958,    -17210,    -36168,   -750735,   -681531,  -1432266,     26949,         0,      6519,       748,   2172093,         0,    525432,     60290,    -11478,    -15473,    -26952,   -925139,  -1247156,  -2172296,         0,         0,         0,         0,     49009,     66219,     38427,     53901
       646,    530646, 46.130057,      67.8,      51.9,     28385,         0,      4103,       479,   1924485,         0,    278173,     32510,    -18178,    -17431,    -35609,  -1232467,  -1181830,  -2414297,     25698,         0,      6186,       585,   1333729,         0,    321062,     30369,    -10896,    -15673,    -26569,   -565495,   -813424,  -1378919,         0,         0,         0,         0,     46563,     63994,     36594,     52267
       647,    530647, 38.812177,      49.3,      94.1,     29789,         0,      4673,       450,   1468613,         0,    230385,     22194,    -20967,    -17060,    -38028,  -1033694,   -841067,  -1874761,     26927,         0,      6981,       780,   2533872,         0,    656944,     73372,    -12796,    -15354,    -28150,  -1204090,  -1444853,  -2648943,         0,         0,         0,         0,     50757,     67817,     39723,     55078
       648,    530648, 55.991230,      40.9,      43.7,     29280,         0,      4642,       411,   1197554,         0,    189863,     16804,    -21766,    -16243,    -38009,   -890233,   -664326,  -1554559,     26613,         0,      6876,       534,   1162991,         0,    300492,     23323,    -13321,    -14726,    -28047,   -582128,   -643539,  -1225667,         0,         0,         0,         0,     51046,     67289,     39934,     54660
       649,    530649,758.020053,         0,         0,     50642,         0,       296,         0,         0,         0,         0,         0,     -8788,    -18123,    -26911,         0,         0,         0,     38186,         0,       874,         0,         0,         0,         0,         0,     -5780,    -18707,    -24487,         0,         0,         0,         0,         0,         0,         0,     59429,     77552,     43967,     62674
       650,    530650,1314.75716,      21.6,       7.6,     53175,         0,       256,         8,   1148587,         0,      5528,       164,     -9034,    -12119,    -21153,   -195128,   -261775,   -456903,     40247,         0,       787,        22,    305879,         0,      5985,       164,     -5976,    -13806,    -19782,    -45415,   -104927,   -150341,         0,         0,         0,         0,     62209,     74328,     46223,     60029
       651,    530651,181.477393,         0,         0,     54626,         0,       308,         3,         0,         0,         0,         0,     -9037,    -13567,    -22604,         0,         0,         0,     41361,         0,       946,         9,         0,         0,         0,         0,     -5986,    -14895,    -20881,         0,         0,         0,         0,         0,         0,         0,     63662,     77229,     47347,     62242
       652,    530652,261.766827,         0,         0,     49976,         0,       435,         0,         0,         0,         0,         0,     -8782,    -19822,    -28604,         0,         0,         0,     37673,         0,      1344,         1,         0,         0,         0,         0,     -5772,    -19995,    -25767,         0,         0,         0,         0,         0,         0,         0,     58758,     78580,     43445,     63440
       653,    530653,326.923239,       8.9,       1.5,     49069,         0,       524,         2,    436716,         0,      4659,        19,    -10065,    -19201,    -29266,    -89576,   -170888,   -260464,     37584,         0,      1615,        31,     56376,         0,      2423,        46,     -6660,    -18496,    -25156,     -9990,    -27743,    -37734,         0,         0,         0,         0,     59134,     78335,     44244,     62740
       654,    530654,774.898796,         0,         0,     37671,         0,       694,         0,         0,         0,         0,         0,     -9961,    -22683,    -32644,         0,         0,         0,     29614,         0,      2010,         0,         0,         0,         0,         0,     -6210,    -20587,    -26797,         0,         0,         0,         0,         0,         0,         0,     47632,     70315,     35824,     56411
       655,    530655, 79.153814,      45.8,     106.6,     45678,         0,       601,       116,   2092050,         0,     27523,      5322,    -10156,    -19313,    -29469,   -465150,   -884547,  -1349697,     35212,         0,      1793,       126,   3753562,         0,    191156,     13410,     -6661,    -18165,    -24826,   -710031,  -1936417,  -2646448,         0,         0,         0,         0,     55834,     75147,     41872,     60038
       656,    530656, 55.747683,         0,         0,     48464,         0,       702,        79,         0,         0,         0,         0,    -10197,    -20154,    -30351,         0,         0,         0,     37296,         0,      2088,       179,         0,         0,         0,         0,     -6736,    -19029,    -25765,         0,         0,         0,         0,         0,         0,         0,     58662,     78815,     44032,     63061
       657,    530657,225.704389,       8.9,         0,     47201,         0,       621,         3,    420089,         0,      5531,        24,    -10183,    -21793,    -31975,    -90627,   -193953,   -284580,     36351,         0,      1884,        48,         0,         0,         0,         0,     -6708,    -20338,    -27046,         0,         0,         0,         0,         0,         0,         0,     57384,     79176,     43059,     63397
       658,    530658,106.734230,      58.3,       3.1,     45038,         0,       673,       133,   2625722,         0,     39214,      7773,    -10150,    -21011,    -31161,   -591768,  -1224936,  -1816703,     34756,         0,      1998,       193,    107744,         0,      6195,       599,     -6639,    -19503,    -26142,    -20580,    -60460,    -81039,         0,         0,         0,         0,     55189,     76199,     41395,     60898
       659,    530659,149.735465,      90.3,      27.1,     41956,         0,       858,        86,   3788599,         0,     77502,      7738,    -10096,    -24126,    -34222,   -911691,  -2178594,  -3090285,     32897,         0,      2431,       233,    891506,         0,     65871,      6324,     -6487,    -21583,    -28071,   -175806,   -584907,   -760713,         0,         0,         0,         0,     52052,     76178,     39384,     60967
       660,    530660,273.574130,       8.9,         0,     45975,         0,       942,        15,    409178,         0,      8382,       135,    -10205,    -25042,    -35246,    -90822,   -222871,   -313693,     35703,         0,      2516,        36,         0,         0,         0,         0,     -6680,    -22534,    -29215,         0,         0,         0,         0,         0,         0,         0,     56180,     81221,     42383,     64917
       661,    530661, 68.047533,       8.3,         0,     46355,         0,       789,        47,    384743,         0,      6552,       387,    -10209,    -22924,    -33134,    -84739,   -190272,   -275010,     35942,         0,      2325,       169,         0,         0,         0,         0,     -6692,    -20927,    -27619,         0,         0,         0,         0,         0,         0,         0,     56564,     79488,     42634,     63561
       662,    530662, 55.222738,         0,       1.0,     45665,         0,      1098,        98,         0,         0,         0,         0,    -10226,    -24432,    -34658,         0,         0,         0,     35607,         0,      2764,       223,     35607,         0,      2764,       223,     -6676,    -21879,    -28555,     -6676,    -21879,    -28555,         0,         0,         0,         0,     55891,     80322,     42283,     64162
       663,    530663,181.385006,     107.0,       8.5,     37628,         0,      1414,        70,   4026179,         0,    151351,      7530,    -10037,    -29722,    -39759,  -1073959,  -3180271,  -4254230,     30174,         0,      3113,       242,    256479,         0,     26463,      2058,     -6211,    -25595,    -31806,    -52796,   -217556,   -270353,         0,         0,         0,         0,     47665,     77387,     36385,     61980
       664,    530664,185.883702,      53.2,      65.3,     42773,         0,      1518,        83,   2275510,         0,     80733,      4408,    -10188,    -27468,    -37656,   -541981,  -1461309,  -2003290,     33676,         0,      3215,       254,   2199030,         0,    209916,     16596,     -6558,    -24022,    -30580,   -428226,  -1568660,  -1996886,         0,         0,         0,         0,     52960,     80429,     40234,     64256
       665,    530665,162.138815,       8.7,         0,     44138,         0,      1597,        57,    384000,         0,     13898,       492,    -10217,    -28168,    -38386,    -88892,   -245064,   -333956,     34686,         0,      3321,        89,         0,         0,         0,         0,     -6617,    -24583,    -31200,         0,         0,         0,         0,         0,         0,         0,     54355,     82524,     41303,     65886
       666,    530666,269.537873,      96.6,         0,     41054,         0,      2181,        60,   3965801,         0,    210647,      5804,    -10144,    -29441,    -39585,   -979898,  -2844002,  -3823900,     32537,         0,      4020,       219,         0,         0,         0,         0,     -6460,    -25427,    -31887,         0,         0,         0,         0,         0,         0,         0,     51198,     80639,     38998,     64424
       667,    530667,103.521311,         0,         0,     43389,         0,      2049,        35,         0,         0,         0,         0,    -10202,    -29570,    -39772,         0,         0,         0,     34225,         0,      3918,        98,         0,         0,         0,         0,     -6585,    -25544,    -32129,         0,         0,         0,         0,         0,         0,         0,     53591,     83162,     40809,     66354
       668,    530668,125.810245,      73.9,         0,     35908,         0,      2219,         6,   2653637,         0,    163994,       474,    -10100,    -32356,    -42456,   -746398,  -2391113,  -3137511,     29571,         0,      3988,       179,         0,         0,         0,         0,     -6081,    -26980,    -33061,         0,         0,         0,         0,         0,         0,         0,     46009,     78365,     35652,     62632
       669,    530669,143.489885,       8.7,       1.5,     41515,         0,      2500,         2,    361182,         0,     21748,        20,    -10157,    -31685,    -41843,    -88367,   -275663,   -364031,     32869,         0,      4553,        55,     49303,         0,      6829,        83,     -6490,    -27170,    -33660,     -9735,    -40756,    -50490,         0,         0,         0,         0,     51672,     83358,     39359,     66529
       670,    530670, 52.668241,         0,         0,     36851,         0,      2548,         7,         0,         0,         0,         0,    -10130,    -32809,    -42939,         0,         0,         0,     30235,         0,      4415,       242,         0,         0,         0,         0,     -6148,    -27333,    -33481,         0,         0,         0,         0,         0,         0,         0,     46981,     79790,     36383,     63716
       671,    530671, 41.009718,      20.3,       3.9,     38386,         0,      2474,         6,    779233,         0,     50227,       121,    -10138,    -32034,    -42173,   -205803,   -650299,   -856103,     31073,         0,      4344,       251,    121185,         0,     16943,       979,     -6265,    -26998,    -33263,    -24433,   -105291,   -129724,         0,         0,         0,         0,     48524,     80558,     37338,     64336
       672,    530672,498.096670,       8.9,       1.0,     36679,         0,      3181,         2,    326441,         0,     28313,        20,    -10089,    -36481,    -46570,    -89789,   -324683,   -414471,     29860,         0,      5568,        18,     29860,         0,      5568,        18,     -6147,    -30459,    -36607,     -6147,    -30459,    -36607,         0,         0,         0,         0,     46767,     83249,     36007,     66467
       673,    530673, 21.444201,       6.4,         0,     41227,         0,      2781,         5,    263853,         0,     17797,        33,    -10221,    -30766,    -40988,    -65417,   -196904,   -262321,     33087,         0,      4813,       146,         0,         0,         0,         0,     -6466,    -26006,    -32472,         0,         0,         0,         0,         0,         0,         0,     51448,     82215,     39553,     65559
       674,    530674,212.301661,         0,         0,     40125,         0,      3137,         5,         0,         0,         0,         0,    -10186,    -31961,    -42147,         0,         0,         0,     32304,         0,      5318,        98,         0,         0,         0,         0,     -6387,    -26912,    -33298,         0,         0,         0,         0,         0,         0,         0,     50310,     82271,     38691,     65602
       675,    530675, 17.346520,         0,         0,     39656,         0,      2877,         9,         0,         0,         0,         0,    -10191,    -31260,    -41452,         0,         0,         0,     32120,         0,      4856,       220,         0,         0,         0,         0,     -6347,    -26198,    -32545,         0,         0,         0,         0,         0,         0,         0,     49848,     81108,     38467,     64666
       676,    530676, 22.956749,         0,         0,     39794,         0,      3091,         7,         0,         0,         0,         0,    -10195,    -31980,    -42175,         0,         0,         0,     32218,         0,      5200,       152,         0,         0,         0,         0,     -6357,    -26752,    -33109,         0,         0,         0,         0,         0,         0,         0,     49989,     81969,     38575,     65326
       677,    530677, 83.808169,      84.3,       3.8,     37595,         0,      3172,        51,   3169269,         0,    267439,      4291,    -10393,    -32657,    -43051,   -876161,  -2753010,  -3629171,     30890,         0,      5215,       336,    117383,         0,     19816,      1278,     -6351,    -27060,    -33412,    -24135,   -102829,   -126964,         0,         0,         0,         0,     47988,     80646,     37242,     64302
       678,    530678,117.997709,      27.3,         0,     32566,         0,      3928,       112,    889063,         0,    107227,      3048,    -10224,    -37701,    -47925,   -279103,  -1029243,  -1308346,     27353,         0,      6313,       505,         0,         0,         0,         0,     -6001,    -30902,    -36904,         0,         0,         0,         0,         0,         0,         0,     42790,     80491,     33355,     64257
       679,    530679,1013.32259,      65.8,      10.7,     11323,         0,       510,        39,    745085,         0,     33570,      2576,     -7847,    -28072,    -35918,   -516306,  -1847110,  -2363417,     13686,         0,       623,        91,    146438,         0,      6662,       972,     -3032,    -22642,    -25674,    -32440,   -242272,   -274712,         0,         0,         0,         0,     19170,     47242,     16718,     39360
       680,    530680,445.429221,         0,         0,     15993,         0,      1061,         1,         0,         0,         0,         0,     -9317,    -27191,    -36507,         0,         0,         0,     16635,         0,      2019,        39,         0,         0,         0,         0,     -4279,    -22627,    -26907,         0,         0,         0,         0,         0,         0,         0,     25310,     52500,     20915,     43542
       681,    530681,553.877404,      27.3,      73.1,      9520,         0,       375,        73,    259896,         0,     10247,      1996,     -5612,    -28310,    -33921,   -153199,   -772853,   -926052,     11947,         0,       285,        27,    873323,         0,     20825,      1996,     -2261,    -22008,    -24269,   -165267,  -1608790,  -1774057,         0,         0,         0,         0,     15132,     43441,     14208,     36216
       682,    530682,347.953642,      56.7,       2.0,     16436,         0,      1323,         2,    931911,         0,     75036,       113,     -9412,    -28167,    -37580,   -533678,  -1597094,  -2130772,     16882,         0,      2276,        57,     33765,         0,      4553,       113,     -4417,    -23382,    -27799,     -8834,    -46764,    -55599,         0,         0,         0,         0,     25848,     54016,     21300,     44682
       683,    530683,492.066662,     118.6,     134.7,     12625,         0,       526,       137,   1497368,         0,     62339,     16243,     -8562,    -27698,    -36259,  -1015407,  -3284962,  -4300369,     14556,         0,       594,       132,   1960694,         0,     80027,     17847,     -3420,    -22549,    -25969,   -460663,  -3037376,  -3498039,         0,         0,         0,         0,     21187,     48885,     17976,     40525
       684,    530684,754.879517,         0,         0,      6054,         0,      1948,         0,         0,         0,         0,         0,     -1007,    -39684,    -40690,         0,         0,         0,      8433,         0,      2887,         0,         0,         0,         0,         0,      -808,    -30216,    -31024,         0,         0,         0,         0,         0,         0,         0,      7061,     46744,      9241,     39457
       685,    530685,2800.74441,       2.5,         0,      5953,         0,       908,         0,     14883,         0,      2269,         0,      -957,    -35845,    -36802,     -2393,    -89611,    -92004,      8294,         0,      1335,         3,         0,         0,         0,         0,      -783,    -27050,    -27833,         0,         0,         0,         0,         0,         0,         0,      6910,     42755,      9077,     36127
       686,    530686,1084.43011,      19.9,     155.7,      9452,         0,       374,       156,    188094,         0,      7443,      3098,     -5500,    -29549,    -35049,   -109452,   -588026,   -697479,     11881,         0,       269,        20,   1849807,         0,     41828,      3098,     -2226,    -22834,    -25060,   -346640,  -3555254,  -3901894,         0,         0,         0,         0,     14952,     44501,     14107,     36941
       687,    530687,443.366322,         0,         0,      6432,         0,       252,         0,         0,         0,         0,         0,      -731,    -21777,    -22508,         0,         0,         0,      7127,         0,       293,         0,         0,         0,         0,         0,      -710,    -16611,    -17321,         0,         0,         0,         0,         0,         0,         0,      7163,     28940,      7837,     24448
       688,    530688,808.647901,      62.2,      80.9,      6465,         0,       752,        81,    402144,         0,     46769,      5032,      -705,    -19561,    -20266,    -43821,  -1216715,  -1260536,      6971,         0,       362,        62,    563953,         0,     29307,      5032,      -704,    -15072,    -15776,    -56954,  -1219298,  -1276252,         0,         0,         0,         0,      7170,     26731,      7675,     22747
       689,    530689,522.846888,      55.0,      12.4,      5845,         0,      1254,        12,    321479,         0,     68971,       682,      -633,    -16992,    -17625,    -34828,   -934536,   -969365,      6053,         0,       447,        55,     75055,         0,      5537,       682,      -563,    -13750,    -14313,     -6984,   -170496,   -177480,         0,         0,         0,         0,      6478,     23470,      6616,     20366
       690,    530690,130.686895,      23.3,         0,      5757,         0,      1621,        25,    134134,         0,     37770,       589,      -611,    -13259,    -13870,    -14242,   -308933,   -323175,      5870,         0,       502,        67,         0,         0,         0,         0,      -550,    -11159,    -11709,         0,         0,         0,         0,         0,         0,         0,      6368,     19627,      6421,     17580
       691,    530691,311.490445,      21.2,         0,      5547,         0,       965,         0,    117588,         0,     20467,         0,      -507,    -14996,    -15503,    -10743,   -317913,   -328657,      5541,         0,       399,        21,         0,         0,         0,         0,      -492,    -12492,    -12985,         0,         0,         0,         0,         0,         0,         0,      6053,     21049,      6033,     18525
       692,    530692,365.925806,         0,         0,      5688,         0,       702,         0,         0,         0,         0,         0,      -578,    -16415,    -16993,         0,         0,         0,      5830,         0,       359,         7,         0,         0,         0,         0,      -509,    -13355,    -13864,         0,         0,         0,         0,         0,         0,         0,      6266,     22681,      6339,     19694
       693,    530693,1899.25270,         0,         0,      4574,         0,       113,         0,         0,         0,         0,         0,      -226,    -17166,    -17392,         0,         0,         0,      4113,         0,       221,         0,         0,         0,         0,         0,      -345,    -14661,    -15006,         0,         0,         0,         0,         0,         0,         0,      4800,     21966,      4458,     19119
       694,    530694,538.322112,     153.0,     987.2,      4727,         0,      2270,       987,    723184,         0,    347339,    151042,      -212,     -8798,     -9010,    -32481,  -1346024,  -1378505,      3820,         0,       509,       153,   3771254,         0,    502164,    151042,      -393,     -9863,    -10256,   -388132,  -9736630, -10124762,         0,         0,         0,         0,      4939,     13737,      4213,     14076
       695,    530695,646.994445,     164.3,     949.2,      4761,         0,      2388,       949,    782175,         0,    392392,    155954,      -216,     -6842,     -7058,    -35532,  -1124099,  -1159631,      3875,         0,       485,       164,   3678153,         0,    460713,    155954,      -396,     -8422,     -8819,   -376228,  -7994534,  -8370762,         0,         0,         0,         0,      4977,     11819,      4271,     12694
       696,    530696,461.585638,      96.4,      55.7,      5417,         0,      1991,        56,    522234,         0,    191911,      5369,      -429,    -12750,    -13178,    -41327,  -1229054,  -1270381,      5192,         0,       552,       107,    289217,         0,     30739,      5959,      -487,    -11298,    -11786,    -27142,   -629310,   -656452,         0,         0,         0,         0,      5846,     18596,      5680,     16978
       697,    530697,362.377653,      17.1,      40.7,      5274,         0,      2282,        41,     90183,         0,     39021,       696,      -366,     -9670,    -10036,     -6257,   -165356,   -171614,      4877,         0,       552,        17,    198477,         0,     22478,       696,      -479,     -9530,    -10009,    -19489,   -387870,   -407360,         0,         0,         0,         0,      5640,     15310,      5355,     14885
       698,    530698,6779.27904,         0,         0,        22,         0,        22,         0,         0,         0,         0,         0,        -1,     -5153,     -5154,         0,         0,         0,        59,         0,        24,         0,         0,         0,         0,         0,        -0,     -6692,     -6693,         0,         0,         0,         0,         0,         0,         0,        23,      5176,        60,      6752
       699,    530699,29721.3573,       0.9,         0,      2890,         0,       355,         0,      2601,         0,       320,         0,      -130,     -6672,     -6802,      -117,     -6004,     -6121,      1426,         0,        58,         1,         0,         0,         0,         0,      -170,     -9483,     -9653,         0,         0,         0,         0,         0,         0,         0,      3020,      9692,      1597,     11079
       700,    530700,4737.13181,         0,         0,      1397,         0,         0,         0,         0,         0,         0,         0,        -7,     -2442,     -2449,         0,         0,         0,       372,         0,         0,         0,         0,         0,         0,         0,        -6,     -3594,     -3600,         0,         0,         0,         0,         0,         0,         0,      1404,      3846,       377,      3971
       701,    530701,2696.99483,         0,         0,      2430,         0,         0,         0,         0,         0,         0,         0,       -90,     -3551,     -3641,         0,         0,         0,      1003,         0,         0,         0,         0,         0,         0,         0,      -124,     -5123,     -5247,         0,         0,         0,         0,         0,         0,         0,      2520,      6071,      1127,      6250
       702,    530702,3830.90864,         0,     544.8,      2720,         0,      1521,       545,         0,         0,         0,         0,       -80,     -3907,     -3986,         0,         0,         0,       949,         0,       175,         0,    516811,         0,     95462,         0,      -118,     -5832,     -5950,    -64319,  -3177040,  -3241359,         0,         0,         0,         0,      2800,      6706,      1067,      6898
       703,    530703,5073.76495,     213.0,      12.8,      5288,         0,        26,        13,   1126288,         0,      5494,      2726,     -2608,    -32137,    -34745,   -555599,  -6845127,  -7400726,      8223,         0,       274,       213,    105257,         0,      3504,      2726,     -1859,    -22309,    -24168,    -23796,   -285551,   -309347,         0,         0,         0,         0,      7896,     40033,     10082,     32391
       704,    530704,2495.99820,       3.3,      13.8,      7548,         0,        21,        14,     24909,         0,        70,        46,    -13213,    -35193,    -48405,    -43602,   -116136,   -159738,     11688,         0,       109,         3,    161292,         0,      1500,        46,     -6098,    -27118,    -33217,    -84157,   -374234,   -458392,         0,         0,         0,         0,     20761,     55954,     17786,     44905
       705,    530705,4737.10058,       3.3,         0,      3891,         0,        11,         0,     12839,         0,        37,         0,      -766,    -25150,    -25916,     -2529,    -82995,    -85524,      6207,         0,       212,         3,         0,         0,         0,         0,      -620,    -17468,    -18088,         0,         0,         0,         0,         0,         0,         0,      4657,     29807,      6827,     24295
       706,    530706,940.757449,      45.8,         0,      5969,         0,        21,         0,    273365,         0,       976,         0,     -5254,    -32470,    -37723,   -240616,  -1487110,  -1727727,      9226,         0,       274,        46,         0,         0,         0,         0,     -2794,    -22926,    -25720,         0,         0,         0,         0,         0,         0,         0,     11222,     43692,     12020,     34945
       707,    530707,1767.76548,      14.7,       2.0,      4747,         0,         8,         2,     69787,         0,       121,        29,     -1360,    -31130,    -32490,    -19995,   -457612,   -477607,      7418,         0,       186,        15,     14836,         0,       372,        29,     -1177,    -21060,    -22237,     -2354,    -42120,    -44475,         0,         0,         0,         0,      6108,     37238,      8595,     29655
       708,    530708,4623.28907,      85.8,       2.2,      2918,         0,       161,         2,    250348,         0,     13815,       189,      -342,    -17028,    -17370,    -29324,  -1460985,  -1490309,      4519,         0,       140,        86,      9942,         0,       308,       189,      -214,    -12347,    -12561,      -472,    -27163,    -27635,         0,         0,         0,         0,      3260,     20287,      4734,     17080
       709,    530709,3455.37220,      17.3,         0,      3103,         0,         3,         0,     53676,         0,        52,         0,      -444,    -27346,    -27790,     -7677,   -473086,   -480763,      4859,         0,        90,        17,         0,         0,         0,         0,      -265,    -19502,    -19767,         0,         0,         0,         0,         0,         0,         0,      3546,     30892,      5124,     24626
       710,    530710,1146.69835,     171.8,      93.1,      1359,         0,       380,        93,    233419,         0,     65266,     15995,       -27,     -4605,     -4632,     -4572,   -791135,   -795707,      1663,         0,       317,       172,    154803,         0,     29476,     15995,       -44,     -4502,     -4547,     -4127,   -419165,   -423292,         0,         0,         0,         0,      1385,      5990,      1707,      6209
       711,    530711,796.933062,      52.1,     216.8,      2223,         0,       446,       234,    115804,         0,     23226,     12172,       -54,     -9721,     -9775,     -2804,   -506475,   -509279,      3167,         0,       336,        52,    686570,         0,     72903,     11295,      -104,     -8147,     -8251,    -22558,  -1766292,  -1788849,         0,         0,         0,         0,      2277,     11998,      3271,     11418
       712,    530712,262.636222,         0,     133.3,      2373,         0,       433,       161,         0,         0,         0,         0,       -83,    -10484,    -10567,         0,         0,         0,      3444,         0,       305,         7,    459042,         0,     40612,       877,      -122,     -8375,     -8497,    -16293,  -1116342,  -1132636,         0,         0,         0,         0,      2455,     12939,      3566,     11941
       713,    530713,231.236682,     102.2,      18.5,      2025,         0,       462,        19,    206920,         0,     47210,      1891,       -38,     -6511,     -6549,     -3856,   -665414,   -669270,      2801,         0,       335,       102,     51818,         0,      6203,      1891,       -98,     -5927,     -6025,     -1806,   -109656,   -111462,         0,         0,         0,         0,      2062,      8573,      2899,      8826
       714,    530714,1882.18734,         0,         0,       700,         0,       377,         0,         0,         0,         0,         0,        -1,      -447,      -448,         0,         0,         0,      1304,         0,       553,         0,         0,         0,         0,         0,        -5,     -1211,     -1216,         0,         0,         0,         0,         0,         0,         0,       701,      1148,      1308,      2520
       715,    530715,320.253511,      87.4,         0,       727,         0,       629,        12,     63548,         0,     55010,      1078,        -2,      -513,      -515,      -196,    -44852,    -45048,      1428,         0,       835,       126,         0,         0,         0,         0,        -8,     -1347,     -1355,         0,         0,         0,         0,         0,         0,         0,       729,      1243,      1436,      2783
       716,    530716,226.165161,      94.4,     216.7,       747,         0,       631,       341,     70537,         0,     59523,     32198,        -2,      -726,      -728,      -203,    -68523,    -68725,      1508,         0,       850,       223,    326812,         0,    184238,     48272,        -7,     -1763,     -1770,     -1609,   -381990,   -383599,         0,         0,         0,         0,       749,      1475,      1516,      3278
       717,    530717,116.598512,      44.0,      14.1,       732,         0,       629,       119,     32217,         0,     27684,      5220,        -2,      -644,      -647,      -100,    -28349,    -28450,      1449,         0,       834,       322,     20436,         0,     11761,      4546,        -8,     -1632,     -1640,      -111,    -23007,    -23118,         0,         0,         0,         0,       734,      1379,      1457,      3089
       718,    530718,103.262727,         0,         0,       722,         0,       602,         3,         0,         0,         0,         0,        -2,      -595,      -597,         0,         0,         0,      1407,         0,       793,         8,         0,         0,         0,         0,        -6,     -1519,     -1526,         0,         0,         0,         0,         0,         0,         0,       723,      1319,      1413,      2932
       719,    530719,163.604576,      11.0,         0,       775,         0,       631,       100,      8526,         0,      6937,      1097,        -2,     -1017,     -1019,       -20,    -11187,    -11208,      1620,         0,       852,        79,         0,         0,         0,         0,        -6,     -2182,     -2188,         0,         0,         0,         0,         0,         0,         0,       777,      1794,      1626,      3808
       720,    530720,1070.55582,      28.1,         0,       704,         0,       480,         0,     19789,         0,     13481,         0,        -1,      -670,      -671,       -32,    -18829,    -18861,      1325,         0,       678,        28,         0,         0,         0,         0,        -5,     -1705,     -1709,         0,         0,         0,         0,         0,         0,         0,       705,      1375,      1330,      3035
       721,    530721,306.462030,     266.6,     138.0,       737,         0,       629,       200,    196585,         0,    167762,     53209,        -2,      -783,      -786,      -598,   -208861,   -209459,      1469,         0,       836,       351,    202764,         0,    115320,     48477,        -8,     -1898,     -1906,     -1076,   -261919,   -262995,         0,         0,         0,         0,       740,      1523,      1477,      3375
       722,    530722,426.029813,     238.5,     236.4,       741,         0,       630,       380,    176632,         0,    150325,     90662,        -2,      -914,      -916,      -516,   -217999,   -218515,      1481,         0,       844,       348,    350213,         0,    199512,     82169,        -7,     -2096,     -2104,     -1757,   -495575,   -497333,         0,         0,         0,         0,       743,      1657,      1489,      3585
       723,    530723,196.554895,         0,         0,       773,         0,       629,        96,         0,         0,         0,         0,        -2,     -1238,     -1240,         0,         0,         0,      1611,         0,       837,       106,         0,         0,         0,         0,        -6,     -2587,     -2593,         0,         0,         0,         0,         0,         0,         0,       775,      2013,      1617,      4204
       724,    530724,422.175422,      14.2,         0,       740,         0,       624,         0,     10504,         0,      8864,         0,        -2,     -1150,     -1152,       -26,    -16331,    -16357,      1477,         0,       814,        14,         0,         0,         0,         0,        -6,     -2526,     -2532,         0,         0,         0,         0,         0,         0,         0,       742,      1892,      1483,      4009
       725,    530725,282.703671,      31.6,         0,      2417,         0,        54,         0,     76386,         0,      1699,         6,      -674,    -36698,    -37372,    -21310,  -1159656,  -1180966,      3661,         0,       407,        38,         0,         0,         0,         0,      -416,    -29303,    -29719,         0,         0,         0,         0,         0,         0,         0,      3092,     39790,      4078,     33381
       726,    530726,264.847251,      57.2,       2.8,      2524,         0,        89,         6,    144384,         0,      5070,       320,      -754,    -35390,    -36144,    -43116,  -2024327,  -2067443,      3784,         0,       492,        93,     10596,         0,      1376,       260,      -449,    -28231,    -28680,     -1256,    -79047,    -80304,         0,         0,         0,         0,      3278,     38668,      4233,     32464
       727,    530727,293.444646,      45.7,       3.8,      3414,         0,       113,         6,    156030,         0,      5186,       268,     -1703,    -35957,    -37660,    -77838,  -1643239,  -1721077,      4764,         0,       532,        88,     18102,         0,      2022,       334,      -710,    -28845,    -29556,     -2699,   -109613,   -112312,         0,         0,         0,         0,      5117,     41075,      5474,     34319
       728,    530728,2223.30935,      99.3,      47.2,     44533,         0,       337,        47,   4422151,         0,     33436,      4687,     -8483,    -23280,    -31762,   -842313,  -2311670,  -3153983,     32445,         0,      1057,        99,   1531411,         0,     49868,      4687,     -5624,    -24138,    -29763,   -265465,  -1139334,  -1404799,         0,         0,         0,         0,     53016,     76295,     38069,     62208
       729,    530729,1591.59931,     155.1,      26.9,     66457,         0,       644,        32,  10307546,         0,     99959,      4945,     -8700,    -14363,    -23063,  -1349412,  -2227719,  -3577131,     49218,         0,      1593,       165,   1323966,         0,     42864,      4449,     -5870,    -16566,    -22437,   -157915,   -445635,   -603550,         0,         0,         0,         0,     75158,     89521,     55089,     71655
       730,    530730,420.414943,     169.0,     103.1,     62441,         0,       742,       103,  10552533,         0,    125406,     17424,     -8671,    -12517,    -21189,  -1465481,  -2115438,  -3580919,     46271,         0,      2180,       169,   4770530,         0,    224721,     17424,     -5827,    -15149,    -20976,   -600771,  -1561854,  -2162625,         0,         0,         0,         0,     71113,     83630,     52098,     67247
       731,    530731,130.400915,      58.5,      42.8,     67279,         0,       629,        66,   3935820,         0,     36776,      3868,     -8683,    -11730,    -20413,   -507964,   -686184,  -1194148,     49958,         0,      1866,       169,   2138205,         0,     79845,      7221,     -5861,    -14402,    -20262,   -250832,   -616400,   -867233,         0,         0,         0,         0,     75962,     87692,     55819,     70221
       732,    530732,406.904769,     120.1,      26.1,     67562,         0,      1053,        61,   8114215,         0,    126449,      7378,     -8695,    -12503,    -21198,  -1044238,  -1501620,  -2545858,     50097,         0,      2431,       173,   1307544,         0,     63445,      4522,     -5871,    -14981,    -20852,   -153224,   -391006,   -544230,         0,         0,         0,         0,     76257,     88760,     55968,     70949
       733,    530733,12701.7097,       0.9,         0,         0,         0,         0,         0,         0,         0,         0,         0,        -0,      -626,      -626,        -0,      -564,      -564,        11,         0,         6,         1,         0,         0,         0,         0,        -0,     -1378,     -1378,         0,         0,         0,         0,         0,         0,         0,         0,       626,        11,      1389
       734,    530734,5994.84908,       7.6,         0,         0,         0,         0,         0,         0,         0,         0,         0,         0,      -293,      -293,         0,     -2229,     -2229,         9,         0,         8,         8,         0,         0,         0,         0,         0,      -711,      -711,         0,         0,         0,         0,         0,         0,         0,         0,       293,         9,       720
       735,    530735,48561.8523,       0.9,         0,        48,         0,         0,         0,        43,         0,         0,         0,        -0,      -226,      -226,        -0,      -204,      -204,        72,         0,         1,         1,         0,         0,         0,         0,        -0,      -537,      -537,         0,         0,         0,         0,         0,         0,         0,        48,       274,        72,       609
       736,    530736,6965.60528,      12.0,         0,       581,         0,         0,         0,      6973,         0,         0,         0,        -1,      -230,      -231,        -9,     -2757,     -2767,       980,         0,        20,        12,         0,         0,         0,         0,        -3,      -794,      -797,         0,         0,         0,         0,         0,         0,         0,       582,       812,       983,      1778
       737,    530737,1721.35707,         0,         0,       703,         0,       547,         0,         0,         0,         0,         0,        -1,      -299,      -300,         0,         0,         0,      1318,         0,       733,         0,         0,         0,         0,         0,        -5,      -941,      -946,         0,         0,         0,         0,         0,         0,         0,       704,      1003,      1323,      2263
       738,    530738,1087.54858,      21.0,      22.0,       725,         0,       630,        22,     15230,         0,     13224,       462,        -2,      -461,      -464,       -46,     -9690,     -9735,      1420,         0,       847,        21,     31233,         0,     18630,       462,        -8,     -1262,     -1270,      -165,    -27768,    -27933,         0,         0,         0,         0,       727,      1189,      1427,      2689
       739,    530739,1751.58142,      17.1,         0,       724,         0,       514,         0,     12388,         0,      8794,         0,        -2,      -576,      -577,       -32,     -9842,     -9874,      1415,         0,       672,        17,         0,         0,         0,         0,        -6,     -1547,     -1553,         0,         0,         0,         0,         0,         0,         0,       726,      1302,      1421,      2968
       740,    530740,1256.11725,      56.1,       2.6,       716,         0,       270,         3,     40166,         0,     15128,       146,        -1,      -780,      -781,       -50,    -43786,    -43836,      1376,         0,       359,        56,      3579,         0,       933,       146,        -4,     -1887,     -1890,        -9,     -4905,     -4914,         0,         0,         0,         0,       717,      1497,      1380,      3267
       741,    530741,2439.88227,         0,         0,       672,         0,        27,         0,         0,         0,         0,         0,        -1,      -920,      -921,         0,         0,         0,      1231,         0,        89,         0,         0,         0,         0,         0,        -4,     -2152,     -2156,         0,         0,         0,         0,         0,         0,         0,       673,      1593,      1235,      3387
       742,    530742,1129.22549,       8.0,       2.0,       741,         0,       594,         2,      5930,         0,      4756,        16,        -2,     -1024,     -1026,       -15,     -8192,     -8206,      1483,         0,       764,         8,      2966,         0,      1529,        16,        -6,     -2252,     -2259,       -13,     -4505,     -4517,         0,         0,         0,         0,       743,      1767,      1489,      3741
       743,    530743,1428.00871,         0,         0,       543,         0,         0,         0,         0,         0,         0,         0,        -1,      -363,      -364,         0,         0,         0,       898,         0,        11,         0,         0,         0,         0,         0,        -2,     -1073,     -1075,         0,         0,         0,         0,         0,         0,         0,       544,       907,       900,      1973
       744,    530744,6305.82724,       1.9,         0,       769,         0,       227,         0,      1461,         0,       431,         0,        -4,     -1809,     -1814,        -8,     -3437,     -3446,      1673,         0,       290,         2,         0,         0,         0,         0,       -23,     -3410,     -3433,         0,         0,         0,         0,         0,         0,         0,       774,      2583,      1696,      5106
       745,    530745,780.757723,         0,         0,       616,         0,        11,         0,         0,         0,         0,         0,        -1,      -514,      -515,         0,         0,         0,      1057,         0,        61,         0,         0,         0,         0,         0,        -4,     -1376,     -1381,         0,         0,         0,         0,         0,         0,         0,       617,      1131,      1062,      2438
       746,    530746,394.086162,         0,         0,       715,         0,       625,        73,         0,         0,         0,         0,        -1,      -771,      -772,         0,         0,         0,      1377,         0,       818,       141,         0,         0,         0,         0,        -5,     -1937,     -1941,         0,         0,         0,         0,         0,         0,         0,       716,      1488,      1382,      3318
       747,    530747,21489.7898,       4.9,         0,       508,         0,         0,         0,      2488,         0,         0,         0,        -0,     -1572,     -1573,        -1,     -7705,     -7706,       818,         0,        10,         5,         0,         0,         0,         0,        -2,     -3624,     -3626,         0,         0,         0,         0,         0,         0,         0,       508,      2080,       820,      4444
       748,    530748,8542.61495,         0,         0,       705,         0,       145,         0,         0,         0,         0,         0,        -2,     -5234,     -5236,         0,         0,         0,      1503,         0,       176,         0,         0,         0,         0,         0,        -6,     -7124,     -7130,         0,         0,         0,         0,         0,         0,         0,       707,      5941,      1509,      8633
       749,    530749,10797.3356,       9.3,         0,         0,         0,         0,         0,         0,         0,         0,         0,         0,      -410,      -410,         0,     -3812,     -3812,        17,         0,         9,         9,         0,         0,         0,         0,         0,     -1368,     -1368,         0,         0,         0,         0,         0,         0,         0,         0,       410,        17,      1385
       750,    530750,1245.35776,       5.8,         0,       595,         0,         0,         0,      3454,         0,         2,         0,        -2,     -1923,     -1926,       -14,    -11154,    -11168,      1371,         0,        17,         6,         0,         0,         0,         0,        -8,     -3471,     -3479,         0,         0,         0,         0,         0,         0,         0,       598,      2521,      1379,      4850
       751,    530751,38693.4599,         0,         0,         0,         0,         0,         0,         0,         0,         0,         0,         0,         0,         0,         0,         0,         0,         0,         0,         0,         0,         0,         0,         0,         0,         0,        -0,        -0,         0,         0,         0,         0,         0,         0,         0,         0,         0,         0,         0
       752,    530752,25363.5092,      12.5,         0,       522,         0,         1,         0,      6527,         0,         9,         0,        -2,    -16691,    -16693,       -27,   -208635,   -208662,      1234,         0,        24,        13,         0,         0,         0,         0,        -6,    -16714,    -16720,         0,         0,         0,         0,         0,         0,         0,       524,     17215,      1240,     17954
       753,    530753,1515.38034,         0,         0,       547,         0,         0,         0,         0,         0,         0,         0,        -2,     -2584,     -2586,         0,         0,         0,      1252,         0,        15,         0,         0,         0,         0,         0,        -6,     -4584,     -4590,         0,         0,         0,         0,         0,         0,         0,       549,      3133,      1258,      5842
       754,    530754,20950.4920,         0,         0,       783,         0,        26,         0,         0,         0,         0,         0,       -53,    -43476,    -43529,         0,         0,         0,      1666,         0,       197,         0,         0,         0,         0,         0,       -56,    -35533,    -35589,         0,         0,         0,         0,         0,         0,         0,       836,     44312,      1722,     37255
       755,    530755,1780.57240,         0,         0,       335,         0,        32,         0,         0,         0,         0,         0,        -8,    -21142,    -21151,         0,         0,         0,       955,         0,       276,         0,         0,         0,         0,         0,       -20,    -18145,    -18166,         0,         0,         0,         0,         0,         0,         0,       344,     21486,       975,     19121
       756,    530756,1754.41031,      10.6,         0,       966,         0,         2,         0,     10245,         0,        18,         0,       -41,    -13865,    -13906,      -430,   -146970,   -147400,      2336,         0,        43,        11,         0,         0,         0,         0,       -67,    -13291,    -13358,         0,         0,         0,         0,         0,         0,         0,      1007,     14872,      2403,     15694
       757,    530757,566.907568,         0,         0,      1151,         0,         0,         0,         0,         0,         0,         0,       -53,    -12299,    -12352,         0,         0,         0,      2684,         0,        18,         0,         0,         0,         0,         0,       -98,    -12043,    -12141,         0,         0,         0,         0,         0,         0,         0,      1204,     13503,      2782,     14825
       758,    530758,1169.05654,      35.7,       5.0,      1501,         0,        56,         5,     53575,         0,      2015,       179,      -162,    -31771,    -31933,     -5783,  -1134239,  -1140022,      2503,         0,       414,        36,     12514,         0,      2070,       179,      -174,    -25703,    -25878,      -872,   -128517,   -129389,         0,         0,         0,         0,      1663,     33434,      2677,     28381
       759,    530759,1606.97322,      51.9,       1.1,      3345,         0,        86,         1,    173607,         0,      4456,        57,     -1607,    -28432,    -30040,    -83412,  -1475640,  -1559052,      4688,         0,       473,        52,      5157,         0,       521,        57,      -690,    -22772,    -23462,      -759,    -25049,    -25809,         0,         0,         0,         0,      4952,     33385,      5379,     28151
       760,    530760,1286.98007,         0,         0,      4876,         0,       106,         0,         0,         0,         0,         0,     -3690,    -24014,    -27704,         0,         0,         0,      6152,         0,       456,         0,         0,         0,         0,         0,     -1140,    -20090,    -21230,         0,         0,         0,         0,         0,         0,         0,      8566,     32580,      7292,     27382
       761,    530761,454.610150,       5.0,         0,      1782,         0,        44,         0,      8912,         0,       219,         0,      -305,    -34513,    -34818,     -1523,   -172565,   -174088,      2879,         0,       368,         6,         0,         0,         0,         0,      -249,    -27753,    -28002,         0,         0,         0,         0,         0,         0,         0,      2087,     36600,      3128,     30881
       762,    530762,16497.9488,         0,         0,       972,         0,         1,         0,         0,         0,         0,         0,      -200,    -10041,    -10242,         0,         0,         0,      2463,         0,        55,         0,         0,         0,         0,         0,      -247,    -10182,    -10429,         0,         0,         0,         0,         0,         0,         0,      1173,     11214,      2710,     12892
       763,    530763,27477.8629,      46.5,      22.7,        20,         0,        23,        23,       908,         0,      1056,      1056,         0,     -2022,     -2022,         0,    -94046,    -94046,       102,         0,        47,        47,      2313,         0,      1056,      1056,         0,     -1669,     -1669,         0,    -37886,    -37886,         0,         0,         0,         0,        20,      2042,       102,      1771
       764,    530764,1425.37767,     155.9,      40.7,      3649,         0,       162,        41,    568804,         0,     25313,      6345,     -2058,    -34377,    -36435,   -320855,  -5359324,  -5680179,      5021,         0,       605,       156,    204361,         0,     24604,      6345,      -779,    -27716,    -28495,    -31723,  -1128028,  -1159751,         0,         0,         0,         0,      5707,     40083,      5801,     33516
       765,    530765,2182.84240,      49.6,         0,      5001,         0,       224,         0,    248058,         0,     11102,         0,     -3827,    -29350,    -33177,   -189842,  -1455752,  -1645594,      6257,         0,       608,        50,         0,         0,         0,         0,     -1171,    -24451,    -25622,         0,         0,         0,         0,         0,         0,         0,      8829,     38178,      7428,     31879
       766,    530766,1178.79002,      74.6,      53.0,      8713,         0,       226,        53,    649994,         0,     16825,      3954,     -5514,    -23506,    -29021,   -411368,  -1753573,  -2164942,      8653,         0,       480,        75,    458604,         0,     25429,      3954,     -1842,    -20863,    -22705,    -97625,  -1105749,  -1203375,         0,         0,         0,         0,     14227,     37734,     10495,     31358
       767,    530767,6453.65162,      29.7,      65.0,      2082,         0,       208,        65,     61835,         0,      6189,      1931,      -376,    -34453,    -34829,    -11170,  -1023241,  -1034411,      3146,         0,       253,        30,    204493,         0,     16438,      1931,      -229,    -27740,    -27968,    -14856,  -1803074,  -1817930,         0,         0,         0,         0,      2458,     36911,      3375,     31114
       768,    530768,414.079902,       4.0,         0,      2514,         0,        72,         0,     10054,         0,       289,         0,      -745,    -38518,    -39263,     -2981,   -154072,   -157053,      3772,         0,       443,        23,         0,         0,         0,         0,      -446,    -30750,    -31195,         0,         0,         0,         0,         0,         0,         0,      3259,     41777,      4218,     34968
       769,    530769,11180.3328,      65.4,         0,        22,         0,         0,         0,      1418,         0,         0,         0,        -0,     -3821,     -3821,        -8,   -249865,   -249873,       113,         0,        65,        65,         0,         0,         0,         0,        -0,     -4496,     -4496,         0,         0,         0,         0,         0,         0,         0,        22,      3842,       113,      4609
       770,    530770,204.648995,         0,         0,      1966,         0,       123,         1,         0,         0,         0,         0,      -400,    -39034,    -39434,         0,         0,         0,      3125,         0,       528,        11,         0,         0,         0,         0,      -288,    -31315,    -31603,         0,         0,         0,         0,         0,         0,         0,      2366,     41400,      3413,     34728
       771,    530771,399.924001,      26.8,       3.2,      1826,         0,       166,         3,     48927,         0,      4443,        86,      -327,    -38794,    -39121,     -8756,  -1039676,  -1048432,      2937,         0,       581,        27,      9399,         0,      1858,        86,      -256,    -31200,    -31456,      -819,    -99841,   -100659,         0,         0,         0,         0,      2152,     40946,      3193,     34393
       772,    530772,9992.80004,       1.9,         0,        18,         0,        32,         0,        35,         0,        60,         0,        -0,     -3448,     -3448,        -0,     -6551,     -6551,        43,         0,        44,         2,         0,         0,         0,         0,        -0,     -5508,     -5508,         0,         0,         0,         0,         0,         0,         0,        18,      3466,        43,      5551
       773,    530773,563.342046,         0,         0,      1509,         0,       225,         0,         0,         0,         0,         0,      -167,    -39380,    -39546,         0,         0,         0,      2505,         0,       579,         0,         0,         0,         0,         0,      -176,    -31867,    -32044,         0,         0,         0,         0,         0,         0,         0,      1675,     41055,      2682,     34549
       774,    530774,2944.25304,     198.9,     134.6,      1526,         0,       259,       135,    303601,         0,     51513,     26772,      -157,    -36968,    -37125,    -31222,  -7352867,  -7384089,      2506,         0,       446,       199,    337248,         0,     60001,     26772,      -168,    -29941,    -30109,    -22548,  -4030123,  -4052670,         0,         0,         0,         0,      1683,     38651,      2673,     32615
       775,    530775,4870.18132,         0,         0,        48,         0,         0,         0,         0,         0,         0,         0,        -0,      -962,      -962,         0,         0,         0,       147,         0,         0,         0,         0,         0,         0,         0,        -1,     -2097,     -2098,         0,         0,         0,         0,         0,         0,         0,        48,      1010,       147,      2245
       776,    530776,562.518473,     227.7,      14.7,      2980,         0,        32,        15,    678642,         0,      7251,      3347,     -1844,    -27953,    -29797,   -419982,  -6364832,  -6784814,      5390,         0,       411,       228,     79238,         0,      6049,      3347,      -846,    -23477,    -24323,    -12436,   -345115,   -357551,         0,         0,         0,         0,      4825,     32778,      6236,     29714
       777,    530777,13500.5377,         0,         0,         0,         0,         0,         0,         0,         0,         0,         0,         0,      -173,      -173,         0,         0,         0,         0,         0,         0,         0,         0,         0,         0,         0,         0,      -635,      -635,         0,         0,         0,         0,         0,         0,         0,         0,       173,         0,       635
       778,    530778,452.715409,     131.3,         0,      3053,         0,        37,         0,    400834,         0,      4857,         0,     -1906,    -29136,    -31043,   -250292,  -3825595,  -4075886,      5457,         0,       453,       131,         0,         0,         0,         0,      -861,    -24263,    -25124,         0,         0,         0,         0,         0,         0,         0,      4959,     34095,      6318,     30581
       779,    530779,9206.19951,         0,         0,      1066,         0,        34,         0,         0,         0,         0,         0,      -154,    -42162,    -42316,         0,         0,         0,      2656,         0,       207,         0,         0,         0,         0,         0,      -208,    -35120,    -35328,         0,         0,         0,         0,         0,         0,         0,      1220,     43382,      2864,     37984
       780,    530780,1122.52657,      49.8,      13.5,      2095,         0,        37,        14,    104343,         0,      1842,       672,      -983,    -31098,    -32081,    -48931,  -1548695,  -1597626,      4356,         0,       444,        50,     58801,         0,      5989,       672,      -606,    -25818,    -26425,     -8185,   -348548,   -356733,         0,         0,         0,         0,      3078,     34176,      4962,     30780
       781,    530781,4634.72369,       9.6,         0,     10852,         0,       138,         0,    104180,         0,      1328,         0,     -5694,    -22518,    -28212,    -54661,   -216170,   -270831,     10491,         0,       467,        10,         0,         0,         0,         0,     -2529,    -21083,    -23612,         0,         0,         0,         0,         0,         0,         0,     16546,     39064,     13020,     34103
       782,    530782,4534.74238,       1.9,       7.9,      3739,         0,        78,         8,      7105,         0,       149,        15,     -2585,    -39146,    -41731,     -4911,    -74377,    -79289,      6070,         0,       454,         2,     47952,         0,      3589,        15,      -993,    -32195,    -33188,     -7845,   -254339,   -262185,         0,         0,         0,         0,      6324,     45470,      7063,     39258
       783,    530783,569.537328,      12.5,      65.2,        75,         0,        70,        65,       931,         0,       878,       815,        -0,     -7551,     -7551,        -0,    -94393,    -94393,       226,         0,       169,        39,     14707,         0,     11000,      2548,        -0,    -10460,    -10461,       -19,   -682007,   -682026,         0,         0,         0,         0,        75,      7626,       226,     10686
       784,    530784,929.376642,     106.0,       5.0,        75,         0,        70,         5,      7937,         0,      7441,       530,        -0,     -8451,     -8451,        -2,   -895818,   -895820,       231,         0,       168,       106,      1155,         0,       840,       530,        -0,    -11134,    -11135,        -1,    -55672,    -55674,         0,         0,         0,         0,        75,      8526,       231,     11366
       785,    530785,12880.1375,      11.4,         0,     21171,         0,         0,         0,    241351,         0,         0,         0,     -7646,    -22366,    -30012,    -87169,   -254971,   -342140,     16223,         0,        13,        11,         0,         0,         0,         0,     -4234,    -22046,    -26279,         0,         0,         0,         0,         0,         0,         0,     28818,     51183,     20456,     42502
       786,    530786,12949.3820,         0,         0,         0,         0,         0,         0,         0,         0,         0,         0,         0,      -160,      -160,         0,         0,         0,         0,         0,         0,         0,         0,         0,         0,         0,         0,      -475,      -475,         0,         0,         0,         0,         0,         0,         0,         0,       160,         0,       475
       787,    530787,305.472997,      49.3,         0,        70,         0,        70,        35,      3463,         0,      3461,      1733,        -0,     -7256,     -7256,        -0,   -357729,   -357730,       169,         0,       169,        56,         0,         0,         0,         0,        -0,    -10177,    -10177,         0,         0,         0,         0,         0,         0,         0,        70,      7326,       169,     10346
       788,    530788,5273.09550,         0,         0,        38,         0,        48,         0,         0,         0,         0,         0,         0,    -12061,    -12061,         0,         0,         0,       102,         0,       122,         0,         0,         0,         0,         0,         0,    -13796,    -13796,         0,         0,         0,         0,         0,         0,         0,        38,     12099,       102,     13897
       789,    530789,4691.14697,       0.9,         0,      2250,         0,       112,         0,      2025,         0,       100,         0,     -1292,    -28974,    -30266,     -1163,    -26076,    -27239,      4431,         0,       289,         1,         0,         0,         0,         0,      -652,    -23363,    -24015,         0,         0,         0,         0,         0,         0,         0,      3542,     32516,      5084,     28447
       790,    530790,6211.15347,       7.4,         0,      1246,         0,         0,         0,      9217,         0,         1,         0,      -136,    -10883,    -11019,     -1005,    -80535,    -81540,      1572,         0,         7,         7,         0,         0,         0,         0,      -132,    -12008,    -12140,         0,         0,         0,         0,         0,         0,         0,      1381,     12264,      1703,     13712
       791,    530791,1239.46624,     169.0,      16.1,     12934,         0,       172,        16,   2185896,         0,     29004,      2721,     -6049,    -27435,    -33485,  -1022360,  -4636560,  -5658921,     11689,         0,       579,       169,    188188,         0,      9325,      2721,     -3013,    -25146,    -28159,    -48512,   -404843,   -453355,         0,         0,         0,         0,     18984,     46419,     14702,     39847
       792,    530792,1105.26844,     107.2,      40.6,     16612,         0,       198,        41,   1780832,         0,     21236,      4352,     -6528,    -22026,    -28553,   -699773,  -2361155,  -3060927,     13781,         0,       618,       107,    559492,         0,     25100,      4352,     -3748,    -21065,    -24813,   -152156,   -855259,  -1007415,         0,         0,         0,         0,     23140,     45166,     17528,     38594
       793,    530793,8881.71267,         0,         0,      1402,         0,        11,         0,         0,         0,         0,         0,      -517,    -40365,    -40882,         0,         0,         0,      1832,         0,        26,         0,         0,         0,         0,         0,      -274,    -34968,    -35242,         0,         0,         0,         0,         0,         0,         0,      1919,     42284,      2106,     37074
       794,    530794,5846.26960,      29.2,         0,     26803,         0,         6,         0,    782643,         0,       178,         0,     -8244,    -12800,    -21044,   -240717,   -373755,   -614471,     20449,         0,        37,        29,         0,         0,         0,         0,     -4678,    -14654,    -19332,         0,         0,         0,         0,         0,         0,         0,     35047,     47846,     25127,     39781
       795,    530795,9500.60889,         0,       2.0,       507,         0,         2,         2,         0,         0,         0,         0,       -77,    -25992,    -26069,         0,         0,         0,       718,         0,        20,         0,      1436,         0,        40,         0,       -78,    -23578,    -23656,      -156,    -47155,    -47312,         0,         0,         0,         0,       584,     26576,       796,     24374
       796,    530796,853.444066,     103.7,      70.0,     16498,         0,       223,        70,   1710878,         0,     23127,      7259,     -6510,    -26878,    -33388,   -675089,  -2787218,  -3462307,     13710,         0,       745,       104,    959724,         0,     52144,      7259,     -3728,    -24881,    -28609,   -260932,  -1741673,  -2002605,         0,         0,         0,         0,     23008,     49886,     17438,     42319
       797,    530797,4476.27759,       3.5,         0,     18982,         0,       176,         0,     66438,         0,       617,         0,     -6756,    -26134,    -32891,    -23646,    -91471,   -115117,     15084,         0,       612,         4,         0,         0,         0,         0,     -4009,    -25073,    -29081,         0,         0,         0,         0,         0,         0,         0,     25738,     51873,     19093,     44165
       798,    530798,511.664983,      91.9,      31.4,     15765,         0,       218,        31,   1448846,         0,     20002,      2886,     -6364,    -27433,    -33797,   -584810,  -2521127,  -3105937,     13252,         0,       664,        92,    416128,         0,     20865,      2886,     -3575,    -24970,    -28545,   -112244,   -784056,   -896300,         0,         0,         0,         0,     22129,     49562,     16827,     41797
       799,    530799,9048.43022,         0,         0,     22808,         0,        89,         0,         0,         0,         0,         0,     -7050,    -30467,    -37517,         0,         0,         0,     17513,         0,       309,         0,         0,         0,         0,         0,     -4215,    -28971,    -33186,         0,         0,         0,         0,         0,         0,         0,     29859,     60326,     21727,     50699
       800,    530800,7477.01521,         0,         0,       481,         0,         0,         0,         0,         0,         0,         0,       -16,    -62614,    -62631,         0,         0,         0,       665,         0,         0,         0,         0,         0,         0,         0,       -31,    -50827,    -50858,         0,         0,         0,         0,         0,         0,         0,       498,     63112,       696,     51523
       801,    530801,12680.4227,         0,         0,      2074,         0,         3,         0,         0,         0,         0,         0,      -164,    -23303,    -23467,         0,         0,         0,      2615,         0,         8,         0,         0,         0,         0,         0,      -199,    -20392,    -20590,         0,         0,         0,         0,         0,         0,         0,      2238,     25542,      2813,     23205
       802,    530802,5615.40700,      23.2,      17.6,     16417,         0,       175,        18,    380868,         0,      4051,       408,     -6356,    -29185,    -35542,   -147470,   -677102,   -824571,     13445,         0,       527,        23,    236632,         0,      9269,       408,     -3621,    -26425,    -30046,    -63735,   -465072,   -528807,         0,         0,         0,         0,     22773,     51959,     17066,     43491
       803,    530803,1580.88040,     121.2,      36.5,     26993,         0,       188,        37,   3271565,         0,     22788,      4424,     -7756,    -24474,    -32230,   -939977,  -2966273,  -3906250,     20799,         0,       652,       121,    759164,         0,     23802,      4424,     -4681,    -24073,    -28753,   -170842,   -878655,  -1049497,         0,         0,         0,         0,     34749,     59223,     25480,     49552
       804,    530804,14031.1892,         0,         0,        64,         0,        20,         0,         0,         0,         0,         0,        -2,     -4995,     -4997,         0,         0,         0,       174,         0,        40,         0,         0,         0,         0,         0,        -7,     -8490,     -8497,         0,         0,         0,         0,         0,         0,         0,        66,      5061,       181,      8671
       805,    530805,56642.5286,         0,         0,         0,         0,         0,         0,         0,         0,         0,         0,         0,      -135,      -135,         0,         0,         0,         0,         0,         0,         0,         0,         0,         0,         0,         0,      -360,      -360,         0,         0,         0,         0,         0,         0,         0,         0,       135,         0,       360
       806,    530806,1230.13352,     233.9,      36.9,     26972,         0,       182,        37,   6308683,         0,     42457,      8631,     -7753,    -25527,    -33280,  -1813358,  -5970794,  -7784153,     20782,         0,       603,       234,    766872,         0,     22248,      8631,     -4679,    -24664,    -29344,   -172670,   -910117,  -1082787,         0,         0,         0,         0,     34724,     60252,     25462,     50126
       807,    530807,8241.47764,       1.1,         0,     21530,         0,        60,         0,     23683,         0,        66,         0,     -6690,    -40730,    -47419,     -7358,    -44803,    -52161,     16417,         0,       177,         1,         0,         0,         0,         0,     -3977,    -36653,    -40631,         0,         0,         0,         0,         0,         0,         0,     28220,     68949,     20395,     57048
       808,    530808,1051.83681,      29.0,       1.3,      5948,         0,        48,         1,    172491,         0,      1397,        38,     -3655,    -32110,    -35765,   -105995,   -931179,  -1037174,      9775,         0,        97,        29,     12708,         0,       126,        38,     -1287,    -24145,    -25432,     -1674,    -31388,    -33062,         0,         0,         0,         0,      9603,     41713,     11062,     35207
       809,    530809,529.332184,      27.6,      27.3,      5802,         0,        49,        27,    160141,         0,      1358,       753,     -3536,    -37627,    -41162,    -97588,  -1038492,  -1136080,      9647,         0,       109,        28,    263351,         0,      2975,       753,     -1265,    -28206,    -29471,    -34535,   -770029,   -804564,         0,         0,         0,         0,      9338,     46965,     10912,     39118
       810,    530810,14763.3302,       5.3,         0,     43769,         0,      1803,         0,    231977,         0,      9556,         0,     -7909,    -23055,    -30964,    -41920,   -122191,   -164111,     33465,         0,      3124,         5,         0,         0,         0,         0,     -4824,    -22306,    -27129,         0,         0,         0,         0,         0,         0,         0,     51679,     74733,     38288,     60594
       811,    530811,1817.13129,         0,         0,      1926,         0,        55,         0,         0,         0,         0,         0,     -1013,    -57999,    -59012,         0,         0,         0,      2360,         0,       157,         0,         0,         0,         0,         0,      -454,    -47979,    -48432,         0,         0,         0,         0,         0,         0,         0,      2939,     60938,      2814,     50793
       812,    530812,2223.96335,     295.9,     102.2,     41072,         0,       265,       102,  12153298,         0,     78501,     30241,     -7774,    -28003,    -35777,  -2300373,  -8285989, -10586363,     30430,         0,       881,       296,   3109978,         0,     90051,     30241,     -4964,    -27250,    -32214,   -507346,  -2784924,  -3292270,         0,         0,         0,         0,     48846,     76849,     35395,     62644
       813,    530813,2313.68996,      20.5,         0,     51156,         0,       784,         0,   1048690,         0,     16076,         0,     -8131,    -21139,    -29270,   -166683,   -433350,   -600033,     37151,         0,      1953,        21,         0,         0,         0,         0,     -5691,    -22428,    -28119,         0,         0,         0,         0,         0,         0,         0,     59287,     80426,     42841,     65270
       814,    530814,2487.40196,         0,         0,     44721,         0,       211,         0,         0,         0,         0,         0,     -8482,    -32467,    -40950,         0,         0,         0,     32589,         0,       686,         0,         0,         0,         0,         0,     -5629,    -30985,    -36614,         0,         0,         0,         0,         0,         0,         0,     53203,     85671,     38218,     69203
       815,    530815,1752.43300,     225.0,         0,     52650,         0,       810,         0,  11846349,         0,    182185,         0,     -8628,    -16011,    -24638,  -1941195,  -3602434,  -5543629,     39130,         0,      2255,       225,         0,         0,         0,         0,     -5696,    -17770,    -23466,         0,         0,         0,         0,         0,         0,         0,     61278,     77289,     44825,     62595
       816,    530816,2964.66274,         0,         0,     55749,         0,      1880,         0,         0,         0,         0,         0,     -8524,    -32259,    -40783,         0,         0,         0,     40284,         0,       966,         0,         0,         0,         0,         0,     -5768,    -30712,    -36480,         0,         0,         0,         0,         0,         0,         0,     64274,     96532,     46051,     76764
       817,    530817,6981.11681,      17.5,         0,      6609,         0,       231,         0,    115656,         0,      4051,         0,      -966,    -24405,    -25371,    -16898,   -427087,   -443985,      8140,         0,       130,        18,         0,         0,         0,         0,      -886,    -18247,    -19133,         0,         0,         0,         0,         0,         0,         0,      7575,     31979,      9026,     27272
       818,    530818,12740.5890,       3.8,      89.0,     73093,         0,      5608,        89,    277754,         0,     21309,       338,     -3777,    -20243,    -24020,    -14352,    -76924,    -91275,     48395,         0,      5019,         4,   4307152,         0,    446723,       338,     -3253,    -24695,    -27948,   -289494,  -2197874,  -2487368,         0,         0,         0,         0,     76870,     97113,     51648,     76343
       819,    530819,1071.51528,         0,         0,     36943,         0,      2587,         0,         0,         0,         0,         0,    -10006,    -37373,    -47379,         0,         0,         0,     29597,         0,      4794,         3,         0,         0,         0,         0,     -6170,    -31633,    -37804,         0,         0,         0,         0,         0,         0,         0,     46949,     84322,     35767,     67400
       820,    530820,2386.48667,         0,         0,     33497,         0,       478,         0,         0,         0,         0,         0,     -7611,    -44712,    -52324,         0,         0,         0,     24998,         0,      1741,         0,         0,         0,         0,         0,     -4652,    -38976,    -43627,         0,         0,         0,         0,         0,         0,         0,     41108,     85820,     29649,     68625
       821,    530821,12808.3519,         0,         0,     69512,         0,      1896,         0,         0,         0,         0,         0,     -8077,    -16791,    -24868,         0,         0,         0,     49361,         0,      2372,         0,         0,         0,         0,         0,     -5817,    -19402,    -25219,         0,         0,         0,         0,         0,         0,         0,     77589,     94380,     55178,     74580
       822,    530822,3578.05941,         0,         0,     55281,         0,      2941,         0,         0,         0,         0,         0,     -8574,    -24002,    -32576,         0,         0,         0,     40569,         0,      4682,         0,         0,         0,         0,         0,     -5770,    -23932,    -29702,         0,         0,         0,         0,         0,         0,         0,     63855,     87858,     46338,     70270
       823,    530823,1189.95533,      15.3,      16.5,     53977,         0,      2798,        41,    825853,         0,     42811,       630,     -8384,    -23364,    -31748,   -128271,   -357470,   -485740,     40882,         0,      5272,       141,    674554,         0,     86992,      2320,     -5629,    -21861,    -27490,    -92884,   -360708,   -453591,         0,         0,         0,         0,     62361,     85725,     46511,     68372
       824,    530824,4949.09559,      23.9,         0,     31283,         0,       346,         0,    747675,         0,      8258,         0,     -9540,    -19273,    -28814,   -228012,   -460636,   -688649,     24820,         0,       859,        24,         0,         0,         0,         0,     -5470,    -18242,    -23711,         0,         0,         0,         0,         0,         0,         0,     40824,     60097,     30289,     48531
       825,    530825,6239.44096,         0,         0,     17944,         0,         4,         0,         0,         0,         0,         0,     -8359,    -20879,    -29238,         0,         0,         0,     15834,         0,         7,         0,         0,         0,         0,         0,     -4213,    -17625,    -21837,         0,         0,         0,         0,         0,         0,         0,     26302,     47181,     20046,     37671
       826,    530826,1140.47685,         0,         0,     28331,         0,      4678,         0,         0,         0,         0,         0,    -28582,    -17966,    -46548,         0,         0,         0,     25857,         0,      7896,         0,         0,         0,         0,         0,    -17868,    -16800,    -34668,         0,         0,         0,         0,         0,         0,         0,     56913,     74879,     43725,     60524
       827,    530827,394.848059,     223.0,      78.9,     57734,         0,      2088,       217,  12874718,         0,    465583,     48350,     -9396,    -21084,    -30479,  -2095243,  -4701636,  -6796879,     40955,         0,      4055,       530,   3231359,         0,    319959,     41831,     -6998,    -22588,    -29586,   -552131,  -1782228,  -2334359,         0,         0,         0,         0,     67130,     88213,     47953,     70541
       828,    530828,375.086889,         0,         0,     18640,         0,      4779,         0,         0,         0,         0,         0,    -24745,    -23314,    -48059,         0,         0,         0,     19951,         0,      7580,         2,         0,         0,         0,         0,    -14231,    -20313,    -34545,         0,         0,         0,         0,         0,         0,         0,     43385,     66699,     34182,     54495
       829,    530829,1455.11948,       5.6,         0,      7352,         0,      3799,         0,     41169,         0,     21277,         0,    -10653,    -35513,    -46166,    -59659,   -198870,   -258530,     10818,         0,      5467,         6,         0,         0,         0,         0,     -4876,    -29097,    -33973,         0,         0,         0,         0,         0,         0,         0,     18005,     53518,     15694,     44791
       830,    530830,6747.36759,         0,      13.2,     13033,         0,       693,        13,         0,         0,         0,         0,     -7281,    -53312,    -60593,         0,         0,         0,     12713,         0,      1831,         0,    167807,         0,     24170,         0,     -3257,    -41035,    -44292,    -42991,   -541664,   -584655,         0,         0,         0,         0,     20315,     73626,     15970,     57005
       831,    530831,9228.33020,         0,         0,      5694,         0,       214,         0,         0,         0,         0,         0,     -4589,    -33004,    -37593,         0,         0,         0,      8854,         0,       246,         0,         0,         0,         0,         0,     -2554,    -24120,    -26674,         0,         0,         0,         0,         0,         0,         0,     10283,     43287,     11408,     35528
       832,    530832,51456.7120,         0,         0,       277,         0,         0,         0,         0,         0,         0,         0,       -11,    -14165,    -14176,         0,         0,         0,       742,         0,         0,         0,         0,         0,         0,         0,       -23,    -11988,    -12011,         0,         0,         0,         0,         0,         0,         0,       288,     14454,       765,     12753
       833,    530833,2591.71651,         0,         0,         0,         0,      3559,         0,         0,         0,         0,         0,         0,         0,         0,         0,         0,         0,         0,         0,      7338,         0,         0,         0,         0,         0,         0,         0,         0,         0,         0,         0,         0,         0,         0,         0,         0,         0,         0,         0
       834,    530834,2506.44609,         0,         0,     16340,         0,         9,         0,         0,         0,         0,         0,     -8077,    -36560,    -44636,         0,         0,         0,     14793,         0,         1,         0,         0,         0,         0,         0,     -3963,    -28595,    -32558,         0,         0,         0,         0,         0,         0,         0,     24416,     60976,     18756,     47351
       835,    530835,2553.99802,         0,         0,      5377,         0,       102,         0,         0,         0,         0,         0,      -607,    -24664,    -25271,         0,         0,         0,      5822,         0,       295,         0,         0,         0,         0,         0,      -498,    -19401,    -19899,         0,         0,         0,         0,         0,         0,         0,      5983,     30647,      6320,     25721
       836,    530836,18115.7551,         0,         0,      3286,         0,        11,         0,         0,         0,         0,         0,      -155,     -4936,     -5091,         0,         0,         0,      2157,         0,        22,         0,         0,         0,         0,         0,      -233,     -6997,     -7230,         0,         0,         0,         0,         0,         0,         0,      3442,      8377,      2390,      9387
       837,    530837,659.572809,         0,       2.5,     58892,       767,      5574,         3,         0,         0,         0,         0,    -10542,    -16094,    -26636,         0,         0,         0,     43615,      1623,     10434,         0,    109037,      4058,     26084,         0,     -7233,    -15275,    -22508,    -18083,    -38188,    -56271,       767,         0,      1623,         0,     69434,     85528,     50848,     66123
       838,    530838,6106.23234,      27.8,      18.7,      8142,         0,       915,        19,    226353,         0,     25445,       520,    -15745,    -47304,    -63049,   -437705,  -1315054,  -1752759,     12393,         0,      1834,        28,    231741,         0,     34298,       520,     -7478,    -37019,    -44497,   -139843,   -692255,   -832098,         0,         0,         0,         0,     23887,     71191,     19871,     56890
       839,    530839,4041.15021,         0,         0,      8414,         0,        94,         0,         0,         0,         0,         0,    -16434,    -38860,    -55294,         0,         0,         0,     12734,         0,       316,         0,         0,         0,         0,         0,     -7860,    -30442,    -38303,         0,         0,         0,         0,         0,         0,         0,     24848,     63708,     20595,     51037
       840,    530840,2098.95016,         0,         0,      7938,         0,        50,         0,         0,         0,         0,         0,    -14612,    -32382,    -46995,         0,         0,         0,     12180,         0,       132,         0,         0,         0,         0,         0,     -6845,    -25328,    -32173,         0,         0,         0,         0,         0,         0,         0,     22551,     54933,     19025,     44353
       841,    530841,31610.8978,         0,         0,      1230,         0,         0,         0,         0,         0,         0,         0,      -272,    -51005,    -51278,         0,         0,         0,      2434,         0,         0,         0,         0,         0,         0,         0,      -352,    -36190,    -36542,         0,         0,         0,         0,         0,         0,         0,      1502,     52508,      2786,     38976
       842,    530842,4026.72200,         0,         0,      3043,         0,        34,         0,         0,         0,         0,         0,     -1393,    -75616,    -77009,         0,         0,         0,      5320,         0,        69,         0,         0,         0,         0,         0,      -780,    -54368,    -55148,         0,         0,         0,         0,         0,         0,         0,      4436,     80052,      6101,     60468
       843,    530843,3195.46561,         0,         0,         0,         0,      1249,         0,         0,         0,         0,         0,         0,         0,         0,         0,         0,         0,         0,         0,      3323,         0,         0,         0,         0,         0,         0,         0,         0,         0,         0,         0,         0,         0,         0,         0,         0,         0,         0,         0
       844,    530844,6499.83795,         0,         0,       501,         0,        77,         0,         0,         0,         0,         0,        -5,     -3790,     -3795,         0,         0,         0,       555,         0,       146,         0,         0,         0,         0,         0,        -3,     -3117,     -3120,         0,         0,         0,         0,         0,         0,         0,       506,      4297,       558,      3676
       845,    530845,4558.21002,       9.0,       2.0,     48848,         0,      7301,         2,    439636,         0,     65713,        18,     -9632,    -36335,    -45967,    -86689,   -327017,   -413706,     35816,         0,      8942,         9,     71631,         0,     17884,        18,     -6179,    -28024,    -34203,    -12357,    -56048,    -68406,         0,         0,         0,         0,     58481,     94816,     41994,     70019
       846,    530846,1183.07621,         0,         0,         0,         0,      3416,         0,         0,         0,         0,         0,         0,         0,         0,         0,         0,         0,         0,         0,      5795,         0,         0,         0,         0,         0,         0,         0,         0,         0,         0,         0,         0,         0,         0,         0,         0,         0,         0,         0
       847,    530847,715.211457,      22.3,       1.9,     70521,         0,      8388,        10,   1572629,         0,    187061,       218,     -5042,    -24599,    -29641,   -112435,   -548555,   -660990,     51630,         0,     10413,        77,     98097,         0,     19785,       146,     -3599,    -21125,    -24724,     -6838,    -40138,    -46976,         0,         0,         0,         0,     75563,    100162,     55229,     76354
       848,    530848,15852.5296,         0,         0,     18997,         0,       170,         0,         0,         0,         0,         0,    -25755,    -43026,    -68781,         0,         0,         0,     18745,         0,       604,         0,         0,         0,         0,         0,    -15207,    -33938,    -49145,         0,         0,         0,         0,         0,         0,         0,     44752,     87778,     33952,     67890
       849,    530849,19852.6517,         0,         0,      3462,         0,         7,         0,         0,         0,         0,         0,      -684,    -43104,    -43788,         0,         0,         0,      5624,         0,        21,         0,         0,         0,         0,         0,      -477,    -31332,    -31809,         0,         0,         0,         0,         0,         0,         0,      4146,     47250,      6101,     37433
       850,    530850,180.301602,         0,       2.0,         0,         0,       349,         8,         0,         0,         0,         0,         0,         0,         0,         0,         0,         0,         0,         0,      1260,       228,         0,         0,      2520,       456,         0,         0,         0,         0,         0,         0,         0,         0,         0,         0,         0,         0,         0,         0
       851,    530851,7084.67283,         0,         0,     66668,         0,       386,         0,         0,         0,         0,         0,     -2212,    -22289,    -24501,         0,         0,         0,     44066,         0,      1297,         0,         0,         0,         0,         0,     -2022,    -22003,    -24025,         0,         0,         0,         0,         0,         0,         0,     68880,     91169,     46088,     68091
       852,    530852,2490.65463,         0,         0,      5985,         0,        32,         0,         0,         0,         0,         0,    -10914,    -55730,    -66644,         0,         0,         0,      9338,         0,       326,         0,         0,         0,         0,         0,     -4980,    -41993,    -46973,         0,         0,         0,         0,         0,         0,         0,     16898,     72628,     14318,     56311
       853,    530853,2707.01839,         0,         0,     65990,         0,      1651,         0,         0,         0,         0,         0,     -4726,    -22078,    -26804,         0,         0,         0,     47323,         0,      3851,         0,         0,         0,         0,         0,     -3205,    -20634,    -23839,         0,         0,         0,         0,         0,         0,         0,     70716,     92794,     50527,     71162
       854,    530854,6124.24947,         0,         0,      2563,         0,         2,         0,         0,         0,         0,         0,      -635,    -49175,    -49810,         0,         0,         0,      4265,         0,        43,         0,         0,         0,         0,         0,      -431,    -35620,    -36051,         0,         0,         0,         0,         0,         0,         0,      3198,     52373,      4697,     40316
       855,    530855,2455.45077,         0,         0,     41295,         0,       167,         0,         0,         0,         0,         0,     -4497,    -27075,    -31572,         0,         0,         0,     28406,         0,       293,         0,         0,         0,         0,         0,     -2649,    -25807,    -28456,         0,         0,         0,         0,         0,         0,         0,     45792,     72868,     31055,     56862
       856,    530856,2077.77035,         0,         0,         0,         0,      1208,         0,         0,         0,         0,         0,         0,         0,         0,         0,         0,         0,         0,         0,      2277,         0,         0,         0,         0,         0,         0,         0,         0,         0,         0,         0,         0,         0,         0,         0,         0,         0,         0,         0
       857,    530857,1868.69283,         0,         0,     46705,         0,       951,         0,         0,         0,         0,         0,     -4646,    -29060,    -33706,         0,         0,         0,     32370,         0,      2074,         0,         0,         0,         0,         0,     -2975,    -26098,    -29073,         0,         0,         0,         0,         0,         0,         0,     51351,     80412,     35345,     61442
       858,    530858,2902.93084,         0,         0,      1090,         0,       355,         0,         0,         0,         0,         0,       -19,     -7837,     -7856,         0,         0,         0,      1232,         0,       287,         0,         0,         0,         0,         0,       -30,     -8192,     -8222,         0,         0,         0,         0,         0,         0,         0,      1110,      8946,      1262,      9454
       859,    530859,2223.81741,         0,         0,      5232,         0,         0,         0,         0,         0,         0,         0,     -2001,    -34644,    -36645,         0,         0,         0,      5517,         0,         7,         0,         0,         0,         0,         0,      -664,    -27794,    -28457,         0,         0,         0,         0,         0,         0,         0,      7233,     41877,      6181,     33974
       860,    530860,3255.26617,         0,         0,      1349,         0,         0,         0,         0,         0,         0,         0,      -115,    -48467,    -48582,         0,         0,         0,      2129,         0,         0,         0,         0,         0,         0,         0,      -107,    -35046,    -35153,         0,         0,         0,         0,         0,         0,         0,      1464,     49931,      2236,     37282
       861,    530861,8114.33849,         0,         0,         0,         0,         0,         0,         0,         0,         0,         0,         0,     -9303,     -9303,         0,         0,         0,         1,         0,         0,         0,         0,         0,         0,         0,         0,     -9588,     -9588,         0,         0,         0,         0,         0,         0,         0,         0,      9303,         1,      9589
       862,    530862,2984.20332,         0,         0,     75707,         0,      1189,         0,         0,         0,         0,         0,     -2215,    -14147,    -16362,         0,         0,         0,     51114,         0,      3004,         0,         0,         0,         0,         0,     -2070,    -15227,    -17297,         0,         0,         0,         0,         0,         0,         0,     77922,     92069,     53184,     68411
       863,    530863,3226.45414,         0,         0,         0,         0,         0,         0,         0,         0,         0,         0,         0,         0,         0,         0,         0,         0,         0,         0,         0,         0,         0,         0,         0,         0,         0,         0,         0,         0,         0,         0,         0,         0,         0,         0,         0,         0,         0,         0
       864,    530864,1394.85991,         0,         0,     10527,         0,        77,         0,         0,         0,         0,         0,     -3109,    -38857,    -41967,         0,         0,         0,      8688,         0,       255,         0,         0,         0,         0,         0,      -918,    -31139,    -32057,         0,         0,         0,         0,         0,         0,         0,     13636,     52493,      9605,     40745
       865,    530865,1627.89645,         0,         0,      2255,         0,         1,         0,         0,         0,         0,         0,       -72,    -26712,    -26784,         0,         0,         0,      3287,         0,        37,         0,         0,         0,         0,         0,      -114,    -19601,    -19715,         0,         0,         0,         0,         0,         0,         0,      2327,     29039,      3401,     23002
       866,    530866,2288.03385,         0,         0,      2509,         0,       140,         0,         0,         0,         0,         0,      -132,    -20744,    -20875,         0,         0,         0,      3697,         0,       100,         0,         0,         0,         0,         0,      -153,    -15104,    -15257,         0,         0,         0,         0,         0,         0,         0,      2641,     23385,      3850,     18954
       867,    530867,1715.47572,         0,         0,      2568,         0,       378,         0,         0,         0,         0,         0,      -151,    -15002,    -15153,         0,         0,         0,      3809,         0,       230,         0,         0,         0,         0,         0,      -161,    -11115,    -11277,         0,         0,         0,         0,         0,         0,         0,      2720,     17721,      3971,     15086
       868,    530868,522.283943,         0,         0,      2731,         0,       408,         0,         0,         0,         0,         0,      -223,    -13872,    -14095,         0,         0,         0,      4129,         0,       282,         0,         0,         0,         0,         0,      -183,    -10256,    -10439,         0,         0,         0,         0,         0,         0,         0,      2954,     16826,      4312,     14568
