TAZID,CO_TAZID,DevAcres,HH,Job,Job_byAuto,Job_byTran,Job_byBike,Job_byWalk,act_Job_byAuto,act_Job_byTran,act_Job_byBike,act_Job_byWalk,Loss_Job_Cong,Loss_Job_Net,Loss_Job_Abs,act_Loss_Job_Cong,act_Loss_Job_Net,act_Loss_Job_Abs,HH_byAuto,HH_byTran,HH_byBike,HH_byWalk,act_HH_byAuto,act_HH_byTran,act_HH_byBike,act_HH_byWalk,Loss_HH_Cong,Loss_HH_Net,Loss_HH_Abs,act_Loss_HH_Cong,act_Loss_HH_Net,act_Loss_HH_Abs,tmp_Job_byTran_wk,tmp_Job_byTran_dr,tmp_HH_byTran_wk,tmp_HH_byTran_dr,tmp_Job_byAuto_FF,tmp_Job_byAuto_SL,tmp_HH_byAuto_FF,tmp_HH_byAuto_SL
         1,     21001,114466.770,      17.1,         0,        39,         0,         0,         0,       673,         0,         0,         0,        -0,       -39,       -39,        -0,      -666,      -666,       102,         0,        17,        17,         0,         0,         0,         0,        -0,      -134,      -134,         0,         0,         0,         0,         0,         0,         0,        39,        78,       102,       237
         2,     21002,196091.136,      16.8,      14.1,        66,         0,        14,        14,      1110,         0,       237,       237,         0,      -155,      -155,         0,     -2600,     -2600,       172,         0,        17,        17,      2431,         0,       237,       237,        -0,      -225,      -225,        -0,     -3173,     -3173,         0,         0,         0,         0,        66,       221,       172,       397
         3,     21003,60068.9321,         0,         0,         0,         0,         0,         0,         0,         0,         0,         0,         0,       -40,       -40,         0,         0,         0,         0,         0,         0,         0,         0,         0,         0,         0,         0,      -128,      -128,         0,         0,         0,         0,         0,         0,         0,         0,        40,         0,       128
         4,     21004,104938.051,         0,         0,         0,         0,         0,         0,         0,         0,         0,         0,         0,       -78,       -78,         0,         0,         0,         4,         0,         0,         0,         0,         0,         0,         0,         0,      -194,      -194,         0,         0,         0,         0,         0,         0,         0,         0,        78,         4,       198
         5,     21005,16771.1668,      18.0,         0,        83,         0,         0,         0,      1498,         0,         0,         0,        -0,       -50,       -50,        -0,      -892,      -892,       197,         0,        18,        18,         0,         0,         0,         0,        -0,      -153,      -153,         0,         0,         0,         0,         0,         0,         0,        83,       133,       197,       350
         6,     21006,34075.6427,      71.6,         0,        49,         0,        10,         0,      3534,         0,       735,         0,        -0,      -114,      -114,        -2,     -8185,     -8187,       189,         0,       108,        72,         0,         0,         0,         0,        -0,      -185,      -185,         0,         0,         0,         0,         0,         0,         0,        49,       164,       189,       374
         7,     21007,69912.1193,      14.5,         0,        65,         0,         0,         0,       940,         0,         0,         0,         0,      -553,      -553,         0,     -8014,     -8014,       167,         0,        15,        15,         0,         0,         0,         0,        -0,      -831,      -831,         0,         0,         0,         0,         0,         0,         0,        65,       618,       167,       998
         8,     21008,24878.3272,     109.6,      31.1,        81,         0,        31,        31,      8899,         0,      3409,      3409,        -0,      -117,      -117,        -2,    -12805,    -12807,       255,         0,       133,       110,      7923,         0,      4144,      3409,        -0,      -160,      -160,        -1,     -4986,     -4987,         0,         0,         0,         0,        81,       198,       255,       415
         9,     21009,41348.0855,     111.5,      64.4,       133,         0,        64,        64,     14793,         0,      7181,      7181,        -0,     -3094,     -3094,        -2,   -344938,   -344940,       297,         0,       112,       112,     19154,         0,      7181,      7181,        -0,     -3111,     -3111,        -7,   -200373,   -200379,         0,         0,         0,         0,       133,      3226,       298,      3409
        10,     21010,15444.9901,      17.9,      21.5,       139,         0,        43,        22,      2488,         0,       777,       385,        -0,      -290,      -290,        -0,     -5195,     -5195,       306,         0,        56,        18,      6574,         0,      1210,       385,        -0,      -570,      -570,        -1,    -12245,    -12246,         0,         0,         0,         0,       139,       429,       306,       875
        11,     21011,20242.5975,     149.6,      85.4,       182,         0,        91,        85,     27219,         0,     13601,     12776,        -1,     -1516,     -1516,       -87,   -226729,   -226815,       414,         0,       154,       150,     35338,         0,     13168,     12776,        -0,     -1726,     -1726,       -42,   -147379,   -147421,         0,         0,         0,         0,       183,      1698,       414,      2140
        12,     21012,34953.5015,         0,         0,        10,         0,         0,         0,         0,         0,         0,         0,         0,     -7024,     -7024,         0,         0,         0,        45,         0,         0,         0,         0,         0,         0,         0,        -0,     -6334,     -6334,         0,         0,         0,         0,         0,         0,         0,        10,      7033,        45,      6378
        13,     21013,21068.9554,         0,      30.0,     12754,         0,        30,        30,         0,         0,         0,         0,      -292,     -5958,     -6250,         0,         0,         0,      9552,         0,         1,         0,    286550,         0,        28,         0,      -196,     -6697,     -6893,     -5885,   -200907,   -206792,         0,         0,         0,         0,     13047,     19004,      9748,     16445
        14,     21014,13106.4505,      11.6,         0,      1607,         0,         0,         0,     18638,         0,         0,         0,      -217,     -6121,     -6339,     -2522,    -71005,    -73527,      1586,         0,        12,        12,         0,         0,         0,         0,       -77,     -5357,     -5434,         0,         0,         0,         0,         0,         0,         0,      1824,      7945,      1663,      7020
        15,     21015,15008.6417,      40.6,         0,      6393,         0,         0,         0,    259558,         0,         0,         0,      -299,     -8755,     -9053,    -12121,   -355451,   -367572,      4792,         0,        46,        41,         0,         0,         0,         0,      -178,     -8055,     -8233,         0,         0,         0,         0,         0,         0,         0,      6692,     15447,      4970,     13025
        16,     21016,15453.1016,       3.0,         0,     16342,         0,        22,         0,     49026,         0,        66,         0,      -303,     -5426,     -5730,      -910,    -16278,    -17189,     12806,         0,       144,         3,         0,         0,         0,         0,      -212,     -5552,     -5764,         0,         0,         0,         0,         0,         0,         0,     16645,     22072,     13017,     18569
        17,     21017,9427.45191,      49.4,         0,      7190,         0,         0,         0,    355197,         0,         0,         0,      -301,     -3205,     -3506,    -14870,   -158321,   -173191,      5430,         0,        53,        49,         0,         0,         0,         0,      -190,     -3440,     -3629,         0,         0,         0,         0,         0,         0,         0,      7491,     10696,      5620,      9060
        18,     21018,24339.3097,      14.8,         0,      8719,         0,         0,         0,    129048,         0,         0,         0,      -300,     -6588,     -6887,     -4434,    -97495,   -101929,      6644,         0,        15,        15,         0,         0,         0,         0,      -197,     -5992,     -6188,         0,         0,         0,         0,         0,         0,         0,      9019,     15607,      6841,     12832
        19,     21019,31503.2386,         0,         0,         0,         0,         0,         0,         0,         0,         0,         0,         0,        -3,        -3,         0,         0,         0,         0,         0,         0,         0,         0,         0,         0,         0,         0,        -7,        -7,         0,         0,         0,         0,         0,         0,         0,         0,         3,         0,         7
        20,     21020,224093.341,       3.0,         0,      2358,         0,         0,         0,      7075,         0,         0,         0,      -226,     -5717,     -5943,      -679,    -17151,    -17830,      3219,         0,         3,         3,         0,         0,         0,         0,      -118,     -4918,     -5036,         0,         0,         0,         0,         0,         0,         0,      2585,      8302,      3337,      8255
        21,     21021,114873.326,       2.0,     154.4,      4085,         0,       154,       154,      8170,         0,       309,       309,      -278,     -6891,     -7169,      -555,    -13783,    -14338,      3108,         0,         2,         2,    479833,         0,       309,       309,      -140,     -6769,     -6908,    -21569,  -1045083,  -1066652,         0,         0,         0,         0,      4363,     11254,      3247,     10016
        22,     21022,7538.00115,       2.7,       6.4,     16632,         0,        27,         6,     44906,         0,        72,        17,      -719,     -4083,     -4802,     -1940,    -11024,    -12964,     14730,         0,        16,         3,     94273,         0,       100,        17,      -372,     -4087,     -4459,     -2382,    -26158,    -28541,         0,         0,         0,         0,     17350,     21433,     15102,     19190
        23,     21023,2675.70212,      18.7,       8.4,     17393,         0,       155,         8,    325258,         0,      2907,       157,      -253,     -4793,     -5045,     -4727,    -89621,    -94348,     15544,         0,       334,        19,    130566,         0,      2803,       157,      -163,     -4026,     -4189,     -1367,    -33819,    -35186,         0,         0,         0,         0,     17646,     22439,     15706,     19732
        24,     21024,3162.79457,       9.0,         0,     18373,         0,       306,         0,    165356,         0,      2750,         0,      -264,     -4831,     -5095,     -2375,    -43476,    -45851,     16475,         0,       710,         9,         0,         0,         0,         0,      -174,     -3977,     -4151,         0,         0,         0,         0,         0,         0,         0,     18637,     23467,     16649,     20626
        25,     21025,2927.29804,       9.3,      17.3,     20648,         0,       584,        17,    192024,         0,      5429,       161,      -710,     -3638,     -4348,     -6605,    -33834,    -40440,     18259,         0,      1644,         9,    315881,         0,     28438,       161,      -375,     -3165,     -3540,     -6481,    -54754,    -61234,         0,         0,         0,         0,     21358,     24996,     18634,     21799
        26,     21026,2992.72361,       7.8,         0,     20937,         0,       674,         0,    163311,         0,      5255,         0,      -724,     -4020,     -4744,     -5645,    -31358,    -37004,     18394,         0,      2234,         8,         0,         0,         0,         0,      -384,     -3471,     -3855,         0,         0,         0,         0,         0,         0,         0,     21661,     25681,     18778,     22249
        27,     21027,1127.87412,      10.8,       8.5,     18050,         0,       233,         9,    194945,         0,      2520,        92,      -253,     -5349,     -5602,     -2733,    -57771,    -60505,     16117,         0,       590,        11,    136991,         0,      5018,        92,      -164,     -4284,     -4448,     -1391,    -36417,    -37808,         0,         0,         0,         0,     18304,     23653,     16280,     20565
        28,     21028,373.619383,      12.1,         0,     20259,         0,       359,         0,    245133,         0,      4349,         0,      -252,     -4427,     -4679,     -3053,    -53569,    -56622,     17966,         0,      1055,        32,         0,         0,         0,         0,      -164,     -3507,     -3671,         0,         0,         0,         0,         0,         0,         0,     20511,     24938,     18131,     21638
        29,     21029,480.559834,      30.3,         0,     20941,         0,       453,        11,    634524,         0,     13728,       342,      -253,     -4283,     -4536,     -7664,   -129767,   -137431,     18542,         0,      1493,        72,         0,         0,         0,         0,      -164,     -3266,     -3430,         0,         0,         0,         0,         0,         0,         0,     21194,     25477,     18706,     21971
        30,     21030,531.556819,       2.2,         0,     19820,         0,       625,         1,     43603,         0,      1374,         1,      -252,     -5515,     -5767,      -555,    -12133,    -12688,     17599,         0,      1829,        16,         0,         0,         0,         0,      -164,     -4295,     -4459,         0,         0,         0,         0,         0,         0,         0,     20072,     25587,     17763,     22058
        31,     21031,524.691448,      82.5,       3.1,     21247,         0,       877,         3,   1752878,         0,     72314,       256,      -460,     -4333,     -4793,    -37966,   -357447,   -395413,     18862,         0,      2713,        83,     58471,         0,      8409,       257,      -247,     -3341,     -3588,      -767,    -10357,    -11124,         0,         0,         0,         0,     21707,     26040,     19109,     22450
        32,     21032,681.446159,      41.9,      27.8,     22159,         0,      1045,        28,    928472,         0,     43803,      1165,      -660,     -3669,     -4329,    -27662,   -153711,   -181374,     19550,         0,      3292,        42,    543489,         0,     91504,      1165,      -342,     -2797,     -3139,     -9517,    -77753,    -87270,         0,         0,         0,         0,     22819,     26488,     19892,     22689
        33,     21033,346.749638,         0,         0,     22928,         0,      1130,        58,         0,         0,         0,         0,      -726,     -3076,     -3802,         0,         0,         0,     19968,         0,      3620,        14,         0,         0,         0,         0,      -381,     -2592,     -2974,         0,         0,         0,         0,         0,         0,         0,     23654,     26731,     20350,     22942
        34,     21034,476.347307,      11.0,      98.5,     23261,         0,      1108,        99,    255866,         0,     12189,      1084,      -727,     -3015,     -3742,     -7995,    -33164,    -41158,     20221,         0,      3650,        11,   1991816,         0,    359481,      1084,      -382,     -2499,     -2881,    -37603,   -246164,   -283767,         0,         0,         0,         0,     23987,     27002,     20603,     23102
        35,     21035,693.694056,         0,      29.0,     23150,         0,      1051,        40,         0,         0,         0,         0,      -727,     -3062,     -3789,         0,         0,         0,     20148,         0,      3593,         3,    584282,         0,    104191,        83,      -381,     -2508,     -2889,    -11056,    -72723,    -83778,         0,         0,         0,         0,     23877,     26939,     20529,     23037
        36,     21036,262.119661,       3.0,       2.7,     20057,         0,       952,         3,     60171,         0,      2856,         8,     -1132,     -3901,     -5033,     -3395,    -11703,    -15098,     17904,         0,      3188,        93,     48341,         0,      8608,       250,      -651,     -3087,     -3738,     -1758,     -8334,    -10092,         0,         0,         0,         0,     21189,     25090,     18555,     21642
        37,     21037,167.334310,     125.4,         0,     20988,         0,       907,         4,   2631866,         0,    113730,       450,     -1131,     -3027,     -4158,   -141876,   -379592,   -521468,     18636,         0,      3020,       286,         0,         0,         0,         0,      -649,     -2377,     -3025,         0,         0,         0,         0,         0,         0,         0,     22119,     25146,     19285,     21662
        38,     21038,609.154491,         0,         0,     19305,         0,       308,         0,         0,         0,         0,         0,      -253,     -5430,     -5683,         0,         0,         0,     17198,         0,       998,         1,         0,         0,         0,         0,      -164,     -4125,     -4289,         0,         0,         0,         0,         0,         0,         0,     19558,     24988,     17362,     21487
        39,     21039,538.188865,      46.8,      15.7,     21700,         0,       547,       166,   1015544,         0,     25603,      7752,      -253,     -3997,     -4251,    -11863,   -187079,   -198942,     19162,         0,      1971,       100,    300851,         0,     30943,      1577,      -163,     -2930,     -3094,     -2566,    -46005,    -48571,         0,         0,         0,         0,     21953,     25951,     19326,     22256
        40,     21040,580.870931,      39.7,     186.7,     22301,         0,       652,       199,    885352,         0,     25868,      7913,      -253,     -4094,     -4347,    -10035,   -162537,   -172573,     19642,         0,      2389,        77,   3667094,         0,    446029,     14429,      -164,     -2899,     -3063,    -30558,   -541247,   -571805,         0,         0,         0,         0,     22554,     26648,     19805,     22704
        41,     21041,649.350486,     303.9,      23.9,     22853,         0,      1233,        24,   6945095,         0,    374654,      7263,      -451,     -3693,     -4143,   -136953,  -1122219,  -1259172,     20199,         0,      3631,       304,    482763,         0,     86788,      7263,      -232,     -2507,     -2740,     -5551,    -59923,    -65474,         0,         0,         0,         0,     23304,     26997,     20432,     22939
        42,     21042,650.698625,      57.4,      10.3,     23349,         0,      1717,        10,   1340217,         0,     98544,       591,      -675,     -3865,     -4541,    -38773,   -221871,   -260644,     20478,         0,      4745,        68,    210925,         0,     48873,       699,      -303,     -2544,     -2847,     -3122,    -26204,    -29326,         0,         0,         0,         0,     24024,     27890,     20781,     23325
        43,     21043,324.656767,      56.3,         0,     24232,         0,      1874,         4,   1364264,         0,    105527,       247,      -689,     -3077,     -3766,    -38816,   -173213,   -212029,     20987,         0,      5196,       150,         0,         0,         0,         0,      -332,     -2287,     -2618,         0,         0,         0,         0,         0,         0,         0,     24921,     27998,     21319,     23605
        44,     21044,163.861680,         0,         0,     24434,         0,      1656,        64,         0,         0,         0,         0,      -711,     -2428,     -3139,         0,         0,         0,     21075,         0,      4865,       157,         0,         0,         0,         0,      -366,     -1979,     -2346,         0,         0,         0,         0,         0,         0,         0,     25145,     27573,     21441,     23421
        45,     21045,241.966112,      31.3,     115.3,     24520,         0,      1568,       207,    767473,         0,     49086,      6483,      -710,     -2388,     -3098,    -22219,    -74749,    -96969,     21137,         0,      4704,       111,   2437061,         0,    542422,     12761,      -365,     -1927,     -2292,    -42102,   -222143,   -264245,         0,         0,         0,         0,     25230,     27618,     21502,     23428
        46,     21046,161.055476,         0,         0,     22877,         0,      1398,        77,         0,         0,         0,         0,      -731,     -3236,     -3968,         0,         0,         0,     19987,         0,      4262,       169,         0,         0,         0,         0,      -376,     -2360,     -2736,         0,         0,         0,         0,         0,         0,         0,     23609,     26845,     20363,     22723
        47,     21047,143.816837,      31.3,         0,     21505,         0,      1216,        21,    673118,         0,     38051,       660,     -1132,     -3312,     -4443,    -35418,   -103662,   -139080,     19017,         0,      3777,       480,         0,         0,         0,         0,      -650,     -2523,     -3173,         0,         0,         0,         0,         0,         0,         0,     22637,     25949,     19667,     22190
        48,     21048,171.033878,     130.7,       3.9,     24871,         0,      2125,        66,   3250699,         0,    277726,      8590,      -726,     -2710,     -3435,    -94868,   -354137,   -449004,     21419,         0,      5638,       222,     83535,         0,     21989,       864,      -378,     -2010,     -2388,     -1474,     -7838,     -9312,         0,         0,         0,         0,     25597,     28307,     21797,     23807
        49,     21049,245.500651,      88.6,     112.2,     24633,         0,      1990,       294,   2182501,         0,    176352,     26054,      -703,     -2739,     -3442,    -62259,   -242680,   -304939,     21234,         0,      5384,       384,   2382478,         0,    604053,     43098,      -353,     -1949,     -2301,    -39595,   -218626,   -258221,         0,         0,         0,         0,     25336,     28075,     21587,     23536
        50,     21050,161.983560,      26.7,       3.9,     23876,         0,      1759,       127,    637491,         0,     46969,      3399,      -735,     -3221,     -3955,    -19622,    -85988,   -105610,     20763,         0,      4892,       655,     80977,         0,     19078,      2556,      -374,     -2144,     -2518,     -1458,     -8361,     -9818,         0,         0,         0,         0,     24611,     27832,     21137,     23281
        51,     21051,147.743944,     248.7,      20.0,     23159,         0,      1544,        84,   5759557,         0,    383914,     20913,      -864,     -3019,     -3883,   -214784,   -750892,   -965676,     20291,         0,      4386,       896,    405828,         0,     87717,     17911,      -462,     -2093,     -2555,     -9242,    -41860,    -51102,         0,         0,         0,         0,     24022,     27042,     20754,     22846
        52,     21052,256.476538,     368.3,       6.2,     22430,         0,      1287,        26,   8260838,         0,    473839,      9547,     -1126,     -2932,     -4057,   -414640,  -1079674,  -1494314,     19737,         0,      3772,       669,    122369,         0,     23385,      4149,      -643,     -2115,     -2758,     -3986,    -13116,    -17102,         0,         0,         0,         0,     23555,     26487,     20380,     22495
        53,     21053,243.541212,      56.4,         0,     22730,         0,       859,         2,   1281964,         0,     48438,       133,      -841,     -2736,     -3577,    -47412,   -154333,   -201744,     19982,         0,      2890,       232,         0,         0,         0,         0,      -462,     -1942,     -2404,         0,         0,         0,         0,         0,         0,         0,     23571,     26307,     20444,     22386
        54,     21054,473.820349,      10.0,       1.6,     16431,         0,       437,         2,    164308,         0,      4369,        16,      -252,     -8648,     -8900,     -2520,    -86476,    -88996,     14746,         0,       936,        10,     23594,         0,      1497,        16,      -164,     -6615,     -6779,      -262,    -10583,    -10846,         0,         0,         0,         0,     16683,     25330,     14910,     21525
        55,     21055,327.379062,       4.6,         0,     19578,         0,       439,         0,     90061,         0,      2020,         0,      -252,     -6093,     -6345,     -1161,    -28027,    -29188,     17427,         0,      1300,         6,         0,         0,         0,         0,      -164,     -4497,     -4660,         0,         0,         0,         0,         0,         0,         0,     19831,     25924,     17591,     22087
        56,     21056,588.433624,         0,         0,     21617,         0,       799,         0,         0,         0,         0,         0,      -225,     -4716,     -4941,         0,         0,         0,     18726,         0,      2180,         1,         0,         0,         0,         0,      -123,     -3607,     -3729,         0,         0,         0,         0,         0,         0,         0,     21841,     26557,     18849,     22455
        57,     21057,502.744425,       6.9,         0,     23375,         0,      1570,         0,    161288,         0,     10830,         0,      -245,     -4069,     -4315,     -1693,    -28077,    -29770,     20248,         0,      3470,        33,         0,         0,         0,         0,      -154,     -2904,     -3058,         0,         0,         0,         0,         0,         0,         0,     23620,     27690,     20403,     23307
        58,     21058,626.031214,     120.5,         0,     23999,         0,      2511,         0,   2891908,         0,    302590,         0,      -376,     -3132,     -3508,    -45264,   -377400,   -422664,     20866,         0,      5181,       138,         0,         0,         0,         0,      -195,     -2194,     -2389,         0,         0,         0,         0,         0,         0,         0,     24375,     27507,     21061,     23256
        59,     21059,654.558057,     142.9,      65.8,     24210,         0,      3192,        66,   3459635,         0,    456156,      9403,      -492,     -3480,     -3972,    -70359,   -497288,   -567648,     21021,         0,      6423,       158,   1383166,         0,    422641,     10419,      -225,     -2293,     -2518,    -14827,   -150849,   -165677,         0,         0,         0,         0,     24703,     28183,     21246,     23539
        60,     21060,247.120976,      26.8,         0,     24277,         0,      3179,        59,    650616,         0,     85186,      1590,      -506,     -3611,     -4117,    -13558,    -96770,   -110329,     20916,         0,      6685,       339,         0,         0,         0,         0,      -249,     -2557,     -2807,         0,         0,         0,         0,         0,         0,         0,     24783,     28393,     21165,     23723
        61,     21061,422.066929,     341.2,      51.6,     25933,         0,      3350,       127,   8848323,         0,   1142879,     43227,      -678,     -2248,     -2926,   -231357,   -766929,   -998286,     22069,         0,      6895,       574,   1138763,         0,    355779,     29609,      -332,     -1700,     -2032,    -17153,    -87716,   -104868,         0,         0,         0,         0,     26611,     28859,     22401,     24101
        62,     21062,364.147650,     403.3,     179.5,     25448,         0,      2733,       251,  10263131,         0,   1102164,    101105,      -696,     -2567,     -3263,   -280553,  -1035313,  -1315866,     21755,         0,      6321,       699,   3904953,         0,   1134624,    125407,      -345,     -1883,     -2228,    -61875,   -338057,   -399933,         0,         0,         0,         0,     26144,     28711,     22099,     23983
        63,     21063,245.749801,     351.2,      10.9,     23612,         0,      2378,       179,   8292401,         0,    835220,     63021,      -740,     -4109,     -4849,   -259956,  -1442982,  -1702937,     20569,         0,      5708,       910,    224203,         0,     62214,      9922,      -379,     -2622,     -3001,     -4134,    -28577,    -32711,         0,         0,         0,         0,     24352,     28461,     20948,     23570
        64,     21064,236.755894,     328.4,      71.5,     23731,         0,      2020,       100,   7793254,         0,    663406,     32788,      -994,     -3107,     -4101,   -326382,  -1020411,  -1346793,     20665,         0,      5112,       903,   1477556,         0,    365501,     64592,      -546,     -2051,     -2597,    -39025,   -146655,   -185681,         0,         0,         0,         0,     24725,     27832,     21211,     23262
        65,     21065,135.955937,       1.5,         0,     24697,         0,      1899,        62,     37045,         0,      2849,        93,      -815,     -2481,     -3295,     -1222,     -3721,     -4943,     21273,         0,      4743,       365,         0,         0,         0,         0,      -442,     -1609,     -2051,         0,         0,         0,         0,         0,         0,         0,     25511,     27992,     21715,     23324
        66,     21066,763.569337,       2.1,         0,     13697,         0,       963,         0,     28764,         0,      2021,         0,      -466,     -5342,     -5808,      -978,    -11218,    -12197,     11789,         0,      3055,        20,         0,         0,         0,         0,      -183,     -5429,     -5612,         0,         0,         0,         0,         0,         0,         0,     14163,     19505,     11972,     17401
        67,     21067,895.648492,      11.1,         0,     15060,         0,       409,         0,    167162,         0,      4538,         0,      -252,     -9164,     -9416,     -2795,   -101718,   -104513,     13568,         0,       602,        11,         0,         0,         0,         0,      -162,     -7031,     -7193,         0,         0,         0,         0,         0,         0,         0,     15311,     24475,     13730,     20761
        68,     21068,700.088320,       8.4,         0,     20702,         0,       799,         0,    173893,         0,      6709,         0,      -225,     -5354,     -5579,     -1892,    -44972,    -46864,     17968,         0,      1667,         9,         0,         0,         0,         0,      -122,     -4095,     -4218,         0,         0,         0,         0,         0,         0,         0,     20927,     26281,     18091,     22186
        69,     21069,226.843556,       4.2,         0,     20100,         0,      1472,         0,     84419,         0,      6181,         0,      -222,     -5402,     -5624,      -932,    -22690,    -23622,     17456,         0,      2693,         7,         0,         0,         0,         0,      -120,     -4307,     -4427,         0,         0,         0,         0,         0,         0,         0,     20322,     25724,     17576,     21883
        70,     21070,422.822872,      48.4,         0,     24311,         0,      2659,         0,   1176644,         0,    128708,         0,      -227,     -3460,     -3687,    -10989,   -167473,   -178462,     20693,         0,      4214,        58,         0,         0,         0,         0,      -124,     -2571,     -2695,         0,         0,         0,         0,         0,         0,         0,     24538,     27998,     20817,     23388
        71,     21071,339.778946,     115.8,         0,     24883,         0,      4347,         0,   2881470,         0,    503418,         0,      -367,     -2930,     -3297,    -42509,   -339319,   -381828,     21315,         0,      6356,       219,         0,         0,         0,         0,      -184,     -2077,     -2260,         0,         0,         0,         0,         0,         0,         0,     25250,     28180,     21499,     23575
        72,     21072,331.429450,      48.7,         0,     25149,         0,      5616,        11,   1224748,         0,    273479,       535,      -510,     -3084,     -3595,    -24853,   -150205,   -175059,     21558,         0,      7702,       185,         0,         0,         0,         0,      -249,     -2078,     -2327,         0,         0,         0,         0,         0,         0,         0,     25659,     28743,     21807,     23885
        73,     21073,322.281311,     389.4,     128.8,     26295,         0,      5924,       142,  10239155,         0,   2306686,     55453,      -630,     -2235,     -2865,   -245242,   -870301,  -1115544,     22302,         0,      8110,       582,   2872444,         0,   1044574,     75010,      -298,     -1654,     -1952,    -38411,   -213046,   -251457,         0,         0,         0,         0,     26924,     29159,     22600,     24254
        74,     21074, 11.750705,      49.0,         0,     27052,         0,      5070,       124,   1325540,         0,    248422,      6088,      -608,     -1527,     -2135,    -29816,    -74816,   -104631,     22750,         0,      7743,       421,         0,         0,         0,         0,      -286,     -1249,     -1536,         0,         0,         0,         0,         0,         0,         0,     27660,     29187,     23037,     24286
        75,     21075,220.896014,      28.9,         0,     26210,         0,      4047,       140,    757478,         0,    116950,      4042,      -654,     -2192,     -2846,    -18910,    -63349,    -82258,     22218,         0,      7198,       311,         0,         0,         0,         0,      -322,     -1610,     -1933,         0,         0,         0,         0,         0,         0,         0,     26865,     29057,     22541,     24151
        76,     21076,233.119758,       7.4,      38.0,     26166,         0,      3530,        41,    193625,         0,     26123,       306,      -624,     -2246,     -2870,     -4618,    -16617,    -21236,     22130,         0,      6701,       130,    840956,         0,    254647,      4958,      -311,     -1646,     -1958,    -11836,    -62566,    -74403,         0,         0,         0,         0,     26790,     29035,     22442,     24088
        77,     21077,280.958510,      15.8,         0,     18894,         0,      2214,        18,    298518,         0,     34978,       290,      -468,     -4144,     -4612,     -7397,    -65469,    -72866,     15815,         0,      5113,       102,         0,         0,         0,         0,      -192,     -4415,     -4607,         0,         0,         0,         0,         0,         0,         0,     19362,     23505,     16006,     20422
        78,     21078,804.405075,       9.5,      12.6,     20966,         0,       479,        13,    199176,         0,      4554,       122,      -299,     -5055,     -5354,     -2838,    -48022,    -50861,     16525,         0,       640,        10,    208218,         0,      8058,       120,      -212,     -5613,     -5825,     -2671,    -70720,    -73391,         0,         0,         0,         0,     21265,     26320,     16737,     22350
        79,     21079,509.821934,         0,         0,     19131,         0,       731,         0,         0,         0,         0,         0,      -299,     -7886,     -8185,         0,         0,         0,     14959,         0,      1191,         0,         0,         0,         0,         0,      -211,     -7852,     -8063,         0,         0,         0,         0,         0,         0,         0,     19430,     27316,     15170,     23022
        80,     21080,309.985851,         0,         0,     17619,         0,      1034,         0,         0,         0,         0,         0,      -326,     -6804,     -7130,         0,         0,         0,     14284,         0,      1637,         0,         0,         0,         0,         0,      -175,     -6652,     -6827,         0,         0,         0,         0,         0,         0,         0,     17945,     24749,     14458,     21110
        81,     21081,666.155591,         0,         0,     19116,         0,      1554,         0,         0,         0,         0,         0,      -327,     -6762,     -7089,         0,         0,         0,     15555,         0,      2256,         2,         0,         0,         0,         0,      -178,     -6460,     -6638,         0,         0,         0,         0,         0,         0,         0,     19443,     26205,     15733,     22194
        82,     21082,325.006037,      11.7,         0,     21926,         0,      2536,         0,    256537,         0,     29673,         0,      -227,     -5027,     -5253,     -2650,    -58815,    -61466,     18486,         0,      3470,        15,         0,         0,         0,         0,      -125,     -4206,     -4331,         0,         0,         0,         0,         0,         0,         0,     22153,     27180,     18612,     22818
        83,     21083,784.755875,      30.2,         0,     24816,         0,      4401,         0,    749439,         0,    132918,         0,      -228,     -3584,     -3812,     -6890,   -108228,   -115118,     20910,         0,      5379,        42,         0,         0,         0,         0,      -131,     -2691,     -2822,         0,         0,         0,         0,         0,         0,         0,     25044,     28628,     21041,     23732
        84,     21084,461.855710,     171.0,         0,     25968,         0,      7046,         0,   4440494,         0,   1204859,         0,      -324,     -2507,     -2831,    -55319,   -428731,   -484050,     22063,         0,      7561,       232,         0,         0,         0,         0,      -163,     -1654,     -1817,         0,         0,         0,         0,         0,         0,         0,     26291,     28799,     22226,     23879
        85,     21085,490.013467,     235.7,         0,     26420,         0,      8960,        22,   6227272,         0,   2111928,      5302,      -212,     -2038,     -2250,    -49924,   -480390,   -530314,     22222,         0,      9033,       317,         0,         0,         0,         0,      -152,     -1635,     -1787,         0,         0,         0,         0,         0,         0,         0,     26632,     28670,     22374,     24009
        86,     21086,258.275996,      79.6,         0,     25698,         0,      8307,       126,   2045592,         0,    661267,     10053,      -587,     -2957,     -3544,    -46747,   -235379,   -282125,     21849,         0,      9011,       585,         0,         0,         0,         0,      -333,     -2124,     -2457,         0,         0,         0,         0,         0,         0,         0,     26286,     29243,     22182,     24306
        87,     21087,474.438839,      29.7,      60.1,     27283,         0,      7041,        91,    810306,         0,    209128,      2688,      -517,     -1471,     -1987,    -15348,    -43676,    -59024,     22883,         0,      8345,        69,   1375290,         0,    501553,      4154,      -229,     -1217,     -1445,    -13737,    -73127,    -86864,         0,         0,         0,         0,     27800,     29270,     23112,     24329
        88,     21088,539.793808,         0,         0,     21963,         0,      4214,         8,         0,         0,         0,         0,      -468,     -4178,     -4646,         0,         0,         0,     18446,         0,      6531,         2,         0,         0,         0,         0,      -192,     -3831,     -4023,         0,         0,         0,         0,         0,         0,         0,     22431,     26609,     18638,     22469
        89,     21089,262.499940,     147.0,       9.5,     27247,         0,     10387,        94,   4005374,         0,   1526862,     13764,      -429,     -1588,     -2017,    -63038,   -233475,   -296512,     22881,         0,      9777,       361,    217366,         0,     92882,      3431,      -178,     -1322,     -1500,     -1690,    -12564,    -14254,         0,         0,         0,         0,     27676,     29265,     23059,     24381
        90,     21090,216.032097,     129.8,     114.6,     27966,         0,     12941,       325,   3630029,         0,   1679720,     42245,      -320,     -1013,     -1333,    -41574,   -131504,   -173079,     23218,         0,     10549,       356,   2660757,         0,   1208956,     40835,      -152,     -1070,     -1222,    -17421,   -122653,   -140074,         0,         0,         0,         0,     28287,     29300,     23370,     24440
        91,     21091,136.758224,         0,      59.2,     26613,         0,      9940,       128,         0,         0,         0,         0,      -458,     -2009,     -2467,         0,         0,         0,     22234,         0,      9156,        22,   1316275,         0,    542023,      1274,      -174,     -1678,     -1853,    -10322,    -99352,   -109674,         0,         0,         0,         0,     27071,     29080,     22409,     24087
        92,     21092,782.337285,         0,         0,     25013,         0,      7643,         0,         0,         0,         0,         0,      -465,     -3403,     -3868,         0,         0,         0,     21023,         0,      7223,         0,         0,         0,         0,         0,      -188,     -2608,     -2795,         0,         0,         0,         0,         0,         0,         0,     25478,     28881,     21211,     23818
        93,     21093,259.666218,         0,       5.2,     22177,         0,       697,         6,         0,         0,         0,         0,      -299,     -4386,     -4685,         0,         0,         0,     17583,         0,      1045,         1,     91433,         0,      5432,         7,      -212,     -4907,     -5119,     -1102,    -25515,    -26618,         0,         0,         0,         0,     22476,     26863,     17795,     22702
        94,     21094,239.975726,         0,         0,     20704,         0,      1051,         0,         0,         0,         0,         0,      -299,     -6687,     -6986,         0,         0,         0,     16312,         0,      1523,         0,         0,         0,         0,         0,      -212,     -6727,     -6939,         0,         0,         0,         0,         0,         0,         0,     21002,     27689,     16524,     23251
        95,     21095,149.254985,         0,         0,     17928,         0,      1499,         0,         0,         0,         0,         0,      -326,     -7233,     -7559,         0,         0,         0,     14546,         0,      1976,         0,         0,         0,         0,         0,      -175,     -6811,     -6987,         0,         0,         0,         0,         0,         0,         0,     18254,     25487,     14722,     21533
        96,     21096,332.740809,         0,         0,     22926,         0,      2224,         0,         0,         0,         0,         0,      -326,     -4772,     -5098,         0,         0,         0,     18746,         0,      2806,        63,         0,         0,         0,         0,      -178,     -4535,     -4714,         0,         0,         0,         0,         0,         0,         0,     23252,     28024,     18924,     23459
        97,     21097,246.458838,      11.7,         0,     23881,         0,      4245,         0,    279402,         0,     49662,         0,      -261,     -4511,     -4772,     -3051,    -52784,    -55834,     20145,         0,      4727,        21,         0,         0,         0,         0,      -136,     -3389,     -3525,         0,         0,         0,         0,         0,         0,         0,     24141,     28653,     20281,     23671
        98,     21098,326.246414,      14.7,         0,     26062,         0,      7800,         0,    383107,         0,    114662,         0,      -216,     -2717,     -2933,     -3176,    -39946,    -43122,     21728,         0,      7039,        43,         0,         0,         0,         0,      -125,     -2106,     -2231,         0,         0,         0,         0,         0,         0,         0,     26278,     28995,     21853,     23959
        99,     21099,487.878970,      18.0,         0,     26670,         0,     11009,         0,    480063,         0,    198162,         0,      -214,     -2153,     -2367,     -3853,    -38755,    -42609,     22082,         0,      9163,        60,         0,         0,         0,         0,      -123,     -1802,     -1926,         0,         0,         0,         0,         0,         0,         0,     26884,     29037,     22205,     24008
       100,     21100,370.305670,     355.5,     137.5,     27043,         0,     13287,       145,   9613914,         0,   4723455,     51463,      -300,     -1782,     -2082,   -106650,   -633598,   -740248,     22656,         0,     10686,       416,   3115153,         0,   1469262,     57252,      -163,     -1317,     -1480,    -22390,   -181115,   -203505,         0,         0,         0,         0,     27343,     29126,     22818,     24136
       101,     21101,243.265163,      95.7,      31.6,     27013,         0,     13385,       198,   2585118,         0,   1280928,     18930,      -409,     -1769,     -2179,    -39185,   -169314,   -208500,     22523,         0,     10878,       461,    711721,         0,    343735,     14565,      -167,     -1524,     -1691,     -5283,    -48168,    -53451,         0,         0,         0,         0,     27422,     29191,     22690,     24214
       102,     21102,134.141256,      16.6,     146.6,     28345,     11094,     14089,       659,    470521,    184165,    233879,     10939,      -181,      -801,      -982,     -3000,    -13294,    -16295,     23367,      5540,     10668,       719,   3425670,    812136,   1563877,    105396,      -131,      -972,     -1102,    -19197,   -142425,   -161622,     11094,         0,      5540,         0,     28525,     29326,     23498,     24470
       103,     21103,110.404269,         0,         0,     27957,      9380,     12817,       273,         0,         0,         0,         0,      -318,     -1041,     -1359,         0,         0,         0,     23188,      4600,      9866,       448,         0,         0,         0,         0,      -135,     -1067,     -1203,         0,         0,         0,      9380,         0,      4600,         0,     28275,     29316,     23324,     24391
       104,     21104, 99.183280,         0,         0,     26184,         0,     10707,       121,         0,         0,         0,         0,      -462,     -2487,     -2949,         0,         0,         0,     21922,         0,      9216,        52,         0,         0,         0,         0,      -179,     -1979,     -2157,         0,         0,         0,         0,         0,         0,         0,     26647,     29134,     22101,     24080
       105,     21105,514.984728,       7.0,         0,     23372,         0,       883,         1,    163604,         0,      6178,         4,      -300,     -3501,     -3801,     -2100,    -24509,    -26609,     18605,         0,      1391,         7,         0,         0,         0,         0,      -212,     -4058,     -4270,         0,         0,         0,         0,         0,         0,         0,     23672,     27173,     18817,     22875
       106,     21106,297.581216,         0,         0,     22683,         0,      1344,         2,         0,         0,         0,         0,      -298,     -4257,     -4555,         0,         0,         0,     18106,         0,      1885,         0,         0,         0,         0,         0,      -210,     -4605,     -4815,         0,         0,         0,         0,         0,         0,         0,     22981,     27238,     18316,     22921
       107,     21107,225.860655,         0,         0,     23150,         0,      1835,         0,         0,         0,         0,         0,      -297,     -4516,     -4813,         0,         0,         0,     18496,         0,      2375,        19,         0,         0,         0,         0,      -210,     -4704,     -4915,         0,         0,         0,         0,         0,         0,         0,     23448,     27964,     18707,     23411
       108,     21108,570.873185,     196.6,         0,     23751,         0,      3002,         0,   4669465,         0,    590111,         0,      -327,     -4329,     -4656,    -64224,   -851162,   -915386,     19419,         0,      3596,       197,         0,         0,         0,         0,      -178,     -4000,     -4178,         0,         0,         0,         0,         0,         0,         0,     24078,     28407,     19597,     23597
       109,     21109,484.042333,      41.4,         0,     24171,         0,      6476,         0,   1000661,         0,    268117,         0,      -307,     -4386,     -4693,    -12714,   -181571,   -194285,     20038,         0,      5779,        46,         0,         0,         0,         0,      -150,     -3497,     -3647,         0,         0,         0,         0,         0,         0,         0,     24478,     28863,     20188,     23684
       110,     21110,316.894655,      28.3,         0,     26086,         0,     10104,         2,    738222,         0,    285933,        49,      -274,     -2668,     -2942,     -7743,    -75511,    -83254,     21715,         0,      7967,       170,         0,         0,         0,         0,      -146,     -2110,     -2256,         0,         0,         0,         0,         0,         0,         0,     26359,     29027,     21861,     23971
       111,     21111,319.885148,       7.7,         0,     27558,         0,     14529,        11,    212193,         0,    111873,        86,      -205,     -1355,     -1560,     -1580,    -10434,    -12014,     22637,         0,     10574,       144,         0,         0,         0,         0,      -117,     -1363,     -1480,         0,         0,         0,         0,         0,         0,         0,     27763,     29118,     22754,     24117
       112,     21112,353.090130,       7.0,         0,     28205,      3983,     18225,        92,    197436,     27884,    127578,       642,       -75,      -891,      -966,      -525,     -6238,     -6762,     23189,      2081,     12390,        23,         0,         0,         0,         0,       -73,      -939,     -1011,         0,         0,         0,      3983,         0,      2081,         0,     28280,     29171,     23261,     24200
       113,     21113,381.374062,     279.9,     157.2,     27820,      4755,     16878,       603,   7786748,   1330882,   4724274,    168896,      -291,     -1119,     -1410,    -81443,   -313325,   -394768,     22877,      2692,     11909,       514,   3596322,    423215,   1872074,     80809,      -186,     -1203,     -1389,    -29226,   -189075,   -218301,      4755,         0,      2692,         0,     28111,     29230,     23063,     24266
       114,     21114,125.174906,         0,     246.0,     28175,     11312,     18194,      1416,         0,         0,         0,         0,      -179,      -918,     -1097,         0,         0,         0,     23003,      4215,     12053,      1470,   5658852,   1036924,   2965070,    361591,      -248,     -1108,     -1356,    -61078,   -272581,   -333659,     11312,         0,      4215,         0,     28354,     29272,     23252,     24360
       115,     21115, 70.110758,     317.2,     250.2,     28164,     12618,     16641,      1235,   8933724,   4002289,   5278584,    391661,      -144,      -972,     -1116,    -45773,   -308375,   -354149,     22961,      6079,     11407,      1249,   5744836,   1521018,   2853977,    312601,      -243,     -1139,     -1382,    -60888,   -284924,   -345812,     12618,         0,      6079,         0,     28309,     29281,     23204,     24343
       116,     21116, 87.221259,     248.6,      55.2,     27808,      8935,     16639,      1017,   6913175,   2221292,   4136525,    252752,      -297,     -1145,     -1443,    -73861,   -284771,   -358633,     22653,      4936,     11172,      1377,   1250430,    272456,    616705,     76027,      -280,     -1333,     -1612,    -15441,    -73556,    -88997,      8935,         0,      4936,         0,     28106,     29251,     22932,     24265
       117,     21117,180.656395,     136.0,      26.8,     27113,      7219,     13378,        66,   3687319,    981807,   1819367,      8912,      -368,     -1747,     -2114,    -50028,   -237543,   -287571,     22285,      3479,      9609,       439,    597239,     93228,    257532,     11758,       -86,     -1825,     -1911,     -2309,    -48907,    -51216,      7219,         0,      3479,         0,     27480,     29227,     22371,     24196
       118,     21118, 60.202439,     142.5,      15.6,     27528,      9388,     15049,       275,   3922752,   1337847,   2144473,     39144,      -296,     -1404,     -1701,    -42217,   -200138,   -242355,     22567,      4546,     10340,       868,    352039,     70925,    161304,     13542,      -108,     -1542,     -1650,     -1682,    -24053,    -25735,      9388,         0,      4546,         0,     27824,     29229,     22674,     24216
       119,     21119,155.487163,         0,     108.0,     28100,      5355,     19608,       438,         0,         0,         0,         0,       -92,      -985,     -1076,         0,         0,         0,     22981,      3687,     12758,       596,   2481905,    398234,   1377811,     64404,       -93,     -1090,     -1183,    -10070,   -117674,   -127743,      5355,         0,      3687,         0,     28192,     29176,     23074,     24163
       120,     21120, 18.530419,      83.1,       1.2,     28140,      6783,     21065,      1475,   2338453,    563642,   1750487,    122552,      -116,      -928,     -1044,     -9665,    -77124,    -86788,     22899,      4101,     13000,      1381,     27479,      4921,     15601,      1658,      -158,     -1118,     -1277,      -190,     -1342,     -1532,      6783,         0,      4101,         0,     28257,     29185,     23057,     24176
       121,     21121, 57.789215,     229.9,      86.8,     27896,      9588,     20720,      1681,   6413336,   2204211,   4763634,    386570,      -237,     -1047,     -1284,    -54398,   -240752,   -295150,     22505,      3565,     12757,      1478,   1953463,    309479,   1107336,    128333,      -295,     -1352,     -1646,    -25568,   -117327,   -142895,      9588,         0,      3565,         0,     28133,     29180,     22800,     24152
       122,     21122, 55.500279,     169.7,     265.9,     28245,     10615,     20002,      1511,   4793178,   1801378,   3394377,    256486,      -169,      -841,     -1010,    -28739,   -142706,   -171445,     23041,      5067,     12326,      1642,   6126629,   1347443,   3277546,    436697,      -251,     -1032,     -1282,    -66648,   -274277,   -340925,     10615,         0,      5067,         0,     28414,     29255,     23292,     24323
       123,     21123, 39.806952,     187.0,     269.3,     28164,     11917,     18261,      1350,   5266744,   2228548,   3414793,    252361,      -175,      -931,     -1106,    -32652,   -174179,   -206831,     22942,      6058,     11860,      1569,   6178249,   1631337,   3193973,    422527,      -253,     -1145,     -1398,    -68213,   -308286,   -376499,     11917,         0,      6058,         0,     28339,     29270,     23195,     24340
       124,     21124,120.657479,     344.5,      74.0,     27812,      5631,     19112,      1020,   9581067,   1939942,   6584233,    351225,      -324,     -1109,     -1434,   -111777,   -382157,   -493934,     22518,      3712,     11728,      1427,   1666355,    274707,    867838,    105567,      -316,     -1449,     -1765,    -23411,   -107190,   -130601,      5631,         0,      3712,         0,     28136,     29245,     22835,     24283
       125,     21125, 98.688008,      35.0,         0,     26946,      7284,     17373,       264,    943102,    254944,    608048,      9237,      -552,     -1684,     -2236,    -19313,    -58944,    -78258,     21857,      3740,     10916,      1021,         0,         0,         0,         0,      -371,     -1909,     -2280,         0,         0,         0,      7284,         0,      3740,         0,     27498,     29182,     22228,     24137
       126,     21126,108.637116,      94.9,       2.4,     26663,         0,     15416,        34,   2530362,         0,   1462954,      3221,      -455,     -2058,     -2513,    -43196,   -195268,   -238464,     21787,         0,      9887,       338,     52290,         0,     23730,       811,      -261,     -2062,     -2323,      -627,     -4949,     -5576,         0,         0,         0,         0,     27119,     29176,     22049,     24111
       127,     21127,322.146561,     165.2,       2.2,     26522,         0,     12249,        39,   4381468,         0,   2023568,      6391,      -311,     -2281,     -2592,    -51434,   -376815,   -428249,     21704,         0,      8887,       379,     47748,         0,     19551,       835,      -167,     -2256,     -2423,      -367,     -4964,     -5331,         0,         0,         0,         0,     26834,     29115,     21871,     24127
       128,     21128,290.882859,     153.8,      13.4,     26943,         0,     16736,       124,   4143875,         0,   2574015,     19073,      -272,     -1854,     -2126,    -41828,   -285085,   -326913,     22247,         0,     11393,       160,    298113,         0,    152661,      2147,      -146,     -1616,     -1762,     -1959,    -21651,    -23609,         0,         0,         0,         0,     27215,     29069,     22393,     24009
       129,     21129,866.517573,     275.9,       4.3,     24153,         0,       970,         4,   6663827,         0,    267501,      1186,      -298,     -2571,     -2869,    -82162,   -709345,   -791507,     19280,         0,      1611,       276,     82904,         0,      6929,      1186,      -211,     -3163,     -3374,      -907,    -13600,    -14507,         0,         0,         0,         0,     24451,     27022,     19491,     22654
       130,     21130,558.083329,         0,      64.5,     24649,         0,      1490,        65,         0,         0,         0,         0,      -297,     -2975,     -3273,         0,         0,         0,     19710,         0,      2207,         0,   1271282,         0,    142349,         0,      -210,     -3417,     -3627,    -13554,   -220365,   -233920,         0,         0,         0,         0,     24946,     27922,     19920,     23336
       131,     21131,499.131535,         0,     263.3,     24704,         0,      2674,       329,         0,         0,         0,         0,      -297,     -3760,     -4056,         0,         0,         0,     19772,         0,      3435,         0,   5205949,         0,    904558,        65,      -209,     -3848,     -4057,    -55133,  -1013144,  -1068277,         0,         0,         0,         0,     25001,     28760,     19981,     23829
       132,     21132,357.259056,      18.4,         0,     25547,         0,      7135,         0,    470060,         0,    131292,         0,      -277,     -3097,     -3374,     -5097,    -56993,    -62091,     20759,         0,      5970,        83,         0,         0,         0,         0,      -155,     -2949,     -3104,         0,         0,         0,         0,         0,         0,         0,     25824,     28921,     20914,     23863
       133,     21133,302.516902,     232.6,      44.2,     27198,         0,     14029,        46,   6326357,         0,   3263147,     10703,      -312,     -1597,     -1909,    -72687,   -371366,   -444052,     22051,         0,      9656,       430,    974649,         0,    426782,     19013,      -167,     -1906,     -2073,     -7380,    -84244,    -91624,         0,         0,         0,         0,     27511,     29108,     22218,     24124
       134,     21134,1117.66596,         0,    1088.5,     28206,         0,     20567,      1090,         0,         0,         0,         0,       -57,      -909,      -966,         0,         0,         0,     22803,         0,     12952,        16,  24821377,         0,  14098108,     17012,       -87,     -1324,     -1411,    -94304,  -1441516,  -1535820,         0,         0,         0,         0,     28264,     29173,     22890,     24214
       135,     21135,227.906738,       9.0,      50.0,     28309,      4386,     22430,       282,    254782,     39471,    201872,      2540,       -44,      -778,      -822,      -395,     -6999,     -7394,     23107,      2589,     13714,       382,   1155374,    129459,    685693,     19089,       -60,      -949,     -1009,     -2991,    -47436,    -50427,      4386,         0,      2589,         0,     28353,     29131,     23167,     24116
       136,     21136,120.296799,         0,      67.2,     28266,      6163,     22519,      1131,         0,         0,         0,         0,       -44,      -839,      -883,         0,         0,         0,     23067,      3833,     13621,      1364,   1550090,    257588,    915300,     91638,       -70,     -1001,     -1071,     -4725,    -67248,    -71973,      6163,         0,      3833,         0,     28310,     29149,     23137,     24138
       137,     21137, 61.116056,     367.1,      49.8,     28162,      9208,     22384,      1768,  10338166,   3380183,   8217021,    648908,      -103,      -905,     -1008,    -37666,   -332383,   -370049,     22888,      5030,     13400,      1741,   1139812,    250505,    667316,     86697,      -145,     -1133,     -1278,     -7220,    -56422,    -63642,      9208,         0,      5030,         0,     28264,     29170,     23033,     24166
       138,     21138, 64.077665,     215.7,     361.6,     28192,     13482,     22118,      1982,   6081029,   2907981,   4770794,    427425,      -122,      -870,      -992,    -26210,   -187714,   -213924,     22963,      6252,     13128,      1747,   8303403,   2260861,   4747016,    631683,      -165,     -1049,     -1214,    -59667,   -379186,   -438853,     13482,         0,      6252,         0,     28314,     29184,     23128,     24177
       139,     21139, 79.656255,      20.7,     100.6,     28015,     12912,     22336,      1887,    579913,    267276,    462361,     39061,      -164,      -984,     -1148,     -3394,    -20367,    -23761,     22579,      6208,     12956,      1607,   2271476,    624506,   1303351,    161635,      -252,     -1294,     -1546,    -25325,   -130223,   -155548,     12912,         0,      6208,         0,     28179,     29163,     22831,     24125
       140,     21140,232.948048,     152.9,      36.8,     27735,      8642,     20937,       375,   4240615,   1321399,   3201260,     57274,      -312,     -1143,     -1454,    -47672,   -174696,   -222368,     22281,      4077,     11962,       640,    819942,    150026,    440199,     23550,      -338,     -1558,     -1896,    -12449,    -57340,    -69788,      8642,         0,      4077,         0,     28046,     29189,     22619,     24177
       141,     21141,112.093890,     587.5,     227.8,     28331,      8007,     23504,      2080,  16644506,   4703835,  13808819,   1221729,       -74,      -759,      -833,    -43311,   -446090,   -489401,     23109,      4571,     13789,      1539,   5264323,   1041199,   3141031,    350528,      -127,      -935,     -1062,    -28997,   -212986,   -241983,      8007,         0,      4571,         0,     28405,     29164,     23237,     24172
       142,     21142, 65.829492,     239.5,     863.4,     28042,     11922,     23266,      2065,   6715941,   2855234,   5572311,    494662,      -115,      -924,     -1039,    -27521,   -221238,   -248759,     22547,      6302,     13436,      1665,  19467409,   5441257,  11600967,   1437653,      -175,     -1261,     -1436,   -150858,  -1088693,  -1239552,     11922,         0,      6302,         0,     28156,     29080,     22722,     23983
       143,     21143,567.818366,       1.3,     343.8,     25923,         0,      2728,       419,     33700,         0,      3546,       545,      -288,     -2519,     -2807,      -375,     -3274,     -3649,     20814,         0,      3565,         1,   7155930,         0,   1225576,       447,      -202,     -2761,     -2963,    -69552,   -949287,  -1018839,         0,         0,         0,         0,     26211,     28730,     21017,     23778
       144,     21144,413.953652,      70.0,         0,     26235,         0,      8081,        60,   1836422,         0,    565695,      4226,      -287,     -2464,     -2751,    -20060,   -172514,   -192574,     21068,         0,      6423,       166,         0,         0,         0,         0,      -208,     -2648,     -2856,         0,         0,         0,         0,         0,         0,         0,     26521,     28986,     21276,     23924
       145,     21145,318.350199,      72.6,         0,     27611,         0,     15368,       193,   2004545,         0,   1115694,     14027,      -218,     -1274,     -1492,    -15855,    -92460,   -108315,     22171,         0,     10242,       326,         0,         0,         0,         0,      -187,     -1765,     -1952,         0,         0,         0,         0,         0,         0,         0,     27829,     29103,     22358,     24123
       146,     21146,164.657510,         0,     100.0,     27192,         0,      6382,       113,         0,         0,         0,         0,      -276,     -1576,     -1852,         0,         0,         0,     21814,         0,      5645,       115,   2181426,         0,    564527,     11484,      -186,     -2005,     -2191,    -18647,   -200456,   -219103,         0,         0,         0,         0,     27468,     29044,     22001,     24005
       147,     21147,244.870940,     127.1,      20.8,     27728,         0,     10608,       128,   3524181,         0,   1348325,     16296,      -162,     -1208,     -1371,    -20611,   -153582,   -174194,     22227,         0,      7668,       475,    462329,         0,    159500,      9878,      -169,     -1717,     -1886,     -3510,    -35720,    -39230,         0,         0,         0,         0,     27890,     29098,     22396,     24113
       148,     21148,329.072060,      72.0,     195.5,     27996,         0,     16265,       223,   2015697,         0,   1171084,     16048,      -131,      -986,     -1117,     -9399,    -70993,    -80392,     22567,         0,     10544,       130,   4411791,         0,   2061295,     25398,      -159,     -1412,     -1571,    -31170,   -275983,   -307153,         0,         0,         0,         0,     28126,     29112,     22726,     24138
       149,     21149,315.720034,       2.0,     766.7,     28458,      7129,     23691,      1185,     56915,     14259,     47383,      2370,       -27,      -718,      -745,       -54,     -1436,     -1490,     23285,      3112,     13825,       254,  17852338,   2385610,  10599721,    194700,       -78,      -940,     -1018,    -60125,   -720536,   -780662,      7129,         0,      3112,         0,     28484,     29203,     23363,     24303
       150,     21150,198.514118,       3.0,     150.6,     28400,      6067,     24148,      1216,     85200,     18202,     72444,      3649,       -24,      -782,      -806,       -72,     -2345,     -2418,     23188,      2078,     14114,       418,   3492075,    312948,   2125551,     62983,       -64,     -1021,     -1085,     -9705,   -153697,   -163402,      6067,         0,      2078,         0,     28424,     29206,     23252,     24273
       151,     21151,127.646403,       4.9,     386.8,     28372,      5093,     24321,      3498,    139024,     24956,    119171,     17138,       -32,      -809,      -842,      -157,     -3966,     -4123,     23087,      3442,     13976,      1433,   8930213,   1331512,   5405754,    554200,       -85,     -1108,     -1193,    -32899,   -428583,   -461482,      5093,         0,      3442,         0,     28404,     29214,     23172,     24280
       152,     21152,176.455017,     185.4,     313.2,     28098,     10212,     23932,      3816,   5209437,   1893394,   4437027,    707578,      -103,      -896,      -999,    -19100,   -166119,   -185219,     22581,      5638,     13641,      1270,   7072311,   1765731,   4272265,    397647,      -166,     -1281,     -1446,    -51920,   -401099,   -453019,     10212,         0,      5638,         0,     28201,     29097,     22747,     24027
       153,     21153,342.933745,     199.1,     224.7,     28145,      8712,     22597,       365,   5603679,   1734637,   4499034,     72691,       -90,      -923,     -1013,    -17981,   -183766,   -201747,     22627,      4518,     12414,       334,   5084310,   1015137,   2789422,     75026,      -160,     -1344,     -1504,    -36027,   -301913,   -337941,      8712,         0,      4518,         0,     28235,     29158,     22787,     24131
       154,     21154,103.864876,     149.7,     202.7,     28556,     11064,     24637,      1959,   4274794,   1656245,   3688107,    293196,       -16,      -651,      -666,     -2322,    -97410,    -99732,     23529,      5062,     14006,      1252,   4769363,   1026030,   2839114,    253705,       -45,      -746,      -791,     -9022,   -151292,   -160313,     11064,         0,      5062,         0,     28571,     29222,     23574,     24320
       155,     21155, 80.051409,     247.8,     284.7,     28378,     11064,     24615,      4822,   7031948,   2741553,   6099620,   1194883,       -22,      -756,      -778,     -5364,   -187443,   -192807,     23048,      5602,     13912,      1550,   6561726,   1594931,   3960863,    441224,       -61,     -1047,     -1108,    -17320,   -298038,   -315357,     11064,         0,      5602,         0,     28399,     29156,     23109,     24156
       156,     21156,108.905349,     425.2,    1361.0,     28269,     14183,     24360,      7711,  12019793,   6030788,  10358008,   3278611,       -31,      -840,      -870,    -13156,   -356976,   -370132,     22777,      6995,     13688,      1572,  30999777,   9519613,  18629986,   2139815,       -84,     -1222,     -1306,   -114067,  -1663386,  -1777453,     14183,         0,      6995,         0,     28300,     29139,     22861,     24083
       157,     21157, 79.775267,      98.0,    1657.8,     28247,      7625,     24041,      7991,   2768217,    747296,   2356038,    783161,       -33,      -833,      -866,     -3225,    -81618,    -84843,     22783,      5355,     13372,      1332,  37770459,   8877930,  22167452,   2208461,      -100,     -1184,     -1284,   -166404,  -1962082,  -2128486,      7625,         0,      5355,         0,     28280,     29113,     22884,     24067
       158,     21158,428.704150,     244.3,     478.6,     28174,     11950,     22820,      2156,   6882870,   2919305,   5574921,    526625,       -36,      -863,      -899,     -8761,   -210784,   -219546,     22565,      5141,     12156,       421,  10799443,   2460380,   5817873,    201354,      -103,     -1303,     -1406,    -49248,   -623660,   -672907,     11950,         0,      5141,         0,     28210,     29073,     22668,     23971
       159,     21159,1164.15562,         0,         0,     21792,         0,       629,         0,         0,         0,         0,         0,      -301,     -4602,     -4904,         0,         0,         0,     17415,         0,      1295,         0,         0,         0,         0,         0,      -213,     -4493,     -4706,         0,         0,         0,         0,         0,         0,         0,     22093,     26696,     17627,     22121
       160,     21160,491.353897,     160.4,         0,     24369,         0,      1074,         0,   3908822,         0,    172336,         0,      -297,     -2714,     -3011,    -47589,   -435392,   -482980,     19557,         0,      1973,       167,         0,         0,         0,         0,      -210,     -2998,     -3207,         0,         0,         0,         0,         0,         0,         0,     24666,     27380,     19766,     22764
       161,     21161,406.781019,       2.3,         0,     24386,         0,       979,         0,     56088,         0,      2251,         0,      -297,     -2939,     -3236,      -684,     -6760,     -7444,     19587,         0,      2001,        47,         0,         0,         0,         0,      -210,     -3038,     -3248,         0,         0,         0,         0,         0,         0,         0,     24683,     27622,     19798,     22835
       162,     21162,294.624498,      29.6,         0,     25712,         0,      1774,        45,    761071,         0,     52512,      1337,      -288,     -2186,     -2474,     -8513,    -64703,    -73216,     20681,         0,      2743,        64,         0,         0,         0,         0,      -203,     -2459,     -2662,         0,         0,         0,         0,         0,         0,         0,     25999,     28185,     20884,     23343
       163,     21163,113.706481,         0,      46.4,     26230,         0,      2394,       231,         0,         0,         0,         0,      -288,     -2044,     -2331,         0,         0,         0,     21069,         0,      3339,        37,    977619,         0,    154909,      1723,      -201,     -2342,     -2543,     -9315,   -108685,   -118000,         0,         0,         0,         0,     26518,     28561,     21270,     23612
       164,     21164,206.525319,       9.6,         0,     25735,         0,      2662,        39,    247052,         0,     25558,       373,      -288,     -2734,     -3022,     -2764,    -26251,    -29015,     20734,         0,      3631,        36,         0,         0,         0,         0,      -202,     -2699,     -2901,         0,         0,         0,         0,         0,         0,         0,     26023,     28757,     20936,     23635
       165,     21165,489.798001,      52.6,       7.4,     26700,         0,      5261,        44,   1404396,         0,    276713,      2340,      -284,     -1941,     -2225,    -14933,   -102106,   -117039,     21437,         0,      5156,        55,    158631,         0,     38154,       405,      -196,     -2168,     -2364,     -1453,    -16043,    -17496,         0,         0,         0,         0,     26983,     28925,     21633,     23801
       166,     21166,360.181206,     631.0,     121.4,     27544,         0,     10958,       141,  17380322,         0,   6914731,     88710,      -220,     -1284,     -1503,   -138597,   -810094,   -948692,     22060,         0,      7838,       692,   2678056,         0,    951568,     84018,      -174,     -1755,     -1930,    -21171,   -213095,   -234267,         0,         0,         0,         0,     27764,     29048,     22234,     23989
       167,     21167,359.851743,         0,      46.4,     28085,         0,     15938,       217,         0,         0,         0,         0,      -113,      -888,     -1002,         0,         0,         0,     22695,         0,     10232,       225,   1053025,         0,    474751,     10447,      -146,     -1238,     -1384,     -6753,    -57457,    -64210,         0,         0,         0,         0,     28198,     29086,     22840,     24078
       168,     21168,395.631926,      96.6,      51.8,     28129,      4550,     18948,       148,   2717288,    439507,   1830416,     14294,       -97,      -855,      -952,     -9341,    -82636,    -91977,     22761,      1032,     11520,       252,   1179039,     53437,    596722,     13056,      -129,     -1166,     -1295,     -6694,    -60402,    -67096,      4550,         0,      1032,         0,     28226,     29081,     22891,     24057
       169,     21169, 68.769763,         0,     362.9,     28464,         0,     22100,       900,         0,         0,         0,         0,       -38,      -691,      -729,         0,         0,         0,     23319,         0,     13056,       510,   8462350,         0,   4738122,    185145,       -96,      -880,      -976,    -34770,   -319378,   -354147,         0,         0,         0,         0,     28503,     29194,     23414,     24295
       170,     21170,126.572112,     217.9,      13.0,     28271,      4897,     21978,       582,   6160330,   1067122,   4788997,    126867,       -71,      -805,      -876,    -15399,   -175404,   -190803,     22951,      1108,     12778,       700,    298357,     14400,    166112,      9101,      -114,     -1132,     -1247,     -1487,    -14720,    -16207,      4897,         0,      1108,         0,     28342,     29147,     23065,     24197
       171,     21171,150.429473,     297.2,      87.6,     28389,      8255,     23565,       895,   8437078,   2453282,   7003634,    266118,       -45,      -723,      -768,    -13476,   -214815,   -228290,     23107,      3356,     13398,       982,   2024215,    293957,   1173677,     85980,       -99,     -1000,     -1099,     -8672,    -87568,    -96240,      8255,         0,      3356,         0,     28434,     29157,     23206,     24206
       172,     21172,204.078714,     427.7,      18.3,     28480,     11194,     24377,       517,  12180999,   4787730,  10425935,    220964,       -24,      -669,      -693,    -10098,   -286290,   -296388,     23328,      4654,     13580,      1468,    426905,     85166,    248509,     26859,       -72,      -812,      -884,     -1319,    -14867,    -16186,     11194,         0,      4654,         0,     28504,     29173,     23400,     24213
       173,     21173, 48.076332,     194.2,      85.7,     28584,     11964,     24612,      2025,   5551093,   2323403,   4779563,    393239,       -15,      -616,      -631,     -2816,   -119690,   -122506,     23596,      5413,     13765,      1694,   2022154,    463935,   1179687,    145195,       -47,      -654,      -701,     -3986,    -56088,    -60073,     11964,         0,      5413,         0,     28599,     29215,     23642,     24297
       174,     21174, 54.744671,     215.8,     198.9,     28569,     12182,     24512,      5720,   6165173,   2628933,   5289787,   1234379,       -16,      -642,      -658,     -3367,   -138607,   -141974,     23547,      6018,     13645,      2051,   4683490,   1196973,   2714042,    407972,       -50,      -718,      -769,    -10035,   -142888,   -152923,     12182,         0,      6018,         0,     28585,     29227,     23597,     24316
       175,     21175, 63.795590,     225.7,     169.0,     28351,     13560,     24304,      9412,   6398855,   3060393,   5485488,   2124260,       -23,      -777,      -800,     -5214,   -175298,   -180512,     22995,      5908,     13428,      2094,   3886100,    998385,   2269290,    353868,       -69,     -1052,     -1121,    -11605,   -177808,   -189413,     13560,         0,      5908,         0,     28374,     29151,     23063,     24115
       176,     21176, 46.375112,     133.1,    1481.0,     28262,     12644,     23996,     10272,   3761736,   1682975,   3193918,   1367168,       -29,      -808,      -837,     -3839,   -107539,   -111377,     22789,      6535,     13123,      1775,  33750278,   9678487,  19435278,   2628266,       -91,     -1123,     -1214,   -134305,  -1663646,  -1797951,     12644,         0,      6535,         0,     28291,     29099,     22880,     24003
       177,     21177, 39.541164,      61.8,    1350.6,     28222,     13567,     23595,      8095,   1744118,    838426,   1458201,    500271,       -31,      -828,      -859,     -1919,    -51182,    -53101,     22688,      5771,     12782,      1351,  30642695,   7793665,  17262797,   1825008,      -101,     -1187,     -1288,   -136073,  -1603032,  -1739105,     13567,         0,      5771,         0,     28253,     29081,     22789,     23976
       178,     21178, 71.022234,     182.4,         0,     28372,      8691,     23950,      1630,   5175140,   1585179,   4368502,    297403,       -46,      -721,      -766,     -8386,   -131420,   -139806,     23097,      3613,     13053,      1842,         0,         0,         0,         0,      -110,      -905,     -1016,         0,         0,         0,      8691,         0,      3613,         0,     28418,     29139,     23207,     24112
       179,     21179, 40.433071,         0,      36.2,     28181,      8756,     24324,      4704,         0,         0,         0,         0,       -42,      -862,      -904,         0,         0,         0,     22593,      4447,     13377,      2187,    817855,    160982,    484244,     79185,      -100,     -1286,     -1385,     -3613,    -46536,    -50149,      8756,         0,      4447,         0,     28223,     29085,     22693,     23978
       180,     21180, 50.164254,         0,    2683.1,     28230,     12300,     24149,      8539,         0,         0,         0,         0,       -31,      -827,      -858,         0,         0,         0,     22693,      6418,     13164,      2287,  60888754,  17219880,  35320550,   6137111,       -91,     -1184,     -1275,   -243576,  -3177763,  -3421339,     12300,         0,      6418,         0,     28261,     29088,     22784,     23969
       181,     21181, 44.161139,     123.1,     535.1,     28196,     13840,     23818,      9964,   3470898,   1703681,   2932022,   1226510,       -37,      -826,      -863,     -4503,   -101672,   -106175,     22615,      6783,     12848,      2006,  12101099,   3629604,   6874792,   1073255,      -112,     -1172,     -1284,    -59870,   -626942,   -686812,     13840,         0,      6783,         0,     28232,     29058,     22727,     23898
       182,     21182, 57.840735,     121.5,     350.3,     28155,     13109,     23358,      7578,   3420838,   1592788,   2837942,    920750,       -35,      -861,      -896,     -4207,   -104651,   -108858,     22502,      4395,     12449,      1417,   7882547,   1539609,   4360860,    496235,      -110,     -1293,     -1403,    -38476,   -452843,   -491319,     13109,         0,      4395,         0,     28190,     29051,     22612,     23905
       183,     21183,893.872010,      93.6,      14.8,     27320,         0,     15487,        15,   2557145,         0,   1449630,      1385,       -91,     -1494,     -1585,     -8514,   -139868,   -148383,     20982,         0,      7217,        94,    310533,         0,    106818,      1385,      -153,     -2308,     -2461,     -2262,    -34163,    -36426,         0,         0,         0,         0,     27411,     28905,     21135,     23443
       184,     21184, 22.326901,      13.6,         0,     28358,      7772,     24031,      2792,    385673,    105706,    326824,     37970,       -32,      -758,      -790,      -438,    -10309,    -10747,     23055,      3085,     13085,      1870,         0,         0,         0,         0,       -88,      -993,     -1081,         0,         0,         0,      7772,         0,      3085,         0,     28391,     29149,     23143,     24136
       185,     21185, 42.308584,     121.4,      24.4,     28388,     11316,     24023,      4509,   3446289,   1373809,   2916444,    547446,       -29,      -738,      -767,     -3500,    -89557,    -93057,     23117,      4959,     13026,      1904,    564062,    120995,    317836,     46462,       -81,      -941,     -1022,     -1977,    -22966,    -24942,     11316,         0,      4959,         0,     28417,     29154,     23198,     24140
       186,     21186, 52.728988,     222.6,      14.5,     28150,     14202,     23894,      6935,   6266225,   3161314,   5318735,   1543678,       -41,      -867,      -908,     -9098,   -193084,   -202182,     22528,      6158,     12843,      2100,    326654,     89290,    186227,     30450,      -100,     -1258,     -1358,     -1447,    -18238,    -19685,     14202,         0,      6158,         0,     28191,     29058,     22628,     23885
       187,     21187, 43.036623,     182.1,     471.4,     28123,     13732,     23566,      8538,   5121229,   2500613,   4291301,   1554813,       -39,      -862,      -901,     -7163,   -156912,   -164075,     22442,      6341,     12530,      2031,  10579146,   2989265,   5906670,    957496,      -118,     -1277,     -1394,    -55441,   -601866,   -657307,     13732,         0,      6341,         0,     28163,     29024,     22560,     23836
       188,     21188, 56.331825,     200.5,     289.7,     28060,     10837,     23115,      6245,   5626106,   2172812,   4634466,   1252024,       -49,      -907,      -956,     -9816,   -181905,   -191721,     22296,      4688,     12139,      1489,   6459125,   1358250,   3516790,    431274,      -123,     -1399,     -1522,    -35534,   -405403,   -440937,     10837,         0,      4688,         0,     28109,     29017,     22419,     23818
       189,     21189,418.296368,       5.9,         0,     24451,         0,       760,         0,    144260,         0,      4483,         0,      -298,     -2521,     -2819,     -1759,    -14873,    -16632,     19699,         0,      1807,        13,         0,         0,         0,         0,      -211,     -2556,     -2767,         0,         0,         0,         0,         0,         0,         0,     24749,     27270,     19910,     22465
       190,     21190,481.489685,      15.8,         0,     24992,         0,      1518,         1,    394880,         0,     23979,        13,      -294,     -2846,     -3140,     -4647,    -44969,    -49616,     20162,         0,      2741,        25,         0,         0,         0,         0,      -208,     -2740,     -2948,         0,         0,         0,         0,         0,         0,         0,     25287,     28133,     20370,     23109
       191,     21191,242.685005,      18.5,       1.6,     25123,         0,      2515,         2,    464771,         0,     46531,        31,      -294,     -3292,     -3585,     -5430,    -60902,    -66332,     20275,         0,      3606,        34,     32440,         0,      5770,        54,      -207,     -2993,     -3201,      -332,     -4789,     -5121,         0,         0,         0,         0,     25416,     28708,     20482,     23475
       192,     21192,485.456535,         0,       0.4,     24515,         0,      4957,         4,         0,         0,         0,         0,      -420,     -3549,     -3969,         0,         0,         0,     19774,         0,      5085,        45,      7910,         0,      2034,        18,      -299,     -3134,     -3433,      -120,     -1254,     -1373,         0,         0,         0,         0,     24935,     28484,     20073,     23207
       193,     21193,417.569984,         0,         0,     26816,         0,     10981,        37,         0,         0,         0,         0,      -347,     -1728,     -2075,         0,         0,         0,     21551,         0,      7809,       196,         0,         0,         0,         0,      -242,     -1839,     -2082,         0,         0,         0,         0,         0,         0,         0,     27163,     28891,     21794,     23633
       194,     21194,396.591525,      80.0,         0,     27618,      3150,     16909,         8,   2209432,    252038,   1352707,       661,      -176,     -1197,     -1373,    -14057,    -95782,   -109839,     22114,       725,     10418,        95,         0,         0,         0,         0,      -137,     -1570,     -1706,         0,         0,         0,      3150,         0,       725,         0,     27794,     28991,     22250,     23820
       195,     21195,291.956146,     227.1,     197.0,     27875,      4358,     21708,       415,   6330435,    989635,   4929880,     94182,       -89,     -1058,     -1146,    -20121,   -240195,   -260316,     22252,       990,     12310,       514,   4383627,    194939,   2425032,    101255,      -127,     -1505,     -1632,    -25084,   -296502,   -321586,      4358,         0,       990,         0,     27964,     29021,     22379,     23884
       196,     21196,226.226886,     399.1,      64.0,     28063,      9488,     23489,      1012,  11200102,   3786674,   9374623,    403870,      -128,      -886,     -1014,    -51146,   -353701,   -404847,     22506,      3947,     12754,      1320,   1440409,    252595,    816277,     84506,      -215,     -1253,     -1468,    -13776,    -80202,    -93979,      9488,         0,      3947,         0,     28192,     29078,     22722,     23975
       197,     21197, 22.583461,     102.2,         0,     28283,         0,     23622,      2157,   2890546,         0,   2414217,    220459,       -38,      -797,      -835,     -3854,    -81441,    -85295,     22878,         0,     12688,      1707,         0,         0,         0,         0,       -98,     -1078,     -1176,         0,         0,         0,         0,         0,         0,         0,     28321,     29118,     22976,     24055
       198,     21198, 41.471098,     159.5,      17.3,     28282,     12872,     23609,      3317,   4510935,   2053020,   3765559,    529067,       -36,      -797,      -832,     -5687,   -127083,   -132770,     22873,      5804,     12614,      1728,    395707,    100401,    218224,     29893,       -96,     -1065,     -1161,     -1655,    -18433,    -20088,     12872,         0,      5804,         0,     28317,     29114,     22969,     24034
       199,     21199, 54.351070,     169.6,      55.7,     28229,     13670,     23491,      5225,   4787680,   2318374,   3984019,    886169,       -23,      -823,      -846,     -3837,   -139569,   -143406,     22736,      6072,     12442,      2037,   1266379,    338222,    693023,    113481,       -59,     -1128,     -1187,     -3259,    -62831,    -66091,     13670,         0,      6072,         0,     28252,     29075,     22794,     23922
       200,     21200, 53.467969,     201.9,     646.8,     28047,     10383,     23208,      5420,   5662628,   2096241,   4685693,   1094335,       -55,      -885,      -939,    -11041,   -178626,   -189667,     22294,      4260,     12142,      2079,  14419941,   2755324,   7853454,   1344982,      -129,     -1300,     -1429,    -83510,   -840624,   -924134,     10383,         0,      4260,         0,     28101,     28986,     22423,     23723
       201,     21201, 90.930086,     206.9,    1053.7,     27991,     10555,     22740,      3458,   5791371,   2183822,   4704998,    715461,       -56,      -935,      -990,    -11491,   -193399,   -204890,     22182,      4854,     11730,      1604,  23373218,   5114212,  12360249,   1690428,      -134,     -1397,     -1530,   -140676,  -1471711,  -1612387,     10555,         0,      4854,         0,     28047,     28981,     22316,     23712
       202,     21202, 63.008566,      73.5,       6.1,     28218,      7946,     23150,      1747,   2074054,    584038,   1701521,    128395,       -39,      -828,      -867,     -2897,    -60829,    -63725,     22729,      3511,     12276,      1810,    138647,     21419,     74886,     11040,       -97,     -1131,     -1228,      -592,     -6899,     -7492,      7946,         0,      3511,         0,     28258,     29085,     22826,     23957
       203,     21203, 56.584193,         0,     148.2,     28161,     12378,     23057,      3173,         0,         0,         0,         0,       -37,      -869,      -906,         0,         0,         0,     22565,      5213,     12080,      2084,   3344194,    772564,   1790271,    308902,      -109,     -1227,     -1337,    -16215,   -181892,   -198107,     12378,         0,      5213,         0,     28198,     29067,     22675,     23902
       204,     21204, 53.735100,     226.4,      62.1,     27800,     12986,     22444,      2758,   6293962,   2940091,   5081412,    624360,       -68,     -1055,     -1123,    -15402,   -238834,   -254236,     21815,      6066,     11444,      1457,   1354724,    376714,    710668,     90461,      -143,     -1621,     -1764,     -8902,   -100636,   -109538,     12986,         0,      6066,         0,     27868,     28923,     21959,     23579
       205,     21205,1655.06791,      90.8,       3.6,     21058,         0,        63,         4,   1912069,         0,      5710,       327,      -303,     -3285,     -3588,    -27516,   -298288,   -325804,     16833,         0,       425,        91,     60599,         0,      1531,       327,      -215,     -3342,     -3557,      -773,    -12033,    -12806,         0,         0,         0,         0,     21361,     24646,     17048,     20390
       206,     21206,1356.29924,      10.2,         0,     20503,         0,       213,         0,    209131,         0,      2177,         0,      -301,     -5095,     -5396,     -3072,    -51969,    -55041,     16360,         0,       983,        10,         0,         0,         0,         0,      -213,     -4645,     -4858,         0,         0,         0,         0,         0,         0,         0,     20804,     25899,     16572,     21217
       207,     21207,421.816147,      22.9,         0,     22730,         0,       640,         2,    520523,         0,     14664,        36,      -297,     -3797,     -4094,     -6801,    -86943,    -93744,     18391,         0,      1763,        28,         0,         0,         0,         0,      -210,     -3388,     -3598,         0,         0,         0,         0,         0,         0,         0,     23027,     26824,     18601,     21989
       208,     21208,368.911180,      18.5,       8.3,     23803,         0,      1127,         8,    440351,         0,     20853,       154,      -296,     -3871,     -4167,     -5482,    -71611,    -77093,     19253,         0,      2492,        34,    159797,         0,     20681,       281,      -208,     -3358,     -3566,     -1729,    -27869,    -29598,         0,         0,         0,         0,     24099,     27970,     19461,     22819
       209,     21209,244.833959,      22.9,         0,     22789,         0,      2081,         6,    521858,         0,     47666,       144,      -383,     -4118,     -4501,     -8777,    -94303,   -103080,     18490,         0,      3305,        62,         0,         0,         0,         0,      -267,     -3500,     -3768,         0,         0,         0,         0,         0,         0,         0,     23172,     27290,     18758,     22258
       210,     21210,498.034106,     172.4,      12.5,     23240,         0,      4118,        19,   4006504,         0,    709935,      3294,      -387,     -4358,     -4745,    -66781,   -751325,   -818106,     18806,         0,      4715,       258,    235076,         0,     58936,      3220,      -289,     -3558,     -3847,     -3606,    -44476,    -48082,         0,         0,         0,         0,     23627,     27985,     19095,     22653
       211,     21211,212.772754,     306.1,      23.7,     25799,         0,      8142,        48,   7897053,         0,   2492395,     14562,      -401,     -2474,     -2874,   -122622,   -757226,   -879848,     20775,         0,      6538,       518,    492360,         0,    154957,     12269,      -289,     -2174,     -2463,     -6838,    -51530,    -58368,         0,         0,         0,         0,     26200,     28673,     21063,     23237
       212,     21212,788.790788,     268.6,      26.7,     25821,         0,     11482,        41,   6935593,         0,   3084186,     11016,      -382,     -2580,     -2962,   -102656,   -692959,   -795614,     20819,         0,      7988,       453,    555859,         0,    213282,     12108,      -272,     -2289,     -2560,     -7260,    -61104,    -68365,         0,         0,         0,         0,     26203,     28783,     21091,     23379
       213,     21213,241.377431,         0,         0,     27304,         0,     14711,         5,         0,         0,         0,         0,      -108,     -1542,     -1650,         0,         0,         0,     21864,         0,      9263,        66,         0,         0,         0,         0,       -79,     -1750,     -1829,         0,         0,         0,         0,         0,         0,         0,     27412,     28953,     21944,     23693
       214,     21214,351.170554,         0,         0,     27804,         0,     17502,       526,         0,         0,         0,         0,       -78,     -1118,     -1196,         0,         0,         0,     22194,         0,     10363,       108,         0,         0,         0,         0,       -82,     -1514,     -1597,         0,         0,         0,         0,         0,         0,         0,     27882,     29000,     22276,     23790
       215,     21215,159.361869,      56.0,     561.8,     27919,      8601,     21033,      2116,   1563465,    481629,   1177823,    118474,       -63,     -1081,     -1144,     -3531,    -60528,    -64059,     22281,      3450,     11615,       640,  12517719,   1938139,   6525261,    359504,       -93,     -1562,     -1655,    -52244,   -877599,   -929843,      8601,         0,      3450,         0,     27982,     29063,     22374,     23937
       216,     21216,190.087966,     238.7,     761.6,     28155,      8724,     22244,      1940,   6720662,   2082309,   5309743,    463002,       -66,      -892,      -959,    -15868,   -213038,   -228906,     22688,      3375,     11930,      1132,  17279396,   2570367,   9085702,    861854,      -109,     -1234,     -1343,    -83305,   -939686,  -1022991,      8724,         0,      3375,         0,     28222,     29114,     22798,     24031
       217,     21217,128.924808,     297.2,     148.5,     28197,      8061,     22102,      1933,   8380157,   2395829,   6568789,    574389,       -32,      -910,      -943,     -9625,   -270552,   -280176,     22696,      3078,     11594,      1397,   3370292,    457156,   1721769,    207516,       -74,     -1344,     -1418,    -10972,   -199535,   -210507,      8061,         0,      3078,         0,     28229,     29140,     22769,     24113
       218,     21218, 44.235011,      76.3,     266.5,     28192,     11732,     22610,      1922,   2151062,    895187,   1725168,    146662,       -15,      -867,      -882,     -1141,    -66155,    -67296,     22649,      5435,     11754,      1835,   6036087,   1448519,   3132386,    488920,       -34,     -1214,     -1248,     -9003,   -323565,   -332569,     11732,         0,      5435,         0,     28207,     29074,     22683,     23897
       219,     21219,161.155856,     362.9,     572.4,     28171,      9792,     21627,      1341,  10223292,   3553602,   7848574,    486519,       -29,      -900,      -930,    -10579,   -326788,   -337366,     22608,      4125,     11090,      1371,  12940634,   2361301,   6347678,    784605,       -74,     -1303,     -1376,    -42261,   -745596,   -787858,      9792,         0,      4125,         0,     28200,     29101,     22682,     23984
       220,     21220,142.645748,     345.1,     135.0,     27712,     12139,     22081,      2161,   9563302,   4189080,   7620148,    745728,       -84,     -1097,     -1181,    -28982,   -378742,   -407725,     21668,      5235,     11116,      1240,   2925155,    706710,   1500621,    167451,      -155,     -1656,     -1811,    -20863,   -223564,   -244427,     12139,         0,      5235,         0,     27796,     28893,     21822,     23478
       221,     21221,1320.37542,      44.7,         0,     26106,         0,     16302,         0,   1166925,         0,    728680,         0,      -109,     -2619,     -2728,     -4891,   -117070,   -121962,     20287,         0,      7748,        45,         0,         0,         0,         0,      -108,     -2960,     -3069,         0,         0,         0,         0,         0,         0,         0,     26215,     28834,     20395,     23355
       222,     21222,293.305050,     160.0,    1019.1,     28111,      9558,     18906,      1853,   4497808,   1529348,   3025020,    296471,       -54,      -889,      -943,     -8584,   -142319,   -150903,     22610,      4229,     10545,       465,  23041403,   4309922,  10746800,    473537,       -76,     -1221,     -1297,    -77723,  -1244461,  -1322184,      9558,         0,      4229,         0,     28165,     29054,     22686,     23907
       223,     21223,142.181210,     176.4,     194.7,     28041,     10038,     18558,      1033,   4946448,   1770754,   3273552,    182156,       -61,      -930,      -991,    -10746,   -164046,   -174792,     22504,      4011,      9959,       585,   4381558,    780952,   1939042,    113886,       -85,     -1244,     -1329,    -16576,   -242202,   -258778,     10038,         0,      4011,         0,     28102,     29032,     22589,     23833
       224,     21224,127.085758,     319.8,     135.4,     27999,     11213,     20024,      1016,   8953992,   3585839,   6403520,    325006,       -57,     -1000,     -1057,    -18312,   -319814,   -338126,     22389,      4984,     10260,      1014,   3031410,    674876,   1389212,    137362,       -82,     -1422,     -1503,    -11073,   -192477,   -203550,     11213,         0,      4984,         0,     28056,     29056,     22470,     23892
       225,     21225,220.467288,         0,         0,     22174,         0,       514,         0,         0,         0,         0,         0,      -254,     -4374,     -4628,         0,         0,         0,     17937,         0,      1736,         5,         0,         0,         0,         0,      -186,     -3769,     -3955,         0,         0,         0,         0,         0,         0,         0,     22428,     26802,     18123,     21892
       226,     21226,271.306978,         0,         0,     23360,         0,       908,         2,         0,         0,         0,         0,      -277,     -4271,     -4548,         0,         0,         0,     18922,         0,      2235,         5,         0,         0,         0,         0,      -192,     -3566,     -3759,         0,         0,         0,         0,         0,         0,         0,     23637,     27908,     19114,     22681
       227,     21227,231.219083,         0,         0,     23422,         0,      1517,         2,         0,         0,         0,         0,      -277,     -4713,     -4989,         0,         0,         0,     18982,         0,      2825,        31,         0,         0,         0,         0,      -192,     -3813,     -4006,         0,         0,         0,         0,         0,         0,         0,     23699,     28412,     19174,     22987
       228,     21228,335.142890,      50.6,       4.9,     22938,         0,      2584,        13,   1160668,         0,    130753,       643,      -387,     -4161,     -4548,    -19607,   -210543,   -230150,     18561,         0,      3747,        98,     90947,         0,     18359,       479,      -289,     -3362,     -3651,     -1415,    -16475,    -17890,         0,         0,         0,         0,     23326,     27487,     18849,     22212
       229,     21229,333.455652,      48.0,      24.5,     24765,         0,      5329,        30,   1188712,         0,    255769,      1451,      -360,     -3244,     -3604,    -17280,   -155706,   -172986,     19940,         0,      5201,       119,    488525,         0,    127434,      2923,      -277,     -2595,     -2872,     -6782,    -63581,    -70363,         0,         0,         0,         0,     25125,     28369,     20217,     22812
       230,     21230,947.528794,       2.6,         0,     21926,         0,       214,         0,     57007,         0,       557,         0,      -135,     -5690,     -5826,      -351,    -14795,    -15146,     17764,         0,      1197,         3,         0,         0,         0,         0,       -90,     -4787,     -4877,         0,         0,         0,         0,         0,         0,         0,     22061,     27751,     17854,     22641
       231,     21231,171.690035,         0,         0,     23041,         0,       620,         0,         0,         0,         0,         0,      -220,     -4795,     -5015,         0,         0,         0,     18725,         0,      1932,         0,         0,         0,         0,         0,      -112,     -4186,     -4298,         0,         0,         0,         0,         0,         0,         0,     23261,     28056,     18837,     23023
       232,     21232,171.801440,         0,         0,     23040,         0,      1085,         0,         0,         0,         0,         0,      -219,     -5199,     -5419,         0,         0,         0,     18724,         0,      2346,         0,         0,         0,         0,         0,      -112,     -4435,     -4547,         0,         0,         0,         0,         0,         0,         0,     23259,     28458,     18836,     23272
       233,     21233,240.251591,         0,         0,     21929,         0,      1820,         2,         0,         0,         0,         0,      -230,     -6331,     -6561,         0,         0,         0,     17728,         0,      3069,        27,         0,         0,         0,         0,      -149,     -5045,     -5194,         0,         0,         0,         0,         0,         0,         0,     22160,     28490,     17877,     22922
       234,     21234,288.163216,         0,         0,     24828,         0,      3454,        13,         0,         0,         0,         0,      -194,     -3466,     -3660,         0,         0,         0,     19812,         0,      4204,        25,         0,         0,         0,         0,      -162,     -2932,     -3094,         0,         0,         0,         0,         0,         0,         0,     25022,     28488,     19974,     22906
       235,     21235,289.187343,      15.7,      10.9,     23512,         0,      6857,        28,    369135,         0,    107652,       438,      -289,     -4629,     -4918,     -4536,    -72670,    -77207,     18815,         0,      5660,        87,    205089,         0,     61689,       945,      -256,     -3624,     -3881,     -2795,    -39505,    -42299,         0,         0,         0,         0,     23801,     28429,     19072,     22696
       236,     21236,245.705077,         0,         0,     25598,         0,     11513,         6,         0,         0,         0,         0,      -121,     -2924,     -3045,         0,         0,         0,     20385,         0,      7609,       115,         0,         0,         0,         0,       -90,     -2543,     -2634,         0,         0,         0,         0,         0,         0,         0,     25719,     28642,     20475,     23018
       237,     21237,317.880328,     160.0,         0,     26611,         0,     14922,       329,   4257751,         0,   2387539,     52640,      -122,     -1997,     -2119,    -19557,   -319497,   -339055,     21029,         0,      8936,       267,         0,         0,         0,         0,       -97,     -2069,     -2165,         0,         0,         0,         0,         0,         0,         0,     26733,     28730,     21126,     23194
       238,     21238,349.956031,     165.9,       8.1,     25926,         0,     10663,         8,   4301056,         0,   1768961,      1344,      -122,     -2357,     -2479,    -20252,   -391088,   -411340,     20644,         0,      6953,       220,    167213,         0,     56318,      1781,       -97,     -1987,     -2084,      -785,    -16092,    -16877,         0,         0,         0,         0,     26048,     28405,     20741,     22727
       239,     21239,323.424056,       1.1,         0,     23515,         0,       265,         0,     25867,         0,       291,         0,      -133,     -4792,     -4924,      -146,     -5271,     -5416,     19086,         0,      1447,         1,         0,         0,         0,         0,       -85,     -3906,     -3991,         0,         0,         0,         0,         0,         0,         0,     23648,     28440,     19171,     23077
       240,     21240,325.845035,         0,         0,     23415,         0,       549,         0,         0,         0,         0,         0,      -134,     -5140,     -5275,         0,         0,         0,     19013,         0,      1716,         9,         0,         0,         0,         0,       -90,     -4211,     -4301,         0,         0,         0,         0,         0,         0,         0,     23550,     28690,     19103,     23315
       241,     21241,445.881422,      14.8,         0,     23058,         0,      1060,         0,    341258,         0,     15688,         0,      -140,     -5560,     -5700,     -2067,    -82294,    -84361,     18568,         0,      2151,        15,         0,         0,         0,         0,       -99,     -4720,     -4819,         0,         0,         0,         0,         0,         0,         0,     23198,     28758,     18667,     23387
       242,     21242,436.499669,         0,         0,     25121,         0,      1948,         0,         0,         0,         0,         0,      -164,     -2692,     -2855,         0,         0,         0,     19986,         0,      3019,         4,         0,         0,         0,         0,      -141,     -2417,     -2558,         0,         0,         0,         0,         0,         0,         0,     25284,     27976,     20127,     22544
       243,     21243,294.879393,      94.1,      22.5,     26126,         0,      4785,        31,   2458481,         0,    450255,      2891,      -151,     -2266,     -2417,    -14225,   -213254,   -227480,     20770,         0,      4662,       106,    467314,         0,    104885,      2384,      -132,     -2071,     -2203,     -2973,    -46598,    -49571,         0,         0,         0,         0,     26277,     28544,     20902,     22973
       244,     21244,1086.07233,     150.0,       7.5,     26120,         0,      4844,         8,   3918045,         0,    726553,      1125,      -125,     -2043,     -2168,    -18813,   -306439,   -325252,     20656,         0,      4125,       150,    154922,         0,     30938,      1125,      -112,     -1934,     -2046,      -839,    -14506,    -15345,         0,         0,         0,         0,     26246,     28289,     20768,     22702
       245,     21245,2753.45715,     110.7,      39.8,     18035,         0,        63,        40,   1996443,         0,      6932,      4406,      -115,     -5658,     -5772,    -12685,   -626291,   -638977,     14527,         0,       316,       111,    578161,         0,     12581,      4406,       -84,     -5186,     -5270,     -3359,   -206394,   -209753,         0,         0,         0,         0,     18149,     23807,     14611,     19797
       246,     21246,863.112631,       9.2,      12.8,     21598,         0,        89,        13,    198704,         0,       814,       118,      -136,     -4515,     -4651,     -1249,    -41536,    -42785,     17334,         0,       506,         9,    221879,         0,      6472,       118,       -91,     -4087,     -4178,     -1162,    -52315,    -53477,         0,         0,         0,         0,     21734,     26249,     17425,     21512
       247,     21247,585.244113,      12.6,         0,     22716,         0,       112,         0,    286218,         0,      1406,         0,      -136,     -4436,     -4571,     -1708,    -55889,    -57597,     18225,         0,       744,        15,         0,         0,         0,         0,       -92,     -3982,     -4075,         0,         0,         0,         0,         0,         0,         0,     22851,     27287,     18318,     22300
       248,     21248,210.690521,       5.9,         0,     24282,         0,       133,         0,    143262,         0,       785,         0,      -133,     -3647,     -3781,      -787,    -21519,    -22305,     19644,         0,       990,        20,         0,         0,         0,         0,       -93,     -3118,     -3211,         0,         0,         0,         0,         0,         0,         0,     24415,     28062,     19738,     22856
       249,     21249,313.255920,       9.8,         0,     24345,         0,       151,         5,    238578,         0,      1475,        44,      -132,     -3778,     -3910,     -1293,    -37027,    -38320,     19711,         0,      1068,       193,         0,         0,         0,         0,       -87,     -3141,     -3228,         0,         0,         0,         0,         0,         0,         0,     24477,     28255,     19797,     22938
       250,     21250,258.115052,     176.1,       4.5,     24545,         0,       330,         5,   4322324,         0,     58149,       792,      -139,     -3776,     -3915,    -24510,   -664910,   -689420,     19820,         0,      1269,       186,     89188,         0,      5713,       837,       -97,     -3175,     -3272,      -438,    -14287,    -14725,         0,         0,         0,         0,     24684,     28460,     19917,     23092
       251,     21251,234.285140,       5.2,         0,     24858,         0,       128,         0,    129264,         0,       663,         0,      -138,     -2782,     -2920,      -715,    -14467,    -15183,     20061,         0,       815,        13,         0,         0,         0,         0,       -91,     -2471,     -2562,         0,         0,         0,         0,         0,         0,         0,     24996,     27778,     20152,     22623
       252,     21252,9030.61129,      42.0,         0,     15096,         0,       114,         0,    634026,         0,      4802,         0,      -136,     -4908,     -5044,     -5723,   -206124,   -211848,     11698,         0,       248,        42,         0,         0,         0,         0,       -93,     -4594,     -4687,         0,         0,         0,         0,         0,         0,         0,     15232,     20140,     11791,     16385
       253,     21253,3124.30402,       3.7,         0,     21995,         0,       128,         0,     81380,         0,       472,         0,      -137,     -3254,     -3391,      -507,    -12038,    -12545,     17622,         0,       428,         4,         0,         0,         0,         0,       -93,     -3049,     -3143,         0,         0,         0,         0,         0,         0,         0,     22132,     25385,     17716,     20765
       254,     21254,860.647809,      15.0,      19.0,     24257,         0,       129,        19,    363862,         0,      1938,       285,      -138,     -2498,     -2636,     -2073,    -37468,    -39541,     19481,         0,       495,        15,    370140,         0,      9412,       285,       -94,     -2312,     -2405,     -1780,    -43921,    -45701,         0,         0,         0,         0,     24396,     26894,     19575,     21886
       255,     21255,1737.83477,      16.0,       2.9,     20392,         0,       179,         3,    326278,         0,      2866,        46,      -136,     -2903,     -3039,     -2172,    -46451,    -48623,     16223,         0,       360,        16,     47046,         0,      1045,        46,       -92,     -2782,     -2875,      -268,     -8069,     -8337,         0,         0,         0,         0,     20528,     23431,     16315,     19098
       256,     21256,1179.86236,       1.3,         0,     22142,         0,       169,         0,     28785,         0,       220,         0,      -139,     -2961,     -3100,      -181,     -3849,     -4030,     17706,         0,       384,         1,         0,         0,         0,         0,       -96,     -2688,     -2784,         0,         0,         0,         0,         0,         0,         0,     22282,     25243,     17802,     20490
       257,     21257,518.839665,       2.1,         0,     20015,         0,       182,        17,     42031,         0,       382,        36,      -136,     -2878,     -3014,      -285,     -6044,     -6329,     15901,         0,       337,        27,         0,         0,         0,         0,       -92,     -2700,     -2792,         0,         0,         0,         0,         0,         0,         0,     20151,     23029,     15994,     18694
       258,     21258,375.517348,       2.7,         0,     20737,         0,       184,         0,     55991,         0,       496,         0,      -141,     -3029,     -3170,      -382,     -8178,     -8560,     16516,         0,       357,         8,         0,         0,         0,         0,       -97,     -2775,     -2873,         0,         0,         0,         0,         0,         0,         0,     20879,     23908,     16613,     19388
       259,     21259,332.408486,       7.4,         0,     20901,         0,       182,         0,    154669,         0,      1348,         0,      -142,     -3192,     -3334,     -1050,    -23619,    -24669,     16654,         0,       349,         9,         0,         0,         0,         0,       -98,     -2860,     -2957,         0,         0,         0,         0,         0,         0,         0,     21043,     24235,     16752,     19612
       260,     21260,106.015776,      75.4,      54.0,     19823,         0,       179,       140,   1494625,         0,     13469,     10548,      -143,     -2875,     -3018,    -10779,   -216771,   -227550,     15737,         0,       332,       222,    849780,         0,     17946,     11986,       -99,     -2653,     -2752,     -5329,   -143260,   -148589,         0,         0,         0,         0,     19966,     22841,     15835,     18488
       261,     21261,208.527333,     145.9,      85.9,     19742,         0,       179,       140,   2880353,         0,     26099,     20411,      -144,     -3109,     -3253,    -20957,   -453631,   -474589,     15667,         0,       325,       221,   1345777,         0,     27927,     19010,       -99,     -2821,     -2921,     -8514,   -242363,   -250877,         0,         0,         0,         0,     19886,     22995,     15766,     18587
       262,     21262,1170.27886,       4.1,         0,     17310,         0,       172,        10,     70971,         0,       705,        42,      -143,     -3712,     -3855,      -586,    -15220,    -15806,     13583,         0,       347,         5,         0,         0,         0,         0,       -99,     -3431,     -3530,         0,         0,         0,         0,         0,         0,         0,     17453,     21165,     13682,     17113
       263,     21263,393.360407,       2.1,      26.9,     17979,         0,       171,        27,     37756,         0,       359,        56,      -144,     -2859,     -3003,      -302,     -6005,     -6306,     14155,         0,       337,         4,    380769,         0,      9069,        98,       -99,     -2664,     -2763,     -2663,    -71656,    -74319,         0,         0,         0,         0,     18123,     20982,     14254,     16918
       264,     21264,431.654697,         0,         0,     15879,         0,       106,         0,         0,         0,         0,         0,      -144,     -2923,     -3067,         0,         0,         0,     12366,         0,       225,        50,         0,         0,         0,         0,       -99,     -2784,     -2883,         0,         0,         0,         0,         0,         0,         0,     16023,     18946,     12465,     15250
       265,     21265,421.474247,      54.1,         0,     15684,         0,       117,         0,    848501,         0,      6331,         0,      -144,     -3344,     -3488,     -7767,   -180923,   -188690,     12200,         0,       237,        54,         0,         0,         0,         0,       -99,     -3108,     -3206,         0,         0,         0,         0,         0,         0,         0,     15828,     19172,     12299,     15407
       266,     21266,117306.528,       6.9,         0,       314,         0,         0,         0,      2164,         0,         3,         0,        -0,     -2155,     -2155,        -0,    -14873,    -14873,       686,         0,         8,         7,         0,         0,         0,         0,        -0,     -2412,     -2412,         0,         0,         0,         0,         0,         0,         0,       314,      2469,       686,      3098
       267,     21267,6918.09715,         0,         0,       332,         0,         0,         0,         0,         0,         0,         0,        -0,      -696,      -697,         0,         0,         0,       760,         0,         2,         0,         0,         0,         0,         0,        -0,     -1086,     -1086,         0,         0,         0,         0,         0,         0,         0,       332,      1029,       760,      1846
       268,     21268,3664.73932,       2.1,         0,      2054,         0,         0,         0,      4313,         0,         0,         0,      -197,     -6105,     -6301,      -413,    -12819,    -13233,      2696,         0,         3,         2,         0,         0,         0,         0,       -79,     -4876,     -4954,         0,         0,         0,         0,         0,         0,         0,      2250,      8355,      2775,      7651
       269,     21269,14501.1616,       3.2,       1.0,      3085,         0,         1,         1,      9873,         0,         3,         3,      -208,     -6281,     -6489,      -667,    -20099,    -20766,      3449,         0,        11,         3,      3449,         0,        11,         3,       -92,     -5192,     -5284,       -92,     -5192,     -5284,         0,         0,         0,         0,      3294,      9575,      3541,      8734
       270,     21270,5166.42428,       2.5,         0,      1337,         0,         1,         0,      3343,         0,         1,         0,      -158,     -6199,     -6357,      -394,    -15498,    -15892,      2193,         0,         8,         3,         0,         0,         0,         0,       -64,     -4849,     -4913,         0,         0,         0,         0,         0,         0,         0,      1495,      7694,      2257,      7106
       271,     21271,4121.86524,       3.2,      10.2,      8377,         0,        22,        10,     26807,         0,        70,        33,      -215,     -6702,     -6917,      -687,    -21448,    -22135,      7699,         0,        42,         3,     78535,         0,       432,        33,      -110,     -5750,     -5859,     -1121,    -58646,    -59766,         0,         0,         0,         0,      8592,     15294,      7809,     13559
       272,     21272,5995.09439,       6.9,         0,     10347,         0,        31,         0,     71395,         0,       211,         0,      -215,     -4270,     -4485,     -1483,    -29465,    -30948,      9343,         0,       135,         7,         0,         0,         0,         0,      -110,     -3611,     -3720,         0,         0,         0,         0,         0,         0,         0,     10562,     14832,      9453,     13063
       273,     21273,4248.39360,      15.5,         0,      6467,         0,        30,         0,    100246,         0,       466,         0,      -214,     -3869,     -4083,     -3322,    -59967,    -63289,      6115,         0,       165,        16,         0,         0,         0,         0,      -105,     -3187,     -3292,         0,         0,         0,         0,         0,         0,         0,      6682,     10551,      6220,      9407
       274,     21274,16189.2716,       2.0,         0,     13866,         0,        13,         0,     27733,         0,        25,         0,      -711,     -5503,     -6215,     -1422,    -11007,    -12429,     12463,         0,         6,         2,         0,         0,         0,         0,      -360,     -5261,     -5621,         0,         0,         0,         0,         0,         0,         0,     14578,     20081,     12823,     18083
       275,     21275,3996.97605,      13.3,      13.3,      7452,         0,        45,        13,     99112,         0,       593,       177,      -211,    -11531,    -11742,     -2810,   -153365,   -156175,      6899,         0,       120,        13,     91755,         0,      1594,       177,      -101,     -9654,     -9755,     -1340,   -128402,   -129742,         0,         0,         0,         0,      7663,     19194,      7000,     16654
       276,     21276,3577.40796,      10.8,         0,     12449,         0,       309,         0,    134446,         0,      3333,         0,      -215,     -5206,     -5422,     -2326,    -56230,    -58556,     11104,         0,       659,        11,         0,         0,         0,         0,      -111,     -4359,     -4469,         0,         0,         0,         0,         0,         0,         0,     12664,     17871,     11215,     15574
       277,     21277,2268.94864,      11.7,         0,      9883,         0,       254,         0,    115630,         0,      2975,         0,      -215,     -5432,     -5647,     -2513,    -63558,    -66071,      8960,         0,       627,        12,         0,         0,         0,         0,      -111,     -4534,     -4645,         0,         0,         0,         0,         0,         0,         0,     10098,     15530,      9071,     13605
       278,     21278,650.682948,       1.2,         0,     12153,         0,       296,        20,     14584,         0,       355,        24,      -215,     -5522,     -5737,      -258,     -6627,     -6885,     10872,         0,       719,        41,         0,         0,         0,         0,      -110,     -4499,     -4609,         0,         0,         0,         0,         0,         0,         0,     12368,     17890,     10982,     15481
       279,     21279,134.588358,         0,         0,     13068,         0,       129,        16,         0,         0,         0,         0,      -214,     -4032,     -4246,         0,         0,         0,     11626,         0,       416,        90,         0,         0,         0,         0,      -110,     -3247,     -3357,         0,         0,         0,         0,         0,         0,         0,     13282,     17314,     11737,     14983
       280,     21280,161.419144,         0,         0,     10464,         0,        85,         6,         0,         0,         0,         0,      -215,     -4509,     -4725,         0,         0,         0,      9463,         0,       338,        59,         0,         0,         0,         0,      -110,     -3636,     -3746,         0,         0,         0,         0,         0,         0,         0,     10679,     15188,      9573,     13209
       281,     21281, 55.909828,      34.5,       9.6,     12801,         0,       232,        51,    441639,         0,      8005,      1759,      -215,     -4856,     -5071,     -7403,   -167549,   -174952,     11411,         0,       600,       162,    109547,         0,      5760,      1556,      -110,     -3919,     -4029,     -1057,    -37624,    -38681,         0,         0,         0,         0,     13016,     17872,     11521,     15440
       282,     21282,112.352959,      52.4,       9.9,     12581,         0,       174,        44,    659252,         0,      9092,      2307,      -215,     -4676,     -4891,    -11258,   -245045,   -256303,     11230,         0,       492,       204,    111174,         0,      4866,      2018,      -110,     -3763,     -3873,     -1093,    -37254,    -38346,         0,         0,         0,         0,     12796,     17472,     11340,     15103
       283,     21283, 73.994144,      26.0,         0,     11199,         0,       118,        13,    291179,         0,      3059,       337,      -215,     -5070,     -5285,     -5591,   -131832,   -137423,     10090,         0,       389,       126,         0,         0,         0,         0,      -111,     -4072,     -4183,         0,         0,         0,         0,         0,         0,         0,     11414,     16485,     10201,     14273
       284,     21284, 74.114108,      32.9,      29.2,     12463,         0,       286,        49,    410048,         0,      9395,      1608,      -215,     -5393,     -5608,     -7085,   -177420,   -184504,     11137,         0,       694,       166,    325204,         0,     20251,      4839,      -111,     -4349,     -4460,     -3231,   -126998,   -130230,         0,         0,         0,         0,     12679,     18072,     11248,     15597
       285,     21285,182.197523,      65.2,       3.6,     12138,         0,       230,        50,    791397,         0,     14988,      3269,      -214,     -5213,     -5427,    -13958,   -339912,   -353870,     10868,         0,       588,       204,     39123,         0,      2117,       735,      -110,     -4191,     -4301,      -398,    -15086,    -15484,         0,         0,         0,         0,     12352,     17565,     10978,     15169
       286,     21286,149.127275,      30.1,       3.7,     11047,         0,       154,        11,    332523,         0,      4633,       322,      -214,     -5421,     -5635,     -6449,   -163163,   -169613,      9965,         0,       446,       130,     36869,         0,      1650,       479,      -110,     -4360,     -4470,      -408,    -16131,    -16539,         0,         0,         0,         0,     11262,     16682,     10075,     14435
       287,     21287,830.121142,       1.6,         0,     10529,         0,        33,         0,     16847,         0,        53,         0,      -242,    -10304,    -10546,      -388,    -16486,    -16873,      9543,         0,        72,         2,         0,         0,         0,         0,      -124,     -8641,     -8765,         0,         0,         0,         0,         0,         0,         0,     10771,     21075,      9667,     18308
       288,     21288,2219.11229,      14.3,         0,     12538,         0,       164,         0,    179300,         0,      2347,         0,      -246,     -7236,     -7482,     -3519,   -103472,   -106991,     11167,         0,       433,        14,         0,         0,         0,         0,      -137,     -6098,     -6235,         0,         0,         0,         0,         0,         0,         0,     12785,     20020,     11305,     17403
       289,     21289,1019.71528,         0,         0,     14588,         0,       556,         0,         0,         0,         0,         0,      -248,     -4081,     -4328,         0,         0,         0,     12863,         0,      1190,         0,         0,         0,         0,         0,      -137,     -3351,     -3489,         0,         0,         0,         0,         0,         0,         0,     14835,     18916,     13001,     16352
       290,     21290,965.448146,       4.4,         0,     15130,         0,       649,         0,     66571,         0,      2857,         0,      -215,     -4182,     -4397,      -946,    -18402,    -19348,     13308,         0,      1356,         4,         0,         0,         0,         0,      -111,     -3417,     -3528,         0,         0,         0,         0,         0,         0,         0,     15345,     19527,     13419,     16836
       291,     21291,363.300189,         0,         0,     14433,         0,       660,         0,         0,         0,         0,         0,      -218,     -3656,     -3874,         0,         0,         0,     12730,         0,      1385,         0,         0,         0,         0,         0,      -113,     -2909,     -3022,         0,         0,         0,         0,         0,         0,         0,     14650,     18306,     12843,     15752
       292,     21292,520.969301,       2.2,         0,     13758,         0,       497,         0,     30268,         0,      1094,         0,      -219,     -3413,     -3632,      -481,     -7509,     -7990,     12187,         0,      1085,         2,         0,         0,         0,         0,      -113,     -2699,     -2812,         0,         0,         0,         0,         0,         0,         0,     13977,     17390,     12301,     14999
       293,     21293,752.597737,         0,         0,     12620,         0,       368,         7,         0,         0,         0,         0,      -218,     -3495,     -3713,         0,         0,         0,     11260,         0,       832,        24,         0,         0,         0,         0,      -113,     -2727,     -2840,         0,         0,         0,         0,         0,         0,         0,     12838,     16333,     11373,     14100
       294,     21294,540.511373,      17.1,      23.6,     14663,         0,       785,        24,    250743,         0,     13418,       404,      -259,     -4501,     -4760,     -4423,    -76976,    -81398,     12912,         0,      1599,        23,    304732,         0,     37731,       543,      -146,     -3645,     -3792,     -3454,    -86031,    -89485,         0,         0,         0,         0,     14922,     19423,     13059,     16704
       295,     21295,358.827508,         0,         0,     16931,         0,       802,        11,         0,         0,         0,         0,      -215,     -3233,     -3448,         0,         0,         0,     14769,         0,      1631,        45,         0,         0,         0,         0,      -111,     -2575,     -2685,         0,         0,         0,         0,         0,         0,         0,     17146,     20379,     14880,     17455
       296,     21296,175.886055,         0,         0,     17221,         0,       792,        14,         0,         0,         0,         0,      -216,     -2537,     -2753,         0,         0,         0,     15005,         0,      1620,         0,         0,         0,         0,         0,      -111,     -1981,     -2092,         0,         0,         0,         0,         0,         0,         0,     17436,     19973,     15116,     17097
       297,     21297,384.953878,         0,      14.9,     14677,         0,       790,        42,         0,         0,         0,         0,      -215,     -3554,     -3768,         0,         0,         0,     12922,         0,      1616,        33,    192535,         0,     24079,       495,      -111,     -2819,     -2929,     -1653,    -41996,    -43649,         0,         0,         0,         0,     14892,     18446,     13033,     15851
       298,     21298,920.501809,      39.0,         0,     14396,         0,       683,         0,    561463,         0,     26637,         0,      -218,     -3730,     -3948,     -8505,   -145460,   -153965,     12701,         0,      1399,        39,         0,         0,         0,         0,      -113,     -2915,     -3028,         0,         0,         0,         0,         0,         0,         0,     14615,     18344,     12814,     15729
       299,     21299,691.356049,         0,         0,     13932,         0,       651,         0,         0,         0,         0,         0,      -215,     -4005,     -4220,         0,         0,         0,     12333,         0,      1372,         0,         0,         0,         0,         0,      -111,     -3229,     -3339,         0,         0,         0,         0,         0,         0,         0,     14148,     18153,     12444,     15672
       300,     21300,148.255841,      21.3,         0,     15317,         0,       811,        67,    326244,         0,     17265,      1436,      -259,     -3623,     -3882,     -5506,    -77171,    -82678,     13446,         0,      1654,       321,         0,         0,         0,         0,      -146,     -2866,     -3012,         0,         0,         0,         0,         0,         0,         0,     15575,     19198,     13592,     16458
       301,     21301,167.671666,     169.8,      37.0,     16847,         0,       809,       203,   2860551,         0,    137327,     34482,      -216,     -3608,     -3824,    -36642,   -612680,   -649322,     14691,         0,      1656,       525,    543555,         0,     61265,     19424,      -111,     -2847,     -2958,     -4105,   -105324,   -109429,         0,         0,         0,         0,     17062,     20671,     14802,     17648
       302,     21302, 54.719648,      73.9,      39.4,     16730,         0,       806,       290,   1236348,         0,     59554,     21403,      -217,     -3462,     -3678,    -16007,   -255832,   -271840,     14592,         0,      1650,       534,    574906,         0,     65013,     21028,      -112,     -2712,     -2824,     -4395,   -106852,   -111247,         0,         0,         0,         0,     16947,     20408,     14703,     17415
       303,     21303,324.343858,      17.3,      22.4,     15778,         0,       789,        54,    272956,         0,     13641,       942,      -217,     -3360,     -3577,     -3750,    -58131,    -61881,     13821,         0,      1609,        69,    309594,         0,     36052,      1550,      -112,     -2617,     -2729,     -2500,    -58628,    -61128,         0,         0,         0,         0,     15995,     19355,     13933,     16550
       304,     21304,2818.32967,       2.2,       6.7,     10168,         0,        53,         7,     22369,         0,       118,        15,      -252,    -11460,    -11712,      -555,    -25213,    -25767,      9090,         0,       179,         2,     60904,         0,      1200,        15,      -149,     -9413,     -9562,      -996,    -63068,    -64064,         0,         0,         0,         0,     10420,     21880,      9239,     18652
       305,     21305,2827.25832,      28.1,      12.8,     15100,         0,       336,        13,    424299,         0,      9433,       360,      -248,     -6292,     -6539,     -6960,   -176792,   -183752,     13257,         0,       806,        28,    169688,         0,     10322,       360,      -137,     -5215,     -5352,     -1755,    -66755,    -68510,         0,         0,         0,         0,     15347,     21639,     13394,     18609
       306,     21306,698.033839,      15.6,         0,     16373,         0,       707,         3,    255422,         0,     11026,        43,      -248,     -3926,     -4174,     -3865,    -61251,    -65116,     14318,         0,      1499,        21,         0,         0,         0,         0,      -138,     -3156,     -3294,         0,         0,         0,         0,         0,         0,         0,     16621,     20547,     14456,     17612
       307,     21307, 56.502251,      10.4,         0,     16300,         0,       804,        74,    169522,         0,      8358,       767,      -258,     -3673,     -3931,     -2683,    -38197,    -40879,     14250,         0,      1638,       330,         0,         0,         0,         0,      -146,     -2890,     -3036,         0,         0,         0,         0,         0,         0,         0,     16558,     20231,     14396,     17286
       308,     21308,103.534860,     112.7,       9.4,     16876,         0,       806,       275,   1901879,         0,     90821,     31031,      -258,     -3087,     -3346,    -29122,   -347942,   -377064,     14715,         0,      1643,       671,    138320,         0,     15447,      6306,      -146,     -2386,     -2532,     -1374,    -22431,    -23804,         0,         0,         0,         0,     17134,     20221,     14861,     17247
       309,     21309,103.665840,     108.1,      72.0,     16645,         0,       806,       463,   1799368,         0,     87156,     50074,      -225,     -3570,     -3795,    -24336,   -385882,   -410218,     14520,         0,      1645,       812,   1045417,         0,    118440,     58497,      -118,     -2789,     -2908,     -8524,   -200825,   -209350,         0,         0,         0,         0,     16871,     20440,     14638,     17427
       310,     21310, 99.656167,     137.5,     111.4,     16611,         0,       804,       457,   2283991,         0,    110525,     62779,      -225,     -3436,     -3661,    -30878,   -472460,   -503338,     14482,         0,      1640,       685,   1613326,         0,    182697,     76294,      -119,     -2678,     -2797,    -13278,   -298343,   -311621,         0,         0,         0,         0,     16835,     20271,     14601,     17280
       311,     21311,176.925920,     105.1,      21.4,     15997,         0,       798,       329,   1681294,         0,     83817,     34535,      -258,     -3122,     -3380,    -27109,   -328102,   -355210,     13978,         0,      1623,       417,    299124,         0,     34735,      8928,      -146,     -2395,     -2541,     -3130,    -51252,    -54382,         0,         0,         0,         0,     16255,     19377,     14124,     16519
       312,     21312,264.601768,      10.8,       5.7,     19236,         0,       706,        20,    207746,         0,      7621,       221,      -249,     -2649,     -2898,     -2686,    -28611,    -31297,     16651,         0,      1492,        60,     94913,         0,      8504,       340,      -138,     -2051,     -2189,      -786,    -11690,    -12476,         0,         0,         0,         0,     19484,     22134,     16789,     18840
       313,     21313,201.751343,      21.3,         0,     18959,         0,       782,        84,    403828,         0,     16665,      1780,      -251,     -2666,     -2918,     -5353,    -56791,    -62144,     16416,         0,      1604,       207,         0,         0,         0,         0,      -142,     -2045,     -2187,         0,         0,         0,         0,         0,         0,         0,     19210,     21877,     16558,     18604
       314,     21314, 78.822390,     117.4,      12.6,     16892,         0,       801,       148,   1983123,         0,     93984,     17360,      -259,     -3470,     -3729,    -30358,   -407417,   -437775,     14726,         0,      1634,       426,    185544,         0,     20586,      5364,      -146,     -2716,     -2862,     -1844,    -34218,    -36062,         0,         0,         0,         0,     17151,     20621,     14872,     17588
       315,     21315, 73.552551,      16.1,      39.7,     18324,         0,       796,       177,    295022,         0,     12817,      2857,      -256,     -2819,     -3075,     -4122,    -45382,    -49504,     15893,         0,      1627,       436,    630964,         0,     64592,     17308,      -146,     -2155,     -2301,     -5802,    -85560,    -91362,         0,         0,         0,         0,     18580,     21399,     16039,     18195
       316,     21316, 46.039062,      47.0,      17.1,     17859,         0,       801,       338,    839352,         0,     37670,     15891,      -258,     -2865,     -3124,    -12142,   -134663,   -146805,     15512,         0,      1629,       605,    265247,         0,     27858,     10341,      -146,     -2181,     -2326,     -2493,    -37287,    -39780,         0,         0,         0,         0,     18117,     20982,     15657,     17838
       317,     21317, 50.814306,      39.4,      31.0,     17430,         0,       804,       480,    686726,         0,     31659,     18930,      -259,     -2921,     -3179,    -10198,   -115073,   -125271,     15156,         0,      1631,       653,    469834,         0,     50560,     20239,      -146,     -2223,     -2369,     -4525,    -68927,    -73452,         0,         0,         0,         0,     17688,     20609,     15302,     17525
       318,     21318, 80.446246,      93.9,     154.2,     16964,         0,       798,       424,   1592920,         0,     74933,     39813,      -258,     -2949,     -3206,    -24184,   -276870,   -301054,     14767,         0,      1619,       527,   2277038,         0,    249614,     81305,      -146,     -2240,     -2386,    -22522,   -345373,   -367896,         0,         0,         0,         0,     17222,     20170,     14913,     17153
       319,     21319,1226.94771,       5.4,         0,     15299,         0,       255,         0,     82612,         0,      1379,         0,      -248,     -7476,     -7724,     -1339,    -40371,    -41711,     13422,         0,       682,         8,         0,         0,         0,         0,      -138,     -5834,     -5973,         0,         0,         0,         0,         0,         0,         0,     15547,     23023,     13560,     19394
       320,     21320,337.362274,      78.9,         0,     18084,         0,       616,        12,   1426806,         0,     48580,       944,      -255,     -4224,     -4479,    -20122,   -333270,   -353392,     15727,         0,      1337,       103,         0,         0,         0,         0,      -150,     -3250,     -3401,         0,         0,         0,         0,         0,         0,         0,     18339,     22563,     15877,     19127
       321,     21321,278.482040,      94.9,      47.6,     19090,         0,       736,        58,   1811674,         0,     69843,      5522,      -250,     -2998,     -3249,    -23751,   -284553,   -308304,     16506,         0,      1534,       154,    785664,         0,     73029,      7323,      -138,     -2287,     -2424,     -6546,   -108857,   -115403,         0,         0,         0,         0,     19341,     22339,     16643,     18930
       322,     21322,179.566809,      96.8,      40.4,     17972,         0,       789,       134,   1739723,         0,     76391,     12961,      -255,     -3335,     -3590,    -24672,   -322846,   -347518,     15591,         0,      1618,       260,    629881,         0,     65357,     10504,      -141,     -2551,     -2692,     -5694,   -103080,   -108774,         0,         0,         0,         0,     18227,     21562,     15732,     18284
       323,     21323, 86.449538,      64.4,      80.0,     17736,         0,       798,       319,   1142193,         0,     51411,     20575,      -258,     -2970,     -3228,    -16647,   -191250,   -207897,     15412,         0,      1618,       481,   1232999,         0,    129471,     38440,      -146,     -2250,     -2396,    -11660,   -180007,   -191667,         0,         0,         0,         0,     17994,     20964,     15558,     17808
       324,     21324,448.363615,      65.5,       8.7,     16274,         0,       789,       172,   1065951,         0,     51700,     11264,      -257,     -3844,     -4102,    -16847,   -251814,   -268662,     14199,         0,      1593,       205,    123531,         0,     13862,      1782,      -143,     -2934,     -3076,     -1240,    -25522,    -26762,         0,         0,         0,         0,     16531,     20376,     14342,     17275
       325,     21325,296.653369,         0,         0,     14929,         0,       764,         0,         0,         0,         0,         0,      -258,     -4235,     -4494,         0,         0,         0,     13072,         0,      1507,         0,         0,         0,         0,         0,      -146,     -3293,     -3440,         0,         0,         0,         0,         0,         0,         0,     15187,     19422,     13218,     16511
       326,     21326,2675.54425,         0,      23.7,     21523,         0,        35,        24,         0,         0,         0,         0,      -213,     -3234,     -3447,         0,         0,         0,     18612,         0,       199,         0,    441099,         0,      4724,         0,      -109,     -2419,     -2527,     -2576,    -57319,    -59895,         0,         0,         0,         0,     21736,     24970,     18720,     21139
       327,     21327,991.480916,      13.4,         0,     18947,         0,       243,         0,    253887,         0,      3255,         0,      -211,     -3356,     -3567,     -2828,    -44974,    -47802,     16521,         0,       641,        14,         0,         0,         0,         0,      -104,     -2434,     -2538,         0,         0,         0,         0,         0,         0,         0,     19158,     22514,     16625,     19059
       328,     21328,1850.72398,      19.6,         0,     18237,         0,       307,         0,    357437,         0,      6014,         0,      -211,     -3822,     -4033,     -4137,    -74903,    -79040,     15928,         0,       735,        20,         0,         0,         0,         0,      -104,     -2748,     -2853,         0,         0,         0,         0,         0,         0,         0,     18448,     22269,     16033,     18781
       329,     21329,1321.96526,      16.8,         0,     12238,         0,       687,         0,    205602,         0,     11533,         0,      -259,     -8039,     -8298,     -4349,   -135055,   -139405,     10832,         0,      1333,        17,         0,         0,         0,         0,      -146,     -6441,     -6587,         0,         0,         0,         0,         0,         0,         0,     12497,     20536,     10978,     17419
       330,     21330,3085.56488,         0,         0,     18288,         0,       472,         0,         0,         0,         0,         0,      -780,     -5524,     -6305,         0,         0,         0,     16607,         0,      1847,         0,         0,         0,         0,         0,      -416,     -4242,     -4658,         0,         0,         0,         0,         0,         0,         0,     19069,     24593,     17023,     21265
       331,     21331,693.687974,         0,         0,     18447,         0,       224,         0,         0,         0,         0,         0,      -212,     -8912,     -9124,         0,         0,         0,     15968,         0,      1167,         0,         0,         0,         0,         0,      -106,     -6875,     -6981,         0,         0,         0,         0,         0,         0,         0,     18660,     27571,     16074,     22949
       332,     21332,1864.96359,     100.5,         0,     21716,         0,        50,         0,   2182455,         0,      5021,         0,      -211,     -3941,     -4152,    -21195,   -396114,   -417308,     18725,         0,       223,       101,         0,         0,         0,         0,      -105,     -2913,     -3018,         0,         0,         0,         0,         0,         0,         0,     21927,     25868,     18830,     21743
       333,     21333,36099.8436,         0,         0,       290,         0,         0,         0,         0,         0,         0,         0,        -0,      -583,      -583,         0,         0,         0,       655,         0,         0,         0,         0,         0,         0,         0,        -0,      -990,      -990,         0,         0,         0,         0,         0,         0,         0,       290,       873,       655,      1645
       334,     21334,58586.9844,      10.8,         0,         0,         0,         0,         0,         0,         0,         0,         0,         0,      -617,      -617,         0,     -6661,     -6661,         7,         0,        11,        11,         0,         0,         0,         0,         0,     -1159,     -1159,         0,         0,         0,         0,         0,         0,         0,         0,       617,         7,      1166
       335,     21335,11023.5820,       5.9,      28.3,     21338,         0,       749,        28,    125892,         0,      4418,       167,      -416,     -5465,     -5881,     -2456,    -32244,    -34699,     17623,         0,       983,         6,    498720,         0,     27807,       167,      -112,     -4538,     -4649,     -3161,   -128411,   -131573,         0,         0,         0,         0,     21754,     27219,     17734,     22272
       336,     21336,10683.5820,         0,      57.4,      4961,         0,       102,        57,         0,         0,         0,         0,      -255,    -20453,    -20708,         0,         0,         0,      4722,         0,        58,         0,    271049,         0,      3317,         0,      -133,    -16555,    -16688,     -7645,   -950268,   -957913,         0,         0,         0,         0,      5215,     25669,      4855,     21410
       337,     21337,4433.96188,       1.0,         0,      9406,         0,       266,         0,      9406,         0,       266,         0,      -259,     -6259,     -6517,      -259,     -6259,     -6517,      8470,         0,       490,         1,         0,         0,         0,         0,      -144,     -4968,     -5112,         0,         0,         0,         0,         0,         0,         0,      9665,     15924,      8614,     13582
       338,     21338,40213.3378,       3.9,         0,         0,         0,         0,         0,         0,         0,         0,         0,         0,     -2263,     -2263,         0,     -8826,     -8826,         3,         0,         4,         4,         0,         0,         0,         0,         0,     -2266,     -2266,         0,         0,         0,         0,         0,         0,         0,         0,      2263,         3,      2269
       339,     21339,1083.31773,         0,         0,       554,         0,       473,         0,         0,         0,         0,         0,        -0,    -21580,    -21580,         0,         0,         0,       429,         0,        82,         0,         0,         0,         0,         0,        -0,    -17145,    -17145,         0,         0,         0,         0,         0,         0,         0,       555,     22134,       429,     17575
       340,     21340,641.698310,      11.1,         0,      3047,         0,       491,         0,     33820,         0,      5451,         0,      -248,    -22268,    -22516,     -2753,   -247171,   -249924,      3214,         0,        88,        11,         0,         0,         0,         0,      -114,    -17703,    -17817,         0,         0,         0,         0,         0,         0,         0,      3295,     25563,      3328,     21031
       341,     21341, 73.151652,       1.8,         0,      5370,         0,       469,         0,      9667,         0,       844,         0,      -254,    -19217,    -19471,      -458,    -34590,    -35048,      5004,         0,        89,         2,         0,         0,         0,         0,      -134,    -15342,    -15476,         0,         0,         0,         0,         0,         0,         0,      5625,     24841,      5139,     20480
       342,     21342,1282.28949,         0,         0,      4281,         0,       460,         0,         0,         0,         0,         0,      -250,    -19091,    -19341,         0,         0,         0,      4146,         0,        92,         0,         0,         0,         0,         0,      -123,    -15134,    -15257,         0,         0,         0,         0,         0,         0,         0,      4531,     23622,      4269,     19403
       343,     21343,13099.4308,       8.9,         0,      2306,         0,       220,         0,     20520,         0,      1959,         0,      -223,    -18584,    -18808,     -1989,   -165399,   -167388,      2696,         0,        52,         9,         0,         0,         0,         0,       -98,    -14568,    -14666,         0,         0,         0,         0,         0,         0,         0,      2529,     21113,      2795,     17362
       344,     21344,4121.31941,         0,         0,     18371,         0,       156,         0,         0,         0,         0,         0,      -120,     -5252,     -5373,         0,         0,         0,     12910,         0,        23,         0,         0,         0,         0,         0,      -167,     -6235,     -6402,         0,         0,         0,         0,         0,         0,         0,     18491,     23743,     13078,     19312
       345,     21345,549.988053,      38.3,     169.5,      3067,         0,       512,       189,    117470,         0,     19602,      7229,      -241,    -22033,    -22274,     -9234,   -843872,   -853106,      3234,         0,        94,        39,    548177,         0,     15972,      6681,      -111,    -17334,    -17445,    -18810,  -2938134,  -2956945,         0,         0,         0,         0,      3308,     25341,      3345,     20679
       346,     21346, 65.339245,         0,         0,      3943,         0,       510,        50,         0,         0,         0,         0,      -249,    -21044,    -21292,         0,         0,         0,      3888,         0,        94,        11,         0,         0,         0,         0,      -122,    -16725,    -16847,         0,         0,         0,         0,         0,         0,         0,      4192,     25236,      4010,     20735
       347,     21347,170.510619,       5.9,     101.9,      3815,         0,       517,       134,     22506,         0,      3049,       790,      -257,    -20806,    -21063,     -1518,   -122756,   -124274,      3793,         0,        96,        13,    386515,         0,      9796,      1339,      -126,    -16450,    -16576,    -12868,  -1676256,  -1689124,         0,         0,         0,         0,      4072,     24878,      3919,     20369
       348,     21348,779.422710,      11.9,         0,      2124,         0,       504,         0,     25271,         0,      6001,         0,      -198,    -21418,    -21616,     -2360,   -254872,   -257232,      2555,         0,        95,        12,         0,         0,         0,         0,       -90,    -16747,    -16836,         0,         0,         0,         0,         0,         0,         0,      2322,     23740,      2645,     19392
       349,     21349,584.172624,         0,         0,      2215,         0,       476,         0,         0,         0,         0,         0,       -44,    -21000,    -21044,         0,         0,         0,      2053,         0,        80,         0,         0,         0,         0,         0,       -43,    -17097,    -17140,         0,         0,         0,         0,         0,         0,         0,      2260,     23260,      2097,     19194
       350,     21350,384.049397,      21.6,     232.9,      2290,         0,       504,       233,     49454,         0,     10893,      5031,      -163,    -21786,    -21949,     -3527,   -470574,   -474102,      2715,         0,        91,        22,    632286,         0,     21265,      5031,       -87,    -17270,    -17357,    -20215,  -4022168,  -4042383,         0,         0,         0,         0,      2453,     24239,      2802,     20072
       351,     21351,734.030649,         0,         0,      1582,         0,       500,         0,         0,         0,         0,         0,       -33,    -20169,    -20201,         0,         0,         0,      1378,         0,        90,         0,         0,         0,         0,         0,       -21,    -16679,    -16700,         0,         0,         0,         0,         0,         0,         0,      1615,     21783,      1399,     18078
       352,     21352,13915.3910,         0,         0,     17267,         0,       131,         0,         0,         0,         0,         0,      -140,     -4849,     -4989,         0,         0,         0,     13527,         0,       207,         0,         0,         0,         0,         0,       -96,     -4122,     -4217,         0,         0,         0,         0,         0,         0,         0,     17407,     22256,     13623,     17744
       353,     21353,1183.53444,         0,         0,     22229,         0,       109,         0,         0,         0,         0,         0,      -138,     -4382,     -4520,         0,         0,         0,     17764,         0,       432,         0,         0,         0,         0,         0,       -94,     -3715,     -3809,         0,         0,         0,         0,         0,         0,         0,     22367,     26749,     17858,     21573
       354,     21354,2846.44027,         0,         0,     23002,         0,       627,         0,         0,         0,         0,         0,      -136,     -5414,     -5550,         0,         0,         0,     18412,         0,      1251,         0,         0,         0,         0,         0,       -92,     -4521,     -4613,         0,         0,         0,         0,         0,         0,         0,     23138,     28552,     18505,     23026
       355,     21355,6834.78883,       2.0,         0,        13,         0,         1,         0,        26,         0,         2,         0,         0,    -12320,    -12320,         0,    -24640,    -24640,         5,         0,        28,         2,         0,         0,         0,         0,         0,     -8571,     -8571,         0,         0,         0,         0,         0,         0,         0,        13,     12333,         5,      8576
       356,     21356,1798.73167,       8.0,         0,     22073,         0,       462,         0,    176581,         0,      3698,         0,      -138,     -3417,     -3555,     -1101,    -27336,    -28438,     17239,         0,       718,         8,         0,         0,         0,         0,      -128,     -3107,     -3236,         0,         0,         0,         0,         0,         0,         0,     22210,     25627,     17368,     20475
       357,     21357,6283.55925,         0,         0,     23743,         0,      3185,         0,         0,         0,         0,         0,      -117,     -2905,     -3022,         0,         0,         0,     18358,         0,      2046,         0,         0,         0,         0,         0,      -110,     -2856,     -2966,         0,         0,         0,         0,         0,         0,         0,     23860,     26765,     18468,     21324
       358,     21358,38092.0465,       6.9,      27.2,     15029,         0,        27,        27,    103703,         0,       188,       188,      -116,     -7508,     -7624,      -803,    -51803,    -52605,     10022,         0,         7,         7,    272608,         0,       188,       188,      -161,     -7537,     -7699,     -4392,   -205014,   -209406,         0,         0,         0,         0,     15146,     22653,     10184,     17721
       359,     21359,6043.87588,         0,         0,     13963,         0,        14,         0,         0,         0,         0,         0,      -116,     -6710,     -6825,         0,         0,         0,      9209,         0,         1,         0,         0,         0,         0,         0,      -159,     -7103,     -7261,         0,         0,         0,         0,         0,         0,         0,     14079,     20789,      9368,     16471
       360,     21360,36680.2270,       6.9,         0,      4352,         0,         0,         0,     30029,         0,         0,         0,       -94,     -9472,     -9565,      -645,    -65353,    -65999,      2020,         0,         7,         7,         0,         0,         0,         0,       -76,     -8743,     -8819,         0,         0,         0,         0,         0,         0,         0,      4446,     13917,      2096,     10839
