TAZID,CO_TAZID,DevAcres,HH,Job,Job_byAuto,Job_byTran,Job_byBike,Job_byWalk,act_Job_byAuto,act_Job_byTran,act_Job_byBike,act_Job_byWalk,Loss_Job_Cong,Loss_Job_Net,Loss_Job_Abs,act_Loss_Job_Cong,act_Loss_Job_Net,act_Loss_Job_Abs,HH_byAuto,HH_byTran,HH_byBike,HH_byWalk,act_HH_byAuto,act_HH_byTran,act_HH_byBike,act_HH_byWalk,Loss_HH_Cong,Loss_HH_Net,Loss_HH_Abs,act_Loss_HH_Cong,act_Loss_HH_Net,act_Loss_HH_Abs,tmp_Job_byTran_wk,tmp_Job_byTran_dr,tmp_HH_byTran_wk,tmp_HH_byTran_dr,tmp_Job_byAuto_FF,tmp_Job_byAuto_SL,tmp_HH_byAuto_FF,tmp_HH_byAuto_SL
         1,     50001,490.095921,       6.5,         0,     17090,         0,        20,         0,    111088,         0,       133,         0,     -1400,    -14075,    -15476,     -9100,    -91491,   -100591,      9177,         0,       171,         7,         0,         0,         0,         0,      -586,     -8451,     -9037,         0,         0,         0,         0,         0,         0,         0,     18491,     32566,      9764,     18214
         2,     50002,564.382786,      25.8,       8.0,     18520,         0,        51,         8,    477812,         0,      1306,       206,     -1433,    -15341,    -16774,    -36975,   -395791,   -432766,      9930,         0,       289,        29,     79438,         0,      2315,       230,      -630,     -9240,     -9870,     -5040,    -73918,    -78958,         0,         0,         0,         0,     19953,     35294,     10560,     19799
         3,     50003,263.528539,       1.1,         0,     14952,         0,        71,         1,     16447,         0,        78,         1,     -1388,    -17542,    -18931,     -1527,    -19297,    -20824,      8291,         0,       310,         3,         0,         0,         0,         0,      -569,    -10167,    -10736,         0,         0,         0,         0,         0,         0,         0,     16340,     33882,      8860,     19027
         4,     50004,324.930562,       6.3,         0,     17133,         0,        24,         0,    107941,         0,       151,         0,     -1399,    -15814,    -17213,     -8811,    -99628,   -108439,      9199,         0,       192,        10,         0,         0,         0,         0,      -586,     -9413,     -9999,         0,         0,         0,         0,         0,         0,         0,     18532,     34346,      9785,     19198
         5,     50005,269.145183,       6.3,         0,     19514,         0,        37,         4,    122940,         0,       234,        23,     -1422,    -14523,    -15945,     -8961,    -91493,   -100453,     10405,         0,       241,        23,         0,         0,         0,         0,      -626,     -8789,     -9415,         0,         0,         0,         0,         0,         0,         0,     20937,     35459,     11031,     19820
         6,     50006,318.942755,         0,         0,     17433,         0,        33,         0,         0,         0,         0,         0,     -1398,    -17133,    -18531,         0,         0,         0,      9345,         0,       228,         3,         0,         0,         0,         0,      -591,    -10163,    -10754,         0,         0,         0,         0,         0,         0,         0,     18831,     35965,      9936,     20099
         7,     50007,265.671853,       4.3,         0,     22308,         0,        43,         0,     95923,         0,       184,         0,     -1430,    -14544,    -15975,     -6149,    -62541,    -68691,     11862,         0,       287,        11,         0,         0,         0,         0,      -663,     -8863,     -9526,         0,         0,         0,         0,         0,         0,         0,     23738,     38282,     12525,     21387
         8,     50008,246.509686,       6.3,         0,     22390,         0,        59,         0,    141058,         0,       372,         0,     -1433,    -15300,    -16733,     -9031,    -96389,   -105420,     11906,         0,       360,        18,         0,         0,         0,         0,      -664,     -9296,     -9960,         0,         0,         0,         0,         0,         0,         0,     23824,     39123,     12570,     21866
         9,     50009,133.690439,       8.1,         0,     19365,         0,        95,         0,    156853,         0,       773,         0,     -1473,    -18975,    -20448,    -11931,   -153696,   -165627,     10470,         0,       421,        14,         0,         0,         0,         0,      -666,    -11165,    -11831,         0,         0,         0,         0,         0,         0,         0,     20838,     39812,     11136,     22301
        10,     50010,309.600586,         0,         0,     22788,         0,        44,         0,         0,         0,         0,         0,     -1429,    -15020,    -16449,         0,         0,         0,     12139,         0,       267,         3,         0,         0,         0,         0,      -670,     -9083,     -9753,         0,         0,         0,         0,         0,         0,         0,     24218,     39237,     12809,     21892
        11,     50011,240.210861,       4.2,         0,     24868,         0,        49,         0,    104446,         0,       205,         0,     -1438,    -14438,    -15876,     -6040,    -60640,    -66680,     13262,         0,       319,         9,         0,         0,         0,         0,      -688,     -8787,     -9475,         0,         0,         0,         0,         0,         0,         0,     26306,     40744,     13950,     22737
        12,     50012,176.901700,       5.2,         0,     24804,         0,        61,         0,    128980,         0,       317,         0,     -1437,    -14904,    -16340,     -7471,    -77498,    -84969,     13227,         0,       387,        12,         0,         0,         0,         0,      -687,     -9062,     -9749,         0,         0,         0,         0,         0,         0,         0,     26241,     41144,     13914,     22976
        13,     50013,317.836617,       1.1,         0,     22133,         0,       103,         0,     24346,         0,       113,         0,     -1429,    -17236,    -18665,     -1572,    -18959,    -20532,     11779,         0,       462,        10,         0,         0,         0,         0,      -660,    -10377,    -11036,         0,         0,         0,         0,         0,         0,         0,     23563,     40798,     12438,     22815
        14,     50014,330.538640,       1.1,         0,     22613,         0,        54,         0,     24875,         0,        59,         0,     -1427,    -18440,    -19867,     -1570,    -20284,    -21854,     12046,         0,       312,        10,         0,         0,         0,         0,      -667,    -10966,    -11633,         0,         0,         0,         0,         0,         0,         0,     24041,     42481,     12714,     23679
        15,     50015,321.541155,      11.2,         0,     27683,         0,        52,         0,    310052,         0,       586,         0,     -1498,    -14263,    -15761,    -16776,   -159751,   -176527,     14814,         0,       332,        20,         0,         0,         0,         0,      -701,     -8721,     -9423,         0,         0,         0,         0,         0,         0,         0,     29181,     43445,     15515,     24236
        16,     50016,447.616273,      12.4,         0,     27343,         0,        59,         0,    339052,         0,       738,         0,     -1498,    -15336,    -16834,    -18570,   -190167,   -208738,     14630,         0,       399,        19,         0,         0,         0,         0,      -700,     -9334,    -10033,         0,         0,         0,         0,         0,         0,         0,     28840,     44177,     15329,     24663
        17,     50017,237.791862,         0,         0,     11407,         0,       152,         0,         0,         0,         0,         0,     -2002,    -21042,    -23043,         0,         0,         0,      6912,         0,       396,         0,         0,         0,         0,         0,      -885,    -11645,    -12530,         0,         0,         0,         0,         0,         0,         0,     13408,     34450,      7797,     19442
        18,     50018,366.038301,      10.1,         0,     11950,         0,       308,         0,    120697,         0,      3114,         0,     -3028,    -19522,    -22549,    -30578,   -197167,   -227745,      7317,         0,       479,        12,         0,         0,         0,         0,     -1299,    -10741,    -12040,         0,         0,         0,         0,         0,         0,         0,     14978,     34499,      8616,     19357
        19,     50019,370.787480,      14.9,         0,     14314,         0,       546,         2,    213277,         0,      8137,        26,     -4671,    -16912,    -21583,    -69598,   -251983,   -321581,      8600,         0,       547,        18,         0,         0,         0,         0,     -1878,     -9615,    -11493,         0,         0,         0,         0,         0,         0,         0,     18985,     35896,     10479,     20094
        20,     50020,364.163636,       6.1,       8.9,     15924,         0,       810,        13,     97137,         0,      4940,        80,     -4908,    -14016,    -18924,    -29937,    -85499,   -115437,      9336,         0,       574,        12,     83090,         0,      5105,       106,     -2008,     -8241,    -10249,    -17874,    -73346,    -91220,         0,         0,         0,         0,     20832,     34848,     11344,     19585
        21,     50021,400.096014,         0,         0,     19323,         0,      1057,         0,         0,         0,         0,         0,     -5077,    -10600,    -15677,         0,         0,         0,     10858,         0,       570,         0,         0,         0,         0,         0,     -2209,     -6607,     -8817,         0,         0,         0,         0,         0,         0,         0,     24400,     35000,     13067,     19674
        22,     50022,840.114757,      13.9,         0,     16090,         0,       147,         0,    223654,         0,      2049,         0,     -1560,    -20259,    -21820,    -21689,   -281606,   -303295,      9072,         0,       438,        14,         0,         0,         0,         0,      -668,    -11505,    -12174,         0,         0,         0,         0,         0,         0,         0,     17651,     37910,      9740,     21246
        23,     50023,652.449891,      24.2,         0,     15227,         0,       399,         0,    368494,         0,      9666,         0,     -3450,    -19582,    -23032,    -83488,   -473889,   -557378,      8944,         0,       575,        25,         0,         0,         0,         0,     -1465,    -11010,    -12475,         0,         0,         0,         0,         0,         0,         0,     18677,     38259,     10410,     21419
        24,     50024,650.578999,      25.6,      17.0,     16764,         0,       717,        17,    429164,         0,     18344,       435,     -4715,    -17154,    -21869,   -120702,   -439134,   -559836,      9788,         0,       643,        27,    166403,         0,     10933,       461,     -1968,     -9858,    -11826,    -33449,   -167591,   -201040,         0,         0,         0,         0,     21479,     38633,     11756,     21614
        25,     50025,645.783165,      50.4,      35.8,     19514,       262,      1079,        52,    983518,     13204,     54402,      2641,     -5077,    -14036,    -19113,   -255856,   -707423,   -963279,     11056,        51,       673,        58,    395787,      1809,     24088,      2062,     -2214,     -8376,    -10590,    -79245,   -299877,   -379121,       262,         0,        51,         0,     24591,     38627,     13269,     21645
        26,     50026,320.325048,      33.8,      81.1,     21764,       540,      1296,        95,    735610,     18245,     43788,      3194,     -5147,    -11357,    -16504,   -173960,   -383879,   -557839,     12100,       456,       719,        50,    981341,     36986,     58284,      4016,     -2333,     -7024,     -9357,   -189200,   -569671,   -758871,       381,       540,       125,       456,     26910,     38268,     14433,     21458
        27,     50027,458.380106,      13.6,      14.7,     21230,         0,      1454,        51,    288723,         0,     19779,       690,     -5135,    -12193,    -17328,    -69837,   -165827,   -235664,     11806,         0,       783,        29,    173547,         0,     11511,       421,     -2309,     -7515,     -9825,    -33947,   -110477,   -144424,         0,         0,         0,         0,     26365,     38558,     14115,     21631
        28,     50028,449.596554,      15.3,         0,     16829,         0,       220,         0,    257483,         0,      3364,         0,     -2046,    -21934,    -23980,    -31303,   -335597,   -366900,      9540,         0,       553,        15,         0,         0,         0,         0,      -906,    -12375,    -13281,         0,         0,         0,         0,         0,         0,         0,     18875,     40809,     10446,     22821
        29,     50029,644.664743,      12.1,         0,     17071,         0,       457,         0,    206564,         0,      5529,         0,     -3794,    -19566,    -23360,    -45909,   -236746,   -282656,      9879,         0,       654,        12,         0,         0,         0,         0,     -1640,    -11075,    -12715,         0,         0,         0,         0,         0,         0,         0,     20866,     40431,     11519,     22594
        30,     50030,641.519358,      17.1,       5.4,     19371,         0,       906,         5,    331237,         0,     15491,        92,     -4582,    -16671,    -21254,    -78359,   -285079,   -363438,     11010,         0,       723,        17,     59452,         0,      3904,        92,     -2007,     -9685,    -11692,    -10837,    -52299,    -63136,         0,         0,         0,         0,     23953,     40624,     13016,     22701
        31,     50031,645.079201,     163.1,         0,     21962,       543,      1398,         0,   3582030,     88482,    228057,         0,     -5049,    -13549,    -18598,   -823424,  -2209895,  -3033319,     12246,       458,       856,       163,         0,         0,         0,         0,     -2286,     -8169,    -10456,         0,         0,         0,       262,       543,        50,       458,     27011,     40560,     14532,     22701
        32,     50032,642.595121,      55.4,     188.7,     23026,       568,      1772,       208,   1275662,     31468,     98173,     11528,     -5109,    -11374,    -16483,   -283016,   -630134,   -913150,     12725,       478,      1005,        58,   2401225,     90254,    189602,     11009,     -2355,     -7087,     -9442,   -444408,  -1337372,  -1781780,       264,       568,        51,       478,     28135,     39509,     15080,     22167
        33,     50033,352.449985,      46.0,     303.4,     25009,       614,      1920,       362,   1150406,     28253,     88314,     16667,     -5199,    -11652,    -16851,   -239164,   -535972,   -775136,     13665,       516,      1067,        55,   4145999,    156417,    323812,     16659,     -2468,     -7346,     -9814,   -748743,  -2228864,  -2977607,         0,       614,         0,       516,     30208,     41860,     16133,     23479
        34,     50034,569.275651,         0,         0,     22027,         0,       118,         0,         0,         0,         0,         0,     -1457,    -19907,    -21364,         0,         0,         0,     11833,         0,       508,         3,         0,         0,         0,         0,      -687,    -11724,    -12411,         0,         0,         0,         0,         0,         0,         0,     23484,     43391,     12520,     24244
        35,     50035,309.779673,       7.0,         0,     18968,         0,       219,         1,    132775,         0,      1530,        10,     -3308,    -20777,    -24085,    -23157,   -145439,   -168596,     10760,         0,       588,        11,         0,         0,         0,         0,     -1477,    -11832,    -13308,         0,         0,         0,         0,         0,         0,         0,     22276,     43053,     12237,     24068
        36,     50036,646.560374,      24.7,       8.0,     21138,         0,       473,         8,    522107,         0,     11687,       198,     -3895,    -19540,    -23435,    -96201,   -482638,   -578840,     11883,         0,       663,        26,     95067,         0,      5306,       208,     -1793,    -11119,    -12913,    -14346,    -88955,   -103302,         0,         0,         0,         0,     25033,     44573,     13677,     24796
        37,     50037,639.734855,      27.2,      25.0,     23494,       566,      1024,        25,    639040,     15406,     27850,       680,     -4662,    -16724,    -21386,   -126795,   -454903,   -581698,     13088,       477,       814,        27,    327201,     11925,     20361,       680,     -2171,     -9794,    -11964,    -54265,   -244838,   -299103,         0,       566,         0,       477,     28156,     44880,     15259,     25052
        38,     50038,645.104272,      20.9,         0,     26054,       635,      1640,         0,    544532,     13271,     34274,         0,     -5112,    -13702,    -18814,   -106849,   -286369,   -393218,     14365,       533,      1040,        21,         0,         0,         0,         0,     -2431,     -8284,    -10714,         0,         0,         0,         0,       635,         0,       533,     31167,     44868,     16796,     25079
        39,     50039,610.502074,      12.0,         0,     26763,       910,      2076,         1,    321154,     10920,     24911,        11,     -5166,    -11848,    -17014,    -61990,   -142177,   -204167,     14681,       777,      1213,        17,         0,         0,         0,         0,     -2480,     -7366,     -9846,         0,         0,         0,         0,       910,         0,       777,     31929,     43777,     17162,     24527
        40,     50040,180.039007,      10.5,       1.9,     28292,       949,      2212,       164,    297061,      9967,     23224,      1719,     -5233,    -10451,    -15684,    -54950,   -109736,   -164685,     15431,       814,      1293,        29,     29319,      1546,      2457,        54,     -2538,     -6676,     -9214,     -4822,    -12685,    -17507,         0,       949,         0,       814,     33525,     43976,     17969,     24646
        41,     50041,405.529530,      11.3,       9.5,     23813,         0,       118,        10,    269090,         0,      1333,       107,     -1485,    -20879,    -22364,    -16780,   -235936,   -252716,     12863,         0,       516,        16,    122196,         0,      4899,       148,      -727,    -12228,    -12955,     -6907,   -116163,   -123070,         0,         0,         0,         0,     25298,     46177,     13590,     25817
        42,     50042,403.934037,       8.4,         0,     23269,         0,       106,         5,    195456,         0,       886,        41,     -1482,    -23870,    -25352,    -12450,   -200511,   -212961,     12570,         0,       495,        14,         0,         0,         0,         0,      -721,    -13881,    -14602,         0,         0,         0,         0,         0,         0,         0,     24751,     48621,     13291,     27172
        43,     50043,1095.51524,      20.5,         0,     24469,       571,       338,         0,    501611,     11711,      6929,         0,     -3918,    -21693,    -25611,    -80309,   -444709,   -525018,     13625,       481,       575,        21,         0,         0,         0,         0,     -1882,    -12319,    -14200,         0,         0,         0,         0,       571,         0,       481,     28386,     50079,     15507,     27826
        44,     50044,944.720508,       8.1,         0,     29167,       957,      1022,         0,    236251,      7748,      8276,         0,     -4788,    -16603,    -21391,    -38786,   -134485,   -173271,     16112,       821,       839,         8,         0,         0,         0,         0,     -2314,     -9743,    -12057,         0,         0,         0,         0,       957,         0,       821,     33955,     50558,     18426,     28169
        45,     50045,949.236445,      11.6,         0,     32043,      1084,      1635,         0,    371697,     12578,     18961,         0,     -5358,    -12891,    -18249,    -62152,   -149540,   -211692,     17580,       914,      1105,        12,         0,         0,         0,         0,     -2625,     -7855,    -10480,         0,         0,         0,         0,      1084,         0,       914,     37401,     50292,     20205,     28060
        46,     50046,693.061657,      14.4,         0,     32068,      1087,      2137,         0,    461774,     15646,     30772,         0,     -5371,    -12685,    -18057,    -77349,   -182670,   -260019,     17537,       916,      1298,        14,         0,         0,         0,         0,     -2637,     -7830,    -10468,         0,         0,         0,         0,      1087,         0,       916,     37439,     50125,     20174,     28004
        47,     50047,342.903407,         0,         0,     30082,       984,       524,         0,         0,         0,         0,         0,     -4011,    -20507,    -24518,         0,         0,         0,     16599,       824,       598,         0,         0,         0,         0,         0,     -1960,    -11790,    -13751,         0,         0,         0,         0,       984,         0,       824,     34092,     54600,     18560,     30350
        48,     50048,364.924357,         0,         0,     30787,      1030,       959,         0,         0,         0,         0,         0,     -4850,    -19179,    -24029,         0,         0,         0,     16991,       865,       808,         0,         0,         0,         0,         0,     -2351,    -11148,    -13499,         0,         0,         0,         0,      1030,         0,       865,     35637,     54816,     19342,     30491
        49,     50049,450.686740,         0,         0,     33824,      1226,      1438,         0,         0,         0,         0,         0,     -5432,    -15441,    -20873,         0,         0,         0,     18548,      1155,      1032,         0,         0,         0,         0,         0,     -2686,     -9212,    -11898,         0,         0,         0,         0,      1226,         0,      1155,     39256,     54697,     21234,     30446
        50,     50050,164.867842,      62.3,         0,     21086,         0,        90,        43,   1313657,         0,      5576,      2672,     -1004,    -14531,    -15535,    -62579,   -905256,   -967836,     11355,         0,       289,       184,         0,         0,         0,         0,      -450,     -8237,     -8686,         0,         0,         0,         0,         0,         0,         0,     22090,     36621,     11804,     20041
        51,     50051, 97.827441,      34.5,       8.9,     22969,         0,        90,        54,    792431,         0,      3088,      1873,     -1005,    -14325,    -15330,    -34671,   -494198,   -528869,     12366,         0,       294,       209,    110062,         0,      2618,      1860,      -462,     -8159,     -8621,     -4112,    -72612,    -76724,         0,         0,         0,         0,     23974,     38299,     12829,     20987
        52,     50052, 36.117006,       6.0,         0,     23678,         0,        90,        50,    142070,         0,       537,       301,     -1004,    -14313,    -15317,     -6024,    -85878,    -91902,     12753,         0,       297,       138,         0,         0,         0,         0,      -462,     -8171,     -8633,         0,         0,         0,         0,         0,         0,         0,     24682,     38995,     13215,     21386
        53,     50053, 32.200776,      13.2,         0,     25055,         0,        91,        46,    330728,         0,      1197,       602,     -1007,    -14516,    -15522,    -13286,   -191606,   -204892,     13523,         0,       310,       160,         0,         0,         0,         0,      -466,     -8283,     -8748,         0,         0,         0,         0,         0,         0,         0,     26062,     40577,     13989,     22271
        54,     50054,143.681348,      66.1,       5.1,     23372,         0,        90,        27,   1544877,         0,      5927,      1810,     -1003,    -14082,    -15085,    -66288,   -930828,   -997115,     12565,         0,       294,       203,     64081,         0,      1498,      1033,      -461,     -8016,     -8477,     -2352,    -40880,    -43232,         0,         0,         0,         0,     24375,     38457,     13026,     21042
        55,     50055, 93.742334,      64.5,      18.0,     26456,         0,        91,        30,   1706429,         0,      5873,      1917,     -1006,    -13280,    -14286,    -64895,   -856568,   -921463,     14254,         0,       310,       214,    256571,         0,      5573,      3850,      -466,     -7603,     -8069,     -8385,   -136862,   -145247,         0,         0,         0,         0,     27462,     40743,     14720,     22323
        56,     50056, 48.427679,      10.0,         0,     26939,         0,        92,        30,    269392,         0,       924,       303,     -1006,    -13528,    -14534,    -10061,   -135282,   -145343,     14531,         0,       320,       167,         0,         0,         0,         0,      -466,     -7740,     -8206,         0,         0,         0,         0,         0,         0,         0,     27945,     41473,     14997,     22737
        57,     50057, 63.978376,       5.4,         0,     25704,         0,        95,        29,    138800,         0,       514,       158,     -1007,    -15315,    -16322,     -5438,    -82703,    -88141,     13866,         0,       332,       104,         0,         0,         0,         0,      -466,     -8734,     -9200,         0,         0,         0,         0,         0,         0,         0,     26711,     42026,     14332,     23066
        58,     50058,316.034599,       2.3,         0,     27104,         0,        55,         0,     62339,         0,       127,         0,     -1491,    -16616,    -18106,     -3429,    -38216,    -41645,     14497,         0,       333,         8,         0,         0,         0,         0,      -697,    -10010,    -10707,         0,         0,         0,         0,         0,         0,         0,     28595,     45210,     15194,     25204
        59,     50059,282.205383,       7.4,         0,     29566,         0,        62,         4,    218786,         0,       456,        26,     -1514,    -15913,    -17427,    -11203,   -117754,   -128957,     15828,         0,       396,        19,         0,         0,         0,         0,      -720,     -9647,    -10367,         0,         0,         0,         0,         0,         0,         0,     31080,     46992,     16548,     26195
        60,     50060,323.774167,       4.6,         0,     29505,         0,        59,         0,    135724,         0,       273,         0,     -1514,    -15844,    -17358,     -6963,    -72883,    -79845,     15795,         0,       347,         6,         0,         0,         0,         0,      -719,     -9559,    -10278,         0,         0,         0,         0,         0,         0,         0,     31019,     46863,     16514,     26073
        61,     50061,316.143423,         0,         0,     32473,         0,        69,         0,         0,         0,         0,         0,     -1540,    -14476,    -16016,         0,         0,         0,     17408,         0,       372,         4,         0,         0,         0,         0,      -744,     -8805,     -9549,         0,         0,         0,         0,         0,         0,         0,     34014,     48490,     18152,     26957
        62,     50062,580.748011,      37.1,      11.2,     31551,         0,        62,        11,   1170542,         0,      2308,       416,     -1541,    -16274,    -17815,    -57155,   -603765,   -660920,     16969,         0,       361,        39,    190048,         0,      4045,       442,      -753,     -9866,    -10619,     -8433,   -110502,   -118935,         0,         0,         0,         0,     33092,     49366,     17722,     27588
        63,     50063,262.710896,         0,         0,     25508,         0,        80,         0,         0,         0,         0,         0,     -1451,    -23253,    -24704,         0,         0,         0,     13613,         0,       439,         8,         0,         0,         0,         0,      -690,    -13730,    -14419,         0,         0,         0,         0,         0,         0,         0,     26959,     50212,     14303,     28032
        64,     50064,337.518703,       2.4,         0,     31949,       556,        80,         0,     76679,      1334,       192,         0,     -1445,    -15507,    -16952,     -3467,    -37218,    -40684,     17255,       460,       401,         5,         0,         0,         0,         0,      -721,     -9598,    -10319,         0,         0,         0,         0,       556,         0,       460,     33394,     48901,     17976,     27574
        65,     50065,665.817620,       2.4,         0,     34006,         0,        85,         0,     81613,         0,       205,         0,     -1551,    -14380,    -15931,     -3722,    -34513,    -38235,     18214,         0,       408,         3,         0,         0,         0,         0,      -755,     -8744,     -9499,         0,         0,         0,         0,         0,         0,         0,     35556,     49937,     18969,     27714
        66,     50066,214.772101,      12.5,         0,     36052,         0,        84,         0,    450653,         0,      1047,         0,     -1552,    -14311,    -15862,    -19396,   -178882,   -198278,     19324,         0,       385,        37,         0,         0,         0,         0,      -773,     -8753,     -9526,         0,         0,         0,         0,         0,         0,         0,     37604,     51914,     20096,     28850
        67,     50067,418.231046,      29.9,         0,     31395,         0,        85,         0,    938710,         0,      2553,         0,     -1540,    -20379,    -21919,    -46056,   -609325,   -655381,     16880,         0,       380,        45,         0,         0,         0,         0,      -752,    -12120,    -12872,         0,         0,         0,         0,         0,         0,         0,     32935,     53314,     17632,     29752
        68,     50068,257.129954,       8.8,         0,     31915,       555,       124,         0,    280856,      4882,      1094,         0,     -1445,    -17968,    -19412,    -12713,   -158116,   -170829,     17237,       459,       375,        39,         0,         0,         0,         0,      -721,    -10916,    -11637,         0,         0,         0,         0,       555,         0,       459,     33360,     51328,     17957,     28874
        69,     50069,395.314564,      26.0,         0,     31128,       614,       155,         0,    809320,     15962,      4036,         0,     -1516,    -21255,    -22771,    -39422,   -552623,   -592046,     16909,       503,       376,        30,         0,         0,         0,         0,      -758,    -12525,    -13282,         0,         0,         0,         0,       614,         0,       503,     32644,     53899,     17667,     30192
        70,     50070,178.732675,       2.3,         0,     34923,         0,       171,         5,     80322,         0,       394,        11,     -1547,    -18574,    -20121,     -3558,    -42719,    -46278,     18677,         0,       422,        15,         0,         0,         0,         0,      -760,    -11095,    -11855,         0,         0,         0,         0,         0,         0,         0,     36470,     55043,     19437,     30532
        71,     50071,390.917638,      13.1,       5.1,     33594,         0,       213,         5,    440087,         0,      2785,        67,     -1545,    -20442,    -21987,    -20242,   -267793,   -288036,     17967,         0,       415,        21,     91630,         0,      2118,       108,      -750,    -12031,    -12781,     -3825,    -61358,    -65183,         0,         0,         0,         0,     35140,     55582,     18717,     30748
        72,     50072,321.587136,       8.9,         0,     33986,         0,       260,         3,    302477,         0,      2313,        31,     -1440,    -18509,    -19949,    -12813,   -164729,   -177543,     18209,         0,       401,        24,         0,         0,         0,         0,      -706,    -11094,    -11800,         0,         0,         0,         0,         0,         0,         0,     35426,     53935,     18915,     30009
        73,     50073,482.584758,      12.2,         0,     40787,         0,       295,         0,    497602,         0,      3596,         0,     -1459,    -12415,    -13874,    -17801,   -151464,   -169265,     21703,         0,       379,        17,         0,         0,         0,         0,      -769,     -7951,     -8720,         0,         0,         0,         0,         0,         0,         0,     42246,     54661,     22471,     30423
        74,     50074,432.152016,         0,         0,     30478,       599,       222,         0,         0,         0,         0,         0,     -1510,    -22349,    -23860,         0,         0,         0,     16556,       492,       421,        14,         0,         0,         0,         0,      -752,    -13156,    -13908,         0,         0,         0,         0,       599,         0,       492,     31989,     54338,     17308,     30464
        75,     50075,306.068343,       6.3,         0,     44935,         0,       453,        26,    283087,         0,      2857,       164,     -1458,    -10268,    -11725,     -9182,    -64688,    -73870,     23971,         0,       504,        16,         0,         0,         0,         0,      -772,     -6822,     -7594,         0,         0,         0,         0,         0,         0,         0,     46392,     56660,     24742,     31564
        76,     50076,309.892659,         0,         0,     43715,         0,       812,         1,         0,         0,         0,         0,     -1459,    -12014,    -13473,         0,         0,         0,     23257,         0,       848,         2,         0,         0,         0,         0,      -771,     -7866,     -8637,         0,         0,         0,         0,         0,         0,         0,     45173,     57187,     24029,     31895
        77,     50077,148.878429,       6.3,      26.6,     46649,         0,       555,        32,    293891,         0,      3496,       203,     -1461,    -10201,    -11662,     -9203,    -64269,    -73473,     24906,         0,       610,        23,    662489,         0,     16235,       617,      -775,     -6748,     -7523,    -20605,   -179500,   -200105,         0,         0,         0,         0,     48110,     58312,     25680,     32428
        78,     50078, 78.801540,       7.7,       5.4,     47387,         0,       744,        32,    364878,         0,      5732,       249,     -1462,    -10189,    -11651,    -11254,    -78456,    -89710,     25325,         0,       822,        23,    136755,         0,      4437,       124,      -776,     -6738,     -7514,     -4188,    -36385,    -40574,         0,         0,         0,         0,     48848,     59037,     26101,     32839
        79,     50079,300.491413,         0,         0,     43467,         0,      1050,         3,         0,         0,         0,         0,     -1461,    -14777,    -16238,         0,         0,         0,     23118,         0,      1236,         5,         0,         0,         0,         0,      -770,     -9330,    -10101,         0,         0,         0,         0,         0,         0,         0,     44928,     59705,     23888,     33218
        80,     50080,137.196527,      10.5,       1.0,     49842,         0,       909,        13,    523345,         0,      9543,       137,     -1464,     -9932,    -11396,    -15372,   -104287,   -119659,     26668,         0,      1012,        30,     26668,         0,      1012,        30,      -778,     -6519,     -7297,      -778,     -6519,     -7297,         0,         0,         0,         0,     51306,     61238,     27446,     33965
        81,     50081, 76.984862,       3.6,         0,     49627,         0,       955,        15,    178655,         0,      3439,        53,     -1466,     -9770,    -11235,     -5277,    -35171,    -40447,     26545,         0,      1084,        29,         0,         0,         0,         0,      -778,     -6464,     -7242,         0,         0,         0,         0,         0,         0,         0,     51092,     60862,     27323,     33787
        82,     50082,243.447991,         0,         0,     47770,         0,      1336,         2,         0,         0,         0,         0,     -1463,    -12125,    -13588,         0,         0,         0,     25477,         0,      1523,         7,         0,         0,         0,         0,      -777,     -7821,     -8598,         0,         0,         0,         0,         0,         0,         0,     49233,     61358,     26254,     34075
        83,     50083,117.454634,      11.3,      28.9,     53646,      1350,      1364,        29,    606197,     15251,     15408,       329,     -1467,     -8635,    -10102,    -16574,    -97579,   -114153,     28751,      1216,      1423,        32,    830902,     35148,     41121,       922,      -785,     -5723,     -6508,    -22684,   -165383,   -188067,         0,      1350,         0,      1216,     55112,     63748,     29536,     35258
        84,     50084,109.019533,      12.6,         0,     51754,      1260,      1396,        28,    652100,     15877,     17592,       357,     -1468,     -9899,    -11367,    -18501,   -124727,   -143228,     27716,      1141,      1495,        37,         0,         0,         0,         0,      -785,     -6462,     -7248,         0,         0,         0,         0,      1260,         0,      1141,     53222,     63121,     28501,     34963
        85,     50085,161.115893,         0,         0,     48327,         0,      1651,         2,         0,         0,         0,         0,     -1462,    -13388,    -14850,         0,         0,         0,     25795,         0,      1788,        23,         0,         0,         0,         0,      -777,     -8446,     -9222,         0,         0,         0,         0,         0,         0,         0,     49789,     63177,     26572,     35018
        86,     50086, 71.238881,         0,         0,     55674,      1453,      1759,        66,         0,         0,         0,         0,     -1468,     -8693,    -10161,         0,         0,         0,     29855,      1300,      1747,        18,         0,         0,         0,         0,      -787,     -5700,     -6487,         0,         0,         0,         0,      1453,         0,      1300,     57142,     65835,     30642,     36342
        87,     50087, 87.002913,       8.9,         0,     55486,      1444,      1898,        86,    493828,     12849,     16894,       764,     -1469,     -8748,    -10217,    -13076,    -77855,    -90932,     29750,      1293,      1918,        28,         0,         0,         0,         0,      -786,     -5760,     -6546,         0,         0,         0,         0,      1444,         0,      1293,     56956,     65703,     30536,     36296
        88,     50088,157.893037,       0.8,         0,     57756,      1962,      1744,         0,     46205,      1570,      1395,         0,     -1466,     -9045,    -10511,     -1173,     -7236,     -8408,     30999,      1950,      1601,         2,         0,         0,         0,         0,      -782,     -5810,     -6592,         0,         0,         0,         0,      1962,         0,      1950,     59222,     68267,     31781,     37591
        89,     50089, 77.010635,         0,         0,     58326,      1992,      2191,       391,         0,         0,         0,         0,     -1468,     -8234,     -9702,         0,         0,         0,     31294,      1980,      2020,        23,         0,         0,         0,         0,      -786,     -5413,     -6199,         0,         0,         0,         0,      1992,         0,      1980,     59794,     68028,     32081,     37494
        90,     50090,237.879702,      17.2,     451.7,     56763,      1911,      2872,       470,    976327,     32867,     49403,      8090,     -1467,    -10391,    -11859,    -25237,   -178732,   -203969,     30421,      1899,      2679,        37,  13741115,    857811,   1209941,     16568,      -787,     -6614,     -7401,   -355478,  -2987436,  -3342915,         0,      1911,         0,      1899,     58230,     68622,     31208,     37822
        91,     50091,297.926803,       5.1,         0,     56542,      1421,      1640,         0,    288362,      7245,      8365,         0,     -1464,    -11107,    -12571,     -7465,    -56646,    -64112,     30281,      1274,      1290,        14,         0,         0,         0,         0,      -774,     -6954,     -7727,         0,         0,         0,         0,      1421,         0,      1274,     58005,     69113,     31055,     38009
        92,     50092,325.609117,      11.1,         0,     60092,      2112,      2311,        10,    667023,     23441,     25652,       107,     -1462,     -8718,    -10179,    -16224,    -96767,   -112991,     32159,      2136,      1841,        24,         0,         0,         0,         0,      -781,     -5723,     -6504,         0,         0,         0,         0,      2112,         0,      2136,     61554,     70272,     32940,     38663
        93,     50093,208.990485,      25.5,      29.7,     60238,      2120,      3301,       294,   1536065,     54061,     84168,      7490,     -1465,     -8781,    -10247,    -37364,   -223924,   -261288,     32227,      2144,      2811,        39,    957139,     63678,     83494,      1163,      -784,     -5818,     -6602,    -23299,   -172787,   -196086,         0,      2120,         0,      2144,     61703,     70484,     33011,     38829
        94,     50094, 47.850427,       1.1,         0,     42120,         0,       131,         4,     46332,         0,       144,         5,     -1003,    -12475,    -13478,     -1103,    -13723,    -14826,     22805,         0,       381,        82,         0,         0,         0,         0,      -465,     -7177,     -7642,         0,         0,         0,         0,         0,         0,         0,     43123,     55598,     23270,     30447
        95,     50095, 80.339301,      25.9,         0,     43155,         0,       132,        45,   1117712,         0,      3426,      1175,     -1290,    -10790,    -12080,    -33420,   -279453,   -312874,     23374,         0,       377,       203,         0,         0,         0,         0,      -610,     -6353,     -6964,         0,         0,         0,         0,         0,         0,         0,     44445,     55235,     23984,     30338
        96,     50096,109.877651,      66.8,      13.5,     44719,         0,       139,        75,   2987234,         0,      9274,      4991,     -1453,    -10296,    -11749,    -97050,   -687796,   -784846,     24109,         0,       384,       212,    325469,         0,      5188,      2860,      -709,     -6178,     -6887,     -9566,    -83403,    -92969,         0,         0,         0,         0,     46172,     56468,     24817,     30995
        97,     50097,127.006060,      11.1,       5.4,     43212,         0,       130,         5,    479654,         0,      1439,        60,      -988,    -12895,    -13883,    -10972,   -143131,   -154103,     23424,         0,       348,        96,    126490,         0,      1878,       516,      -463,     -7386,     -7848,     -2499,    -39882,    -42381,         0,         0,         0,         0,     44201,     57095,     23887,     31272
        98,     50098,131.487259,      65.6,         0,     42931,         0,       132,        64,   2816306,         0,      8677,      4181,     -1002,    -13355,    -14357,    -65722,   -876095,   -941816,     23256,         0,       355,       209,         0,         0,         0,         0,      -465,     -7629,     -8094,         0,         0,         0,         0,         0,         0,         0,     43933,     57288,     23721,     31350
        99,     50099,164.701352,      83.1,      62.8,     44370,         0,       142,        76,   3687152,         0,     11784,      6331,     -1449,    -11839,    -13288,   -120387,   -983822,  -1104210,     23930,         0,       367,       216,   1502779,         0,     23044,     13576,      -702,     -6970,     -7672,    -44117,   -437715,   -481832,         0,         0,         0,         0,     45819,     57658,     24632,     31602
       100,     50100, 81.904239,       1.5,         0,     43054,         0,       134,        37,     64582,         0,       201,        55,      -982,    -14440,    -15422,     -1472,    -21660,    -23132,     23338,         0,       342,       129,         0,         0,         0,         0,      -460,     -8231,     -8691,         0,         0,         0,         0,         0,         0,         0,     44036,     58476,     23798,     32029
       101,     50101, 89.409711,         0,         0,     42127,         0,       143,        67,         0,         0,         0,         0,     -1006,    -16244,    -17249,         0,         0,         0,     22791,         0,       359,       135,         0,         0,         0,         0,      -469,     -9225,     -9694,         0,         0,         0,         0,         0,         0,         0,     43132,     59376,     23260,     32485
       102,     50102,134.703219,         0,         0,     48326,         0,       197,        55,         0,         0,         0,         0,     -1513,     -9972,    -11485,         0,         0,         0,     26001,         0,       389,        77,         0,         0,         0,         0,      -735,     -6096,     -6832,         0,         0,         0,         0,         0,         0,         0,     49839,     59811,     26736,     32833
       103,     50103,309.491957,       6.0,         0,     32153,      1188,      2162,         1,    192916,      7127,     12974,         7,     -5446,     -6395,    -11841,    -32674,    -38373,    -71047,     17348,      1117,      1272,        49,         0,         0,         0,         0,     -2701,     -4628,     -7329,         0,         0,         0,       248,      1188,       181,      1117,     37598,     43994,     20049,     24677
       104,     50104, 66.813468,      22.0,       4.7,     42425,      3090,      2114,       318,    933357,     67978,     46498,      6998,     -5573,     -4984,    -10557,   -122604,   -109646,   -232250,     22992,      1813,      1316,       199,    108065,      8523,      6184,       933,     -2901,     -3685,     -6586,    -13636,    -17321,    -30957,      3090,      1265,      1813,      1225,     47998,     52982,     25894,     29579
       105,     50105,238.944380,      46.5,     256.7,     40801,      1221,      2195,       549,   1897250,     56757,    102061,     25513,     -5585,     -4395,     -9980,   -259702,   -204390,   -464093,     22060,      1198,      1339,       285,   5662746,    307474,    343625,     73051,     -2906,     -3425,     -6331,   -745992,   -879093,  -1625085,       940,      1221,       886,      1198,     46386,     50782,     24966,     28390
       106,     50106,257.579565,      95.7,       1.8,     35585,      1237,      2174,       301,   3405478,    118413,    208095,     28800,     -5564,     -5980,    -11544,   -532471,   -572275,  -1104746,     19175,      1103,      1310,       262,     34516,      1986,      2358,       471,     -2829,     -4401,     -7230,     -5092,     -7921,    -13013,       637,      1237,       487,      1103,     41149,     47129,     22004,     26405
       107,     50107,119.781730,     179.0,      13.6,     39373,      1379,      2058,       333,   7047738,    246814,    368326,     59599,     -5616,     -5951,    -11567,  -1005295,  -1065205,  -2070499,     21257,      1252,      1265,       482,    289099,     17025,     17199,      6561,     -2910,     -4323,     -7233,    -39582,    -58789,    -98371,      1379,      1173,      1252,      1092,     44989,     50940,     24168,     28490
       108,     50108,122.081393,      51.5,       5.4,     35895,      1240,      2037,        90,   1848568,     63856,    104928,      4631,     -5572,     -7512,    -13084,   -286972,   -386870,   -673842,     19345,      1077,      1247,       376,    104463,      5817,      6732,      2031,     -2839,     -5247,     -8086,    -15331,    -28334,    -43665,       584,      1240,       569,      1077,     41467,     48979,     22184,     27431
       109,     50109, 32.358391,      22.7,       7.2,     36253,      1252,      1949,        30,    822951,     28418,     44253,       691,     -5585,     -8381,    -13966,   -126774,   -190253,   -317027,     19539,      1107,      1203,       259,    140682,      7973,      8660,      1867,     -2853,     -5722,     -8575,    -20542,    -41200,    -61742,         0,      1252,         0,      1107,     41838,     50219,     22392,     28114
       110,     50110, 48.212860,      15.4,         0,     42320,      3363,      2055,       259,    651723,     51785,     31646,      3987,     -5554,     -5707,    -11261,    -85532,    -87895,   -173426,     22948,      1671,      1298,       169,         0,         0,         0,         0,     -2892,     -4067,     -6959,         0,         0,         0,      3363,      1202,      1671,      1202,     47874,     53581,     25840,     29907
       111,     50111, 46.360753,      32.8,       7.9,     44206,      5688,      2038,       417,   1449948,    186572,     66850,     13685,     -5564,     -4398,     -9962,   -182500,   -144260,   -326760,     23944,      2790,      1279,       349,    189154,     22045,     10101,      2754,     -2900,     -3363,     -6263,    -22913,    -26566,    -49479,      5688,      1265,      2790,      1251,     49770,     54168,     26844,     30207
       112,     50112, 53.846448,      33.7,     132.0,     43896,      5493,      2014,       497,   1479286,    185124,     67881,     16733,     -5564,     -4413,     -9977,   -187500,   -148730,   -336229,     23759,      2751,      1259,       564,   3136133,    363129,    166147,     74465,     -2900,     -3398,     -6298,   -382789,   -448498,   -831287,      5493,      1252,      2751,      1213,     49460,     53873,     26659,     30056
       113,     50113, 79.928715,      74.5,      10.8,     39835,      2633,      1973,       342,   2967724,    196172,    146988,     25483,     -5619,     -7094,    -12713,   -418649,   -528489,   -947137,     21513,      1680,      1230,       555,    232339,     18140,     13282,      5992,     -2917,     -4937,     -7853,    -31499,    -53317,    -84816,      2633,      1184,      1680,      1088,     45455,     52548,     24429,     29366
       114,     50114, 29.016188,       9.7,         0,     39665,      1244,      1933,       145,    384749,     12070,     18750,      1408,     -5552,     -6897,    -12449,    -53851,    -66903,   -120755,     21395,      1092,      1203,       435,         0,         0,         0,         0,     -2877,     -4861,     -7739,         0,         0,         0,         0,      1244,         0,      1092,     45217,     52114,     24272,     29134
       115,     50115, 88.643161,         0,         0,     34982,      1215,      1877,        47,         0,         0,         0,         0,     -5552,    -10735,    -16287,         0,         0,         0,     18846,      1080,      1183,       288,         0,         0,         0,         0,     -2813,     -7034,     -9847,         0,         0,         0,       717,      1215,       724,      1080,     40534,     51269,     21659,     28693
       116,     50116,111.886742,       3.4,       2.0,     43355,      3195,      1953,       306,    147408,     10864,      6639,      1041,     -5533,     -5783,    -11316,    -18811,    -19664,    -38474,     23455,      1669,      1333,       178,     46910,      3338,      2665,       355,     -2881,     -4147,     -7029,     -5763,     -8295,    -14057,      3195,      1309,      1669,      1327,     48888,     54671,     26336,     30484
       117,     50117, 87.561090,       5.6,      70.7,     45616,      5164,      1945,       531,    255447,     28918,     10890,      2971,     -5546,     -4414,     -9959,    -31056,    -24716,    -55772,     24674,      2610,      1309,       331,   1744474,    184526,     92548,     23393,     -2894,     -3384,     -6278,   -204593,   -239257,   -443850,      5164,      1333,      2610,      1304,     51161,     55575,     27568,     30952
       118,     50118, 97.992727,     155.8,     212.7,     45520,      5242,      1922,       598,   7091945,    816691,    299503,     93160,     -5544,     -4373,     -9917,   -863828,   -681249,  -1545078,     24620,      2937,      1284,       439,   5236756,    624721,    273046,     93296,     -2894,     -3369,     -6264,   -615569,   -716680,  -1332248,      5242,      1328,      2937,      1299,     51064,     55437,     27514,     30884
       119,     50119, 77.873140,      75.9,      18.9,     41851,      3026,      1912,       454,   3176528,    229645,    145129,     34440,     -5533,     -5720,    -11253,   -419979,   -434133,   -854111,     22598,      2071,      1235,       510,    427111,     39146,     23338,      9647,     -2881,     -4195,     -7076,    -54448,    -79292,   -133741,      3026,      1253,      2071,      1171,     47385,     53105,     25479,     29675
       120,     50120, 63.183724,      27.1,         0,     41982,      3640,      1833,       493,   1137720,     98637,     49678,     13348,     -5534,     -6772,    -12305,   -149963,   -183510,   -333473,     22648,      2329,      1270,       410,         0,         0,         0,         0,     -2881,     -4770,     -7651,         0,         0,         0,      3640,      1256,      2329,      1178,     47516,     54288,     25529,     30299
       121,     50121, 64.497638,       5.6,         0,     39813,      1212,      1781,        77,    222955,      6785,      9971,       434,     -5528,     -7735,    -13263,    -30955,    -43316,    -74270,     21443,      1124,      1215,       224,         0,         0,         0,         0,     -2867,     -5354,     -8221,         0,         0,         0,      1201,      1212,      1120,      1124,     45341,     53076,     24309,     29663
       122,     50122, 84.750122,       1.4,         0,     44954,      5268,      1808,       362,     62936,      7375,      2532,       507,     -5501,     -5624,    -11125,     -7701,     -7874,    -15575,     24286,      2641,      1467,       160,         0,         0,         0,         0,     -2869,     -4080,     -6949,         0,         0,         0,      5268,      1378,      2641,      1374,     50455,     56079,     27155,     31235
       123,     50123, 77.887849,      19.1,     181.1,     47278,      5508,      1791,       413,    903016,    105207,     34199,      7884,     -5518,     -4287,     -9805,   -105396,    -81885,   -187282,     25548,      2949,      1427,       250,   4626779,    534094,    258512,     45289,     -2879,     -3325,     -6204,   -521408,   -602100,  -1123509,      5508,      1492,      2949,      1452,     52796,     57084,     28427,     31752
       124,     50124,118.888521,      57.6,      10.3,     43705,      3258,      1741,       336,   2517421,    187680,    100299,     19376,     -5535,     -6985,    -12520,   -318810,   -402328,   -721138,     23592,      2062,      1381,       239,    242993,     21238,     14225,      2462,     -2885,     -4839,     -7723,    -29712,    -49839,    -79551,      3258,      1316,      2062,      1304,     49240,     56225,     26476,     31315
       125,     50125, 33.114656,      22.4,         0,     55058,      1993,      5384,       101,   1233307,     44642,    120606,      2264,     -5161,     -6962,    -12123,   -115599,   -155956,   -271554,     29598,      1565,      5341,       566,         0,         0,         0,         0,     -2719,     -4613,     -7333,         0,         0,         0,         0,      1993,         0,      1565,     60219,     67181,     32317,     36931
       126,     50126, 39.649185,      20.6,       2.0,     54848,      6682,      5243,       192,   1129873,    137641,    107998,      3962,     -5164,     -6712,    -11876,   -106375,   -138266,   -244641,     29482,      3070,      5358,       699,     58964,      6140,     10716,      1398,     -2720,     -4500,     -7220,     -5440,     -9000,    -14440,      6682,      1986,      3070,      1578,     60012,     66724,     32202,     36702
       127,     50127, 67.196010,     134.3,      13.0,     57838,     11154,      5124,       352,   7767647,   1498042,    688118,     47324,     -5237,     -4074,     -9311,   -703284,   -547130,  -1250414,     31067,      5323,      5428,       832,    403871,     69202,     70560,     10818,     -2788,     -3112,     -5900,    -36249,    -40456,    -76705,     11154,      1945,      5323,      1580,     63075,     67149,     33855,     36967
       128,     50128,145.832474,     294.4,     176.1,     57024,      9183,      5056,       333,  16787883,   2703416,   1488607,     98156,     -5253,     -4502,     -9754,  -1546338,  -1325301,  -2871640,     30625,      4363,      5513,       827,   5393064,    768262,    970835,    145631,     -2794,     -3364,     -6158,   -491966,   -592450,  -1084416,      9183,      1887,      4363,      1485,     62277,     66778,     33419,     36783
       129,     50129,167.040245,      78.2,       4.4,     51062,      4011,      4859,       269,   3993055,    313675,    380006,     21066,     -5314,     -8535,    -13850,   -415563,   -667473,  -1083037,     27362,      1885,      5529,       689,    120392,      8292,     24327,      3033,     -2796,     -5656,     -8452,    -12303,    -24886,    -37189,      4011,      1784,      1885,      1386,     56376,     64912,     30158,     35814
       130,     50130,136.102226,      96.3,       6.1,     51128,      1760,      4567,        52,   4923638,    169530,    439758,      5002,     -5312,     -8128,    -13440,   -511510,   -782755,  -1294266,     27422,      1381,      5427,       309,    167277,      8421,     33105,      1886,     -2793,     -5452,     -8245,    -17037,    -33259,    -50296,         0,      1760,         0,      1381,     56440,     64568,     30215,     35668
       131,     50131,142.597825,     150.1,         0,     55968,      1875,      5748,        83,   8400769,    281479,    862743,     12410,     -4601,     -7430,    -12032,   -690666,  -1115279,  -1805945,     30152,      1638,      5428,       526,         0,         0,         0,         0,     -2408,     -4814,     -7222,         0,         0,         0,         0,      1875,         0,      1638,     60569,     67999,     32560,     37374
       132,     50132, 26.944225,      27.8,      11.5,     56915,      7042,      5608,       381,   1582241,    195769,    155907,     10603,     -5129,     -5587,    -10716,   -142582,   -155309,   -297891,     30610,      3191,      5547,       874,    352017,     36699,     63793,     10047,     -2713,     -3874,     -6587,    -31197,    -44548,    -75745,      7042,      1895,      3191,      1563,     62044,     67631,     33323,     37197
       133,     50133, 26.893345,      62.7,         0,     58328,     12981,      5663,       695,   3657160,    813881,    355055,     43559,     -5175,     -4259,     -9434,   -324465,   -267044,   -591510,     31328,      5846,      5700,      1099,         0,         0,         0,         0,     -2754,     -3202,     -5956,         0,         0,         0,     12981,      1959,      5846,      1442,     63503,     67762,     34082,     37284
       134,     50134, 27.592058,      57.2,       2.7,     58317,     12859,      5646,       671,   3335704,    735562,    322959,     38376,     -5177,     -4265,     -9443,   -296140,   -243982,   -540122,     31306,      5799,      5798,      1153,     84526,     15657,     15656,      3112,     -2760,     -3224,     -5983,     -7451,     -8704,    -16155,     12859,      1981,      5799,      1399,     63494,     67759,     34065,     37289
       135,     50135, 28.032442,      37.1,         0,     55184,      8406,      5721,       609,   2047310,    311863,    212251,     22589,     -5275,     -6957,    -12232,   -195715,   -258103,   -453817,     29612,      4300,      5907,      1185,         0,         0,         0,         0,     -2795,     -4687,     -7482,         0,         0,         0,      8406,      1734,      4300,      1368,     60459,     67416,     32408,     37095
       136,     50136, 75.411303,      33.1,      29.3,     54201,      2057,      5440,       245,   1794041,     68077,    180061,      8106,     -5296,     -7478,    -12774,   -175291,   -247517,   -422808,     29077,      1697,      5886,       844,    851966,     49711,    172457,     24731,     -2801,     -5002,     -7804,    -82077,   -146569,   -228646,      2057,      1944,      1697,      1446,     59496,     66974,     31879,     36881
       137,     50137, 54.240547,      83.7,       9.3,     57845,      6105,      6026,       574,   4841640,    510960,    504401,     48013,     -5111,     -5607,    -10718,   -427803,   -469293,   -897096,     31105,      3085,      5761,       960,    289274,     28690,     53579,      8929,     -2709,     -3879,     -6588,    -25191,    -36073,    -61264,      6105,      1957,      3085,      1542,     62956,     68563,     33813,     37692
       138,     50138, 53.904056,      90.1,      36.7,     59329,      9632,      6066,       851,   5345586,    867881,    546559,     76636,     -5136,     -4193,     -9329,   -462740,   -377819,   -840558,     31864,      4960,      5917,      1182,   1169412,    182047,    217154,     43372,     -2735,     -3157,     -5892,   -100392,   -115845,   -216237,      9632,      9321,      4960,      3875,     64465,     68659,     34600,     37756
       139,     50139, 81.118168,     134.2,     154.9,     59209,      9229,      6182,       951,   7945843,   1238586,    829651,    127630,     -5139,     -4544,     -9683,   -689610,   -609788,  -1299398,     31786,      4873,      6090,      1287,   4923708,    754754,    943323,    199393,     -2741,     -3357,     -6097,   -424513,   -519982,   -944494,      8818,      9229,      4873,      3744,     64348,     68892,     34527,     37884
       140,     50140, 32.111194,      41.5,       2.0,     56954,      5023,      6229,       820,   2363578,    208474,    258501,     34013,     -5135,     -5780,    -10915,   -213116,   -239859,   -452975,     30548,      4241,      6204,      1238,     61096,      8481,     12408,      2476,     -2726,     -4063,     -6789,     -5452,     -8125,    -13577,      5023,      1781,      4241,      1336,     62089,     67869,     33274,     37337
       141,     50141,152.460685,     109.3,      21.7,     56652,      1637,      6749,       238,   6192031,    178971,    737661,     25970,     -4066,     -7564,    -11630,   -444397,   -826741,  -1271139,     30513,      1413,      5886,       572,    662129,     30663,    127715,     12423,     -2131,     -4870,     -7001,    -46244,   -105679,   -151922,         0,      1637,         0,      1413,     60718,     68282,     32644,     37514
       142,     50142, 26.240445,      47.6,       3.7,     56672,      2552,      6504,       710,   2697596,    121467,    309579,     33785,     -5012,     -7325,    -12337,   -238548,   -348687,   -587236,     30485,      2378,      5990,       986,    112795,      8799,     22164,      3648,     -2649,     -4779,     -7428,     -9802,    -17682,    -27483,      2552,      1867,      2378,      1543,     61684,     69009,     33134,     37913
       143,     50143, 26.366873,      25.7,     184.3,     59801,     10344,      6542,       867,   1536897,    265833,    168128,     22274,     -5057,     -4213,     -9270,   -129961,   -108280,   -238241,     32105,      5732,      6156,      1165,   5916929,   1056381,   1134532,    214739,     -2697,     -3172,     -5869,   -497029,   -584674,  -1081703,     10344,      9070,      5732,      3791,     64858,     69072,     34802,     37974
       144,     50144, 53.180967,      80.5,       6.2,     56832,      7845,      6967,       782,   4574956,    631494,    560830,     62968,     -4539,     -7186,    -11725,   -365368,   -578508,   -943875,     30545,      3820,      6216,       957,    189377,     23686,     38536,      5936,     -2407,     -4716,     -7123,    -14923,    -29240,    -44163,      7845,      1648,      3820,      1481,     61370,     68557,     32952,     37668
       145,     50145, 53.017441,      97.1,     281.6,     60847,     13706,      7038,       982,   5908236,   1330837,    683427,     95362,     -4984,     -4084,     -9068,   -483902,   -396600,   -880503,     32640,      6476,      6411,      1257,   9191332,   1823710,   1805471,    354013,     -2664,     -3123,     -5787,   -750198,   -879330,  -1629528,     13706,      9273,      6476,      3800,     65830,     69915,     35304,     38426
       146,     50146, 81.537916,     136.1,     119.5,     60705,     14762,      7268,      1321,   8261891,   2009121,    989242,    179838,     -4989,     -4462,     -9451,   -678993,   -607223,  -1286216,     32555,      6830,      6632,      1398,   3890368,    816208,    792474,    167009,     -2668,     -3334,     -6002,   -318840,   -398402,   -717242,     14762,      9283,      6830,      3776,     65693,     70155,     35223,     38557
       147,     50147, 37.153355,      86.9,       4.6,     58402,     11556,      7247,      1230,   5075145,   1004180,    629794,    106878,     -4905,     -5819,    -10724,   -426234,   -505669,   -931903,     31372,      6518,      6704,      1371,    144310,     29985,     30838,      6307,     -2548,     -4070,     -6618,    -11721,    -18724,    -30444,     11556,      2658,      6518,      1912,     63307,     69126,     33920,     37990
       148,     50148, 97.162795,     149.4,      10.9,     53277,      2662,      5754,       237,   7959534,    397726,    859582,     35451,     -5043,     -7714,    -12757,   -753445,  -1152497,  -1905942,     28854,      2149,      6072,       832,    314506,     23424,     66185,      9067,     -2492,     -4919,     -7411,    -27160,    -53621,    -80781,      2461,      2662,      2149,      1877,     58320,     66034,     31346,     36265
       149,     50149, 29.857970,      26.2,         0,     56793,      5591,      6744,       913,   1487981,    146496,    176700,     23931,     -5104,     -6932,    -12036,   -133714,   -181630,   -315345,     30527,      4635,      6541,      1253,         0,         0,         0,         0,     -2635,     -4665,     -7300,         0,         0,         0,      5591,      2753,      4635,      1873,     61897,     68829,     33162,     37827
       150,     50150, 35.813026,      88.5,         0,     56142,      3864,      6506,       565,   4968570,    341997,    575806,     50007,     -5057,     -7174,    -12231,   -447528,   -634934,  -1082461,     30241,      3284,      6488,      1105,         0,         0,         0,         0,     -2554,     -4760,     -7314,         0,         0,         0,      3864,      2883,      3284,      1854,     61199,     68373,     32795,     37555
       151,     50151, 57.861916,      92.8,      29.7,     51029,      2697,      5588,       101,   4735487,    250301,    518596,      9412,     -4802,     -9591,    -14392,   -445589,   -890026,  -1335615,     27945,      1919,      6078,       643,    829972,     56981,    180519,     19095,     -2239,     -5780,     -8019,    -66508,   -171654,   -238162,         0,      2697,         0,      1919,     55831,     65421,     30185,     35964
       152,     50152, 16.373780,      37.3,       1.2,     50838,      2413,      5792,        81,   1896242,     90006,    216041,      3039,     -3934,    -10533,    -14467,   -146732,   -392894,   -539625,     28121,      1641,      6256,       619,     33745,      1970,      7507,       742,     -1725,     -6008,     -7732,     -2069,     -7209,     -9279,         0,      2413,         0,      1641,     54771,     65305,     29845,     35853
       153,     50153,141.128341,      64.3,       8.4,     50102,      2369,      5212,        48,   3221577,    152330,    335148,      3077,     -3933,    -10317,    -14250,   -252920,   -663360,   -916280,     27729,      1676,      5951,       342,    232925,     14076,     49987,      2874,     -1722,     -5938,     -7660,    -14465,    -49879,    -64344,         0,      2369,         0,      1676,     54036,     64352,     29451,     35389
       154,     50154, 37.214502,     101.3,     163.1,     58406,      5840,      7492,       982,   5916505,    591583,    758914,     99505,     -4856,     -6174,    -11031,   -491922,   -625471,  -1117393,     31387,      4644,      6881,      1328,   5119141,    757397,   1122346,    216657,     -2483,     -4282,     -6766,   -405016,   -698440,  -1103457,      5840,      2713,      4644,      2029,     63262,     69436,     33870,     38152
       155,     50155, 47.420745,      83.5,       2.5,     56985,      3699,      7363,       722,   4758275,    308848,    614849,     60246,     -4785,     -7353,    -12138,   -399516,   -613978,  -1013494,     30717,      3213,      6926,      1174,     76792,      8032,     17314,      2936,     -2383,     -4787,     -7169,     -5957,    -11966,    -17923,      3699,      2785,      3213,      1855,     61770,     69123,     33100,     37886
       156,     50156,172.324857,      35.8,      11.6,     49893,      2249,      6379,       256,   1786175,     80525,    228380,      9179,     -4247,    -11921,    -16168,   -152046,   -426755,   -578801,     27441,      1888,      6529,       993,    318320,     21897,     75732,     11524,     -1922,     -6937,     -8859,    -22293,    -80468,   -102761,      2112,      2249,      1888,      1625,     54140,     66061,     29363,     36300
       157,     50157, 31.910010,      53.9,       5.9,     54375,      2476,      6805,       127,   2930796,    133441,    366812,      6847,     -4370,     -8826,    -13196,   -235562,   -475718,   -711280,     29594,      1526,      6828,       916,    174606,      9005,     40285,      5402,     -2087,     -5333,     -7420,    -12315,    -31465,    -43780,         0,      2476,         0,      1526,     58745,     67571,     31681,     37015
       158,     50158,157.857901,      93.0,         0,     52470,      2409,      6022,        47,   4879672,    224050,    560014,      4406,     -4321,     -9579,    -13900,   -401845,   -890874,  -1292719,     28660,      1542,      6501,       512,         0,         0,         0,         0,     -2043,     -5868,     -7911,         0,         0,         0,         0,      2409,         0,      1542,     56790,     66370,     30703,     36571
       159,     50159, 95.702716,       9.4,      18.7,     59843,      9396,      8549,       106,    562523,     88321,     80358,       999,     -3255,     -7372,    -10626,    -30596,    -69293,    -99888,     32151,      4114,      6478,       187,    601224,     76938,    121136,      3494,     -1724,     -4813,     -6537,    -32236,    -89998,   -122234,         0,      9396,         0,      4114,     63098,     70469,     33875,     38688
       160,     50160, 98.125029,      14.9,      41.1,     60231,      9450,      8752,       372,    897447,    140805,    130405,      5540,     -3675,     -6493,    -10168,    -54752,    -96749,   -151502,     32304,      4174,      6764,       414,   1327689,    171543,    278014,     17020,     -1970,     -4380,     -6350,    -80979,   -180018,   -260997,         0,      9450,         0,      4174,     63906,     70399,     34274,     38654
       161,     50161, 53.291675,      52.4,         0,     59803,      9165,      8050,       802,   3133678,    480242,    421811,     42027,     -4793,     -5569,    -10363,   -251168,   -291836,   -543004,     32093,      4013,      6683,       836,         0,         0,         0,         0,     -2549,     -3897,     -6447,         0,         0,         0,      7957,      9165,      3924,      4013,     64596,     70166,     34642,     38539
       162,     50162, 52.719294,      80.5,      25.6,     61875,     13888,      8175,      1222,   4980931,   1117971,    658113,     98372,     -4849,     -4007,     -8856,   -390337,   -322559,   -712896,     33160,      6387,      6902,      1261,    848889,    163507,    176694,     32280,     -2595,     -3119,     -5714,    -66435,    -79835,   -146271,     13888,      9625,      6387,      4017,     66724,     70731,     35755,     38873
       163,     50163, 54.234771,      11.4,      25.8,     60734,      9468,      9650,       926,    692373,    107936,    110009,     10557,     -4099,     -5840,     -9938,    -46723,    -66570,   -113294,     32555,      4275,      7240,       658,    839929,    110306,    186804,     16965,     -2193,     -4063,     -6257,    -56582,   -104836,   -161419,      8074,      9468,      4275,      4127,     64833,     70673,     34748,     38812
       164,     50164, 64.401459,     148.7,     137.9,     62782,     11914,      9770,      1652,   9335707,   1771637,   1452742,    245677,     -4662,     -4051,     -8713,   -693178,   -602439,  -1295617,     33620,      6447,      7463,      1122,   4636187,    889002,   1029087,    154682,     -2503,     -3169,     -5672,   -345203,   -436939,   -782142,     11914,      9832,      6447,      4198,     67444,     71495,     36123,     39292
       165,     50165, 39.454876,      84.2,         0,     61220,     12125,      8477,      1594,   5154700,   1020935,    713751,    134204,     -4887,     -4779,     -9666,   -411502,   -402353,   -813855,     32801,      6220,      7189,      1485,         0,         0,         0,         0,     -2616,     -3530,     -6147,         0,         0,         0,     12125,      9484,      6220,      3994,     66107,     70885,     35417,     38948
       166,     50166, 64.279147,     215.5,      40.1,     62751,     11824,      9707,      1968,  13522737,   2548022,   2091842,    424015,     -4670,     -4033,     -8703,  -1006355,   -869156,  -1875511,     33599,      6417,      7622,      1352,   1347314,    257303,    305629,     54199,     -2511,     -3158,     -5669,   -100703,   -126635,   -227337,     11824,      9822,      6417,      4173,     67420,     71454,     36110,     39268
       167,     50167, 84.486733,      65.2,     432.0,     59749,      9195,      9237,      1123,   3895643,    599542,    602224,     73250,     -4653,     -5981,    -10634,   -303358,   -389983,   -693341,     32112,      5177,      7615,      1366,  13872480,   2236277,   3289534,    590012,     -2371,     -4154,     -6525,  -1024341,  -1794665,  -2819006,      7948,      9195,      5177,      3869,     64402,     70383,     34483,     38638
       168,     50168, 83.532625,     200.3,      27.2,     56681,      3110,      8690,       712,  11353283,    622937,   1740512,    142633,     -4471,     -7869,    -12340,   -895521,  -1576105,  -2471626,     30691,      2680,      7522,       999,    834798,     72889,    204593,     27164,     -2199,     -4925,     -7124,    -59812,   -133965,   -193777,      3110,      2551,      2680,      1845,     61152,     69021,     32890,     37815
       169,     50169, 40.232568,     100.6,      16.2,     56604,      2638,      8380,       458,   5694396,    265358,    842984,     46081,     -4350,     -8216,    -12566,   -437637,   -826530,  -1264166,     30737,      1659,      7460,       841,    497943,     26882,    120860,     13630,     -2098,     -4965,     -7062,    -33981,    -80432,   -114412,      1982,      2638,      1659,      1630,     60955,     69171,     32835,     37800
       170,     50170, 60.203014,     126.8,      17.5,     56522,      2652,      8162,       172,   7167041,    336215,   1034978,     21777,     -4303,     -8215,    -12518,   -545571,  -1041722,  -1587293,     30684,      1544,      7402,       754,    536971,     27014,    129527,     13197,     -2068,     -5149,     -7217,    -36190,    -90110,   -126300,         0,      2652,         0,      1544,     60825,     69040,     32752,     37901
       171,     50171, 98.091981,     128.6,       5.5,     54869,      2594,      7429,        52,   7056217,    333569,    955426,      6743,     -4329,     -9209,    -13539,   -556765,  -1184322,  -1741087,     29797,      1707,      7141,       506,    163886,      9391,     39275,      2784,     -2076,     -5728,     -7804,    -11419,    -31502,    -42921,         0,      2594,         0,      1707,     59199,     68408,     31874,     37601
       172,     50172, 97.247138,       1.8,         0,     60334,      9580,     12053,       273,    108602,     17245,     21696,       492,     -3528,     -8885,    -12413,     -6351,    -15992,    -22343,     32349,      4180,      7605,        45,         0,         0,         0,         0,     -1885,     -5711,     -7597,         0,         0,         0,      3822,      9580,      1777,      4180,     63862,     72747,     34234,     39946
       173,     50173, 88.937681,       1.9,         0,     62138,     10138,     12550,      1184,    118063,     19263,     23845,      2250,     -4019,     -5612,     -9631,     -7636,    -10663,    -18299,     33240,      4971,      8162,       375,         0,         0,         0,         0,     -2161,     -4013,     -6174,         0,         0,         0,      9923,     10138,      4971,      4553,     66157,     71769,     35401,     39414
       174,     50174,112.170998,       6.0,     592.5,     64262,     16641,     12648,      1598,    385572,     99848,     75887,      9587,     -4323,     -3969,     -8293,    -25941,    -23815,    -49755,     34376,      7902,      8463,       757,  20367611,   4682226,   5014147,    448461,     -2348,     -3171,     -5518,  -1390909,  -1878794,  -3269703,     16641,     10044,      7902,      4554,     68585,     72555,     36723,     39894
       175,     50175, 55.681280,     220.3,      48.9,     63941,     16135,     11497,      1975,  14086160,   3554581,   2532761,    435155,     -4344,     -3666,     -8010,   -956913,   -807633,  -1764546,     34216,      7705,      8281,      1015,   1673157,    376770,    404937,     49613,     -2342,     -2988,     -5330,   -114503,   -146136,   -260639,     16135,      9889,      7705,      4316,     68284,     71951,     36557,     39546
       176,     50176, 49.067301,     166.6,     657.8,     64070,     16259,     13252,      1690,  10674050,   2708754,   2207713,    281635,     -4332,     -4370,     -8702,   -721768,   -728000,  -1449767,     34292,      7931,      8936,       713,  22557400,   5217170,   5877933,    469243,     -2326,     -3394,     -5720,  -1530015,  -2232830,  -3762845,     16259,      9984,      7931,      4449,     68402,     72772,     36618,     40013
       177,     50177,111.923928,      10.3,      32.4,     61231,      9623,     11787,      1427,    630684,     99116,    121404,     14697,     -3843,     -5780,     -9623,    -39580,    -59535,    -99115,     32773,      5449,      8587,       899,   1061845,    176545,    278207,     29114,     -2006,     -4120,     -6127,    -65007,   -133495,   -198502,      9623,      9483,      5449,      3929,     65074,     70854,     34779,     38900
       178,     50178, 60.845089,         0,      91.9,     66451,     11170,     15909,      1531,         0,         0,         0,         0,     -3610,     -3366,     -6976,         0,         0,         0,     35514,      6419,      9650,       268,   3263746,    589891,    886813,     24635,     -2041,     -2899,     -4940,   -187571,   -266386,   -453958,     11170,     10684,      6419,      4817,     70061,     73427,     37555,     40454
       179,     50179, 45.133204,       8.3,         0,     65214,     12415,     15246,      1388,    541278,    103046,    126541,     11523,     -3957,     -4081,     -8038,    -32840,    -33876,    -66715,     34858,      6861,      9717,       447,         0,         0,         0,         0,     -2177,     -3271,     -5449,         0,         0,         0,     12415,     10359,      6861,      4670,     69171,     73252,     37036,     40307
       180,     50180, 98.304779,       5.9,         0,     62846,     10410,     14680,       671,    370792,     61419,     86613,      3957,     -3646,     -6380,    -10026,    -21510,    -37643,    -59153,     33750,      4505,      9759,       371,         0,         0,         0,         0,     -1872,     -4368,     -6240,         0,         0,         0,      7203,     10410,      4070,      4505,     66492,     72872,     35621,     39989
       181,     50181,199.793008,         0,         0,     59588,      9104,     12210,       200,         0,         0,         0,         0,     -3532,     -8320,    -11853,         0,         0,         0,     32249,      3476,      8942,       290,         0,         0,         0,         0,     -1707,     -5163,     -6870,         0,         0,         0,      2060,      9104,      1632,      3476,     63120,     71440,     33956,     39119
       182,     50182,153.026820,       7.6,      19.0,     59554,      9059,     11546,        51,    452610,     68847,     87753,       389,     -3533,     -7936,    -11469,    -26850,    -60312,    -87162,     32230,      3285,      8772,       263,    612378,     62422,    166659,      4996,     -1706,     -4961,     -6667,    -32422,    -94258,   -126680,         0,      9059,         0,      3285,     63087,     71023,     33937,     38898
       183,     50183, 46.527589,         0,         0,     67363,     11066,     18185,      1403,         0,         0,         0,         0,     -3363,     -3340,     -6703,         0,         0,         0,     36024,      5404,     10464,       112,         0,         0,         0,         0,     -1942,     -2885,     -4828,         0,         0,         0,      7474,     11066,      5404,      5230,     70726,     74066,     37966,     40851
       184,     50184, 95.014446,         0,         0,     64513,     11024,     20820,       937,         0,         0,         0,         0,     -3563,     -6641,    -10204,         0,         0,         0,     34491,      5123,     11054,         6,         0,         0,         0,         0,     -1943,     -4754,     -6697,         0,         0,         0,      9937,     11024,      5123,      5107,     68076,     74717,     36433,     41188
       185,     50185, 86.705132,         0,     193.5,     67910,     13672,     24347,       961,         0,         0,         0,         0,     -2826,     -3844,     -6671,         0,         0,         0,     36213,      6397,     12221,         5,   7007270,   1237724,   2364803,       955,     -1680,     -3253,     -4933,   -324999,   -629505,   -954504,     13672,     10817,      6397,      4961,     70737,     74581,     37893,     41146
       186,     50186, 80.812190,       1.0,     557.3,     68272,     16021,     22534,      1306,     68272,     16021,     22534,      1306,     -3103,     -3296,     -6399,     -3103,     -3296,     -6399,     36502,      7823,     12032,       105,  20342632,   4359742,   6705655,     58346,     -1833,     -2871,     -4705,  -1021783,  -1600042,  -2621825,     16021,     11347,      7823,      5253,     71375,     74671,     38336,     41207
       187,     50187, 88.690875,         0,       5.6,     67057,     10913,     18494,      1454,         0,         0,         0,         0,     -3446,     -3409,     -6855,         0,         0,         0,     35842,      5498,     10888,       262,    200712,     30788,     60973,      1468,     -1979,     -2927,     -4906,    -11084,    -16390,    -27474,      7631,     10913,      5498,      5017,     70503,     73912,     37821,     40748
       188,     50188, 49.875137,       3.4,         0,     64157,     10140,     17704,       891,    218133,     34477,     60193,      3028,     -3706,     -5929,     -9635,    -12601,    -20158,    -32759,     34373,      4686,     10811,       365,         0,         0,         0,         0,     -1922,     -4323,     -6245,         0,         0,         0,      5938,     10140,      3880,      4686,     67863,     73792,     36295,     40618
       189,     50189, 44.406457,       9.4,         0,     63228,     10490,     17102,       310,    594347,     98602,    160762,      2915,     -3633,     -6776,    -10409,    -34153,    -63695,    -97848,     33958,      4540,     10736,       406,         0,         0,         0,         0,     -1867,     -4650,     -6517,         0,         0,         0,      3339,     10490,      2156,      4540,     66862,     73638,     35825,     40475
       190,     50190, 46.620080,       7.1,         0,     61833,     10129,     16336,        76,    439013,     71913,    115987,       537,     -3597,     -7639,    -11236,    -25541,    -54237,    -79779,     33286,      4209,     10567,       392,         0,         0,         0,         0,     -1821,     -5064,     -6885,         0,         0,         0,       834,     10129,       447,      4209,     65430,     73069,     35107,     40171
       191,     50191, 37.558327,      55.6,      27.1,     63697,     10355,     20154,       897,   3541545,    575721,   1120541,     49867,     -3298,     -6536,     -9833,   -183347,   -363392,   -546739,     34196,      4643,     11717,       480,    926702,    125818,    317521,     13012,     -1712,     -4611,     -6322,    -46382,   -124945,   -171327,      4360,     10355,      3063,      4643,     66994,     73530,     35907,     40518
       192,     50192, 43.965248,      40.2,       3.5,     64454,     10562,     19542,       516,   2591064,    424609,    785569,     20728,     -3273,     -5598,     -8871,   -131587,   -225048,   -356634,     34577,      4725,     11651,       626,    121021,     16539,     40780,      2190,     -1706,     -4116,     -5823,     -5972,    -14407,    -20379,      3855,     10562,      3084,      4725,     67728,     73326,     36284,     40400
       193,     50193, 67.949009,      92.3,      12.5,     63068,     10001,     18345,       203,   5821132,    923072,   1693287,     18710,     -3225,     -6957,    -10183,   -297691,   -642156,   -939847,     33981,      4177,     11351,       609,    424765,     52217,    141893,      7610,     -1622,     -4626,     -6248,    -20278,    -57823,    -78102,      2883,     10001,      2381,      4177,     66293,     73250,     35604,     40229
       194,     50194, 71.744471,         0,     150.1,     67734,     17751,     23382,      1324,         0,         0,         0,         0,     -3162,     -3823,     -6985,         0,         0,         0,     36186,      8172,     12538,       289,   5431476,   1226585,   1881905,     43349,     -1854,     -3176,     -5030,   -278326,   -476681,   -755007,     17751,     11157,      8172,      5179,     70895,     74719,     38040,     41216
       195,     50195, 76.923944,      48.4,     374.3,     66590,     13693,     23331,      1067,   3222942,    662750,   1129234,     51647,     -2783,     -4630,     -7413,   -134697,   -224083,   -358780,     35596,      7323,     12799,       567,  13323556,   2740928,   4790852,    212329,     -1536,     -3695,     -5232,   -575108,  -1383074,  -1958181,     13693,     10658,      7323,      4581,     69373,     74003,     37132,     40828
       196,     50196,104.431367,     135.7,       1.8,     66265,     10553,     23177,       695,   8992128,   1431996,   3145172,     94290,     -2772,     -5052,     -7825,   -376226,   -685582,  -1061808,     35479,      5753,     12936,       790,     63863,     10356,     23285,      1422,     -1511,     -3856,     -5367,     -2720,     -6940,     -9660,      7664,     10553,      5753,      4638,     69037,     74089,     36990,     40846
       197,     50197, 11.547640,      17.0,      45.3,     65459,     10719,     23869,       390,   1112799,    182222,    405778,      6633,     -2804,     -6110,     -8915,    -47671,   -103877,   -151548,     35116,      5973,     13327,       867,   1590760,    270574,    603717,     39274,     -1469,     -4339,     -5807,    -66531,   -196535,   -263066,      8044,     10719,      5973,      4837,     68263,     74373,     36585,     40923
       198,     50198, 85.566016,     150.0,      30.0,     64576,     10377,     21695,       291,   9686368,   1556607,   3254207,     43604,     -2809,     -6292,     -9101,   -421381,   -943779,  -1365161,     34688,      4691,     12646,       808,   1040636,    140722,    379388,     24233,     -1438,     -4312,     -5749,    -43127,   -129357,   -172484,      5424,     10377,      4230,      4691,     67385,     73677,     36125,     40437
       199,     50199, 86.655412,      62.3,       3.9,     62701,      9899,     19228,       118,   3906277,    616693,   1197885,      7346,     -2817,     -7489,    -10306,   -175484,   -466559,   -642043,     33852,      4532,     11831,       693,    132023,     17674,     46140,      2703,     -1381,     -4667,     -6048,     -5387,    -18201,    -23588,      2664,      9899,      2319,      4532,     65518,     73007,     35233,     39900
       200,     50200,418.938145,     201.3,      31.0,     60104,      9899,     14100,        42,  12098974,   1992722,   2838351,      8450,     -3242,     -8987,    -12229,   -652604,  -1809169,  -2461773,     32468,      3898,      9860,       295,   1006522,    120832,    305669,      9145,     -1573,     -5586,     -7159,    -48773,   -173167,   -221940,         0,      9899,         0,      3898,     63346,     72334,     34042,     39628
       201,     50201,134.791080,         0,      72.6,     68229,     15625,     28234,       839,         0,         0,         0,         0,     -2800,     -4363,     -7163,         0,         0,         0,     36401,      7203,     13522,        27,   2642699,    522960,    981666,      1970,     -1675,     -3519,     -5194,   -121612,   -255489,   -377101,     15625,     10808,      7203,      4991,     71029,     75392,     38076,     41595
       202,     50202, 57.695185,       5.0,      14.7,     70168,     18841,     28971,      1014,    350840,     94203,    144854,      5068,     -2350,     -2802,     -5151,    -11748,    -14008,    -25756,     37551,      8474,     14299,       285,    552000,    124564,    210188,      4186,     -1463,     -2593,     -4057,    -21513,    -38120,    -59633,     18841,     10303,      8474,      4666,     72518,     75319,     39015,     41608
       203,     50203, 45.417839,      33.9,      10.5,     67884,     15876,     27730,       873,   2301280,    538186,    940058,     29596,     -2463,     -4440,     -6904,    -83505,   -150526,   -234031,     36286,      8338,     14192,       539,    380998,     87547,    149017,      5663,     -1430,     -3585,     -5015,    -15012,    -37647,    -52659,     15876,     10301,      8338,      4367,     70348,     74788,     37715,     41301
       204,     50204, 35.183007,      52.8,         0,     67687,     10569,     26963,       577,   3573855,    558027,   1423659,     30481,     -2481,     -4480,     -6961,   -130984,   -236551,   -367535,     36224,      6259,     14145,       725,         0,         0,         0,         0,     -1419,     -3552,     -4971,         0,         0,         0,      8281,     10569,      6259,      5047,     70167,     74648,     37643,     41195
       205,     50205, 11.876981,      14.8,         0,     68062,     10626,     28270,       533,   1007322,    157267,    418392,      7885,     -2396,     -4480,     -6875,    -35454,    -66297,   -101752,     36431,      6072,     14495,       628,         0,         0,         0,         0,     -1375,     -3564,     -4939,         0,         0,         0,      8031,     10626,      6072,      4960,     70458,     74937,     37806,     41370
       206,     50206, 45.544526,      74.0,       7.7,     66770,     10561,     26444,       343,   4940980,    781540,   1956835,     25405,     -2543,     -5169,     -7712,   -188165,   -382513,   -570678,     35867,      6221,     14144,       841,    276173,     47902,    108906,      6478,     -1334,     -3739,     -5073,    -10275,    -28791,    -39066,      8151,     10561,      6221,      4936,     69313,     74482,     37201,     40940
       207,     50207, 44.356768,      54.2,       9.8,     65814,     10437,     25369,       146,   3567128,    565692,   1374994,      7891,     -2559,     -5793,     -8352,   -138700,   -313988,   -452687,     35426,      6767,     13941,       748,    347172,     66321,    136619,      7326,     -1308,     -3933,     -5241,    -12820,    -38545,    -51364,      9104,     10437,      6767,      4826,     68373,     74166,     36734,     40667
       208,     50208,131.730277,      84.1,       6.8,     64453,     10296,     22741,        84,   5420506,    865915,   1912499,      7072,     -2269,     -7526,     -9795,   -190797,   -632961,   -823758,     34845,      4778,     13158,       543,    236947,     32493,     89472,      3694,     -1135,     -4710,     -5844,     -7715,    -32027,    -39742,      4795,     10296,      3942,      4778,     66722,     74248,     35980,     40690
       209,     50209,183.435246,      83.3,       1.8,     61367,      4550,     18322,        20,   5111870,    379016,   1526197,      1670,     -1733,     -9865,    -11598,   -144358,   -821735,   -966093,     33229,      3221,     11593,       276,     59813,      5798,     20868,       496,      -899,     -5814,     -6713,     -1617,    -10466,    -12083,      1277,      4550,      1080,      3221,     63100,     72965,     34128,     39942
       210,     50210,103.735043,         0,         0,     69855,      4757,     32830,       738,         0,         0,         0,         0,     -2043,     -3655,     -5698,         0,         0,         0,     37276,      3210,     14717,         3,         0,         0,         0,         0,     -1283,     -3145,     -4428,         0,         0,         0,         0,      4757,         0,      3210,     71898,     75553,     38559,     41703
       211,     50211,100.593431,         0,      57.2,     71115,      9681,     33282,       899,         0,         0,         0,         0,     -2066,     -2712,     -4779,         0,         0,         0,     38112,      4655,     15370,        87,   2179988,    266238,    879145,      4995,     -1343,     -2472,     -3815,    -76842,   -141373,   -218215,      9681,      6416,      4655,      3955,     73182,     75894,     39455,     41927
       212,     50212, 50.335623,         0,      41.2,     71201,      9050,     33859,       872,         0,         0,         0,         0,     -2031,     -2630,     -4661,         0,         0,         0,     38183,      4390,     15913,       243,   1573156,    180865,    655604,     10026,     -1307,     -2418,     -3725,    -53850,    -99637,   -153487,      9050,      6388,      4390,      4014,     73232,     75862,     39490,     41909
       213,     50213, 70.059321,      77.6,       1.9,     67455,     11678,     30672,       478,   5234481,    906211,   2380170,     37092,     -2118,     -5298,     -7415,   -164336,   -411096,   -575432,     36045,      6565,     15202,       456,     68485,     12473,     28884,       867,     -1191,     -4024,     -5215,     -2263,     -7646,     -9909,     11678,      9586,      6565,      4711,     69572,     74870,     37236,     41260
       214,     50214, 58.372553,      16.7,         0,     69892,      5799,     34234,       667,   1167194,     96841,    571703,     11144,     -1962,     -3894,     -5856,    -32757,    -65030,    -97788,     37417,      3870,     16358,       532,         0,         0,         0,         0,     -1191,     -3195,     -4386,         0,         0,         0,      3785,      5799,      3395,      3870,     71853,     75747,     38608,     41803
       215,     50215, 68.779651,      34.4,         0,     68610,      8998,     31705,       229,   2360188,    309538,   1090650,      7866,     -2049,     -4519,     -6568,    -70489,   -155465,   -225953,     36721,      5451,     15804,       568,         0,         0,         0,         0,     -1192,     -3512,     -4704,         0,         0,         0,      6754,      8998,      5451,      4471,     70659,     75179,     37912,     41424
       216,     50216, 92.678627,      31.2,       3.4,     67810,      8555,     30832,       195,   2115665,    266901,    961967,      6078,     -2067,     -5185,     -7252,    -64495,   -161767,   -226262,     36378,      5538,     15683,       624,    123686,     18830,     53323,      2121,     -1161,     -3707,     -4868,     -3947,    -12602,    -16550,      6798,      8555,      5538,      4486,     69877,     75062,     37539,     41246
       217,     50217, 54.482245,      51.2,       2.7,     66361,      8777,     27299,       127,   3397708,    449373,   1397710,      6511,     -2134,     -6054,     -8188,   -109286,   -309946,   -419232,     35706,      5992,     14655,       537,     96407,     16179,     39568,      1449,     -1138,     -4042,     -5180,     -3073,    -10914,    -13987,      7570,      8777,      5992,      4559,     68496,     74550,     36845,     40887
       218,     50218, 79.088887,      19.3,         0,     63442,      4621,     24163,        21,   1224431,     89186,    466347,       414,     -2132,     -8947,    -11079,    -41154,   -172672,   -213826,     34277,      3311,     13762,       315,         0,         0,         0,         0,     -1079,     -5524,     -6602,         0,         0,         0,      2774,      4621,      2442,      3311,     65574,     74521,     35355,     40879
       219,     50219, 85.056442,      25.2,       6.9,     66145,      6532,     30038,       245,   1666844,    164596,    756948,      6170,     -2152,     -6865,     -9017,    -54228,   -173006,   -227234,     35525,      5257,     15597,       546,    245124,     36273,    107618,      3765,     -1154,     -4549,     -5702,     -7960,    -31385,    -39345,      6532,      4541,      5257,      3339,     68297,     75162,     36679,     41227
       220,     50220,105.672026,      85.5,      12.7,     69273,     18171,     36821,       794,   5922855,   1553586,   3148189,     67885,     -1455,     -4758,     -6213,   -124443,   -406796,   -531238,     37105,      8444,     17597,       881,    471227,    107238,    223481,     11186,      -868,     -3597,     -4466,    -11025,    -45688,    -56713,     18171,      4862,      8444,      3588,     70729,     75486,     37973,     41570
       221,     50221, 84.617309,         0,     330.0,     70955,     11274,     37818,      1278,         0,         0,         0,         0,     -1518,     -3859,     -5377,         0,         0,         0,     38001,      3971,     16418,         7,  12540433,   1310482,   5418088,      2408,      -944,     -3169,     -4113,   -311594,  -1045721,  -1357315,     11274,      4487,      3971,      2971,     72473,     76332,     38946,     42114
       222,     50222,101.756096,         0,     329.1,     72765,     15544,     41824,      1902,         0,         0,         0,         0,     -1224,     -3054,     -4278,         0,         0,         0,     39177,      5322,     17628,        16,  12893063,   1751437,   5801516,      5425,      -780,     -2961,     -3741,   -256757,   -974356,  -1231114,     15544,      2838,      5322,      2435,     73989,     77043,     39957,     42918
       223,     50223,106.712526,       2.1,     252.0,     71888,     18816,     40367,      2317,    150966,     39514,     84770,      4865,     -1713,     -2927,     -4639,     -3596,     -6146,     -9742,     38589,      6582,     17757,       308,   9724408,   1658591,   4474773,     77586,     -1125,     -2544,     -3669,   -283552,   -641027,   -924579,     18816,      3087,      6582,      2597,     73601,     76528,     39714,     42258
       224,     50224, 75.710569,       5.7,     299.2,     72053,     19385,     40161,      2169,    410699,    110495,    228916,     12361,     -1698,     -2762,     -4460,     -9677,    -15745,    -25422,     38705,      6777,     18002,       637,  11580442,   2027642,   5386289,    190470,     -1115,     -2431,     -3546,   -333658,   -727278,  -1060936,     19385,      3778,      6777,      2948,     73750,     76512,     39820,     42251
       225,     50225,124.397971,      45.7,     248.8,     70758,     18480,     38954,      1509,   3233636,    844517,   1780220,     68957,     -1377,     -3756,     -5133,    -62917,   -171651,   -234569,     37915,      6344,     17907,       843,   9433240,   1578347,   4455301,    209800,      -861,     -3070,     -3931,   -214304,   -763815,   -978119,     18480,      3683,      6344,      2942,     72135,     75891,     38776,     41846
       226,     50226, 55.482314,     290.5,      13.3,     71524,     25824,     41858,      2356,  20777853,   7501809,  12159828,    684352,     -1386,     -3577,     -4963,   -402660,  -1039188,  -1441848,     38356,      9337,     19007,      1002,    510129,    124179,    252795,     13330,      -861,     -2910,     -3772,    -11456,    -38709,    -50165,     25824,      2315,      9337,      1929,     72911,     76488,     39217,     42127
       227,     50227, 48.257008,     135.4,      53.6,     70995,     24635,     40703,      1602,   9612739,   3335591,   5511212,    216868,     -1363,     -3913,     -5276,   -184564,   -529841,   -714405,     38126,      9644,     18849,      1128,   2043568,    516932,   1010313,     60449,      -787,     -3000,     -3786,    -42177,   -160775,   -202953,     24635,      2606,      9644,      2028,     72358,     76271,     38913,     41913
       228,     50228, 52.264628,      45.2,         0,     67491,     20412,     39366,      1000,   3050577,    922638,   1779350,     45183,     -1747,     -6933,     -8680,    -78972,   -313359,   -392331,     36181,      9524,     18597,      1000,         0,         0,         0,         0,     -1014,     -4581,     -5596,         0,         0,         0,     20412,      4239,      9524,      2940,     69238,     76171,     37195,     41777
       229,     50229,200.066068,     205.0,     259.1,     67813,     13173,     35673,       337,  13901614,   2700474,   7313031,     69003,     -1728,     -6262,     -7990,   -354260,  -1283678,  -1637939,     36381,      7021,     17521,       602,   9426323,   1819162,   4539797,    155935,     -1011,     -4199,     -5210,   -261932,  -1087977,  -1349909,     13173,      5056,      7021,      3507,     69541,     75803,     37392,     41591
       230,     50230, 83.905633,      30.4,         0,     64810,      4848,     26576,       115,   1970232,    147373,    807919,      3495,     -1883,     -8104,     -9987,    -57256,   -246356,   -303612,     34850,      3522,     14630,       311,         0,         0,         0,         0,      -995,     -5210,     -6205,         0,         0,         0,         0,      4848,         0,      3522,     66694,     74797,     35845,     41055
       231,     50231,162.246502,      61.5,       3.7,     66315,      4839,     30496,       239,   4078347,    297596,   1875499,     14713,     -1254,     -7782,     -9035,    -77093,   -478578,   -555672,     35611,      3431,     15952,       362,    131762,     12695,     59022,      1339,      -746,     -4974,     -5720,     -2761,    -18404,    -21165,      2832,      4839,      2580,      3431,     67568,     75350,     36358,     41332
       232,     50232,753.834068,     332.2,      59.7,     61056,      4492,     18426,        60,  20282865,   1492254,   6121212,     20000,     -1415,    -10888,    -12304,   -470184,  -3617073,  -4087257,     32889,      3419,     11645,       340,   1963462,    204107,    695190,     20325,      -787,     -6536,     -7324,    -47002,   -390225,   -437227,         0,      4492,         0,      3419,     62472,     73360,     33676,     40213
       233,     50233,122.292341,         0,     182.1,     71635,     18871,     45608,      2360,         0,         0,         0,         0,     -1222,     -4449,     -5670,         0,         0,         0,     38253,      6709,     18749,        85,   6965887,   1221664,   3414280,     15551,      -820,     -4015,     -4836,   -149407,   -731175,   -880582,     18871,      2009,      6709,      1920,     72857,     77305,     39074,     43089
       234,     50234, 57.994772,         0,     332.8,     73283,     22948,     46030,      3194,         0,         0,         0,         0,     -1245,     -2460,     -3705,         0,         0,         0,     39432,      7933,     19590,       697,  13123111,   2640255,   6519703,    231887,      -884,     -2242,     -3126,   -294094,   -746297,  -1040391,     22948,      3032,      7933,      2324,     74528,     76988,     40316,     42559
       235,     50235, 56.482417,       3.0,     885.0,     71569,     21263,     46122,      3459,    214708,     63788,    138367,     10378,     -1346,     -3274,     -4620,     -4039,     -9821,    -13860,     38239,      7432,     20047,      1106,  33841151,   6577743,  17741603,    978644,      -910,     -2822,     -3732,   -805380,  -2497790,  -3303171,     21263,      2845,      7432,      2242,     72916,     76190,     39149,     41971
       236,     50236, 15.072526,      43.8,         0,     70970,     24612,     44894,      3324,   3108467,   1078019,   1966371,    145587,     -1342,     -3817,     -5158,    -58765,   -167167,   -225932,     37931,      8369,     19804,      1138,         0,         0,         0,         0,      -840,     -3062,     -3902,         0,         0,         0,     24612,      3063,      8369,      2371,     72311,     76128,     38771,     41833
       237,     50237, 66.829021,     323.3,      50.3,     69987,     26782,     45310,      2903,  22626797,   8658717,  14648597,    938551,     -1290,     -4491,     -5781,   -417089,  -1451818,  -1868907,     37285,      9680,     20218,      1310,   1875457,    486886,   1016956,     65895,      -806,     -3542,     -4348,    -40545,   -178183,   -218728,     26782,      2256,      9680,      2001,     71277,     75768,     38091,     41634
       238,     50238, 59.280483,       9.6,     622.5,     70838,     25913,     44484,      1835,    680046,    248765,    427046,     17621,     -1163,     -4596,     -5759,    -11164,    -44123,    -55287,     38051,     10730,     20234,      1355,  23687039,   6679240,  12595663,    843495,      -720,     -3318,     -4038,   -447944,  -2065490,  -2513434,     25913,      1668,     10730,      1591,     72001,     76597,     38771,     42089
       239,     50239, 66.030674,      60.6,         0,     70829,     22284,     43297,      1061,   4292242,   1350416,   2623791,     64326,     -1148,     -4514,     -5662,    -69570,   -273545,   -343116,     38048,     10189,     20020,      1197,         0,         0,         0,         0,      -717,     -3256,     -3973,         0,         0,         0,     22284,      1937,     10189,      1632,     71977,     76491,     38764,     42021
       240,     50240,133.026575,      69.6,       2.7,     69872,      7983,     40872,       625,   4863075,    555591,   2844699,     43481,     -1478,     -5183,     -6661,   -102898,   -360721,   -463619,     37448,      6082,     19342,       789,    101111,     16422,     52223,      2132,      -892,     -3752,     -4644,     -2408,    -10131,    -12539,      7983,      2954,      6082,      1769,     71350,     76533,     38340,     42092
       241,     50241,137.985077,      74.3,      10.1,     68430,      5446,     35299,       162,   5084316,    404667,   2622752,     12017,     -1180,     -6424,     -7603,    -87666,   -477266,   -564933,     36635,      4199,     17579,       539,    370014,     42411,    177547,      5445,      -739,     -4357,     -5096,     -7464,    -44004,    -51468,      5446,      2801,      4199,      1795,     69609,     76033,     37374,     41731
       242,     50242,306.800284,     109.3,       6.7,     64613,      2338,     26710,        17,   7062241,    255498,   2919364,      1832,     -1067,     -9191,    -10258,   -116662,  -1004532,  -1121194,     34541,      1889,     14701,       179,    231421,     12653,     98499,      1199,      -624,     -5891,     -6516,     -4183,    -39473,    -43656,         0,      2338,         0,      1889,     65681,     74871,     35165,     41056
       243,     50243, 41.612265,         0,     236.5,     73493,     14079,     49046,      4320,         0,         0,         0,         0,     -1194,     -2201,     -3395,         0,         0,         0,     39442,      6528,     20620,       962,   9328010,   1543824,   4876516,    227449,      -868,     -2224,     -3092,   -205376,   -525918,   -731295,     14079,      1890,      6528,      1646,     74687,     76888,     40310,     42534
       244,     50244, 92.789601,     352.0,     511.0,     71941,     29774,     50055,      6387,  25323358,  10480318,  17619206,   2248083,     -1337,     -2988,     -4325,   -470747,  -1051631,  -1522378,     38368,     11170,     21409,      1415,  19605920,   5707787,  10940124,    723142,      -893,     -2775,     -3668,   -456542,  -1418005,  -1874547,     29774,      1244,     11170,      1354,     73279,     76266,     39261,     42036
       245,     50245, 86.726678,       9.1,     237.1,     70941,     30444,     49477,      6083,    645561,    277036,    450244,     55354,     -1285,     -3497,     -4783,    -11697,    -31824,    -43521,     37763,     11647,     21600,      1573,   8953584,   2761596,   5121404,    373005,      -801,     -2995,     -3795,   -189851,   -710030,   -899881,     30444,      1260,     11647,      1017,     72226,     75723,     38564,     41558
       246,     50246, 78.120195,     116.4,       5.3,     69376,     26615,     48500,      4306,   8075388,   3097990,   5645429,    501252,     -1313,     -5042,     -6356,   -152866,   -586916,   -739782,     36981,     11471,     21582,      1411,    195998,     60798,    114383,      7477,      -769,     -3650,     -4420,     -4078,    -19347,    -23425,     26615,      1377,     11471,      1227,     70689,     75732,     37750,     41401
       247,     50247, 82.149623,     129.4,      21.2,     71372,     19034,     47245,      2428,   9235553,   2462959,   6113547,    314182,     -1240,     -3835,     -5075,   -160493,   -496241,   -656734,     38209,      9289,     21406,       954,    810023,    196922,    453800,     20232,      -745,     -3036,     -3781,    -15784,    -64366,    -80149,     19034,      1387,      9289,      1238,     72612,     76447,     38953,     41989
       248,     50248, 53.379955,      79.2,         0,     72144,     18106,     43717,       500,   5713777,   1434027,   3462404,     39624,     -1041,     -3893,     -4934,    -82463,   -308335,   -390798,     38274,      8971,     20342,       830,         0,         0,         0,         0,      -674,     -3524,     -4198,         0,         0,         0,     18106,      1563,      8971,      1500,     73185,     77078,     38949,     42472
       249,     50249, 85.184480,      97.0,     122.6,     69943,     20197,     45676,       788,   6784497,   1959066,   4430527,     76463,     -1477,     -5049,     -6526,   -143282,   -489713,   -632994,     37303,      9281,     21043,       852,   4573387,   1137791,   2579903,    104515,      -843,     -3818,     -4661,   -103351,   -468117,   -571468,     20197,      1413,      9281,      1402,     71420,     76469,     38146,     41965
       250,     50250, 82.694966,      99.0,       5.6,     68667,      9870,     39134,       160,   6798043,    977139,   3874235,     15794,     -1217,     -6042,     -7259,   -120459,   -598150,   -718609,     36684,      6751,     18876,       729,    205431,     37803,    105704,      4082,      -752,     -4353,     -5104,     -4208,    -24376,    -28584,      9870,      1558,      6751,      1496,     69884,     75926,     37436,     41788
       251,     50251, 79.711993,     151.9,      26.3,     68726,      9914,     41055,       254,  10439507,   1505878,   6236287,     38589,     -1322,     -5839,     -7161,   -200851,   -886921,  -1087772,     36665,      6894,     19600,       977,    964292,    181317,    515475,     25685,      -785,     -4145,     -4930,    -20645,   -109003,   -129649,      9914,      1281,      6894,      1169,     70048,     75887,     37450,     41595
       252,     50252, 37.244266,      19.9,       3.5,     67659,      1497,     34698,        70,   1346406,     29791,    690499,      1392,     -1031,     -6761,     -7792,    -20526,   -134540,   -155066,     36120,      1323,     17453,       637,    126420,      4632,     61084,      2231,      -638,     -4605,     -5243,     -2234,    -16117,    -18351,         0,      1497,         0,      1323,     68690,     75451,     36758,     41363
       253,     50253, 34.538954,      32.6,         0,     66569,      1360,     36732,        91,   2170164,     44324,   1197471,      2978,     -1086,     -7741,     -8827,    -35405,   -252356,   -287761,     35441,      1087,     18158,       872,         0,         0,         0,         0,      -645,     -5113,     -5758,         0,         0,         0,         0,      1360,         0,      1087,     67655,     75396,     36086,     41199
       254,     50254,188.385476,         0,         0,     64570,      1294,     29076,        23,         0,         0,         0,         0,     -1111,     -8514,     -9625,         0,         0,         0,     34341,      1067,     15543,       388,         0,         0,         0,         0,      -652,     -5639,     -6291,         0,         0,         0,         0,      1294,         0,      1067,     65680,     74194,     34993,     40632
       255,     50255, 71.512739,      77.3,    1638.6,     73178,     34024,     53913,     10515,   5656631,   2630087,   4167487,    812775,     -1156,     -2156,     -3312,    -89342,   -166692,   -256034,     38922,     12781,     22623,      2228,  63777521,  20943290,  37069543,   3651525,      -849,     -2298,     -3147,  -1390769,  -3765345,  -5156114,     34024,      5133,     12781,      3442,     74333,     76490,     39771,     42069
       256,     50256, 63.756723,     564.5,     716.1,     72305,     32291,     53225,     10610,  40816238,  18228161,  30045549,   5989409,     -1160,     -2885,     -4045,   -654823,  -1628440,  -2283263,     38358,     11872,     22755,      1788,  27467856,   8501317,  16294564,   1280711,      -773,     -2760,     -3532,   -553428,  -1976137,  -2529565,     32291,      4910,     11872,      3336,     73465,     76350,     39130,     41890
       257,     50257, 62.502798,       6.9,    1444.5,     71421,     29656,     52112,      8385,    492805,    204626,    359575,     57858,     -1256,     -3468,     -4725,     -8669,    -23932,    -32601,     37905,     10572,     22730,      1735,  54753489,  15271716,  32833121,   2506681,      -778,     -2971,     -3749,  -1123863,  -4292268,  -5416131,     29656,      1277,     10572,      1042,     72677,     76146,     38683,     41654
       258,     50258, 65.281863,         0,         0,     72436,     20075,     50687,      5581,         0,         0,         0,         0,     -1132,     -3271,     -4402,         0,         0,         0,     38671,      8930,     22561,      1405,         0,         0,         0,         0,      -719,     -2811,     -3530,         0,         0,         0,     20075,      1395,      8930,      1308,     73568,     76839,     39390,     42201
       259,     50259,137.157306,      81.4,     106.2,     71499,     22149,     47994,      1685,   5820045,   1802954,   3906747,    137163,     -1312,     -4040,     -5351,   -106762,   -328827,   -435589,     38124,     10245,     21915,      1158,   4048815,   1087999,   2327367,    122954,      -781,     -3318,     -4100,    -82990,   -352403,   -435393,     22149,      1400,     10245,      1367,     72811,     76851,     38906,     42224
       260,     50260,141.835125,     214.5,      31.6,     68045,     14144,     43484,       353,  14595579,   3033878,   9327347,     75705,     -1324,     -6847,     -8171,   -284001,  -1468749,  -1752750,     36250,      8713,     20512,      1317,   1145493,    275343,    648194,     41620,      -799,     -4687,     -5486,    -25252,   -148111,   -173363,     14144,      1258,      8713,      1146,     69369,     76216,     37049,     41736
       261,     50261, 77.607784,     131.9,      16.7,     66814,      9522,     36620,        94,   8812788,   1255909,   4830159,     12409,     -1083,     -7688,     -8772,   -142898,  -1014077,  -1156975,     35580,      5625,     18183,       942,    594180,     93934,    303664,     15733,      -645,     -5052,     -5697,    -10769,    -84369,    -95138,      9522,      1367,      5625,      1094,     67898,     75586,     36224,     41276
       262,     50262, 59.601329,     129.9,       1.6,     64577,      1294,     28685,        17,   8388606,    168135,   3726146,      2199,     -1109,     -8683,     -9792,   -144031,  -1127905,  -1271936,     34345,      1068,     15445,       333,     54953,      1709,     24713,       533,      -651,     -5683,     -6334,     -1042,     -9093,    -10135,         0,      1294,         0,      1068,     65686,     74369,     34997,     40680
       263,     50263,329.311294,      33.6,       2.7,     67755,      2025,     10746,         4,   2276576,     68055,    361076,       118,     -1427,     -7413,     -8840,    -47962,   -249079,   -297040,     36097,      1867,      2889,        51,     97463,      5040,      7799,       137,      -821,     -5405,     -6226,     -2217,    -14592,    -16810,         0,      2025,         0,      1867,     69183,     76596,     36918,     42323
       264,     50264,400.322164,       1.9,      25.8,     70105,      1375,     21269,        26,    133199,      2613,     40410,        49,     -1322,     -5906,     -7228,     -2512,    -11221,    -13733,     37388,      1294,      6773,         2,    964604,     33373,    174734,        49,      -806,     -4698,     -5504,    -20794,   -121221,   -142015,         0,      1375,         0,      1294,     71427,     77333,     38194,     42892
       265,     50265,233.703736,         0,         0,     70451,      1343,     20906,        19,         0,         0,         0,         0,     -1306,     -5258,     -6564,         0,         0,         0,     37624,      1275,      7286,         4,         0,         0,         0,         0,      -798,     -4266,     -5064,         0,         0,         0,         0,      1343,         0,      1275,     71757,     77015,     38422,     42688
       266,     50266,1315.48316,         0,      68.9,     70755,      2272,     30249,        69,         0,         0,         0,         0,     -1358,     -4847,     -6205,         0,         0,         0,     37668,      2353,     12500,         0,   2595306,    162114,    861266,         0,      -878,     -4100,     -4978,    -60519,   -282462,   -342981,         0,      2272,         0,      2353,     72113,     76960,     38546,     42646
       267,     50267,215.128992,         0,         0,     71145,      2289,     32312,         3,         0,         0,         0,         0,     -1344,     -5244,     -6588,         0,         0,         0,     38000,      2372,     11412,         0,         0,         0,         0,         0,      -853,     -4400,     -5253,         0,         0,         0,         0,      2289,         0,      2372,     72489,     77733,     38852,     43252
       268,     50268,704.173359,      41.9,      40.3,     64862,         0,      2809,        40,   2717704,         0,    117706,      1689,      -929,    -10092,    -11022,    -38945,   -422862,   -461807,     34346,         0,       573,        44,   1384132,         0,     23085,      1772,      -496,     -6933,     -7430,    -20009,   -279416,   -299425,         0,         0,         0,         0,     65791,     75883,     34842,     41776
       269,     50269,438.847459,      14.4,         0,     67523,      1945,     13609,         1,    972325,     28010,    195968,        20,      -874,     -9061,     -9935,    -12582,   -130476,   -143058,     35839,      1839,      3579,        32,         0,         0,         0,         0,      -497,     -6583,     -7080,         0,         0,         0,         0,      1945,         0,      1839,     68396,     77457,     36336,     42919
       270,     50270,917.448347,         0,         0,     65610,         0,      4609,         1,         0,         0,         0,         0,      -919,    -10192,    -11111,         0,         0,         0,     34659,         0,      1137,         1,         0,         0,         0,         0,      -518,     -7016,     -7534,         0,         0,         0,         0,         0,         0,         0,     66529,     76721,     35177,     42193
       271,     50271,690.880223,       3.6,         0,     67130,         0,     18574,         0,    241666,         0,     66868,         0,      -893,     -9785,    -10678,     -3213,    -35226,    -38439,     35541,         0,      5291,         4,         0,         0,         0,         0,      -500,     -7183,     -7683,         0,         0,         0,         0,         0,         0,         0,     68022,     77807,     36041,     43224
       272,     50272,373.110259,         0,         0,     61263,      1667,     28333,         0,         0,         0,         0,         0,     -1487,    -15136,    -16624,         0,         0,         0,     32068,      1659,      8982,         0,         0,         0,         0,         0,      -816,    -10526,    -11343,         0,         0,         0,         0,      1667,         0,      1659,     62751,     77887,     32885,     43411
       273,     50273,316.087217,       1.8,         0,     59644,         0,     35673,         0,    107360,         0,     64212,         0,     -1490,    -16901,    -18391,     -2681,    -30422,    -33103,     31138,         0,     11607,         2,         0,         0,         0,         0,      -816,    -11638,    -12454,         0,         0,         0,         0,         0,         0,         0,     61134,     78035,     31954,     43592
       274,     50274,341.366380,         0,         0,     71513,      2310,     37830,        17,         0,         0,         0,         0,     -1318,     -5025,     -6343,         0,         0,         0,     38189,      2310,     13330,         0,         0,         0,         0,         0,      -850,     -4341,     -5191,         0,         0,         0,         0,      2310,         0,      2310,     72830,     77855,     39039,     43380
       275,     50275, 65.614398,         0,         0,     73584,      2236,     40679,       472,         0,         0,         0,         0,     -1176,     -2913,     -4089,         0,         0,         0,     39539,      2098,     15383,         0,         0,         0,         0,         0,      -776,     -2891,     -3667,         0,         0,         0,         0,      2236,         0,      2098,     74760,     77673,     40314,     43205
       276,     50276,114.133056,         0,      26.7,     72031,      2029,     43927,      1244,         0,         0,         0,         0,     -1190,     -4015,     -5205,         0,         0,         0,     38541,      1942,     17456,        16,   1029032,     51849,    466075,       421,      -808,     -3712,     -4520,    -21577,    -99107,   -120685,         0,      2029,         0,      1942,     73221,     77236,     39349,     43061
       277,     50277, 88.006593,         0,         0,     74256,      1576,     45351,      2033,         0,         0,         0,         0,      -987,     -2594,     -3581,         0,         0,         0,     39843,      1690,     16821,         1,         0,         0,         0,         0,      -744,     -2799,     -3543,         0,         0,         0,         0,      1576,         0,      1690,     75243,     77837,     40587,     43386
       278,     50278,162.280766,         0,     348.5,     72984,     20851,     48395,      1892,         0,         0,         0,         0,     -1092,     -3248,     -4340,         0,         0,         0,     39097,      7165,     18866,       638,  13625358,   2497123,   6574627,    222423,      -739,     -3168,     -3907,   -257582,  -1104148,  -1361731,     20851,      1408,      7165,      1393,     74076,     77324,     39836,     43005
       279,     50279, 85.755423,       7.6,     116.7,     72892,     25698,     49441,      2362,    553978,    195306,    375749,     17949,     -1093,     -3374,     -4468,     -8310,    -25643,    -33953,     39026,      9413,     19762,      1083,   4554310,   1098518,   2306186,    126384,      -742,     -3243,     -3984,    -86553,   -378418,   -464971,     25698,      1405,      9413,      1389,     73985,     77359,     39767,     43010
       280,     50280, 80.543035,      31.2,      49.6,     73044,     27786,     49954,      3861,   2278970,    866939,   1558577,    120464,     -1106,     -2715,     -3821,    -34512,    -84714,   -119226,     38887,      9616,     20472,      1316,   1928792,    476966,   1015407,     65259,      -834,     -2662,     -3496,    -41358,   -132021,   -173379,     27786,      1151,      9616,      1347,     74150,     76865,     39721,     42382
       281,     50281, 40.536500,       1.9,     339.3,     72631,     25671,     51317,      6187,    138000,     48775,     97501,     11755,     -1169,     -2418,     -3587,     -2222,     -4593,     -6815,     38696,     10108,     21389,      1804,  13129518,   3429757,   7257196,    612216,      -851,     -2417,     -3268,   -288589,   -820163,  -1108752,     25671,      5151,     10108,      3840,     73801,     76218,     39546,     41964
       282,     50282,317.374639,         0,         0,     72772,      5215,     43281,      1103,         0,         0,         0,         0,     -1005,     -3817,     -4821,         0,         0,         0,     38415,      1850,     15221,         1,         0,         0,         0,         0,      -710,     -3921,     -4631,         0,         0,         0,      5215,      1129,      1850,      1386,     73776,     77593,     39125,     43046
       283,     50283, 84.328395,         0,    1435.0,     74897,     12206,     49461,      3255,         0,         0,         0,         0,      -789,     -2246,     -3034,         0,         0,         0,     40182,      4583,     18247,       113,  57661004,   6577222,  26184107,    161490,      -677,     -2646,     -3323,   -970901,  -3797546,  -4768447,     12206,      8240,      4583,      3963,     75686,     77932,     40858,     43505
       284,     50284,174.118899,         0,     285.1,     74241,     21581,     52697,      3487,         0,         0,         0,         0,      -946,     -2476,     -3421,         0,         0,         0,     39731,      7189,     20384,      1581,  11327352,   2049594,   5811520,    450799,      -677,     -2823,     -3499,   -192963,   -804710,   -997673,     21581,      1157,      7189,      1411,     75186,     77662,     40408,     43231
       285,     50285, 75.757743,     862.1,      22.6,     72162,     26796,     53620,      3719,  62211099,  23100661,  46226010,   3206476,     -1163,     -3802,     -4965,  -1002617,  -3278050,  -4280667,     38133,      8840,     21289,      2022,    861814,    199778,    481131,     45706,      -785,     -3756,     -4540,    -17730,    -84880,   -102610,     26796,      1148,      8840,      1398,     73325,     77128,     38918,     42674
       286,     50286, 80.063661,     510.6,     266.8,     72912,     30047,     54139,      5875,  37228978,  15341959,  27643584,   2999803,     -1119,     -2699,     -3818,   -571439,  -1378035,  -1949474,     38609,     11573,     21910,      2330,  10300906,   3087660,   5845508,    621578,      -855,     -2659,     -3514,   -228044,   -709422,   -937466,     30047,      4334,     11573,      3569,     74031,     76730,     39464,     42123
       287,     50287, 81.736239,      35.0,    1091.8,     73220,     29611,     54391,      8151,   2562684,   1036389,   1903677,    285273,     -1127,     -2251,     -3379,    -39462,    -78789,   -118250,     38883,     12261,     22396,      2802,  42452026,  13386298,  24451432,   3059089,      -857,     -2357,     -3214,   -935740,  -2573239,  -3508980,     29611,      4924,     12261,      3528,     74347,     76598,     39740,     42097
       288,     50288, 19.361769,         0,     898.1,     73712,     31621,     55649,     11732,         0,         0,         0,         0,     -1066,     -2043,     -3108,         0,         0,         0,     39182,     12801,     23162,      2651,  35189580,  11496172,  20801634,   2380561,      -821,     -2250,     -3071,   -737521,  -2020932,  -2758453,     31621,      4535,     12801,      3393,     74777,     76820,     40003,     42254
       289,     50289, 21.925030,         0,     371.1,     73035,     35142,     54959,     11994,         0,         0,         0,         0,     -1119,     -2618,     -3738,         0,         0,         0,     38728,     12285,     23321,      2075,  14371941,   4558929,   8654247,    770114,      -794,     -2658,     -3452,   -294590,   -986268,  -1280858,     35142,      4654,     12285,      3324,     74154,     76773,     39522,     42179
       290,     50290, 21.580821,         0,     486.0,     72274,     29695,     53876,      9262,         0,         0,         0,         0,     -1190,     -3225,     -4416,         0,         0,         0,     38318,      9624,     23317,      2202,  18622535,   4677246,  11331954,   1069966,      -796,     -2934,     -3729,   -386668,  -1425743,  -1812411,     29695,      5087,      9624,      3360,     73465,     76690,     39114,     42047
       291,     50291, 22.163550,         0,         0,     71468,     30818,     52395,      6497,         0,         0,         0,         0,     -1271,     -3859,     -5130,         0,         0,         0,     37924,     10805,     23155,      2060,         0,         0,         0,         0,      -787,     -3201,     -3987,         0,         0,         0,     30818,      5018,     10805,      3353,     72739,     76598,     38711,     41911
       292,     50292, 34.351552,         0,         0,     71696,     23483,     49957,      2908,         0,         0,         0,         0,     -1258,     -4156,     -5413,         0,         0,         0,     38165,     10494,     22644,      1745,         0,         0,         0,         0,      -769,     -3492,     -4261,         0,         0,         0,     23483,      1480,     10494,      1202,     72954,     77110,     38934,     42426
       293,     50293,  6.222014,      32.7,      17.3,     71548,     15254,     46999,       729,   2339607,    498794,   1536864,     23854,     -1189,     -4004,     -5194,    -38887,   -130944,   -169831,     38079,      9400,     21729,      1773,    658760,    162620,    375905,     30677,      -739,     -3347,     -4086,    -12791,    -57899,    -70691,     15254,      1445,      9400,      1168,     72737,     76741,     38818,     42165
       294,     50294, 21.866275,      66.6,       5.4,     70160,     16613,     43104,       292,   4672662,   1106444,   2870738,     19439,     -1255,     -4979,     -6234,    -83616,   -331580,   -415195,     37276,      9069,     20493,      1535,    201290,     48971,    110664,      8290,      -753,     -3863,     -4616,     -4065,    -20862,    -24927,     16613,      1381,      9069,      1126,     71416,     76394,     38029,     41892
       295,     50295, 43.841656,     131.5,       6.1,     69095,     14555,     39475,       133,   9086011,   1914032,   5191028,     17478,     -1141,     -5903,     -7044,   -149985,   -776267,   -926253,     36699,      8572,     19264,      1233,    223867,     52289,    117513,      7521,      -667,     -4281,     -4948,     -4071,    -26113,    -30184,     14555,      1314,      8572,      1063,     70236,     76139,     37367,     41648
       296,     50296, 31.743401,     101.3,       5.0,     70145,     15264,     40345,       192,   7105668,   1546217,   4086922,     19469,     -1108,     -5085,     -6194,   -112280,   -515126,   -627406,     37281,      8370,     19652,      1270,    186407,     41852,     98258,      6350,      -651,     -3836,     -4487,     -3255,    -19181,    -22436,     15264,      1328,      8370,      1077,     71253,     76338,     37932,     41768
       297,     50297, 95.455244,      40.2,         0,     67192,      7637,     33429,        37,   2701099,    306996,   1343862,      1489,     -1108,     -7025,     -8133,    -44533,   -282424,   -326957,     35652,      4470,     17201,       637,         0,         0,         0,         0,      -640,     -4850,     -5490,         0,         0,         0,      7637,      1264,      4470,      1035,     68299,     75325,     36292,     41141
       298,     50298,246.436473,         0,         0,     73051,      6710,     46946,      1165,         0,         0,         0,         0,      -984,     -3767,     -4751,         0,         0,         0,     38611,      2217,     16773,         0,         0,         0,         0,         0,      -701,     -3953,     -4654,         0,         0,         0,      6710,      1138,      2217,      1397,     74035,     77801,     39311,     43264
       299,     50299, 85.694226,         0,     763.5,     75370,     13369,     52479,      3946,         0,         0,         0,         0,      -671,     -1977,     -2648,         0,         0,         0,     40467,      5192,     19464,        33,  30896655,   3963896,  14860808,     25460,      -611,     -2528,     -3139,   -466280,  -1930509,  -2396788,     13369,      8209,      5192,      4101,     76041,     78018,     41078,     43606
       300,     50300,166.860180,         0,     244.7,     74680,     25104,     55913,      4270,         0,         0,         0,         0,      -732,     -2316,     -3048,         0,         0,         0,     39792,      7715,     21657,      1707,   9737224,   1887894,   5299579,    417770,      -584,     -2758,     -3342,   -142915,   -674972,   -817887,     25104,      5617,      7715,      4402,     75413,     77728,     40377,     43135
       301,     50301, 82.293251,     195.0,      88.9,     74862,     30483,     56656,      4457,  14598152,   5944282,  11047877,    869020,      -798,     -1863,     -2661,   -155633,   -363316,   -518949,     39910,     10051,     22407,      2572,   3548026,    893523,   1991985,    228655,      -658,     -2310,     -2967,    -58483,   -205315,   -263798,     30483,      4674,     10051,      4089,     75660,     77524,     40568,     42878
       302,     50302, 67.610095,     404.8,       4.3,     73834,     35961,     57481,      5969,  29888049,  14557021,  23268295,   2416438,      -894,     -2243,     -3137,   -361858,   -907885,  -1269743,     39052,     12679,     23110,      2720,    167926,     54518,     99374,     11696,      -736,     -2472,     -3208,     -3165,    -10630,    -13795,     35961,      4356,     12679,      3959,     74728,     76971,     39788,     42260
       303,     50303, 16.192369,     189.2,      23.5,     73565,     31707,     56167,      6432,  13918514,   5999052,  10626852,   1216842,     -1144,     -2415,     -3559,   -216353,   -457004,   -673357,     39006,     11489,     22610,      2827,    916633,    269990,    531335,     66430,      -907,     -2533,     -3440,    -21307,    -59531,    -80838,     31707,      4491,     11489,      3631,     74709,     77124,     39912,     42446
       304,     50304, 37.196130,         0,     629.0,     73705,     36888,     56779,      8743,         0,         0,         0,         0,     -1001,     -2340,     -3341,         0,         0,         0,     39129,     13997,     23190,      3005,  24612017,   8804345,  14586342,   1890335,      -802,     -2437,     -3239,   -504273,  -1532906,  -2037179,     36888,      4574,     13997,      3641,     74706,     77046,     39931,     42368
       305,     50305, 46.085662,     263.7,     934.1,     74136,     39585,     57944,      7417,  19549556,  10438562,  15279956,   1955833,      -853,     -1911,     -2764,   -224900,   -503967,   -728867,     39230,     14091,     23697,      2716,  36644737,  13161994,  22135574,   2537159,      -741,     -2265,     -3006,   -692160,  -2115550,  -2807710,     39585,      4876,     14091,      4357,     74988,     76900,     39971,     42236
       306,     50306, 38.925643,         0,     778.4,     73558,     37824,     56605,     11758,         0,         0,         0,         0,     -1048,     -2309,     -3357,         0,         0,         0,     39077,     13582,     23522,      2568,  30417683,  10572372,  18309521,   1999294,      -782,     -2397,     -3179,   -608383,  -1866167,  -2474550,     37824,      4619,     13582,      3447,     74606,     76915,     39859,     42256
       307,     50307, 50.040944,      40.1,     747.9,     73905,     38835,     57793,      9458,   2963587,   1557274,   2317501,    379252,      -938,     -1816,     -2754,    -37623,    -72821,   -110444,     39125,     14442,     23999,      2642,  29261499,  10801385,  17948916,   1975753,      -744,     -2196,     -2941,   -556700,  -1642596,  -2199295,     38835,      5248,     14442,      4097,     74843,     76659,     39869,     42066
       308,     50308, 49.416978,     545.6,     669.0,     73184,     36655,     56211,     11607,  39929278,  19998950,  30668941,   6332509,      -994,     -2256,     -3250,   -542400,  -1230787,  -1773187,     38778,     12640,     23757,      2534,  25942469,   8456143,  15893309,   1695304,      -716,     -2426,     -3142,   -479039,  -1622964,  -2102002,     36655,      5004,     12640,      3459,     74178,     76434,     39494,     41920
       309,     50309, 34.437289,     118.1,      11.2,     73564,     33785,     57320,      9347,   8687852,   3990044,   6769533,   1103934,      -935,     -2118,     -3053,   -110475,   -250124,   -360599,     38942,     12574,     24223,      2986,    436151,    140827,    271301,     33445,      -695,     -2372,     -3066,     -7780,    -26564,    -34344,     33785,      5321,     12574,      3725,     74499,     76617,     39637,     42008
       310,     50310, 47.415035,      20.4,    2360.7,     72046,     24434,     55094,      8840,   1469742,    498447,   1123914,    180339,     -1119,     -3342,     -4461,    -22830,    -68181,    -91011,     38209,     10569,     23730,      2687,  90201144,  24949994,  56018691,   6344302,      -741,     -2964,     -3705,  -1749974,  -6996678,  -8746652,     24434,      5390,     10569,      3128,     73165,     76508,     38951,     41915
       311,     50311, 38.913248,     157.5,      20.1,     72673,     20088,     56290,      7134,  11446076,   3163807,   8865657,   1123663,     -1011,     -2770,     -3781,   -159237,   -436203,   -595440,     38392,      9817,     24222,      3232,    771686,    197329,    486872,     64957,      -707,     -2720,     -3427,    -14213,    -54662,    -68876,     20088,      5214,      9817,      3222,     73685,     76454,     39099,     41819
       312,     50312, 49.520601,     284.5,     361.0,     71030,     27579,     53587,      6093,  20208110,   7846334,  15245493,   1733586,     -1282,     -4385,     -5667,   -364708,  -1247447,  -1612155,     37679,     11417,     23573,      2652,  13601987,   4121419,   8509733,    957515,      -778,     -3461,     -4239,   -280952,  -1249349,  -1530301,     27579,      1320,     11417,      1212,     72312,     76697,     38457,     41918
       313,     50313, 39.180263,     262.1,      98.3,     71853,     22592,     54852,      5626,  18832558,   5921480,  14376694,   1474695,      -963,     -3549,     -4512,   -252321,   -930256,  -1182577,     38031,     10593,     24054,      3115,   3738446,   1041258,   2364530,    306241,      -631,     -3007,     -3638,    -62027,   -295592,   -357619,     22592,      6653,     10593,      3171,     72815,     76364,     38662,     41669
       314,     50314,124.563666,      70.2,     278.1,     69946,     23584,     51411,      3002,   4910180,   1655573,   3609055,    210758,     -1106,     -4937,     -6043,    -77622,   -346608,   -424230,     37067,     10383,     23141,      2372,  10308209,   2887463,   6435559,    659668,      -663,     -3689,     -4352,   -184299,  -1026035,  -1210333,     23584,      1284,     10383,      1175,     71051,     75989,     37729,     41419
       315,     50315, 30.481243,     478.8,         0,     71726,     26817,     50875,      2518,  34342482,  12840031,  24359172,   1205405,     -1109,     -4044,     -5153,   -531069,  -1936170,  -2467239,     38093,     11736,     23046,      2295,         0,         0,         0,         0,      -700,     -3409,     -4109,         0,         0,         0,     26817,      1384,     11736,      1132,     72835,     76879,     38793,     42202
       316,     50316, 44.883195,     201.1,         0,     71654,     20316,     47334,       987,  14409582,   4085576,   9518904,    198479,     -1148,     -3913,     -5061,   -230881,   -786856,  -1017737,     38085,      9531,     21879,      1891,         0,         0,         0,         0,      -722,     -3282,     -4004,         0,         0,         0,     20316,      1419,      9531,      1163,     72802,     76715,     38807,     42089
       317,     50317, 20.943496,         0,         0,     69835,     16948,     48267,      1379,         0,         0,         0,         0,     -1214,     -5107,     -6320,         0,         0,         0,     36999,     10172,     22242,      1856,         0,         0,         0,         0,      -734,     -3786,     -4520,         0,         0,         0,     16948,      1381,     10172,      1129,     71049,     76156,     37733,     41519
       318,     50318, 19.574167,     135.8,         0,     70420,     23026,     48707,      1897,   9562983,   3126956,   6614399,    257568,     -1115,     -4678,     -5793,   -151365,   -635309,   -786674,     37246,     11924,     22427,      1767,         0,         0,         0,         0,      -704,     -3611,     -4315,         0,         0,         0,     23026,      1337,     11924,       996,     71534,     76212,     37950,     41561
       319,     50319, 54.639675,     128.7,      33.7,     70576,     16882,     44231,       453,   9083083,   2172743,   5692551,     58327,     -1089,     -4948,     -6037,   -140193,   -636772,   -776965,     37489,      9550,     20911,      1770,   1263379,    321827,    704690,     59634,      -646,     -3851,     -4498,    -21786,   -129789,   -151575,     16882,      1366,      9550,      1131,     71665,     76613,     38135,     41987
       320,     50320, 55.512807,     181.0,      23.1,     71184,     21847,     45294,       866,  12884346,   3954392,   8198177,    156770,     -1050,     -4460,     -5510,   -190112,   -807201,   -997314,     37736,     10954,     21389,      1740,    871698,    253048,    494081,     40204,      -666,     -3625,     -4290,    -15374,    -83731,    -99104,     21847,      1254,     10954,       925,     72235,     76694,     38401,     42026
       321,     50321,108.505308,     122.4,       1.9,     69323,     14514,     39693,       288,   8485177,   1776573,   4858470,     35220,     -1097,     -5894,     -6991,   -134226,   -721479,   -855705,     36800,      7427,     19563,       963,     69920,     14111,     37170,      1829,      -651,     -4248,     -4899,     -1237,     -8072,     -9309,     14514,      1264,      7427,      1036,     70420,     76314,     37451,     41699
       322,     50322,207.111688,         0,         0,     71606,     11048,     35544,        64,         0,         0,         0,         0,     -1248,     -5309,     -6557,         0,         0,         0,     37805,      4540,     11708,         2,         0,         0,         0,         0,      -815,     -5057,     -5872,         0,         0,         0,         0,     11048,         0,      4540,     72854,     78163,     38620,     43677
       323,     50323,149.388400,         0,         0,     72586,     11289,     46636,       357,         0,         0,         0,         0,     -1179,     -4344,     -5523,         0,         0,         0,     38394,      4686,     16753,         0,         0,         0,         0,         0,      -795,     -4517,     -5312,         0,         0,         0,         0,     11289,         0,      4686,     73765,     78109,     39189,     43706
       324,     50324, 56.940520,         0,         0,     74354,      8595,     50393,      1898,         0,         0,         0,         0,      -805,     -2734,     -3539,         0,         0,         0,     39480,      4081,     18458,         0,         0,         0,         0,         0,      -656,     -3284,     -3940,         0,         0,         0,      8595,      8237,      2828,      4081,     75160,     77893,     40135,     43420
       325,     50325,127.308904,         0,     437.6,     75498,     11291,     54259,      4098,         0,         0,         0,         0,      -677,     -1887,     -2563,         0,         0,         0,     40457,      4286,     20378,        81,  17704120,   1875687,   8917389,     35580,      -599,     -2579,     -3178,   -262179,  -1128622,  -1390801,     11291,      8515,      3502,      4286,     76175,     78062,     41056,     43636
       326,     50326,167.244488,       1.0,     991.1,     74755,     25220,     57492,      4487,     74755,     25220,     57492,      4487,      -631,     -2335,     -2966,      -631,     -2335,     -2966,     39535,      8724,     22560,      1357,  39182712,   8646742,  22359350,   1345221,      -601,     -3025,     -3626,   -595409,  -2997893,  -3593303,     25220,      7328,      8724,      3934,     75387,     77721,     40135,     43160
       327,     50327, 74.524023,     308.3,     503.1,     75071,     30783,     58392,      4197,  23144506,   9490411,  18002123,   1293897,      -613,     -1705,     -2318,   -189064,   -525675,   -714739,     39851,     10930,     23315,      2192,  20049249,   5498930,  11729604,   1103005,      -618,     -2293,     -2910,   -310675,  -1153519,  -1464194,     30783,      6715,     10930,      3837,     75685,     77390,     40469,     42762
       328,     50328, 53.566360,     254.8,       7.5,     73995,     35661,     58662,      5391,  18854002,   9086408,  14947058,   1373560,      -794,     -2219,     -3013,   -202393,   -565416,   -767809,     39042,     13630,     23711,      2576,    292815,    102224,    177831,     19317,      -661,     -2581,     -3242,     -4958,    -19360,    -24318,     35661,      5468,     13630,      4253,     74790,     77009,     39703,     42284
       329,     50329, 36.105633,     163.7,       7.2,     75387,     36524,     59333,      5585,  12340819,   5979041,   9712875,    914316,      -545,     -1462,     -2008,    -89290,   -239402,   -328692,     40222,     14119,     24066,      2674,    289598,    101657,    173272,     19250,      -590,     -1987,     -2577,     -4248,    -14306,    -18553,     36524,      5986,     14119,      4365,     75932,     77395,     40812,     42799
       330,     50330, 31.273620,     106.9,     123.2,     74383,     40245,     58762,      6189,   7951517,   4302229,   6281706,    661564,      -759,     -1717,     -2475,    -81090,   -183529,   -264619,     39418,     14997,     24094,      2773,   4856237,   1847690,   2968385,    341667,      -681,     -2146,     -2827,    -83928,   -264362,   -348290,     40245,      4965,     14997,      4299,     75141,     76858,     40099,     42245
       331,     50331, 26.352900,     109.7,       9.9,     74580,     42555,     59430,      6172,   8181400,   4668328,   6519504,    677093,      -797,     -1461,     -2258,    -87423,   -160287,   -247709,     39499,     16761,     24410,      2857,    391036,    165930,    241659,     28283,      -732,     -1999,     -2732,     -7252,    -19793,    -27045,     42555,      6373,     16761,      4901,     75377,     76838,     40231,     42230
       332,     50332, 11.129110,         0,     204.1,     74747,     41435,     58768,      6279,         0,         0,         0,         0,      -865,     -1264,     -2129,         0,         0,         0,     39753,     15237,     24270,      2879,   8113663,   3109919,   4953571,    587571,      -766,     -1753,     -2518,   -156309,   -357706,   -514015,     41435,      5487,     15237,      4713,     75612,     76875,     40519,     42272
       333,     50333, 16.662622,      45.7,     133.6,     74806,     45276,     59446,      6151,   3418636,   2069118,   2716705,    281079,      -785,     -1266,     -2051,    -35883,    -57859,    -93742,     39696,     17903,     24615,      3022,   5303348,   2391898,   3288552,    403791,      -753,     -1815,     -2569,   -100642,   -242550,   -343192,     45276,      6550,     17903,      5030,     75591,     76857,     40449,     42265
       334,     50334, 63.807352,      37.5,     875.2,     74457,     40649,     58763,      6588,   2792138,   1524351,   2203598,    247034,      -866,     -1413,     -2279,    -32486,    -52990,    -85476,     39483,     15714,     24533,      2984,  34555172,  13753251,  21471590,   2612006,      -742,     -1896,     -2638,   -649377,  -1659503,  -2308879,     40649,      6671,     15714,      4629,     75323,     76736,     40225,     42121
       335,     50335, 44.713174,     126.8,     542.0,     74700,     45249,     59363,      6480,   9471950,   5737588,   7527226,    821711,      -765,     -1285,     -2050,    -96962,   -162973,   -259935,     39619,     18652,     24902,      3141,  21473246,  10109222,  13497032,   1702346,      -703,     -1842,     -2546,   -381265,   -998573,  -1379838,     45249,      6220,     18652,      4475,     75465,     76750,     40322,     42164
       336,     50336, 64.619166,     192.5,       3.7,     74760,     37626,     58187,      6252,  14391389,   7242992,  11201078,   1203591,      -786,     -1570,     -2355,   -151250,   -302135,   -453385,     39885,     14878,     24685,      3470,    147573,     55048,     91334,     12839,      -656,     -2008,     -2664,     -2428,     -7429,     -9857,     37626,      6572,     14878,      4339,     75546,     77116,     40541,     42549
       337,     50337, 45.362971,     202.2,       2.7,     73841,     42306,     58787,      4581,  14930558,   8554219,  11886704,    926298,      -862,     -1893,     -2756,   -174346,   -382850,   -557196,     38979,     16706,     25048,      3411,    105243,     45107,     67629,      9210,      -697,     -2302,     -3000,     -1882,     -6216,     -8099,     42306,      7465,     16706,      4620,     74703,     76596,     39676,     41979
       338,     50338, 61.501427,     239.1,      20.4,     72843,     20902,     57187,      5466,  17416683,   4997558,  13673377,   1306902,      -919,     -2701,     -3620,   -219669,   -645817,   -865486,     38451,     11310,     24678,      3530,    784391,    230733,    503439,     72013,      -674,     -2665,     -3339,    -13746,    -54374,    -68120,     20902,      6355,     11310,      3474,     73761,     76462,     39124,     41790
       339,     50339, 21.891815,      49.4,     125.1,     74499,     38466,     58115,      3915,   3680238,   1900198,   2870883,    193417,      -764,     -1752,     -2516,    -37751,    -86544,   -124295,     39657,     15772,     25028,      3619,   4961104,   1973078,   3130969,    452724,      -632,     -2132,     -2764,    -79097,   -266663,   -345760,     38466,      6745,     15772,      4407,     75263,     77015,     40289,     42421
       340,     50340, 22.499627,     111.3,         0,     72986,     28373,     57564,      3630,   8123392,   3157912,   6406878,    404068,      -876,     -2586,     -3463,    -97501,   -287876,   -385376,     38556,     13787,     24954,      3521,         0,         0,         0,         0,      -663,     -2530,     -3193,         0,         0,         0,     28373,      7163,     13787,      3927,     73862,     76449,     39219,     41749
       341,     50341,  9.314366,     145.9,         0,     72423,     19466,     55763,      5635,  10566492,   2840077,   8135786,    822148,     -1001,     -3028,     -4030,   -146117,   -441790,   -587906,     38322,      9887,     24362,      3356,         0,         0,         0,         0,      -683,     -2729,     -3412,         0,         0,         0,     19466,      5638,      9887,      3140,     73424,     76452,     39006,     41734
       342,     50342, 10.992639,     204.4,      28.4,     72594,     20447,     56150,      5106,  14838200,   4179374,  11477084,   1043733,     -1038,     -2857,     -3895,   -212144,   -583973,   -796118,     38362,     11421,     24532,      3313,   1089486,    324367,    696702,     94082,      -723,     -2679,     -3402,    -20533,    -76093,    -96626,     20447,      6999,     11421,      3564,     73632,     76489,     39085,     41765
       343,     50343, 10.862560,     135.8,         0,     71664,     34240,     55363,      4751,   9731979,   4649839,   7518232,    645139,     -1100,     -3640,     -4739,   -149325,   -494286,   -643611,     37893,     13977,     24387,      3137,         0,         0,         0,         0,      -720,     -3062,     -3782,         0,         0,         0,     34240,      6854,     13977,      3052,     72764,     76403,     38613,     41675
       344,     50344, 10.638551,     179.8,      40.5,     71741,     23911,     54936,      5141,  12899037,   4299136,   9877561,    924431,     -1000,     -3640,     -4639,   -179711,   -654454,   -834165,     37943,     11488,     24205,      3216,   1536675,    465274,    980295,    130232,      -655,     -3076,     -3730,    -26507,   -124568,   -151075,     23911,      6943,     11488,      3192,     72741,     76380,     38597,     41673
       345,     50345, 21.543323,     236.0,      33.7,     72090,     32365,     56111,      4120,  17013283,   7638069,  13242211,    972401,     -1072,     -3257,     -4329,   -253087,   -768577,  -1021664,     38008,     13896,     24608,      3165,   1280871,    468294,    829305,    106654,      -739,     -2949,     -3689,    -24913,    -99393,   -124307,     32365,      6963,     13896,      3800,     73163,     76419,     38747,     41697
       346,     50346, 22.683591,     267.5,         0,     71960,     30346,     56860,      3281,  19249222,   8117488,  15209985,    877596,     -1006,     -3500,     -4506,   -269094,   -936310,  -1205404,     38044,     14524,     24831,      3270,         0,         0,         0,         0,      -690,     -3009,     -3699,         0,         0,         0,     30346,      7615,     14524,      3801,     72966,     76466,     38734,     41743
       347,     50347,125.359737,         0,     556.5,     70877,     31486,     53030,      3790,         0,         0,         0,         0,      -954,     -4573,     -5526,         0,         0,         0,     37433,     13567,     23764,      2764,  20831632,   7550278,  13224689,   1538034,      -619,     -3625,     -4244,   -344704,  -2017178,  -2361882,     31486,      1361,     13567,       998,     71831,     76403,     38053,     41677
       348,     50348, 12.058309,      28.9,         0,     70636,     25617,     49565,      2522,   2041389,    740337,   1432430,     72891,     -1093,     -4582,     -5676,    -31601,   -132433,   -164034,     37371,     13166,     22720,      1830,         0,         0,         0,         0,      -701,     -3553,     -4253,         0,         0,         0,     25617,      1336,     13166,       995,     71730,     76312,     38071,     41624
       349,     50349, 17.618958,         0,     190.3,     72773,     28723,     50183,      3059,         0,         0,         0,         0,      -979,     -3139,     -4118,         0,         0,         0,     38658,     14247,     22944,      1722,   7356659,   2711278,   4366252,    327701,      -664,     -2884,     -3548,   -126328,   -548840,   -675168,     28723,      7599,     14247,      3415,     73752,     76891,     39322,     42206
       350,     50350, 18.522909,      26.9,     142.3,     71620,     23569,     47222,      1464,   1926567,    633993,   1270262,     39383,     -1025,     -4184,     -5208,    -27568,   -112538,   -140106,     37989,     11869,     22035,      1580,   5405853,   1688977,   3135628,    224853,      -655,     -3487,     -4143,    -93267,   -496244,   -589511,     23569,      1293,     11869,       958,     72644,     76828,     38645,     42132
       351,     50351, 39.361653,     122.2,      74.5,     71566,     27784,     47852,      1988,   8745375,   3395162,   5847489,    242956,     -1064,     -4083,     -5147,   -129966,   -498993,   -628959,     37928,     12585,     22261,      1436,   2825645,    937597,   1658429,    107018,      -682,     -3402,     -4084,    -50823,   -253466,   -304289,     27784,      8040,     12585,      3817,     72630,     76713,     38610,     42013
       352,     50352,151.611827,     112.5,     102.2,     70511,     18209,     41823,       493,   7932445,   2048539,   4705052,     55426,     -1083,     -4861,     -5944,   -121831,   -546884,   -668715,     37339,      8516,     20389,       708,   3816078,    870342,   2083732,     72359,      -673,     -3809,     -4481,    -68750,   -389254,   -458004,     18209,      1205,      8516,       884,     71594,     76455,     38012,     41821
       353,     50353,151.224468,         0,         0,     73601,     11488,     47263,       791,         0,         0,         0,         0,     -1124,     -3350,     -4474,         0,         0,         0,     39127,      4696,     17206,         1,         0,         0,         0,         0,      -752,     -3747,     -4499,         0,         0,         0,      4176,     11488,      1037,      4696,     74725,     78075,     39879,     43626
       354,     50354, 96.585756,         0,     240.6,     74309,     11459,     52366,      2464,         0,         0,         0,         0,     -1004,     -2728,     -3733,         0,         0,         0,     39577,      4512,     19630,        24,   9522305,   1085612,   4723062,      5854,      -719,     -3322,     -4041,   -173028,   -799278,   -972306,      6833,     11459,      1865,      4512,     75314,     78042,     40296,     43618
       355,     50355, 51.026841,         0,     427.0,     75658,      8534,     54745,      3750,         0,         0,         0,         0,      -701,     -1723,     -2423,         0,         0,         0,     40546,      4994,     20919,       134,  17313307,   2132645,   8932348,     57193,      -632,     -2470,     -3102,   -269871,  -1054741,  -1324612,      7731,      8534,      2326,      4994,     76359,     78082,     41178,     43649
       356,     50356, 26.107183,         0,      72.9,     75674,     11951,     54643,      3516,         0,         0,         0,         0,      -726,     -1688,     -2415,         0,         0,         0,     40587,      4740,     21054,       150,   2958776,    345536,   1534840,     10927,      -660,     -2409,     -3069,    -48126,   -175625,   -223751,      7970,     11951,      1817,      4740,     76400,     78089,     41247,     43656
       357,     50357, 99.878466,      80.4,     292.2,         0,         0,     58158,      4606,         0,         0,   4675898,    370347,         0,         0,         0,         0,         0,         0,         0,         0,     23104,      1491,         0,         0,   6751104,    435643,         0,         0,         0,         0,         0,         0,         0,         0,         0,         0,         0,         0,         0,         0
       358,     50358, 69.109329,      32.9,     300.5,     75267,     26223,     57156,      4051,   2476281,    862727,   1880436,    133274,      -801,     -2015,     -2816,    -26360,    -66277,    -92637,     40298,      8774,     22671,       944,  12109441,   2636518,   6812697,    283564,      -676,     -2683,     -3358,   -203086,   -806106,  -1009193,     26223,      6552,      8774,      4274,     76068,     78083,     40973,     43656
       359,     50359, 37.028068,     136.6,       5.0,     75219,     31913,     59052,      4875,  10274874,   4359257,   8066503,    665880,      -574,     -2023,     -2597,    -78341,   -276367,   -354709,     40006,     12416,     23728,      2184,    200029,     62078,    118640,     10921,      -600,     -2673,     -3272,     -2999,    -13364,    -16362,     31913,      6397,     12416,      4057,     75792,     77815,     40605,     43278
       360,     50360, 39.379992,     117.3,       4.1,     73901,     32298,     58768,      6016,   8668584,   3788572,   6893518,    705693,      -807,     -2882,     -3689,    -94648,   -338022,   -432670,     39038,     11515,     23837,      2081,    160054,     47210,     97734,      8531,      -711,     -3261,     -3972,     -2914,    -13372,    -16286,     32298,      5908,     11515,      3696,     74708,     77590,     39748,     43010
       361,     50361, 32.127436,     176.0,      24.1,     75322,     38512,     59565,      6400,  13256654,   6778160,  10483374,   1126339,      -533,     -1531,     -2063,    -93758,   -269379,   -363137,     40158,     15396,     24221,      2627,    967816,    371043,    583726,     63308,      -582,     -2053,     -2635,    -14038,    -49469,    -63506,     38512,      6053,     15396,      4165,     75855,     77385,     40741,     42793
       362,     50362, 10.807441,      35.9,         0,     74451,     37817,     59661,      7450,   2672775,   1357646,   2141813,    267454,      -664,     -1752,     -2415,    -23821,    -62886,    -86707,     39354,     16392,     24445,      2753,         0,         0,         0,         0,      -622,     -2283,     -2905,         0,         0,         0,     37817,      5108,     16392,      4095,     75114,     76866,     39975,     42259
       363,     50363, 22.462779,      67.3,     120.6,     74138,     36699,     59313,      8215,   4989518,   2469820,   3991778,    552883,      -712,     -2063,     -2775,    -47895,   -138845,   -186740,     39179,     13769,     24262,      2450,   4724955,   1660536,   2925969,    295416,      -669,     -2452,     -3121,    -80711,   -295675,   -376386,     36699,      6203,     13769,      3993,     74850,     76913,     39848,     42300
       364,     50364, 22.318164,     141.5,     346.0,     74441,     40764,     59526,      9369,  10533396,   5768165,   8422879,   1325710,      -679,     -1836,     -2515,    -96144,   -259749,   -355893,     39425,     15322,     24516,      2647,  13640940,   5301293,   8482445,    915894,      -654,     -2265,     -2919,   -226133,   -783862,  -1009996,     40764,      5843,     15322,      3788,     75120,     76956,     40078,     42344
       365,     50365, 21.569348,     138.8,       2.7,     74675,     43306,     59699,      7465,  10364953,   6010904,   8286167,   1036123,      -658,     -1489,     -2147,    -91273,   -206700,   -297973,     39559,     17244,     24609,      2973,    106810,     46558,     66446,      8027,      -628,     -2051,     -2679,     -1695,     -5538,     -7232,     43306,      6034,     17244,      4804,     75333,     76822,     40187,     42238
       366,     50366, 22.647960,     184.7,     114.0,     74687,     43586,     59625,      9881,  13794641,   8050358,  11012791,   1824966,      -641,     -1531,     -2172,   -118377,   -282722,   -401099,     39627,     16248,     24732,      2861,   4517450,   1852283,   2819408,    326201,      -638,     -2052,     -2690,    -72712,   -233893,   -306605,     43586,      4801,     16248,      3833,     75328,     76858,     40265,     42316
       367,     50367, 21.170644,      67.9,     263.7,     74606,     46272,     59695,      7733,   5065775,   3141859,   4053308,    525102,      -692,     -1475,     -2166,    -46957,   -100122,   -147079,     39495,     18704,     24815,      3092,  10414817,   4932170,   6543824,    815482,      -654,     -2042,     -2695,   -172337,   -538461,   -710798,     46272,      6379,     18704,      4854,     75298,     76773,     40148,     42190
       368,     50368, 23.063030,      32.3,     827.6,     74886,     44842,     59617,      9884,   2418824,   1448400,   1925623,    319241,      -726,     -1245,     -1971,    -23451,    -40219,    -63670,     39813,     17254,     24917,      2988,  32949604,  14279429,  20620914,   2473142,      -733,     -1754,     -2488,   -606926,  -1451914,  -2058839,     44842,      4884,     17254,      3919,     75612,     76857,     40547,     42301
       369,     50369, 22.357938,       1.0,     557.0,     74466,     45524,     59605,      7789,     74466,     45524,     59605,      7789,      -805,     -1531,     -2337,      -805,     -1531,     -2337,     39453,     19150,     24989,      3134,  21975301,  10666338,  13918941,   1745907,      -734,     -2041,     -2775,   -408896,  -1136598,  -1545494,     45524,      6352,     19150,      4338,     75272,     76803,     40187,     42228
       370,     50370, 22.919266,      77.3,     528.0,     74859,     45373,     59520,      9667,   5786598,   3507354,   4600897,    747252,      -746,     -1239,     -1985,    -57647,    -95777,   -153424,     39814,     17457,     25060,      3151,  21021573,   9217201,  13231890,   1663550,      -732,     -1743,     -2475,   -386237,   -920299,  -1306536,     45373,      5876,     17457,      3971,     75605,     76844,     40545,     42288
       371,     50371, 22.512998,      97.6,     168.3,     74565,     43874,     59301,      9068,   7277560,   4282076,   5787770,    885003,      -716,     -1463,     -2178,    -69877,   -142744,   -212621,     39584,     17811,     25160,      3174,   6661962,   2997553,   4234408,    534103,      -655,     -1938,     -2593,   -110198,   -326185,   -436383,     43874,      6375,     17811,      4024,     75281,     76744,     40239,     42177
       372,     50372, 22.600715,     141.8,     100.0,     74104,     45909,     58915,      5600,  10507915,   6509918,   8354095,    794053,      -883,     -1800,     -2682,   -125156,   -255177,   -380333,     39241,     18552,     25180,      3302,   3924068,   1855239,   2517995,    330229,      -733,     -2226,     -2959,    -73285,   -222620,   -295905,     45909,      7509,     18552,      4656,     74986,     76786,     39974,     42200
       373,     50373, 65.089980,     473.7,      92.0,     73926,     41303,     58625,      5841,  35018662,  19565092,  27770795,   2766699,      -811,     -1851,     -2661,   -384029,   -876702,  -1260731,     39122,     16325,     25204,      3224,   3599205,   1501877,   2318753,    296571,      -648,     -2216,     -2864,    -59593,   -203895,   -263488,     41303,      7051,     16325,      4341,     74737,     76587,     39770,     41986
       374,     50374, 11.085365,      84.9,         0,     73296,     39328,     57683,      3264,   6222809,   3338953,   4897276,    277131,      -982,     -2397,     -3380,    -83408,   -203513,   -286921,     38801,     16535,     25044,      3365,         0,         0,         0,         0,      -715,     -2523,     -3238,         0,         0,         0,     39328,      6892,     16535,      3988,     74278,     76675,     39516,     42039
       375,     50375, 11.111394,      89.4,         0,     73552,     42363,     58250,      3950,   6575536,   3787254,   5207547,    353117,      -956,     -2199,     -3155,    -85438,   -196626,   -282064,     38906,     17327,     25126,      3385,         0,         0,         0,         0,      -721,     -2463,     -3184,         0,         0,         0,     42363,      7867,     17327,      4362,     74508,     76707,     39627,     42090
       376,     50376, 11.958776,      68.5,         0,     72944,     37938,     57645,      3098,   4996670,   2598764,   3948666,    212189,      -877,     -2635,     -3512,    -60067,   -180521,   -240588,     38547,     16175,     25076,      3173,         0,         0,         0,         0,      -634,     -2613,     -3247,         0,         0,         0,     37938,      6298,     16175,      3488,     73821,     76456,     39181,     41794
       377,     50377, 11.016893,      81.6,         0,     72994,     38371,     57004,      3063,   5956301,   3131045,   4651517,    249952,     -1048,     -2621,     -3668,    -85479,   -213836,   -299315,     38621,     16346,     24918,      3188,         0,         0,         0,         0,      -741,     -2615,     -3356,         0,         0,         0,     38371,      7274,     16346,      3568,     74041,     76662,     39362,     41977
       378,     50378,122.244050,      58.5,    2178.4,     71525,     29863,     54714,      3278,   4184220,   1746972,   3200754,    191734,     -1106,     -3936,     -5042,    -64678,   -230260,   -294938,     37803,     13947,     24310,      2424,  82350576,  30381930,  52956128,   5281237,      -725,     -3301,     -4026,  -1578420,  -7190872,  -8769292,     29863,      7314,     13947,      3624,     72631,     76567,     38528,     41829
       379,     50379, 12.379978,         0,      36.3,     71585,     31628,     49490,      2815,         0,         0,         0,         0,     -1062,     -4115,     -5177,         0,         0,         0,     37940,     14400,     22760,      1363,   1377218,    522726,    826190,     49483,      -682,     -3438,     -4120,    -24764,   -124788,   -149552,     31628,      8043,     14400,      3819,     72647,     76762,     38622,     42060
       380,     50380,128.172709,     102.7,     105.6,     70269,     31971,     50166,      2919,   7216637,   3283383,   5152076,    299756,     -1898,     -4292,     -6190,   -194922,   -440804,   -635726,     37188,     14418,     22975,      1131,   3927085,   1522535,   2426181,    119468,     -1038,     -3602,     -4640,   -109599,   -380363,   -489962,     31971,       391,     14418,       634,     72167,     76459,     38226,     41828
       381,     50381,1088.92754,         0,         0,     68083,       298,      6680,         0,         0,         0,         0,         0,     -1121,     -7965,     -9086,         0,         0,         0,     36035,       525,      2118,         0,         0,         0,         0,         0,      -576,     -5871,     -6447,         0,         0,         0,         0,       298,         0,       525,     69204,     77169,     36611,     42482
       382,     50382,553.708743,         0,      14.5,     70074,       398,     21041,        15,         0,         0,         0,         0,     -1033,     -6719,     -7752,         0,         0,         0,     37088,       590,      6300,         0,    537771,      8552,     91343,         0,      -558,     -5567,     -6125,     -8094,    -80723,    -88817,         0,       398,         0,       590,     71107,     77826,     37646,     43213
       383,     50383,304.273919,         0,         0,     69214,       406,     33030,         2,         0,         0,         0,         0,     -1361,     -7496,     -8857,         0,         0,         0,     36232,       601,     10432,         1,         0,         0,         0,         0,      -829,     -6522,     -7351,         0,         0,         0,         0,       406,         0,       601,     70575,     78071,     37062,     43583
       384,     50384,501.565570,       5.9,     232.6,     72192,     11157,     29480,       233,    425931,     65828,    173931,      1375,     -1214,     -4610,     -5824,     -7165,    -27198,    -34362,     38221,      4579,      9834,         9,   8890231,   1065191,   2287486,      2128,      -803,     -4396,     -5200,   -186822,  -1022614,  -1209436,         0,     11157,         0,      4579,     73406,     78016,     39024,     43421
       385,     50385,253.612706,         0,         0,     68901,       340,     37387,       133,         0,         0,         0,         0,     -1423,     -7130,     -8553,         0,         0,         0,     36267,       542,     13470,        80,         0,         0,         0,         0,      -861,     -5793,     -6654,         0,         0,         0,         0,       340,         0,       542,     70324,     77454,     37128,     42921
       386,     50386,175.503583,         0,     201.1,     73637,     11495,     46663,       872,         0,         0,         0,         0,     -1121,     -3300,     -4421,         0,         0,         0,     39174,      4660,     17239,        69,   7877856,    937131,   3466711,     13924,      -749,     -3645,     -4394,   -150635,   -733041,   -883676,      3570,     11495,       850,      4660,     74758,     78058,     39923,     43568
       387,     50387,172.756344,       5.0,     602.2,     74657,     11326,     52231,      2079,    373287,     56632,    261155,     10397,      -937,     -2381,     -3318,     -4685,    -11907,    -16592,     39881,      4253,     19966,       305,  24016300,   2561056,  12023489,    183659,      -699,     -2927,     -3626,   -421091,  -1762728,  -2183819,      7753,     11326,      2356,      4253,     75594,     77976,     40580,     43507
       388,     50388,169.654230,       5.3,     767.6,     75038,     22229,     56005,      3097,    397701,    117813,    296827,     16416,      -848,     -2134,     -2982,     -4494,    -11311,    -15806,     40212,      6941,     22461,      1177,  30866449,   5328236,  17241141,    903613,      -657,     -2683,     -3340,   -504531,  -2059352,  -2563883,     22229,      7348,      6941,      4077,     75886,     78020,     40869,     43552
       389,     50389, 39.524085,     111.3,      78.1,     75096,     26505,     57991,      7088,   8358185,   2949974,   6454387,    788867,      -725,     -2131,     -2856,    -80705,   -237210,   -317915,     40127,      8126,     23732,      1947,   3133937,    634672,   1853430,    152068,      -672,     -2615,     -3287,    -52467,   -204236,   -256703,     26505,      5637,      8126,      3354,     75821,     77952,     40799,     43414
       390,     50390, 22.473844,     127.4,      14.5,     74077,     38198,     58783,     10833,   9437394,   4866454,   7488968,   1380129,      -860,     -1938,     -2798,   -109586,   -246860,   -356446,     39221,     13613,     24438,      2367,    568706,    197386,    354349,     34317,      -760,     -2301,     -3061,    -11020,    -33365,    -44385,     38198,      5872,     13613,      3682,     74937,     76875,     39981,     42282
       391,     50391, 22.475119,      88.5,       4.1,     75049,     35332,     58509,      9841,   6641849,   3126903,   5178010,    870929,      -740,     -1619,     -2359,    -65488,   -143270,   -208758,     40102,     12029,     24171,      2200,    164419,     49319,     99103,      9021,      -706,     -2027,     -2733,     -2893,     -8312,    -11205,     35332,      5691,     12029,      3650,     75789,     77408,     40808,     42835
       392,     50392, 22.684077,      91.3,      25.4,     74367,     41421,     58901,     11102,   6789750,   3781723,   5377701,   1013642,      -822,     -1589,     -2410,    -75008,   -145032,   -220040,     39454,     15282,     24658,      2616,   1002138,    388160,    626324,     66447,      -747,     -2017,     -2764,    -18984,    -51234,    -70217,     41421,      6238,     15282,      3771,     75189,     76778,     40202,     42219
       393,     50393, 31.706515,      65.8,    2553.5,     74609,     39770,     58734,     11178,   4909260,   2616877,   3864684,    735512,      -864,     -1311,     -2174,    -56833,    -86236,   -143069,     39688,     15924,     24813,      2728, 101343537,  40661356,  63360937,   6964671,      -794,     -1745,     -2540,  -2028512,  -4456909,  -6485421,     39770,      6102,     15924,      3516,     75473,     76783,     40482,     42228
       394,     50394, 31.746444,      35.9,    1174.1,     74573,     41134,     58688,     10860,   2677186,   1476700,   2106892,    389879,      -868,     -1341,     -2209,    -31150,    -48150,    -79300,     39659,     16019,     24959,      2881,  46563792,  18808095,  29304886,   3383111,      -782,     -1782,     -2564,   -918714,  -2092119,  -3010833,     41134,      5655,     16019,      3495,     75441,     76782,     40442,     42224
       395,     50395, 22.509958,     114.0,     176.6,     74439,     41820,     58824,      9959,   8486061,   4767461,   6705914,   1135297,      -686,     -1536,     -2222,    -78238,   -175082,   -253319,     39523,     16087,     25109,      3002,   6979774,   2840939,   4434273,    530166,      -634,     -1941,     -2575,   -111912,   -342770,   -454682,     41820,      5544,     16087,      3612,     75125,     76661,     40157,     42098
       396,     50396, 24.485172,      66.6,         0,     74957,     39409,     58409,      8230,   4992108,   2624648,   3890011,    548115,      -625,     -1485,     -2110,    -41614,    -98926,   -140540,     40040,     15500,     25158,      3043,         0,         0,         0,         0,      -603,     -1865,     -2467,         0,         0,         0,     39409,      7422,     15500,      3780,     75581,     77067,     40643,     42508
       397,     50397, 19.657486,         0,         0,     74641,     35239,     57933,      4992,         0,         0,         0,         0,      -661,     -1700,     -2361,         0,         0,         0,     39776,     14427,     25121,      3020,         0,         0,         0,         0,      -588,     -2063,     -2650,         0,         0,         0,     35239,      7363,     14427,      3744,     75302,     77002,     40364,     42426
       398,     50398, 29.002084,     110.6,       8.4,     74191,     23573,     57528,      5013,   8205563,   2607150,   6362646,    554399,      -844,     -1920,     -2764,    -93300,   -212375,   -305675,     39502,     10905,     25076,      2864,    331815,     91601,    210641,     24059,      -721,     -2132,     -2853,     -6057,    -17910,    -23967,     23573,      6140,     10905,      3369,     75035,     76955,     40223,     42355
       399,     50399, 38.132370,     204.5,      19.4,     73542,     29574,     56841,      1949,  15039340,   6047942,  11624084,    398650,     -1238,     -2154,     -3392,   -253158,   -440478,   -693637,     39076,     12469,     24957,      2672,    758082,    241906,    484158,     51828,      -910,     -2329,     -3239,    -17660,    -45177,    -62836,     29574,      6228,     12469,      3079,     74780,     76934,     39987,     42315
       400,     50400, 83.387366,     362.5,      15.5,     73016,     27944,     55679,      1769,  26468349,  10129534,  20183688,    641173,     -1418,     -2401,     -3819,   -513989,   -870518,  -1384507,     38690,     11606,     24699,      2124,    599696,    179888,    382831,     32918,      -976,     -2537,     -3512,    -15121,    -39320,    -54441,     27944,      6428,     11606,      3248,     74434,     76835,     39666,     42202
       401,     50401, 88.225925,     149.2,      14.0,     70488,     28206,     50898,      2657,  10516835,   4208359,   7593946,    396377,     -1870,     -4165,     -6035,   -279015,   -621445,   -900460,     37313,     12797,     23219,      1069,    522388,    179153,    325065,     14969,     -1033,     -3535,     -4568,    -14462,    -49494,    -63956,     28206,       391,     12797,       615,     72358,     76523,     38346,     41882
       402,     50402,334.049838,     489.5,     138.2,     67736,     18711,     45635,       309,  33156802,   9159145,  22338502,    151206,     -2011,     -6502,     -8514,   -984588,  -3182916,  -4167504,     35947,      8573,     21760,       929,   4967857,   1184856,   3007244,    128416,     -1009,     -4634,     -5643,   -139400,   -640459,   -779859,     18711,       399,      8573,       507,     69747,     76250,     36956,     41590
       403,     50403, 39.337991,     107.7,     293.8,     73170,     23465,     56835,      6606,   7880404,   2527203,   6121081,    711492,      -886,     -3346,     -4232,    -95418,   -360368,   -455786,     38716,      8433,     23542,      1818,  11374733,   2477483,   6916641,    534075,      -684,     -3380,     -4064,   -200908,   -993008,  -1193915,     23465,      6138,      8433,      3427,     74056,     77402,     39400,     42780
       404,     50404, 22.581952,      84.0,       4.6,     73187,     31980,     57287,      8959,   6147702,   2686348,   4812087,    752576,      -901,     -2495,     -3396,    -75652,   -209617,   -285269,     38668,     10224,     23972,      2038,    177873,     47028,    110273,      9373,      -708,     -2613,     -3322,     -3259,    -12021,    -15279,     31980,      6216,     10224,      3383,     74088,     76583,     39376,     41990
       405,     50405, 22.516352,      50.8,     776.6,     73775,     36803,     57953,     10882,   3747748,   1869575,   2944017,    552809,      -928,     -1981,     -2909,    -47160,   -100627,   -147787,     39036,     13675,     24412,      2302,  30315292,  10620391,  18958676,   1788075,      -784,     -2312,     -3096,   -608663,  -1795437,  -2404100,     36803,      5858,     13675,      3408,     74703,     76684,     39820,     42132
       406,     50406, 41.464886,      17.6,    1379.1,     73351,     35781,     56942,     11019,   1290980,    629746,   1002171,    193937,     -1092,     -2071,     -3163,    -19217,    -36457,    -55674,     38883,     13172,     24194,      2303,  53623993,  18165898,  33366445,   3175759,      -843,     -2245,     -3088,  -1162970,  -3095499,  -4258469,     35781,      6781,     13172,      3496,     74443,     76514,     39727,     41971
       407,     50407, 23.395956,      55.0,     601.5,     73962,     38284,     57129,     11972,   4067913,   2105601,   3142109,    658479,     -1184,     -1532,     -2716,    -65108,    -84281,   -149388,     39376,     14534,     24505,      2475,  23684907,   8742332,  14739986,   1488541,      -941,     -1815,     -2756,   -565745,  -1091782,  -1657526,     38284,      6523,     14534,      3557,     75146,     76678,     40317,     42132
       408,     50408, 23.999885,      58.7,     992.3,     73940,     37772,     57060,     12082,   4340277,   2217199,   3349400,    709191,     -1198,     -1529,     -2727,    -70301,    -89771,   -160072,     39403,     14461,     24654,      2523,  39099521,  14349595,  24463821,   2503358,      -902,     -1817,     -2719,   -895189,  -1802602,  -2697792,     37772,      6357,     14461,      3448,     75138,     76667,     40305,     42122
       409,     50409, 62.887087,     169.8,      82.7,     73558,     33599,     56984,      9653,  12490085,   5705105,   9675837,   1639001,      -929,     -1960,     -2889,   -157799,   -332802,   -490602,     39079,     12704,     24882,      2545,   3231815,   1050631,   2057766,    210448,      -728,     -2069,     -2796,    -60184,   -171081,   -231265,     33599,      6704,     12704,      3266,     74487,     76447,     39807,     41875
       410,     50410, 32.030449,     131.6,         0,     74087,     30077,     56477,      7027,   9749834,   3958086,   7432311,    924730,      -897,     -1930,     -2827,   -118072,   -253951,   -372023,     39514,     10757,     24858,      2552,         0,         0,         0,         0,      -710,     -2089,     -2799,         0,         0,         0,     30077,      7464,     10757,      3333,     74984,     76914,     40223,     42312
       411,     50411, 65.945073,     179.9,     232.4,     73897,     19546,     55696,      2834,  13294033,   3516244,  10019739,    509835,      -924,     -2038,     -2962,   -166176,   -366651,   -532826,     39371,      8339,     24752,      2425,   9149744,   1937906,   5752299,    563612,      -721,     -2165,     -2886,   -167500,   -503091,   -670591,     19546,      7679,      8339,      3486,     74821,     76859,     40091,     42256
       412,     50412, 15.662403,      33.8,       3.0,     73288,     15363,     55221,       710,   2477137,    519262,   1866483,     23994,     -1028,     -2509,     -3537,    -34759,    -84801,   -119560,     38880,      7365,     24646,      2036,    116639,     22095,     73939,      6108,      -771,     -2552,     -3323,     -2314,     -7656,     -9970,     15363,      7713,      7365,      3107,     74316,     76825,     39651,     42203
       413,     50413, 30.241420,      35.9,       3.6,     71630,     20315,     53446,       489,   2571531,    729312,   1918699,     17544,     -1266,     -3801,     -5067,    -45432,   -136468,   -181901,     37916,      7717,     24175,      1417,    136498,     27782,     87030,      5100,      -800,     -3349,     -4149,     -2880,    -12057,    -14937,     20315,       505,      7717,       762,     72896,     76697,     38716,     42065
       414,     50414,324.619146,     429.1,      64.8,     66815,      9224,     44972,       197,  28670367,   3958086,  19297594,     84717,     -1543,     -7732,     -9276,   -662273,  -3317926,  -3980199,     35134,      3829,     21522,       745,   2276663,    248090,   1394632,     48244,      -972,     -5420,     -6392,    -63003,   -351223,   -414226,      9224,       444,      3829,       635,     68359,     76091,     36106,     41526
       415,     50415,167.558672,      13.9,      43.7,     72157,      6288,     44499,       407,   1002985,     87400,    618538,      5663,     -1037,     -4648,     -5686,    -14420,    -64612,    -79032,     38262,      2001,     16754,       475,   1672036,     87426,    732163,     20756,      -722,     -4316,     -5038,    -31558,   -188612,   -220169,      6288,       438,      2001,       628,     73195,     77843,     38984,     43300
       416,     50416,169.236816,     220.7,      21.7,     74228,     14855,     50310,       933,  16382178,   3278414,  11103383,    205916,     -1088,     -2613,     -3701,   -240139,   -576664,   -816802,     39669,      4734,     19589,       920,    860811,    102738,    425079,     19954,      -787,     -2956,     -3743,    -17088,    -64138,    -81225,     14855,      9593,      4734,      4234,     75316,     77929,     40456,     43412
       417,     50417, 89.149499,     280.5,     147.1,     74505,     19352,     53862,      1910,  20898679,   5428192,  15108412,    535735,     -1038,     -2450,     -3488,   -291189,   -687174,   -978363,     39943,      6394,     21910,      1274,   5875652,    940558,   3223025,    187408,      -730,     -2831,     -3561,   -107420,   -416387,   -523807,     19352,      7979,      6394,      3747,     75543,     77993,     40673,     43504
       418,     50418, 44.155380,     129.8,       2.7,     74280,     18561,     51860,       806,   9641558,   2409266,   6731472,    104647,     -1132,     -2570,     -3702,   -146898,   -333645,   -480543,     39843,      6623,     21222,      1332,    107576,     17883,     57299,      3595,      -788,     -2843,     -3631,     -2127,     -7677,     -9805,     18561,      8126,      6623,      3675,     75412,     77982,     40631,     43474
       419,     50419,  7.678236,      33.5,       7.5,     72788,     22002,     55587,      4465,   2438411,    737084,   1862177,    149583,      -899,     -3702,     -4601,    -30132,   -124013,   -154145,     38614,      7665,     23094,      1714,    289605,     57490,    173206,     12857,      -703,     -3460,     -4163,     -5272,    -25947,    -31219,     22002,      6314,      7665,      3239,     73688,     77390,     39317,     42777
       420,     50420, 18.978428,      81.8,     100.3,     72590,     31267,     56158,      7504,   5937876,   2557631,   4593700,    613790,      -927,     -2925,     -3852,    -75827,   -239231,   -315058,     38380,     10426,     23633,      2003,   3849501,   1045724,   2370345,    200938,      -701,     -2789,     -3491,    -70358,   -279765,   -350123,     31267,      6798,     10426,      3650,     73517,     76442,     39081,     41871
       421,     50421, 15.409675,      62.6,       7.5,     73867,     25297,     54676,      3199,   4624080,   1583598,   3422721,    200252,      -975,     -2890,     -3865,    -61016,   -180934,   -241951,     39554,      8105,     22797,      1745,    296659,     60784,    170975,     13086,      -720,     -2884,     -3604,     -5403,    -21627,    -27031,     25297,      6719,      8105,      3188,     74842,     77732,     40275,     43159
       422,     50422, 22.440534,     110.6,      71.5,     73830,     30397,     55337,      6535,   8165621,   3361872,   6120225,    722716,     -1024,     -2200,     -3225,   -113292,   -243353,   -356645,     39467,     10183,     23390,      1976,   2821886,    728081,   1672357,    141267,      -742,     -2269,     -3011,    -53055,   -162265,   -215320,     30397,      6521,     10183,      3139,     74855,     77055,     40209,     42478
       423,     50423, 22.712217,      39.4,     189.1,     72929,     34377,     55769,     10354,   2873412,   1354456,   2197298,    407942,     -1301,     -2250,     -3551,    -51265,    -88642,   -139907,     38714,     12573,     23908,      2154,   7320729,   2377503,   4521005,    407272,      -931,     -2316,     -3247,   -175982,   -437971,   -613952,     34377,      6718,     12573,      3620,     74230,     76480,     39644,     41960
       424,     50424, 11.415033,      44.1,      47.4,     73476,     40120,     55850,     11451,   3240286,   1769279,   2462987,    505000,     -1407,     -1677,     -3084,    -62031,    -73966,   -135998,     39149,     15006,     24192,      2306,   1855675,    711279,   1146717,    109327,     -1042,     -1857,     -2898,    -49368,    -88012,   -137381,     40120,      7350,     15006,      3523,     74882,     76560,     40191,     42048
       425,     50425, 11.320286,      20.3,      21.7,     73478,     40286,     55762,     11273,   1491613,    817804,   1131971,    228836,     -1409,     -1662,     -3071,    -28605,    -33731,    -62336,     39200,     15344,     24336,      2271,    850650,    332967,    528100,     49282,      -996,     -1844,     -2841,    -21622,    -40017,    -61639,     40286,      7157,     15344,      3512,     74888,     76549,     40197,     42041
       426,     50426, 22.088077,      65.8,       3.1,     73223,     35145,     55566,     10423,   4818105,   2312565,   3656239,    685839,     -1233,     -2022,     -3255,    -81116,   -133052,   -214167,     39017,     13150,     24446,      2171,    120954,     40765,     75781,      6730,      -885,     -2032,     -2917,     -2745,     -6298,     -9043,     35145,      7079,     13150,      3086,     74456,     76478,     39903,     41934
       427,     50427, 45.793979,      52.1,         0,     73365,     25594,     53025,      1837,   3822322,   1333467,   2762621,     95705,     -1135,     -3310,     -4445,    -59138,   -172465,   -231603,     39300,      8298,     22241,      1738,         0,         0,         0,         0,      -798,     -3127,     -3925,         0,         0,         0,     25594,      7332,      8298,      3562,     74500,     77810,     40098,     43225
       428,     50428, 71.841090,      27.4,      88.8,     73106,     31862,     53379,      5038,   2003112,    873016,   1462579,    138053,     -1075,     -2642,     -3717,    -29467,    -72388,   -101855,     39060,     10795,     22873,      1858,   3468571,    958622,   2031147,    165016,      -708,     -2493,     -3201,    -62881,   -221362,   -284244,     31862,      6668,     10795,      3272,     74182,     76824,     39769,     42261
       429,     50429, 41.831131,     147.1,         0,     72305,     35129,     54371,      9265,  10636034,   5167454,   7998001,   1362941,     -1422,     -2534,     -3956,   -209161,   -372749,   -581910,     38387,     12601,     23557,      1922,         0,         0,         0,         0,      -977,     -2424,     -3401,         0,         0,         0,     35129,      6153,     12601,      3056,     73727,     76261,     39364,     41788
       430,     50430, 18.503321,      55.8,      39.7,     73001,     37879,     54569,     10376,   4073482,   2113632,   3044954,    578997,     -1615,     -1820,     -3435,    -90098,   -101581,   -191678,     38923,     14319,     23861,      2113,   1545242,    568458,    947286,     83884,     -1125,     -1914,     -3039,    -44672,    -75979,   -120652,     37879,      7245,     14319,      3772,     74616,     76437,     40048,     41962
       431,     50431, 13.525566,      11.9,      85.0,     73064,     37747,     54673,     10341,    869462,    449186,    650608,    123056,     -1615,     -1781,     -3396,    -19217,    -21198,    -40415,     39010,     14212,     24036,      2166,   3315891,   1207999,   2043021,    184104,     -1086,     -1884,     -2970,    -92346,   -160118,   -252464,     37747,      7258,     14212,      3620,     74679,     76460,     40097,     41981
       432,     50432,100.284894,     196.9,       4.1,     72312,       426,     41258,        66,  14238290,     83901,   8123657,     12989,     -1273,     -4230,     -5502,   -250592,   -832843,  -1083435,     38372,       626,     15784,       447,    157325,      2567,     64714,      1835,      -888,     -3967,     -4855,     -3641,    -16264,    -19905,         0,       426,         0,       626,     73585,     77815,     39260,     43227
       433,     50433,105.013153,         0,         0,     71112,       394,     38831,        35,         0,         0,         0,         0,     -1388,     -5133,     -6522,         0,         0,         0,     37542,       596,     15130,       351,         0,         0,         0,         0,      -898,     -4581,     -5479,         0,         0,         0,         0,       394,         0,       596,     72500,     77633,     38440,     43022
       434,     50434,158.606554,     168.7,      12.0,     73306,      9269,     46414,       152,  12366678,   1563629,   7830062,     25625,     -1230,     -3350,     -4580,   -207433,   -565209,   -772642,     39090,      3757,     18316,       854,    469085,     45090,    219795,     10251,      -874,     -3367,     -4241,    -10483,    -40407,    -50890,      9269,      8780,      3576,      3757,     74535,     77886,     39964,     43331
       435,     50435, 44.286164,      97.3,      63.5,     73924,     17628,     50112,       471,   7192797,   1715164,   4875849,     45802,     -1177,     -2813,     -3990,   -114534,   -273714,   -388247,     39660,      6333,     20643,      1273,   2518422,    402117,   1310804,     80830,      -813,     -2911,     -3724,    -51607,   -184864,   -236471,     17628,      8681,      6333,      3877,     75101,     77914,     40473,     43384
       436,     50436, 75.169710,     123.4,       2.7,     72970,     15569,     48360,      1224,   9004485,   1921214,   5967606,    151063,     -1228,     -3605,     -4833,   -151570,   -444871,   -596441,     39059,      5066,     20243,      1018,    105459,     13678,     54655,      2749,      -825,     -3349,     -4174,     -2226,     -9043,    -11270,     15569,      9328,      5066,      3734,     74198,     77803,     39883,     43233
       437,     50437, 76.704363,      69.7,      14.6,     72724,     22249,     50028,      1913,   5068885,   1550737,   3486983,    133332,     -1283,     -3567,     -4850,    -89394,   -248652,   -338046,     38973,      7533,     21423,      1359,    569008,    109986,    312773,     19841,      -894,     -3172,     -4065,    -13047,    -46308,    -59356,     22249,      8438,      7533,      3626,     74007,     77574,     39867,     43039
       438,     50438, 19.193725,      50.3,       6.1,     72492,     28345,     51452,      5119,   3646327,   1425737,   2588045,    257472,     -1535,     -2693,     -4228,    -77203,   -135458,   -212662,     38712,     10097,     22411,      1428,    236141,     61589,    136707,      8713,     -1022,     -2460,     -3482,     -6235,    -15005,    -21240,     28345,      8358,     10097,      3433,     74026,     76719,     39734,     42194
       439,     50439, 23.916335,     169.9,       5.5,     72370,     27307,     50214,      4453,  12295709,   4639409,   8531328,    756545,     -1426,     -3635,     -5061,   -242288,   -617565,   -859852,     38692,      8956,     21970,      1367,    212806,     49257,    120832,      7520,      -915,     -3337,     -4251,     -5030,    -18352,    -23382,     27307,      8213,      8956,      3405,     73796,     77431,     39607,     42943
       440,     50440, 47.793370,     359.9,      30.1,     71607,     34739,     52300,      8251,  25771532,  12502661,  18822883,   2969403,     -1631,     -2792,     -4423,   -586820,  -1004996,  -1591816,     38085,     13244,     23039,      1588,   1146356,    398651,    693478,     47798,     -1092,     -2488,     -3580,    -32860,    -74884,   -107744,     34739,      6789,     13244,      3199,     73238,     76030,     39177,     41664
       441,     50441, 10.629368,      11.5,     289.1,     71569,     37387,     51537,      8292,    823047,    429956,    592679,     95359,     -1748,     -2710,     -4459,    -20105,    -31168,    -51273,     38169,     13928,     22932,      1599,  11034702,   4026580,   6629760,    462317,     -1138,     -2400,     -3537,   -328892,   -693714,  -1022606,     37387,      6151,     13928,      2960,     73318,     76028,     39307,     41706
       442,     50442, 21.902388,       1.8,     270.4,     71903,     36182,     51754,      8383,    129426,     65128,     93158,     15089,     -2090,     -2083,     -4173,     -3762,     -3750,     -7512,     38414,     14737,     23100,      1713,  10387165,   3984912,   6246305,    463169,     -1324,     -2025,     -3349,   -357934,   -547617,   -905552,     36182,      4538,     14737,      2513,     73993,     76076,     39738,     41763
       443,     50443, 78.117142,         0,         0,     72191,       449,     38189,        26,         0,         0,         0,         0,     -1374,     -4208,     -5583,         0,         0,         0,     38404,       655,     15394,       327,         0,         0,         0,         0,      -961,     -3838,     -4798,         0,         0,         0,         0,       449,         0,       655,     73565,     77773,     39364,     43202
       444,     50444,179.504798,      17.7,       3.3,     72713,      8842,     42378,       593,   1287026,    156499,    750087,     10495,     -1341,     -3728,     -5069,    -23732,    -65984,    -89716,     38810,      3027,     17248,       607,    128073,      9989,     56918,      2004,      -951,     -3448,     -4398,     -3138,    -11377,    -14515,      8842,       471,      3027,       675,     74054,     77782,     39761,     43208
       445,     50445,107.324111,     131.9,      96.2,     73135,      9801,     44581,      2947,   9646471,   1292729,   5880241,    388680,     -1327,     -3298,     -4625,   -175033,   -435017,   -610049,     39238,      3638,     18956,       660,   3774699,    350017,   1823594,     63477,      -933,     -3016,     -3949,    -89796,   -290135,   -379931,      9801,      8816,      2646,      3638,     74462,     77760,     40171,     43187
       446,     50446,216.644307,      59.3,    1102.2,     72020,     25506,     46849,      3610,   4270785,   1512492,   2778150,    214093,     -1615,     -3586,     -5201,    -95755,   -212648,   -308404,     38578,      9842,     20684,      1087,  42520538,  10848367,  22797417,   1198199,     -1034,     -3268,     -4303,  -1140080,  -3602445,  -4742524,     25506,       522,      9842,       726,     73635,     77221,     39612,     42881
       447,     50447,188.932093,       1.9,         0,     67917,        29,     32412,        25,    129042,        56,     61582,        48,     -1884,     -7698,     -9581,     -3579,    -14626,    -18204,     36080,        42,     13428,       178,         0,         0,         0,         0,     -1089,     -5703,     -6792,         0,         0,         0,         0,        29,         0,        42,     69801,     77498,     37169,     42872
       448,     50448, 95.597083,      15.1,         0,     69259,         0,     34727,         7,   1045804,         0,    524372,       108,     -1437,     -6623,     -8060,    -21699,   -100010,   -121710,     36685,         0,     13468,       226,         0,         0,         0,         0,      -856,     -5214,     -6070,         0,         0,         0,         0,         0,         0,         0,     70696,     77319,     37541,     42755
       449,     50449,173.049682,     370.5,      54.4,     72132,     12281,     36651,      2644,  26724729,   4550050,  13579167,    979583,     -1478,     -3881,     -5358,   -547453,  -1437759,  -1985212,     38588,      3423,     15848,       744,   2099177,    186212,    862111,     40472,     -1000,     -3363,     -4363,    -54409,   -182937,   -237346,     12281,       451,      3423,       660,     73609,     77490,     39588,     42951
       450,     50450, 41.335858,         0,     888.0,     71945,     15288,     41352,      3310,         0,         0,         0,         0,     -1511,     -4183,     -5695,         0,         0,         0,     38505,      4911,     17925,       651,  34192490,   4360982,  15917807,    577674,     -1014,     -3539,     -4553,   -900854,  -3142616,  -4043470,     15288,       447,      4911,       656,     73457,     77640,     39520,     43059
       451,     50451, 68.592254,         0,    1417.4,     72081,     16749,     39078,      3284,         0,         0,         0,         0,     -1594,     -3660,     -5255,         0,         0,         0,     38701,      5609,     17270,       663,  54854520,   7950685,  24478271,    939928,     -1115,     -3019,     -4134,  -1579800,  -4279339,  -5859139,     16749,       473,      5609,       679,     73675,     77336,     39815,     42835
       452,     50452,159.723904,      18.1,         0,     67994,      5719,     26507,       135,   1230696,    103512,    479773,      2444,     -2116,     -6341,     -8456,    -38295,   -114766,   -153061,     36157,      1389,     11815,       307,         0,         0,         0,         0,     -1238,     -4700,     -5938,         0,         0,         0,      5719,        37,      1389,        54,     70110,     76451,     37395,     42095
       453,     50453,179.530306,     276.4,      88.6,     71052,     10361,     31364,      1449,  19638768,   2863783,   8668893,    400641,     -1714,     -4210,     -5923,   -473612,  -1163526,  -1637138,     37954,      2905,     14140,       854,   3362764,    257422,   1252772,     75668,     -1103,     -3466,     -4569,    -97730,   -307060,   -404790,     10361,       406,      2905,       619,     72765,     76975,     39057,     42523
       454,     50454,238.631015,      27.4,      34.1,     69001,      5836,     21970,       529,   1890636,    159913,    601990,     14507,     -2385,     -4424,     -6809,    -65341,   -121218,   -186559,     36846,      1530,     10511,       253,   1256456,     52172,    358409,      8618,     -1424,     -3517,     -4941,    -48546,   -119927,   -168473,      5836,         1,      1530,         7,     71386,     75810,     38270,     41787
       455,     50455, 43.441799,       7.9,         0,     70488,     10743,     25656,       537,    556859,     84871,    202679,      4240,     -2095,     -3796,     -5891,    -16551,    -29986,    -46537,     37683,      3176,     12038,       548,         0,         0,         0,         0,     -1315,     -3168,     -4483,         0,         0,         0,     10743,         1,      3176,         7,     72584,     76379,     38998,     42166
       456,     50456, 53.859599,         0,    1010.4,     70510,     35086,     48372,      7406,         0,         0,         0,         0,     -2285,     -2759,     -5044,         0,         0,         0,     37621,     13580,     21962,      1334,  38011817,  13721034,  22190774,   1347738,     -1467,     -2447,     -3914,  -1482037,  -2472903,  -3954940,     35086,       600,     13580,       783,     72794,     75553,     39087,     41535
       457,     50457,211.623276,     405.3,     324.6,     70899,     29507,     43938,      3817,  28735301,  11959172,  17808089,   1546965,     -2046,     -2674,     -4720,   -829294,  -1083907,  -1913200,     37888,     10778,     20072,       567,  12298522,   3498520,   6515338,    184137,     -1311,     -2452,     -3763,   -425448,   -796053,  -1221501,     29507,        24,     10778,        29,     72945,     75619,     39199,     41651
       458,     50458, 42.851818,         0,     195.9,     70657,     12495,     40088,      2513,         0,         0,         0,         0,     -1971,     -4348,     -6319,         0,         0,         0,     37838,      3832,     18537,       475,   7412397,    750737,   3631342,     93042,     -1215,     -3785,     -5000,   -237970,   -741542,   -979512,     12495,        22,      3832,        27,     72628,     76976,     39052,     42838
       459,     50459, 11.519565,      17.3,      28.7,     71509,     10934,     29909,      1292,   1237102,    189161,    517433,     22349,     -1760,     -3480,     -5240,    -30455,    -60203,    -90658,     38279,      4097,     13877,       889,   1098621,    117594,    398276,     25528,     -1178,     -2888,     -4066,    -33797,    -82898,   -116696,     10934,       388,      4097,       610,     73269,     76749,     39457,     42346
       460,     50460,128.660236,      25.4,     234.8,     71542,      2384,     33629,      2481,   1817155,     60560,    854182,     63014,     -1652,     -3827,     -5479,    -41951,    -97211,   -139162,     38327,      1995,     15535,       778,   8999121,    468383,   3647666,    182699,     -1127,     -3057,     -4184,   -264713,   -717753,   -982466,      2384,        18,      1995,        22,     73193,     77020,     39454,     42511
       461,     50461, 19.222663,         0,    3157.3,     72370,     34793,     53325,      8514,         0,         0,         0,         0,     -1771,     -2134,     -3905,         0,         0,         0,     38683,     14132,     23715,      2054, 122132890,  44620475,  74875873,   6483827,     -1096,     -2082,     -3178,  -3461940,  -6572515, -10034455,     34793,      7300,     14132,      3707,     74141,     76275,     39779,     41861
       462,     50462, 62.673050,     402.4,      54.1,     71408,     33631,     54057,      7943,  28734625,  13533100,  21752628,   3196257,     -1560,     -3196,     -4756,   -627816,  -1286163,  -1913979,     37972,     11933,     24129,      2096,   2054309,    645600,   1305371,    113391,      -967,     -2736,     -3703,    -52296,   -148041,   -200337,     33631,       650,     11933,       841,     72968,     76165,     38939,     41676
       463,     50463, 58.009710,     114.7,     282.3,     71413,     24718,     53593,      3358,   8191093,   2835114,   6147097,    385121,     -1506,     -3170,     -4677,   -172780,   -363626,   -536406,     37869,      9087,     24225,      1995,  10690295,   2565363,   6838641,    563275,     -1012,     -2752,     -3764,   -285561,   -776941,  -1062503,     24718,       632,      9087,       822,     72920,     76090,     38880,     41632
       464,     50464, 84.308142,     102.6,       4.8,     70679,     18242,     52873,       667,   7251635,   1871624,   5424780,     68437,     -1308,     -4583,     -5891,   -134151,   -470257,   -604408,     37350,      7112,     24061,      1394,    179281,     34139,    115495,      6693,      -842,     -3754,     -4596,     -4042,    -18020,    -22062,     18242,       563,      7112,       744,     71986,     76570,     38192,     41946
       465,     50465, 80.188615,     174.3,      17.7,     70626,     15674,     51364,       688,  12310046,   2731956,   8952711,    119862,     -1520,     -4386,     -5906,   -264970,   -764454,  -1029424,     37643,      5833,     23605,      1241,    666284,    103250,    417808,     21960,      -968,     -3367,     -4334,    -17132,    -59588,    -76720,     15674,       534,      5833,       734,     72146,     76532,     38611,     41978
       466,     50466, 48.891137,      72.1,      61.6,     70201,     11580,     49503,       234,   5061513,    834919,   3569136,     16893,     -1293,     -4953,     -6247,    -93236,   -357137,   -450373,     37276,      5106,     22925,       960,   2296171,    314522,   1412170,     59161,      -848,     -3700,     -4548,    -52249,   -227917,   -280165,     11580,       489,      5106,       685,     71494,     76448,     38124,     41824
       467,     50467, 36.652678,      83.1,       3.4,     72697,     23888,     52258,      5014,   6041135,   1985113,   4342662,    416627,     -1322,     -2581,     -3903,   -109896,   -214470,   -324366,     38767,      8760,     23769,      1898,    131809,     29784,     80815,      6452,      -884,     -2443,     -3327,     -3005,     -8306,    -11311,     23888,       620,      8760,       813,     74020,     76600,     39651,     42094
       468,     50468, 48.834466,      44.2,      19.9,     72076,     28894,     51379,      6199,   3185760,   1277102,   2270950,    273979,     -1681,     -2881,     -4562,    -74315,   -127323,   -201638,     38544,     10784,     23451,      1801,    767033,    214595,    466677,     35841,     -1036,     -2542,     -3578,    -20618,    -50583,    -71201,     28894,       607,     10784,       803,     73757,     76638,     39580,     42122
       469,     50469, 49.118969,      19.7,      22.4,     70118,     20889,     50115,      1000,   1381327,    411509,    987265,     19707,     -1530,     -4661,     -6191,    -30135,    -91825,   -121959,     37312,      8213,     23147,      1552,    835787,    183978,    518499,     34759,      -968,     -3545,     -4513,    -21693,    -79401,   -101093,     20889,       517,      8213,       718,     71648,     76309,     38280,     41825
       470,     50470, 43.700024,       2.6,       8.7,     70227,     12368,     48646,       430,    182591,     32156,    126480,      1117,     -1522,     -4477,     -6000,     -3958,    -11641,    -15599,     37385,      5391,     22650,       942,    325249,     46905,    197058,      8195,      -965,     -3417,     -4381,     -8393,    -29724,    -38117,     12368,       521,      5391,       722,     71750,     76227,     38350,     41766
       471,     50471, 64.140680,      18.1,      19.9,     68886,      7375,     46348,       202,   1246841,    133479,    838904,      3656,     -1370,     -5866,     -7235,    -24794,   -106169,   -130962,     36654,      2383,     21840,       795,    729424,     47413,    434625,     15819,      -874,     -4059,     -4933,    -17391,    -80780,    -98171,      7375,       474,      2383,       678,     70256,     76122,     37528,     41588
       472,     50472, 32.662893,     211.5,      66.1,     72319,     32233,     50200,      7443,  15295428,   6817344,  10617387,   1574210,     -1640,     -2557,     -4197,   -346759,   -540853,   -887613,     38732,     11927,     22973,      1571,   2560199,    788398,   1518533,    103837,      -999,     -2300,     -3298,    -66004,   -152020,   -218024,     32233,       622,     11927,       819,     73958,     76516,     39731,     42031
       473,     50473, 50.849911,       8.8,     547.0,     71276,     34141,     51110,      7840,    627233,    300444,    449768,     68995,     -2184,     -2472,     -4656,    -19220,    -21753,    -40973,     38110,     13849,     23100,      1773,  20846272,   7575606,  12635758,    970060,     -1288,     -2257,     -3545,   -704748,  -1234330,  -1939078,     34141,       641,     13849,       833,     73461,     75932,     39399,     41655
       474,     50474, 20.277959,      34.1,       8.9,     70859,     22323,     49720,      4333,   2416303,    761209,   1695443,    147750,     -1494,     -3937,     -5431,    -50942,   -134240,   -185182,     37878,      8968,     22945,      1578,    337118,     79817,    204215,     14045,      -940,     -3023,     -3963,     -8363,    -26906,    -35270,     22323,       548,      8968,       751,     72353,     76290,     38818,     41841
       475,     50475, 56.754865,         0,    1170.5,     69940,     33831,     48128,      7129,         0,         0,         0,         0,     -2458,     -2980,     -5438,         0,         0,         0,     37341,     13416,     22134,      1317,  43707504,  15703708,  25907678,   1542034,     -1478,     -2497,     -3975,  -1729734,  -2923123,  -4652856,     33831,       606,     13416,       790,     72398,     75378,     38819,     41316
       476,     50476, 37.228759,     124.8,      54.8,     70238,     27635,     48548,      4890,   8765660,   3448881,   6058831,    610295,     -1523,     -4381,     -5904,   -190072,   -546766,   -736838,     37570,     10478,     22514,      1433,   2058837,    574209,   1233782,     78551,      -957,     -3226,     -4183,    -52450,   -176793,   -229243,     27635,       527,     10478,       730,     71761,     76142,     38527,     41753
       477,     50477, 67.333591,     162.9,     157.5,     70599,     26891,     46826,      4460,  11500580,   4380528,   7628007,    726471,     -2050,     -3397,     -5447,   -333933,   -553449,   -887381,     37851,      9921,     21859,      1243,   5961525,   1562626,   3442721,    195745,     -1206,     -2649,     -3856,   -189990,   -417268,   -607258,     26891,       563,      9921,       761,     72649,     76046,     39057,     41707
       478,     50478, 59.603023,     148.1,      69.3,     70439,     20226,     47061,      1283,  10432033,   2995468,   6969686,    190072,     -1516,     -4070,     -5586,   -224555,   -602702,   -827257,     37697,      7991,     22062,      1290,   2612389,    553781,   1528902,     89404,      -953,     -3041,     -3994,    -66066,   -210713,   -276779,     20226,       534,      7991,       736,     71955,     76025,     38650,     41691
       479,     50479, 21.690520,      33.6,       1.4,     69644,     24234,     44624,      1461,   2340024,    814258,   1499374,     49102,     -1631,     -4324,     -5955,    -54796,   -145288,   -200085,     37356,      9007,     21144,      1175,     52298,     12610,     29602,      1646,     -1026,     -3112,     -4137,     -1436,     -4356,     -5792,     24234,       508,      9007,       713,     71274,     75598,     38382,     41493
       480,     50480, 66.534288,     137.3,      15.1,     67573,     17315,     45781,       506,   9277801,   2377296,   6285763,     69421,     -1806,     -6509,     -8314,   -247899,   -893624,  -1141523,     36123,      6254,     21647,       906,    545452,     94430,    326864,     13679,     -1077,     -4341,     -5418,    -16263,    -65551,    -81814,     17315,       437,      6254,       647,     69379,     75887,     37200,     41541
       481,     50481, 22.291771,      27.6,       1.6,     68309,     16907,     42559,       656,   1885341,    466628,   1174632,     18115,     -1816,     -5569,     -7385,    -50110,   -153716,   -203826,     36595,      5945,     20488,       973,     58551,      9512,     32780,      1557,     -1111,     -3785,     -4897,     -1778,     -6056,     -7835,     16907,       457,      5945,       665,     70125,     75694,     37706,     41491
       482,     50482, 50.973492,      32.1,         0,     68761,     11824,     43854,       217,   2207223,    379541,   1407713,      6972,     -1375,     -5690,     -7065,    -44152,   -182644,   -226797,     36694,      3778,     20997,       666,         0,         0,         0,         0,      -889,     -3881,     -4770,         0,         0,         0,     11824,       471,      3778,       677,     70136,     75826,     37583,     41464
       483,     50483, 83.770573,      18.6,         0,     67156,       393,     40820,        88,   1249104,      7318,    759257,      1629,     -1413,     -6984,     -8397,    -26283,   -129902,   -156186,     35629,       593,     19947,       413,         0,         0,         0,         0,      -892,     -4698,     -5590,         0,         0,         0,         0,       393,         0,       593,     68569,     75553,     36520,     41219
       484,     50484, 40.637611,         0,     588.4,     69270,     32095,     45468,      4696,         0,         0,         0,         0,     -2468,     -3207,     -5675,         0,         0,         0,     36963,     12444,     21089,       994,  21748743,   7322280,  12408697,    584927,     -1537,     -2641,     -4177,   -904185,  -1553696,  -2457882,     32095,       595,     12444,       770,     71738,     74945,     38499,     41140
       485,     50485, 60.845689,      39.6,     400.4,     70460,     26351,     44612,      3743,   2790221,   1043511,   1766644,    148203,     -1927,     -3321,     -5248,    -76328,   -131502,   -207830,     37781,      9770,     20924,      1066,  15127587,   3911763,   8377927,    426836,     -1167,     -2635,     -3801,   -467205,  -1054910,  -1522115,     26351,       573,      9770,       758,     72388,     75708,     38948,     41583
       486,     50486, 40.049015,       9.8,     109.1,     70534,     25835,     42579,      3154,    691232,    253178,    417272,     30910,     -2412,     -2557,     -4970,    -23642,    -25060,    -48702,     37729,      9622,     20008,       816,   4116220,   1049757,   2182853,     88990,     -1535,     -2326,     -3861,   -167466,   -253769,   -421235,     25835,       570,      9622,       742,     72946,     75504,     39264,     41590
       487,     50487, 60.521382,      75.2,       7.3,     69246,     21547,     41810,      2534,   5207299,   1620326,   3144102,    190587,     -2296,     -3845,     -6142,   -172683,   -289161,   -461844,     37042,      8284,     19853,       860,    270407,     60474,    144927,      6280,     -1371,     -2951,     -4322,    -10007,    -21542,    -31549,     21547,        24,      8284,        30,     71542,     75388,     38413,     41364
       488,     50488, 98.709099,     128.4,     376.3,     68699,     20230,     42173,      1575,   8820947,   2597570,   5414980,    202273,     -1832,     -4754,     -6586,   -235233,   -610386,   -845619,     36833,      7661,     20181,      1135,  13860152,   2882670,   7594262,    426935,     -1121,     -3347,     -4468,   -421853,  -1259486,  -1681340,     20230,       488,      7661,       689,     70531,     75285,     37954,     41301
       489,     50489, 76.211009,      94.4,      16.9,     67223,     14713,     39495,       675,   6345826,   1388923,   3728361,     63748,     -1984,     -5843,     -7827,   -187263,   -551576,   -738838,     36033,      4976,     19305,      1106,    608965,     84102,    326257,     18684,     -1162,     -3933,     -5094,    -19633,    -66461,    -86094,     14713,       429,      4976,       642,     69206,     75049,     37195,     41128
       490,     50490, 42.946724,       1.9,      58.6,     69771,     22251,     40252,      1571,    132565,     42278,     76479,      2985,     -2531,     -2978,     -5509,     -4809,     -5658,    -10467,     37225,      7860,     18944,       597,   2181363,    460574,   1110107,     35002,     -1607,     -2630,     -4238,    -94180,   -154142,   -248322,     22251,       442,      7860,       715,     72302,     75280,     38832,     41462
       491,     50491, 49.670942,      38.9,       4.6,     69959,     15937,     39455,      1280,   2721421,    619951,   1534810,     49775,     -2514,     -2803,     -5317,    -97796,   -109023,   -206819,     37343,      6130,     18870,       635,    171777,     28197,     86800,      2919,     -1601,     -2526,     -4126,     -7363,    -11619,    -18982,     15937,       444,      6130,       719,     72473,     75276,     38943,     41469
       492,     50492, 53.519413,     102.7,      21.5,     68789,     17348,     38792,      1153,   7064641,   1781633,   3983927,    118412,     -2497,     -3931,     -6428,   -256487,   -403711,   -660198,     36720,      7136,     18707,       686,    789472,    153421,    402207,     14759,     -1495,     -3163,     -4658,    -32140,    -68004,   -100145,     17348,       551,      7136,       708,     71287,     75218,     38215,     41378
       493,     50493, 32.741716,      42.6,       5.2,     67849,     14553,     39173,      1045,   2890366,    619948,   1668758,     44497,     -2170,     -5305,     -7475,    -92427,   -225995,   -318422,     36326,      6175,     19010,       990,    188894,     32112,     98853,      5147,     -1248,     -3719,     -4967,     -6488,    -19339,    -25827,     14553,       543,      6175,       692,     70019,     75324,     37573,     41292
       494,     50494, 32.136352,      36.1,      18.1,     67585,     16691,     37704,       810,   2439808,    602541,   1361126,     29226,     -2316,     -5127,     -7443,    -83590,   -185093,   -268683,     36172,      7325,     18413,       989,    654719,    132588,    333275,     17904,     -1305,     -3659,     -4964,    -23621,    -66229,    -89851,     16691,       553,      7325,       709,     69900,     75027,     37477,     41136
       495,     50495, 33.850238,      62.9,       9.5,     69564,     20379,     36189,       543,   4375592,   1281845,   2276262,     34151,     -2145,     -3977,     -6122,   -134905,   -250169,   -385073,     37261,      7863,     17760,       895,    353982,     74699,    168715,      8501,     -1285,     -3048,     -4333,    -12205,    -28960,    -41165,     20379,       556,      7863,       701,     71709,     75686,     38546,     41594
       496,     50496,101.391175,      81.0,      53.8,     67222,     11465,     34031,       188,   5445013,    928642,   2756533,     15265,     -2587,     -4212,     -6799,   -209517,   -341191,   -550708,     35896,      5000,     16865,       613,   1931183,    268974,    907316,     32959,     -1438,     -3270,     -4708,    -77363,   -175915,   -253277,     11465,       493,      5000,       699,     69809,     74021,     37334,     40603
       497,     50497, 92.568404,      82.7,       4.1,     64604,     13955,     32630,       202,   5342789,   1154104,   2698490,     16667,     -2370,     -6763,     -9133,   -195971,   -559335,   -755306,     34517,      5097,     16419,       929,    141519,     20899,     67318,      3810,     -1312,     -4520,     -5833,     -5381,    -18532,    -23913,     13955,       539,      5097,       686,     66974,     73738,     35829,     40349
       498,     50498,171.272751,     245.8,      17.9,     64902,      8819,     32720,       200,  15952961,   2167592,   8042484,     49188,     -1981,     -6970,     -8951,   -486984,  -1713126,  -2200110,     34748,      2940,     16599,       944,    621986,     52622,    297116,     16898,     -1163,     -4506,     -5669,    -20822,    -80661,   -101483,      8819,        58,      2940,        68,     66883,     73853,     35911,     40417
       499,     50499,584.972854,     443.6,      54.0,     64560,        38,     33484,        72,  28638867,     16834,  14853515,     32147,     -1885,     -7783,     -9668,   -836405,  -3452516,  -4288921,     34456,        46,     17147,       633,   1860621,      2492,    925933,     34191,     -1111,     -5102,     -6213,    -60017,   -275510,   -335527,         0,        38,         0,        46,     66446,     74229,     35567,     40669
       500,     50500, 73.489325,      51.8,       1.8,     63983,      8153,     27930,        89,   3314316,    422351,   1446752,      4602,     -2193,     -7059,     -9252,   -113611,   -365655,   -479267,     34218,      2894,     14672,       903,     61592,      5210,     26409,      1625,     -1236,     -4677,     -5913,     -2224,     -8419,    -10644,      8153,       631,      2894,       759,     66176,     73235,     35454,     40131
       501,     50501,126.487086,     155.8,      15.1,     62008,      1610,     25643,        47,   9660887,    250802,   3995257,      7374,     -2292,     -9427,    -11719,   -357088,  -1468769,  -1825857,     33181,      1121,     13848,       659,    501027,     16927,    209106,      9956,     -1263,     -5889,     -7151,    -19065,    -88918,   -107983,         0,      1610,         0,      1121,     64300,     73727,     34443,     40332
       502,     50502, 45.427150,      14.9,         0,     62983,      7583,     23864,        66,    938439,    112991,    355568,       987,     -2928,     -7618,    -10546,    -43629,   -113509,   -157139,     33560,      2754,     13151,       723,         0,         0,         0,         0,     -1566,     -5288,     -6854,         0,         0,         0,      7583,      3315,      2754,      1927,     65911,     73529,     35127,     40414
       503,     50503,103.529469,     109.4,      12.7,     61048,      4222,     20897,        31,   6678691,    461865,   2286174,      3364,     -2817,     -8976,    -11793,   -308209,   -981927,  -1290136,     32581,      1892,     11959,       493,    413775,     24027,    151884,      6256,     -1463,     -5807,     -7270,    -18575,    -73749,    -92325,         0,      4222,         0,      1892,     63866,     72841,     34043,     39850
       504,     50504,131.420071,      50.0,         0,     60354,      4960,     19888,        28,   3017711,    247976,    994378,      1383,     -2805,     -9474,    -12278,   -140242,   -473678,   -613920,     32315,      1876,     11540,       346,         0,         0,         0,         0,     -1464,     -5929,     -7394,         0,         0,         0,         0,      4960,         0,      1876,     63159,     72633,     33779,     39709
       505,     50505,113.309078,      10.0,     295.5,     70898,     12735,     36746,      2696,    708976,    127346,    367464,     26960,     -1943,     -3716,     -5660,    -19433,    -37163,    -56596,     37923,      3819,     16979,       337,  11206270,   1128575,   5017321,     99622,     -1249,     -3325,     -4574,   -369178,   -982559,  -1351737,     12735,        18,      3819,        22,     72841,     76557,     39172,     42497
       506,     50506,116.606286,       1.3,         0,     67063,      8243,     36230,       924,     87182,     10716,     47099,      1201,     -2283,     -6968,     -9251,     -2967,     -9059,    -12026,     35636,      2341,     17214,       283,         0,         0,         0,         0,     -1301,     -5294,     -6595,         0,         0,         0,      8243,        26,      2341,        26,     69346,     76314,     36938,     42231
       507,     50507, 88.011659,         0,         0,     69700,      7716,     35152,       342,         0,         0,         0,         0,     -2574,     -2500,     -5074,         0,         0,         0,     37194,      2178,     17134,       225,         0,         0,         0,         0,     -1627,     -2407,     -4034,         0,         0,         0,      7716,       445,      2178,       749,     72274,     74774,     38821,     41228
       508,     50508, 96.315679,      17.3,         0,     69324,     10064,     35097,       226,   1199312,    174104,    607184,      3909,     -2606,     -2772,     -5378,    -45079,    -47957,    -93036,     36967,      4183,     17234,       374,         0,         0,         0,         0,     -1639,     -2560,     -4199,         0,         0,         0,     10064,       440,      4183,       740,     71930,     74702,     38606,     41166
       509,     50509, 39.282153,         0,         0,     67932,     10679,     29743,       250,         0,         0,         0,         0,     -2859,     -3389,     -6248,         0,         0,         0,     36266,      4142,     15187,       342,         0,         0,         0,         0,     -1712,     -2864,     -4577,         0,         0,         0,     10679,      1069,      4142,      1344,     70791,     74180,     37978,     40843
       510,     50510, 93.382662,      13.3,      18.7,     67022,     13568,     28187,       339,    891397,    180459,    374885,      4510,     -2909,     -3769,     -6678,    -38686,    -50130,    -88816,     35740,      5355,     14699,       484,    668334,    100142,    274864,      9054,     -1703,     -3105,     -4807,    -31838,    -58060,    -89898,     13568,      1186,      5355,      1421,     69931,     73700,     37442,     40547
       511,     50511, 91.657283,     103.8,      10.0,     65776,     16232,     29484,       151,   6827541,   1684857,   3060427,     15675,     -2848,     -5839,     -8688,   -295659,   -606105,   -901764,     35116,      6381,     15229,       806,    351155,     63810,    152292,      8060,     -1558,     -4285,     -5842,    -15579,    -42845,    -58424,     16232,      1614,      6381,      1114,     68624,     74463,     36673,     40958
       512,     50512, 35.427105,      25.9,      27.2,     65587,     16051,     27202,       240,   1698692,    415720,    704538,      6227,     -2893,     -5326,     -8219,    -74932,   -137932,   -212864,     34995,      6384,     14427,       641,    951859,    173655,    392414,     17433,     -1598,     -3957,     -5555,    -43466,   -107622,   -151089,     16051,      2588,      6384,      1742,     68480,     73805,     36593,     40550
       513,     50513, 40.337034,      46.8,       2.8,     65671,     14454,     26875,       352,   3073411,    676441,   1257731,     16468,     -2892,     -5050,     -7941,   -135325,   -236333,   -371658,     35089,      5880,     14280,       567,     98248,     16465,     39984,      1588,     -1597,     -3773,     -5370,     -4471,    -10564,    -15035,     14454,      3510,      5880,      2079,     68563,     73613,     36685,     40458
       514,     50514, 42.891307,      54.2,       5.5,     64912,     12376,     24892,       340,   3518236,    670797,   1349156,     18449,     -2895,     -5454,     -8349,   -156898,   -295592,   -452490,     34675,      5020,     13546,       606,    190712,     27610,     74506,      3334,     -1595,     -3985,     -5581,     -8774,    -21919,    -30693,     12376,      4635,      5020,      2461,     67807,     73261,     36270,     40255
       515,     50515, 64.344747,     105.7,       1.8,     63968,     10353,     24446,       142,   6761374,   1094261,   2583892,     15046,     -2923,     -6433,     -9356,   -308972,   -679975,   -988947,     34039,      3952,     13389,       690,     61270,      7113,     24099,      1242,     -1608,     -4664,     -6272,     -2894,     -8395,    -11289,     10353,      2625,      3952,      1878,     66891,     73324,     35647,     40310
       516,     50516, 37.929390,      38.3,         0,     60531,      7229,     21112,        56,   2318329,    276864,    808587,      2129,     -2803,     -9115,    -11918,   -107338,   -349114,   -456451,     32465,      2858,     12070,       568,         0,         0,         0,         0,     -1441,     -5682,     -7124,         0,         0,         0,         0,      7229,         0,      2858,     63333,     72449,     33906,     39589
       517,     50517, 63.933185,      37.4,     203.0,     65270,      9512,     23820,       476,   2441099,    355763,    890885,     17813,     -2998,     -4340,     -7338,   -112118,   -162308,   -274426,     34782,      4553,     13031,       467,   7060790,    924194,   2645203,     94823,     -1733,     -3393,     -5126,   -351841,   -688824,  -1040664,      9512,      5010,      4553,      2579,     68268,     72608,     36515,     39909
       518,     50518, 44.004240,      43.9,         0,     63617,     11698,     22387,       378,   2792801,    513522,    982790,     16608,     -2945,     -5756,     -8701,   -129297,   -252685,   -381981,     34038,      4806,     12541,       554,         0,         0,         0,         0,     -1593,     -4105,     -5698,         0,         0,         0,     11698,      7216,      4806,      2963,     66563,     72319,     35632,     39736
       519,     50519, 36.203703,      28.0,         0,     64387,     13401,     21887,       492,   1802833,    375237,    612825,     13786,     -3079,     -5041,     -8120,    -86211,   -141142,   -227354,     34427,      5664,     12275,       443,         0,         0,         0,         0,     -1761,     -3677,     -5438,         0,         0,         0,     13401,      8412,      5664,      3386,     67466,     72507,     36189,     39866
       520,     50520, 33.469234,      16.4,       1.8,     62778,     14670,     20204,       349,   1029559,    240580,    331347,      5718,     -3066,     -6390,     -9457,    -50285,   -104803,   -155088,     33624,      5991,     11652,       438,     60524,     10784,     20973,       788,     -1656,     -4415,     -6071,     -2980,     -7947,    -10927,     14670,      9052,      5991,      3403,     65844,     72235,     35280,     39695
       521,     50521, 29.075305,      23.9,         0,     60132,      9832,     18858,       216,   1437147,    234982,    450697,      5157,     -3079,     -8611,    -11690,    -73582,   -205812,   -279394,     32221,      3961,     11096,       376,         0,         0,         0,         0,     -1635,     -5600,     -7235,         0,         0,         0,      9832,      8592,      3961,      3329,     63210,     71822,     33856,     39456
       522,     50522,112.081517,      26.9,         0,     61561,      8255,     19371,       119,   1655991,    222073,    521082,      3189,     -2953,     -7048,    -10001,    -79429,   -189591,   -269021,     32942,      3231,     11314,       445,         0,         0,         0,         0,     -1577,     -4821,     -6398,         0,         0,         0,      7038,      8255,      2789,      3231,     64514,     71562,     34519,     39340
       523,     50523, 53.733653,       6.3,         0,     59652,      8104,     17731,        37,    375808,     51057,    111704,       236,     -2795,     -9165,    -11960,    -17607,    -57741,    -75348,     32109,      3200,     10586,       319,         0,         0,         0,         0,     -1434,     -5639,     -7073,         0,         0,         0,         0,      8104,         0,      3200,     62447,     71612,     33543,     39182
       524,     50524, 69.285432,         0,         0,     58405,      7524,     15902,        27,         0,         0,         0,         0,     -2790,     -9742,    -12532,         0,         0,         0,     31384,      2980,      9723,       190,         0,         0,         0,         0,     -1431,     -6013,     -7444,         0,         0,         0,         0,      7524,         0,      2980,     61195,     70937,     32815,     38828
       525,     50525, 65.622775,      34.6,     104.2,     63668,     15056,     19710,       424,   2202918,    520922,    681971,     14664,     -3110,     -5063,     -8174,   -107623,   -175190,   -282813,     34029,      6280,     11444,       385,   3545841,    654408,   1192469,     40085,     -1752,     -3737,     -5488,   -182530,   -389345,   -571875,     15056,      8681,      6280,      3437,     66779,     71842,     35781,     39517
       526,     50526, 34.088363,      26.9,         0,     60275,      9920,     17714,       203,   1621386,    266860,    476507,      5450,     -3082,     -7882,    -10964,    -82894,   -212033,   -294927,     32297,      3986,     10628,       294,         0,         0,         0,         0,     -1636,     -5231,     -6867,         0,         0,         0,      9920,      8624,      3986,      3343,     63356,     71238,     33933,     39164
       527,     50527, 44.813287,      13.4,      28.4,     58561,      8397,     15243,        37,    784716,    112519,    204260,       501,     -2956,     -9372,    -12328,    -39612,   -125585,   -165196,     31555,      3282,      9539,       149,    896153,     93216,    270894,      4220,     -1514,     -5824,     -7338,    -42990,   -165411,   -208400,         0,      8397,         0,      3282,     61517,     70889,     33068,     38893
       528,     50528, 57.432814,       9.5,         0,     58624,      8412,     14968,        31,    556927,     79918,    142199,       294,     -2957,     -9481,    -12438,    -28096,    -90068,   -118164,     31588,      3289,      9367,       131,         0,         0,         0,         0,     -1513,     -5891,     -7404,         0,         0,         0,         0,      8412,         0,      3289,     61581,     71062,     33101,     38992
       529,     50529,160.047698,      20.7,         0,     57445,         0,       398,        14,   1189113,         0,      8233,       285,     -1162,    -12021,    -13182,    -24043,   -248832,   -272875,     30543,         0,       732,        60,         0,         0,         0,         0,      -573,     -7347,     -7920,         0,         0,         0,         0,         0,         0,         0,     58607,     70627,     31116,     38463
       530,     50530,196.936216,      12.1,         0,     56951,         0,       421,        30,    689105,         0,      5092,       362,     -1162,    -13934,    -15096,    -14057,   -168599,   -182656,     30263,         0,       760,        99,         0,         0,         0,         0,      -573,     -8427,     -9000,         0,         0,         0,         0,         0,         0,         0,     58113,     72046,     30837,     39263
       531,     50531,152.309496,       7.5,         0,     56176,         0,       378,        31,    421317,         0,      2831,       233,     -1084,    -12097,    -13181,     -8131,    -90726,    -98857,     29982,         0,       747,       169,         0,         0,         0,         0,      -541,     -7413,     -7954,         0,         0,         0,         0,         0,         0,         0,     57260,     69357,     30523,     37936
       532,     50532, 89.765935,      23.9,         0,     56512,         0,       379,        67,   1350647,         0,      9051,      1593,     -1083,    -12062,    -13145,    -25883,   -288293,   -314177,     30172,         0,       761,       256,         0,         0,         0,         0,      -540,     -7392,     -7933,         0,         0,         0,         0,         0,         0,         0,     57595,     69658,     30712,     38104
       533,     50533,108.571059,      81.3,      14.7,     56648,         0,       394,        81,   4605496,         0,     32000,      6593,     -1081,    -13070,    -14152,    -87903,  -1062616,  -1150520,     30248,         0,       776,       260,    444648,         0,     11409,      3824,      -540,     -7955,     -8495,     -7943,   -116939,   -124883,         0,         0,         0,         0,     57729,     70800,     30789,     38744
       534,     50534,119.100274,      52.8,      39.2,     58422,         0,       409,        62,   3084680,         0,     21603,      3276,     -1495,     -9534,    -11029,    -78920,   -503400,   -582320,     30987,         0,       795,       195,   1214682,         0,     31177,      7652,      -836,     -6232,     -7068,    -32777,   -244301,   -277078,         0,         0,         0,         0,     59917,     69451,     31823,     38055
       535,     50535, 91.635457,         0,         0,     59054,         0,       442,        49,         0,         0,         0,         0,     -1494,    -10419,    -11913,         0,         0,         0,     31356,         0,       823,       119,         0,         0,         0,         0,      -833,     -6670,     -7503,         0,         0,         0,         0,         0,         0,         0,     60548,     70967,     32189,     38859
       536,     50536, 89.202735,       9.4,         0,     59865,         0,       410,        69,    562731,         0,      3854,       646,     -1494,     -9595,    -11089,    -14047,    -90192,   -104239,     31844,         0,       843,       153,         0,         0,         0,         0,      -834,     -6207,     -7041,         0,         0,         0,         0,         0,         0,         0,     61359,     70954,     32678,     38885
       537,     50537, 80.305679,       4.9,         0,     52241,         0,       341,         3,    255983,         0,      1671,        16,     -1191,    -10913,    -12104,     -5835,    -53476,    -59311,     27857,         0,       728,        62,         0,         0,         0,         0,      -593,     -6978,     -7571,         0,         0,         0,         0,         0,         0,         0,     53432,     64346,     28450,     35428
       538,     50538, 92.189154,         0,         0,     51029,         0,       331,         3,         0,         0,         0,         0,     -1191,    -11890,    -13081,         0,         0,         0,     27170,         0,       726,        54,         0,         0,         0,         0,      -593,     -7549,     -8142,         0,         0,         0,         0,         0,         0,         0,     52220,     64110,     27763,     35312
       539,     50539, 41.130903,         0,         0,     53101,         0,       331,        56,         0,         0,         0,         0,     -1310,    -11838,    -13148,         0,         0,         0,     28522,         0,       752,       165,         0,         0,         0,         0,      -670,     -7274,     -7944,         0,         0,         0,         0,         0,         0,         0,     54410,     66249,     29192,     36466
       540,     50540,130.579028,      66.2,       4.6,     54216,         0,       351,        76,   3589080,         0,     23244,      5027,     -1226,    -10645,    -11872,    -81181,   -704721,   -785902,     29087,         0,       762,       234,    133800,         0,      3504,      1078,      -609,     -6657,     -7267,     -2803,    -30623,    -33426,         0,         0,         0,         0,     55442,     66087,     29696,     36353
       541,     50541, 52.691793,      44.1,      14.1,     55521,         0,       373,       105,   2448463,         0,     16463,      4650,     -1311,    -11539,    -12849,    -57803,   -508852,   -566655,     29720,         0,       784,       307,    419058,         0,     11053,      4335,      -667,     -7160,     -7827,     -9411,   -100949,   -110360,         0,         0,         0,         0,     56831,     68370,     30388,     37547
       542,     50542, 52.251386,      28.7,      43.8,     55575,         0,       358,        83,   1594995,         0,     10263,      2389,     -1367,    -11072,    -12439,    -39237,   -317764,   -357001,     29769,         0,       799,       263,   1303861,         0,     34993,     11519,      -715,     -6888,     -7603,    -31329,   -301673,   -333002,         0,         0,         0,         0,     56942,     68014,     30484,     37371
       543,     50543, 40.704872,       4.3,         0,     56593,         0,       385,       106,    243352,         0,      1656,       456,     -1487,    -11360,    -12847,     -6394,    -48847,    -55241,     30116,         0,       813,       254,         0,         0,         0,         0,      -825,     -7139,     -7964,         0,         0,         0,         0,         0,         0,         0,     58081,     69440,     30940,     38079
       544,     50544,104.705557,       5.5,         0,     57485,         0,       381,        73,    316170,         0,      2097,       399,     -1499,    -10944,    -12444,     -8246,    -60194,    -68440,     30643,         0,       857,       176,         0,         0,         0,         0,      -838,     -6890,     -7728,         0,         0,         0,         0,         0,         0,         0,     58985,     69929,     31481,     38371
       545,     50545, 83.251160,      23.8,       2.7,     53271,         0,       326,        64,   1267840,         0,      7765,      1517,     -1310,    -12293,    -13603,    -31176,   -292567,   -323743,     28716,         0,       803,       175,     77533,         0,      2168,       473,      -672,     -7428,     -8100,     -1814,    -20056,    -21869,         0,         0,         0,         0,     54580,     66873,     29388,     36816
       546,     50546, 67.984688,      34.8,      11.9,     53074,         0,       346,        72,   1846991,         0,     12033,      2516,     -1309,    -13330,    -14640,    -45555,   -463901,   -509456,     28605,         0,       838,       204,    340403,         0,      9972,      2432,      -671,     -7964,     -8635,     -7987,    -94768,   -102754,         0,         0,         0,         0,     54384,     67714,     29276,     37240
       547,     50547,240.317151,      56.7,       5.3,     51855,         0,       389,        39,   2940187,         0,     22038,      2205,     -1439,    -18250,    -19689,    -81577,  -1034797,  -1116375,     27984,         0,       930,       125,    148313,         0,      4928,       662,      -768,    -10406,    -11174,     -4070,    -55152,    -59222,         0,         0,         0,         0,     53294,     71544,     28751,     39158
       548,     50548,125.518578,     141.6,     348.8,     70053,     10339,     25491,       679,   9919461,   1464073,   3609573,     96107,     -2171,     -3904,     -6075,   -307460,   -552784,   -860244,     37418,      3047,     12257,       727,  13051257,   1062698,   4275389,    253505,     -1328,     -3227,     -4555,   -463034,  -1125607,  -1588641,     10339,         1,      3047,         7,     72224,     76128,     38745,     41972
       549,     50549,157.308826,     212.1,      24.9,     67314,      9892,     28093,       831,  14277290,   2098109,   5958431,    176351,     -2327,     -5113,     -7440,   -493479,  -1084528,  -1578006,     35919,      2813,     13661,       823,    894391,     70035,    340161,     20480,     -1321,     -4144,     -5465,    -32898,   -103177,   -136075,      9892,        23,      2813,        22,     69641,     74754,     37240,     41384
       550,     50550, 75.645829,     112.9,         0,     68118,      6800,     29437,       631,   7690533,    767724,   3323490,     71275,     -2303,     -4758,     -7062,   -260047,   -537198,   -797244,     36411,      2490,     14492,       586,         0,         0,         0,         0,     -1314,     -3937,     -5251,         0,         0,         0,      6800,       675,      2490,      1030,     70421,     75180,     37725,     41662
       551,     50551, 76.120345,       4.2,         0,     67255,      4777,     31731,       247,    282470,     20062,    133270,      1039,     -2878,     -4156,     -7034,    -12088,    -17454,    -29542,     35811,      1275,     15694,       245,         0,         0,         0,         0,     -1707,     -3366,     -5073,         0,         0,         0,      4777,       537,      1275,       879,     70133,     74289,     37518,     40884
       552,     50552,118.775006,      22.2,         0,     67117,      5583,     28899,       376,   1489995,    123937,    641553,      8343,     -2801,     -3803,     -6603,    -62172,    -84426,   -146598,     35842,      1552,     14665,       363,         0,         0,         0,         0,     -1615,     -3060,     -4675,         0,         0,         0,      5583,      1115,      1552,      1259,     69917,     73720,     37457,     40517
       553,     50553,148.664847,      28.2,     216.8,     68005,       160,     17759,       667,   1917748,      4521,    500795,     18810,     -2537,     -4198,     -6735,    -71549,   -118381,   -189930,     36322,        90,      9294,       342,   7874661,     19449,   2015035,     74063,     -1489,     -3331,     -4820,   -322810,   -722188,  -1044998,         0,       160,         0,        90,     70542,     74740,     37811,     41142
       554,     50554,104.289295,      12.4,         0,     65576,      6018,     22056,      1030,    813145,     74617,    273496,     12774,     -2598,     -6034,     -8632,    -32215,    -74818,   -107033,     34994,      1706,     11054,       811,         0,         0,         0,         0,     -1440,     -4370,     -5810,         0,         0,         0,      6018,       442,      1706,       158,     68174,     74208,     36434,     40804
       555,     50555,124.170008,     176.0,     440.0,     64054,      3756,     19350,       780,  11273484,    661089,   3405518,    137241,     -2837,     -8218,    -11056,   -499382,  -1446397,  -1945779,     34386,      1712,     10220,       725,  15129674,    753236,   4496820,    319031,     -1550,     -5434,     -6984,   -682134,  -2390946,  -3073080,      2947,      3756,       910,      1712,     66891,     75109,     35936,     41370
       556,     50556,236.703503,     420.3,      61.1,     64667,      5514,     22366,       953,  27179669,   2317444,   9400378,    400628,     -2549,     -5539,     -8089,  -1071536,  -2328166,  -3399702,     34662,      1626,     11636,       960,   2117864,     99348,    710989,     58635,     -1405,     -4253,     -5658,    -85852,   -259874,   -345726,      5514,      2861,      1398,      1626,     67217,     72756,     36067,     40321
       557,     50557, 99.682009,      65.5,     362.0,     65546,      6012,     23271,       707,   4293257,    393758,   1524239,     46280,     -2467,     -5074,     -7541,   -161573,   -332357,   -493930,     35119,      1875,     12248,       859,  12713206,    678642,   4433736,    311032,     -1348,     -4061,     -5409,   -487989,  -1470049,  -1958038,      6012,      3093,      1681,      1875,     68013,     73087,     36467,     40528
       558,     50558,173.545012,     150.8,     222.7,     65084,      4778,     23594,       771,   9814601,    720449,   3558018,    116323,     -2667,     -4946,     -7613,   -402159,   -745829,  -1147987,     34703,      2191,     12548,       653,   7728282,    487919,   2794366,    145337,     -1456,     -3957,     -5412,   -324149,   -881203,  -1205352,      4778,      2105,      2191,      1658,     67750,     72696,     36158,     40115
       559,     50559, 88.001392,      63.3,         0,     66741,      6130,     25494,       706,   4224699,    387999,   1613768,     44713,     -2990,     -3460,     -6450,   -189238,   -219016,   -408254,     35650,      2484,     13485,       419,         0,         0,         0,         0,     -1747,     -2868,     -4615,         0,         0,         0,      6130,      3743,      2484,      2188,     69730,     73190,     37397,     40266
       560,     50560, 98.038971,      48.8,     141.1,     65436,      6278,     21802,       710,   3193267,    306344,   1063924,     34633,     -3061,     -3709,     -6770,   -149372,   -181010,   -330382,     35050,      3111,     12068,       574,   4945521,    438989,   1702759,     81043,     -1774,     -2885,     -4659,   -250325,   -407043,   -657369,      6278,      6236,      3111,      2877,     68497,     72206,     36824,     39709
       561,     50561, 23.888206,      18.7,       9.9,     67244,      8491,     26113,       514,   1257461,    158790,    488313,      9613,     -2966,     -3287,     -6252,    -55456,    -61460,   -116917,     35950,      3420,     13835,       404,    355901,     33858,    136967,      3998,     -1740,     -2764,     -4504,    -17222,    -27367,    -44589,      8491,      2971,      3420,      2125,     70209,     73496,     37689,     40454
       562,     50562, 15.235790,       4.6,      23.4,     65893,      8959,     22046,       612,    303106,     41210,    101413,      2816,     -3057,     -3460,     -6517,    -14062,    -15915,    -29977,     35276,      4111,     12260,       493,    825458,     96205,    286880,     11537,     -1777,     -2783,     -4560,    -41586,    -65117,   -106703,      8959,      6006,      4111,      2888,     68949,     72409,     37053,     39836
       563,     50563,177.799311,      46.0,      27.5,     66268,      1333,     14081,       334,   3048320,     61325,    647729,     15387,     -2864,     -4693,     -7557,   -131765,   -215858,   -347623,     35421,       216,      8156,       165,    974091,      5928,    224278,      4536,     -1587,     -3612,     -5199,    -43656,    -99319,   -142975,         0,      1333,         0,       216,     69132,     73825,     37009,     40621
       564,     50564,102.384789,     137.8,         0,     64544,      3819,     16958,       610,   8894136,    526293,   2336859,     84082,     -2828,     -7075,     -9903,   -389716,   -974883,  -1364599,     34662,      1739,      9519,       538,         0,         0,         0,         0,     -1545,     -4778,     -6323,         0,         0,         0,         0,      3819,         0,      1739,     67372,     74447,     36207,     40985
       565,     50565,161.792445,      74.7,      15.3,     62769,      6530,     18145,       395,   4688841,    487774,   1355428,     29513,     -2639,     -7913,    -10552,   -197149,   -591093,   -788242,     33811,      2711,     10266,       609,    517315,     41479,    157065,      9316,     -1423,     -5411,     -6835,    -21778,    -82795,   -104573,      1147,      6530,       424,      2711,     65408,     73321,     35235,     40646
       566,     50566,102.816615,      59.9,         0,     62014,      6255,     17692,       277,   3714641,    374653,   1059761,     16583,     -2710,     -6839,     -9548,   -162305,   -409642,   -571947,     33334,      2575,     10315,       496,         0,         0,         0,         0,     -1409,     -4941,     -6351,         0,         0,         0,      2149,      6255,      1320,      2575,     64724,     71562,     34743,     39684
       567,     50567,102.758262,     119.0,       9.9,     63288,      7108,     17640,       221,   7531219,    845901,   2099141,     26318,     -3060,     -4041,     -7101,   -364164,   -480895,   -845059,     33843,      3177,     10391,       531,    335043,     31448,    102870,      5260,     -1736,     -3224,     -4961,    -17191,    -31920,    -49110,      4937,      7108,      2445,      3177,     66348,     70389,     35579,     38803
       568,     50568, 97.646566,      68.8,      17.1,     64327,      8133,     17559,       232,   4425689,    559544,   1208064,     15983,     -3118,     -3408,     -6525,   -214493,   -234453,   -448946,     34467,      3883,     10453,       508,    589383,     66406,    178738,      8689,     -1789,     -2751,     -4539,    -30584,    -47039,    -77623,      8133,      6867,      3883,      3006,     67445,     70852,     36255,     39006
       569,     50569,148.461639,      59.3,      10.4,     64312,      7802,     17279,       270,   3813672,    462658,   1024673,     16000,     -3119,     -3509,     -6628,   -184952,   -208078,   -393030,     34433,      3715,     10425,       410,    358108,     38632,    108424,      4263,     -1791,     -2847,     -4639,    -18630,    -29612,    -48242,      7802,      7150,      3715,      3118,     67430,     70939,     36225,     39072
       570,     50570, 66.266187,      47.6,         0,     59346,      4368,     14076,        21,   2824878,    207923,    670040,      1000,     -2708,     -7128,     -9836,   -128901,   -339289,   -468190,     31956,      1823,      9047,       337,         0,         0,         0,         0,     -1398,     -5155,     -6554,         0,         0,         0,      1744,      4368,      1157,      1823,     62054,     69182,     33354,     38509
       571,     50571, 57.678100,      60.0,       6.2,     59186,      5482,     14045,        31,   3551169,    328906,    842685,      1873,     -3225,     -6881,    -10106,   -193486,   -412876,   -606362,     31780,      2602,      9059,       421,    197038,     16133,     56169,      2608,     -1788,     -4553,     -6342,    -11087,    -28231,    -39319,      5482,      4868,      2602,      1972,     62411,     69292,     33569,     38122
       572,     50572, 87.564471,      91.2,       3.6,     62310,      8684,     13942,        41,   5682709,    791939,   1271483,      3761,     -3197,     -3842,     -7039,   -291561,   -350380,   -641942,     33358,      3878,      9044,       449,    120090,     13961,     32557,      1617,     -1803,     -3052,     -4855,     -6492,    -10986,    -17478,      8684,      6776,      3878,      2978,     65507,     69349,     35162,     38213
       573,     50573,100.170831,      57.8,       6.6,     61961,      8228,     13100,        49,   3581343,    475603,    757156,      2819,     -3200,     -3921,     -7121,   -184959,   -226619,   -411578,     33153,      3843,      8712,       306,    218811,     25363,     57498,      2017,     -1808,     -3165,     -4973,    -11936,    -20889,    -32825,      8228,      6748,      3843,      3041,     65161,     69082,     34962,     38127
       574,     50574,146.004382,         0,         0,     57717,      4462,     11192,         6,         0,         0,         0,         0,     -2785,     -8174,    -10958,         0,         0,         0,     31117,      1801,      8017,       155,         0,         0,         0,         0,     -1437,     -5719,     -7156,         0,         0,         0,      2485,      4462,       695,      1801,     60502,     68676,     32554,     38273
       575,     50575,170.151255,      27.9,         0,     58621,      5657,     10983,        63,   1635533,    157839,    306415,      1757,     -3221,     -5151,     -8373,    -89876,   -143719,   -233595,     31484,      2795,      7869,       252,         0,         0,         0,         0,     -1786,     -3764,     -5550,         0,         0,         0,      5657,      4833,      2795,      2031,     61843,     66994,     33270,     37034
       576,     50576,262.161697,      49.2,      64.9,     58853,      7361,      9214,       102,   2895568,    362175,    453331,      4995,     -3249,     -4378,     -7627,   -159863,   -215398,   -375261,     31662,      2836,      6992,       180,   2054880,    184029,    453782,     11692,     -1800,     -3334,     -5134,   -116846,   -216345,   -333191,      7361,      5182,      2836,      2182,     62102,     66480,     33463,     36796
       577,     50577, 64.200621,      37.5,      18.2,     54688,      7760,     10008,        91,   2050818,    290992,    375296,      3394,     -3056,     -8779,    -11835,   -114592,   -329203,   -443795,     29304,      3184,      7338,       172,    533341,     57940,    133548,      3131,     -1619,     -5840,     -7459,    -29475,   -106282,   -135756,      4205,      7760,      1571,      3184,     57744,     66523,     30924,     36764
       578,     50578, 78.178084,      44.6,         0,     57368,      4978,      7546,       121,   2558608,    222010,    336569,      5416,     -3245,     -5407,     -8652,   -144720,   -241152,   -385872,     30875,      2211,      6205,       136,         0,         0,         0,         0,     -1799,     -3899,     -5699,         0,         0,         0,      2363,      4978,      1111,      2211,     60613,     66020,     32674,     36573
       579,     50579, 43.956838,      18.6,         0,     49640,      3424,      6444,       169,    923308,     63688,    119852,      3135,     -3255,    -11672,    -14927,    -60543,   -217098,   -277641,     26882,      1691,      5623,       120,         0,         0,         0,         0,     -1795,     -7093,     -8889,         0,         0,         0,      2837,      3424,      1691,      1419,     52895,     64567,     28677,     35771
       580,     50580,125.185060,      60.0,         0,     56271,      2596,      6497,        46,   3376288,    155733,    389816,      2736,     -3554,    -11856,    -15410,   -213228,   -711382,   -924610,     30528,       971,      5460,       120,         0,         0,         0,         0,     -1861,     -7053,     -8914,         0,         0,         0,         0,      2596,         0,       971,     59825,     71682,     32390,     39442
       581,     50581,198.163835,     115.1,     116.7,     53471,      3929,      7206,       769,   6154497,    452220,    829384,     88455,     -3524,    -15151,    -18676,   -405620,  -1743937,  -2149557,     29163,      2310,      6082,       438,   3403350,    269557,    709754,     51134,     -1838,     -8727,    -10565,   -214482,  -1018478,  -1232960,      3929,      1896,      2310,       823,     56995,     72146,     31001,     39728
       582,     50582, 84.930786,      13.2,    1683.4,     53731,      3336,      7451,      2180,    709253,     44033,     98350,     28777,     -2867,     -9211,    -12078,    -37840,   -121589,   -159428,     29401,      2124,      6300,       327,  49492954,   3576354,  10604956,    550954,     -1502,     -5903,     -7404,  -2527838,  -9936514, -12464351,      2722,      3336,      2124,      1421,     56598,     65809,     30902,     36805
       583,     50583,115.905373,       2.0,         0,     52929,      3472,      7810,      1425,    105859,      6945,     15620,      2849,     -2760,     -8277,    -11037,     -5521,    -16553,    -22074,     28797,      1612,      6428,       251,         0,         0,         0,         0,     -1414,     -5833,     -7247,         0,         0,         0,      1953,      3472,       721,      1612,     55690,     63966,     30211,     36045
       584,     50584, 77.045110,      21.6,         0,     56825,      4869,      7787,        92,   1227422,    105168,    168192,      1983,     -3244,     -4510,     -7755,    -70078,    -97420,   -167498,     30729,      2309,      6400,       264,         0,         0,         0,         0,     -1794,     -3306,     -5100,         0,         0,         0,      4822,      4869,      2309,      2132,     60069,     64580,     32523,     35829
       585,     50585, 45.525394,       3.1,         0,     56336,      2605,      6100,        31,    174643,      8075,     18909,        96,     -3557,    -10966,    -14523,    -11026,    -33995,    -45020,     30547,      1005,      5214,        95,         0,         0,         0,         0,     -1868,     -6597,     -8465,         0,         0,         0,         0,      2605,         0,      1005,     59893,     70859,     32415,     39012
       586,     50586,160.175982,       1.7,         0,     53447,      2199,      5837,       129,     90860,      3738,      9923,       219,     -3559,    -12063,    -15622,     -6051,    -20507,    -26558,     28897,       946,      5103,       243,         0,         0,         0,         0,     -1882,     -7363,     -9245,         0,         0,         0,         0,      2199,         0,       946,     57006,     69069,     30780,     38143
       587,     50587, 63.466050,     114.4,       9.0,     54177,      3501,      6645,       510,   6197833,    400555,    760189,     58355,     -3526,    -13753,    -17279,   -403354,  -1573383,  -1976737,     29548,      2050,      5721,       630,    265935,     18449,     51486,      5673,     -1839,     -7952,     -9790,    -16549,    -71566,    -88114,      3501,      2229,      2050,      1182,     57703,     71456,     31387,     39339
       588,     50588, 80.518913,     124.5,      90.7,     51563,      5704,      6494,      2067,   6419624,    710175,    808543,    257400,     -2852,    -13468,    -16320,   -355132,  -1676714,  -2031846,     28304,      2968,      5683,       825,   2567191,    269187,    515437,     74867,     -1495,     -7737,     -9232,   -135634,   -701745,   -837379,      5704,      2529,      2968,      1234,     54416,     67883,     29800,     37537
       589,     50589, 39.088203,      50.5,       9.1,     52829,      5524,      6893,      2440,   2667853,    278963,    348096,    123217,     -2862,    -13372,    -16234,   -144556,   -675277,   -819833,     28965,      2832,      5971,       671,    263583,     25775,     54337,      6103,     -1501,     -7673,     -9175,    -13661,    -69827,    -83488,      5524,      2458,      2832,      1213,     55691,     69063,     30466,     38140
       590,     50590,120.185094,     117.2,     294.4,     52559,      5232,      6650,      2336,   6159954,    613194,    779389,    273810,     -3015,     -7874,    -10890,   -353407,   -922864,  -1276271,     28768,      2849,      5827,       624,   8469243,    838654,   1715372,    183670,     -1545,     -5420,     -6965,   -454848,  -1595506,  -2050354,      5232,      3390,      2849,      1350,     55575,     63449,     30313,     35732
       591,     50591,104.014042,      16.3,       7.6,     54030,      4092,      6674,      1211,    880685,     66701,    108779,     19737,     -3230,     -5355,     -8585,    -52645,    -87295,   -139939,     29391,      2389,      5821,       551,    223375,     18160,     44236,      4189,     -1781,     -3661,     -5442,    -13536,    -27823,    -41359,      3605,      4092,      2389,      1705,     57260,     62615,     31172,     34833
       592,     50592, 56.052048,      54.0,         0,     53082,      5945,      6229,       788,   2866436,    321054,    336384,     42545,     -3223,     -4758,     -7982,   -174062,   -256952,   -431013,     28860,      3064,      5495,       691,         0,         0,         0,         0,     -1777,     -3441,     -5217,         0,         0,         0,      5945,      3718,      3064,      1685,     56306,     61064,     30637,     34077
       593,     50593,156.519550,     172.2,      11.0,     56113,      7076,      6686,       326,   9662733,   1218428,   1151249,     56063,     -3246,     -4426,     -7673,   -559024,   -762188,  -1321213,     30421,      3100,      5803,       387,    334636,     34102,     63835,      4252,     -1794,     -3215,     -5009,    -19735,    -35365,    -55099,      7076,      4223,      3100,      1830,     59360,     63786,     32215,     35430
       594,     50594,238.428027,       3.1,     140.8,     55359,      5964,      6386,       479,    171613,     18488,     19795,      1484,     -3250,     -5097,     -8347,    -10074,    -15802,    -25876,     29912,      2932,      5610,       428,   4211657,    412862,    789925,     60226,     -1799,     -3703,     -5502,   -253274,   -521441,   -774715,      5964,      4409,      2932,      1803,     58609,     63706,     31711,     35415
       595,     50595,105.506175,       7.5,         0,     51260,      3610,      5235,       559,    384452,     27073,     39264,      4190,     -3267,     -8131,    -11398,    -24505,    -60982,    -85487,     27769,      1405,      4865,       318,         0,         0,         0,         0,     -1801,     -5297,     -7097,         0,         0,         0,      1562,      3610,      1125,      1405,     54528,     62658,     29569,     34866
       596,     50596, 59.748124,       8.5,         0,     49337,      2228,      4841,       198,    419368,     18935,     41147,      1680,     -3254,    -10372,    -13626,    -27658,    -88164,   -115822,     26716,      1171,      4630,       142,         0,         0,         0,         0,     -1794,     -6504,     -8298,         0,         0,         0,      1566,      2228,      1171,      1037,     52591,     62964,     28510,     35014
       597,     50597,324.281490,     278.6,     273.1,     49542,      3246,      5923,       447,  13802443,    904343,   1650253,    124507,     -3463,    -16076,    -19539,   -964898,  -4478767,  -5443665,     27175,      1883,      5264,       614,   7421364,    514114,   1437665,    167794,     -1791,     -9140,    -10931,   -489132,  -2496245,  -2985377,      3246,      2190,      1883,      1153,     53006,     69082,     28966,     38106
       598,     50598,120.001380,     144.7,     112.8,     49660,      5048,      5906,       740,   7185843,    730518,    854650,    107122,     -3146,    -12811,    -15958,   -455260,  -1853815,  -2309074,     27316,      2792,      5265,       786,   3081237,    314975,    593932,     88636,     -1647,     -7659,     -9306,   -185802,   -863879,  -1049681,      5048,      2432,      2792,      1137,     52807,     65618,     28963,     36622
       599,     50599,120.063034,     133.4,     194.9,     49759,      5365,      5921,       917,   6637870,    715697,    789894,    122355,     -3005,     -9098,    -12102,   -400855,  -1213610,  -1614465,     27296,      3035,      5265,       772,   5319904,    591486,   1026055,    150440,     -1537,     -6036,     -7573,   -299504,  -1176465,  -1475969,      5365,      2544,      3035,      1205,     52764,     61862,     28832,     34869
       600,     50600,121.307442,     115.5,      22.6,     51442,      4695,      5806,       619,   5941527,    542308,    670623,     71534,     -3226,     -6283,     -9509,   -372574,   -725729,  -1098304,     28016,      2641,      5148,       880,    633168,     59688,    116337,     19893,     -1774,     -4188,     -5962,    -40087,    -94651,   -134738,      4695,      3900,      2641,      1347,     54668,     60951,     29790,     33978
       601,     50601,126.447843,     182.3,     228.2,     53368,      4905,      5611,       609,   9728932,    894238,   1022935,    111017,     -3238,     -4032,     -7271,   -590367,   -735045,  -1325412,     28980,      2851,      4963,       891,   6613241,    650547,   1132463,    203312,     -1787,     -3102,     -4888,   -407738,   -707765,  -1115503,      4905,      4330,      2851,      1547,     56606,     60638,     30767,     33868
       602,     50602,239.585572,     356.8,     592.7,     51812,      3811,      5232,       822,  18486585,   1359753,   1866943,    293231,     -3267,     -6015,     -9281,  -1165648,  -2145985,  -3311633,     28085,      2406,      4678,       771,  16646135,   1426157,   2772464,    456862,     -1802,     -4208,     -6010,  -1067793,  -2494063,  -3561856,      3811,      3669,      2406,      1342,     55079,     61094,     29887,     34095
       603,     50603, 12.954775,      12.8,         0,     47474,      2421,      5617,       419,    607668,     30991,     71899,      5362,     -3169,    -12346,    -15514,    -40559,   -158025,   -198585,     26141,      1332,      4985,       521,         0,         0,         0,         0,     -1643,     -7792,     -9435,         0,         0,         0,      2421,      2183,      1332,       992,     50643,     62989,     27783,     35575
       604,     50604, 50.063291,      43.4,      10.9,     47027,      2710,      5539,       347,   2040985,    117627,    240389,     15053,     -3141,    -13590,    -16731,   -136298,   -589818,   -726117,     25903,      1809,      4917,       471,    282340,     19714,     53596,      5130,     -1637,     -8113,     -9750,    -17838,    -88433,   -106271,      2710,      2386,      1809,      1170,     50168,     63758,     27539,     35652
       605,     50605, 65.282860,      84.5,       7.3,     47641,      2824,      5556,       354,   4025687,    238642,    469492,     29947,     -3054,    -10125,    -13179,   -258104,   -855559,  -1113664,     26139,      1216,      4905,       629,    190812,      8875,     35803,      4589,     -1566,     -6659,     -8224,    -11430,    -48609,    -60039,      2824,      2782,      1216,      1143,     50696,     60821,     27704,     34363
       606,     50606, 45.971901,      15.1,       1.4,     46296,      2736,      5196,        94,    699076,     41312,     78465,      1426,     -3091,     -7325,    -10416,    -46669,   -110612,   -157281,     25325,      1165,      4520,       440,     35455,      1631,      6328,       616,     -1661,     -4909,     -6570,     -2326,     -6873,     -9198,      1666,      2736,       970,      1165,     49387,     56712,     26986,     31895
       607,     50607,283.452567,     355.7,      39.5,     49366,      2670,      5254,       245,  17559459,    949645,   1868796,     87134,     -3321,     -5821,     -9142,  -1181274,  -2070370,  -3251645,     26867,      1114,      4553,       649,   1061256,     43985,    179824,     25645,     -1825,     -4055,     -5879,    -72068,   -160169,   -232237,      2601,      2670,      1035,      1114,     52687,     58507,     28692,     32747
       608,     50608,400.292113,     339.6,      44.5,     48559,      2136,      4537,       564,  16490727,    725403,   1540598,    191665,     -3320,     -6570,     -9890,  -1127607,  -2231112,  -3358719,     26336,      1435,      4099,       650,   1171939,     63858,    182384,     28909,     -1829,     -4581,     -6411,    -81407,   -203866,   -285273,      2115,      2136,      1435,       924,     51880,     58449,     28165,     32746
       609,     50609,285.760959,       2.0,     131.8,     46318,      1171,      3593,       150,     92636,      2342,      7186,       300,     -3222,     -8566,    -11788,     -6444,    -17133,    -23577,     25091,       571,      3419,        46,   3307025,     75236,    450648,      6098,     -1773,     -5712,     -7485,   -233617,   -752865,   -986483,       591,      1171,       571,       236,     49540,     58106,     26864,     32576
       610,     50610, 52.394740,      21.8,      13.6,     48053,      2102,      3862,       163,   1047545,     45818,     84184,      3560,     -3243,     -9034,    -12276,    -70692,   -196935,   -267628,     26010,       992,      3738,        36,    353740,     13490,     50840,       490,     -1786,     -5919,     -7705,    -24293,    -80496,   -104789,      1068,      2102,       895,       992,     51295,     60329,     27797,     33715
       611,     50611,261.446492,       6.6,         0,     50114,        43,       900,         5,    330752,       283,      5939,        33,     -3540,     -8662,    -12202,    -23363,    -57169,    -80532,     27054,        13,      1674,        39,         0,         0,         0,         0,     -1863,     -5480,     -7342,         0,         0,         0,         0,        43,         0,        13,     53654,     62316,     28917,     34396
       612,     50612,137.196025,      58.7,       8.9,     50004,        41,      1466,        42,   2935219,      2404,     86045,      2485,     -3539,    -10150,    -13689,   -207750,   -595818,   -803568,     26994,        13,      1992,       249,    240243,       118,     17727,      2214,     -1863,     -6309,     -8172,    -16581,    -56146,    -72727,         0,        41,         0,        13,     53543,     63693,     28857,     35165
       613,     50613, 90.354967,         0,         0,     51136,        72,      1444,       127,         0,         0,         0,         0,     -3543,     -7983,    -11526,         0,         0,         0,     27615,        17,      1973,       374,         0,         0,         0,         0,     -1864,     -5156,     -7021,         0,         0,         0,         0,        72,         0,        17,     54679,     62662,     29479,     34636
       614,     50614, 67.431868,      74.4,       2.1,     55366,        67,      1955,       153,   4119210,      5016,    145427,     11383,     -3555,     -6857,    -10412,   -264472,   -510191,   -774664,     29932,        10,      2271,       430,     62857,        21,      4770,       902,     -1871,     -4491,     -6362,     -3929,     -9431,    -13360,         0,        67,         0,        10,     58920,     65778,     31803,     36294
       615,     50615, 79.293089,      96.3,       2.1,     54697,       165,      1847,       283,   5267292,     15868,    177849,     27271,     -3555,     -6103,     -9658,   -342363,   -587750,   -930112,     29547,        11,      2183,       544,     62050,        23,      4584,      1142,     -1871,     -4142,     -6013,     -3929,     -8699,    -12628,         0,       165,         0,        11,     58252,     64355,     31418,     35561
       616,     50616, 93.930454,      48.3,         0,     56370,        64,      2573,        99,   2722675,      3089,    124273,      4783,     -3565,     -7502,    -11067,   -172178,   -362337,   -534514,     30451,        11,      2738,       313,         0,         0,         0,         0,     -1875,     -4847,     -6723,         0,         0,         0,         0,        64,         0,        11,     59935,     67437,     32326,     37173
       617,     50617,105.608963,     110.7,      78.2,     55712,        74,      2284,       288,   6167373,      8165,    252870,     31935,     -3560,     -6386,     -9947,   -394108,   -706975,  -1101083,     30094,        10,      2483,       533,   2353324,       814,    194175,     41710,     -1874,     -4300,     -6173,   -146533,   -336221,   -482754,         0,        74,         0,        10,     59273,     65659,     31967,     36267
       618,     50618,149.312869,      77.8,      19.1,     58068,       135,      2815,       245,   4517658,     10467,    219045,     19035,     -3543,     -5216,     -8758,   -275607,   -405803,   -681410,     31338,        15,      2913,       387,    598546,       281,     55638,      7393,     -1874,     -3674,     -5548,    -35794,    -70174,   -105968,         0,       135,         0,        15,     61610,     66826,     33212,     36886
       619,     50619,268.440791,      75.6,      58.4,     62497,      1660,      5577,       199,   4724742,    125486,    421584,     15044,     -3283,     -5584,     -8867,   -248201,   -422180,   -670381,     33602,       218,      4630,        89,   1962378,     12743,    270414,      5197,     -1774,     -3874,     -5648,   -103614,   -226232,   -329846,         0,      1660,         0,       218,     65780,     71364,     35377,     39250
       620,     50620,125.982058,         0,     140.6,     61739,      1591,      6634,       199,         0,         0,         0,         0,     -3286,     -6967,    -10254,         0,         0,         0,     33172,       204,      5313,        76,   4663952,     28656,    747010,     10750,     -1779,     -4644,     -6422,   -250077,   -652907,   -902985,         0,      1591,         0,       204,     65025,     71993,     34950,     39594
       621,     50621,280.644244,       1.0,         0,     61312,      1556,      5653,       283,     61312,      1556,      5653,       283,     -3290,     -4995,     -8285,     -3290,     -4995,     -8285,     32928,       196,      4832,        72,         0,         0,         0,         0,     -1781,     -3673,     -5454,         0,         0,         0,         0,      1556,         0,       196,     64602,     69597,     34709,     38383
       622,     50622,237.978819,      21.9,     143.2,     58486,      1846,      5189,       143,   1280854,     40431,    113639,      3136,     -3544,     -7790,    -11334,    -77621,   -170592,   -248213,     31568,       879,      4639,        56,   4520515,    125851,    664236,      7955,     -1884,     -5031,     -6915,   -269835,   -720369,   -990204,         0,      1846,         0,       879,     62031,     69820,     33452,     38483
       623,     50623,352.442259,      26.9,         0,     58396,      1840,      4559,       144,   1570840,     49505,    122641,      3875,     -3549,     -6466,    -10015,    -95473,   -173925,   -269397,     31518,       877,      4314,        64,         0,         0,         0,         0,     -1885,     -4382,     -6267,         0,         0,         0,         0,      1840,         0,       877,     61945,     68410,     33403,     37785
       624,     50624, 53.544531,      50.4,     156.3,     55572,       195,      2154,       313,   2800804,      9805,    108576,     15752,     -3559,     -5221,     -8780,   -179397,   -263138,   -442535,     30009,        14,      2384,       576,   4690381,      2187,    372558,     90037,     -1874,     -3713,     -5586,   -292852,   -580315,   -873167,         0,       195,         0,        14,     59131,     64352,     31882,     35595
       625,     50625,144.051004,      59.0,      48.2,     58195,       290,      2859,       245,   3433525,     17088,    168683,     14451,     -3610,     -4409,     -8019,   -213002,   -260136,   -473137,     31402,        17,      2931,       301,   1513565,       799,    141296,     14504,     -1915,     -3280,     -5195,    -92291,   -158109,   -250400,         0,       290,         0,        17,     61806,     66215,     33317,     36597
       626,     50626, 85.625455,      12.9,       2.7,     58846,       320,      3332,        77,    759119,      4123,     42979,       991,     -3598,     -4486,     -8084,    -46418,    -57865,   -104283,     31735,        18,      3306,       145,     85684,        48,      8928,       390,     -1915,     -3348,     -5263,     -5171,     -9039,    -14211,         0,       320,         0,        18,     62445,     66930,     33650,     36998
       627,     50627,294.790524,      11.1,         0,     53087,       191,      4277,        24,    589261,      2121,     47473,       269,     -3655,    -10490,    -14144,    -40568,   -116434,   -157002,     28583,        13,      4069,        53,         0,         0,         0,         0,     -1935,     -6644,     -8579,         0,         0,         0,         0,       191,         0,        13,     56741,     67231,     30517,     37161
       628,     50628,323.242314,         0,         0,     49844,        56,       856,         1,         0,         0,         0,         0,     -3546,     -7007,    -10553,         0,         0,         0,     26870,        15,      1631,         4,         0,         0,         0,         0,     -1866,     -4668,     -6534,         0,         0,         0,         0,        56,         0,        15,     53390,     60397,     28735,     33403
       629,     50629,148.428136,         0,         0,     48847,        37,      1134,        32,         0,         0,         0,         0,     -3542,     -7984,    -11526,         0,         0,         0,     26318,        13,      1808,       232,         0,         0,         0,         0,     -1864,     -5227,     -7091,         0,         0,         0,         0,        37,         0,        13,     52388,     60373,     28181,     33408
       630,     50630,140.515187,     123.6,      27.2,     52256,       111,      1608,       191,   6458789,     13711,    198708,     23608,     -3557,     -6620,    -10177,   -439606,   -818220,  -1257826,     28204,        21,      2046,       453,    767160,       565,     55654,     12318,     -1870,     -4477,     -6347,    -50868,   -121780,   -172649,         0,       111,         0,        21,     55812,     62432,     30075,     34552
       631,     50631,184.495970,     129.3,       6.1,     50376,        67,      1443,        38,   6513658,      8664,    186530,      4860,     -3550,     -6755,    -10305,   -459015,   -873390,  -1332405,     27180,        16,      1950,       365,    165800,        98,     11897,      2226,     -1867,     -4599,     -6467,    -11390,    -28057,    -39446,         0,        67,         0,        16,     53926,     60681,     29047,     33647
       632,     50632,115.588133,      69.2,         0,     52332,       113,      1967,       170,   3621354,      7825,    136091,     11792,     -3558,     -6671,    -10229,   -246194,   -461634,   -707828,     28243,        21,      2263,       430,         0,         0,         0,         0,     -1872,     -4559,     -6431,         0,         0,         0,         0,       113,         0,        21,     55889,     62560,     30115,     34674
       633,     50633,138.230013,      44.7,       5.5,     56540,       238,      2286,       134,   2527355,     10629,    102183,      5970,     -3687,     -4473,     -8160,   -164822,   -199934,   -364756,     30450,        19,      2483,       268,    167473,       102,     13657,      1475,     -1954,     -3422,     -5377,    -10748,    -18823,    -29571,         0,       238,         0,        19,     60228,     64700,     32404,     35826
       634,     50634,358.795941,       8.0,       2.0,     56005,       212,      2786,        16,    448040,      1695,     22289,       126,     -3685,     -5625,     -9310,    -29482,    -44997,    -74479,     30168,        16,      2870,        81,     60336,        32,      5739,       161,     -1955,     -4016,     -5971,     -3909,     -8032,    -11941,         0,       212,         0,        16,     59690,     65315,     32123,     36139
       635,     50635,321.468781,      13.3,      12.3,     51583,       266,      4028,        14,    686055,      3540,     53566,       184,     -3649,    -10483,    -14132,    -48538,   -139420,   -187958,     27831,        20,      3841,        28,    342323,       242,     47246,       339,     -1930,     -6614,     -8544,    -23745,    -81347,   -105092,         0,       266,         0,        20,     55233,     65715,     29762,     36375
       636,     50636, 89.313919,         0,         0,     46657,         0,      1001,        11,         0,         0,         0,         0,     -3601,    -10658,    -14259,         0,         0,         0,     25124,         0,      1725,       173,         0,         0,         0,         0,     -1894,     -6690,     -8584,         0,         0,         0,         0,         0,         0,         0,     50257,     60916,     27018,     33708
       637,     50637, 67.097735,      13.7,         0,     47705,        25,      1103,        41,    653564,       341,     15106,       557,     -3723,     -9015,    -12739,    -51011,   -123509,   -174520,     25665,        11,      1747,       203,         0,         0,         0,         0,     -1961,     -5870,     -7831,         0,         0,         0,         0,        25,         0,        11,     51429,     60444,     27626,     33496
       638,     50638,135.422979,      49.9,       7.1,     52604,       122,      1304,        67,   2624938,      6101,     65050,      3328,     -3746,     -5622,     -9369,   -186929,   -280559,   -467488,     28343,        22,      1849,       235,    201237,       155,     13126,      1668,     -1976,     -4020,     -5996,    -14031,    -28541,    -42573,         0,       122,         0,        22,     56350,     61972,     30319,     34339
       639,     50639, 69.413792,      40.0,         0,     52847,       130,      1666,        42,   2113874,      5186,     66634,      1689,     -3745,     -6861,    -10605,   -149785,   -274432,   -424217,     28477,        23,      2090,       296,         0,         0,         0,         0,     -1976,     -4671,     -6647,         0,         0,         0,         0,       130,         0,        23,     56591,     63452,     30453,     35124
       640,     50640,160.887363,      77.0,      57.4,     52982,       135,      1321,        65,   4079607,     10363,    101731,      5021,     -3781,     -5084,     -8865,   -291145,   -391487,   -682631,     28583,        23,      1838,       159,   1640668,      1323,    105489,      9152,     -1996,     -3691,     -5686,   -114549,   -211840,   -326389,         0,       135,         0,        23,     56763,     61847,     30579,     34269
       641,     50641,666.215436,      24.4,       2.9,     48332,        77,      2105,        18,   1179292,      1885,     51366,       433,     -3635,     -9291,    -12926,    -88695,   -226710,   -315405,     26116,        17,      2377,        50,     75735,        50,      6894,       144,     -1921,     -6014,     -7935,     -5570,    -17442,    -23012,         0,        77,         0,        17,     51967,     61258,     28036,     34051
       642,     50642,620.366019,      19.9,       6.2,     48612,       163,      3254,         9,    967370,      3235,     64750,       185,     -3635,    -10738,    -14373,    -72327,   -213693,   -286019,     26303,         7,      3221,        23,    163077,        41,     19968,       144,     -1922,     -6765,     -8688,    -11917,    -41946,    -53863,         0,       163,         0,         7,     52246,     62984,     28225,     34990
       643,     50643,614.915831,         0,       8.4,     42503,         0,       211,         8,         0,         0,         0,         0,     -4032,     -8356,    -12388,         0,         0,         0,     22782,         0,       527,         0,    191366,         0,      4424,         0,     -2127,     -5508,     -7636,    -17869,    -46270,    -64139,         0,         0,         0,         0,     46535,     54891,     24909,     30417
       644,     50644,359.691865,      34.8,         0,     46634,         0,       546,         0,   1622859,         0,     18992,         0,     -3823,     -7583,    -11406,   -133033,   -263889,   -396922,     25077,         0,      1180,        35,         0,         0,         0,         0,     -2016,     -5042,     -7057,         0,         0,         0,         0,         0,         0,         0,     50457,     58040,     27092,     32134
       645,     50645,253.187530,         0,         0,     42428,         0,       236,         8,         0,         0,         0,         0,     -4031,     -8773,    -12804,         0,         0,         0,     22740,         0,       578,         0,         0,         0,         0,         0,     -2127,     -5756,     -7883,         0,         0,         0,         0,         0,         0,         0,     46459,     55232,     24867,     30623
       646,     50646, 64.024858,      10.2,         0,     39542,       707,      1248,        75,    403326,      7213,     12732,       765,     -3257,     -5225,     -8483,    -33226,    -53296,    -86522,     21528,       144,      1715,       123,         0,         0,         0,         0,     -1770,     -3816,     -5585,         0,         0,         0,         0,       707,         0,       144,     42799,     48024,     23298,     27114
       647,     50647, 42.457196,      15.9,       3.1,     41465,       834,      1225,        48,    659299,     13257,     19485,       762,     -3295,     -3893,     -7189,    -52398,    -61906,   -114304,     22541,       165,      1702,       136,     69877,       512,      5277,       422,     -1798,     -3145,     -4943,     -5575,     -9748,    -15324,         0,       834,         0,       165,     44761,     48654,     24339,     27484
       648,     50648, 83.307907,      14.7,         0,     39950,       734,       933,        21,    587259,     10793,     13714,       305,     -3280,     -4993,     -8272,    -48211,    -73392,   -121602,     21734,       148,      1490,       169,         0,         0,         0,         0,     -1785,     -3716,     -5501,         0,         0,         0,         0,       734,         0,       148,     43229,     48222,     23520,     27236
       649,     50649,109.820957,      52.8,       8.3,     38475,       646,       637,        37,   2031460,     34100,     33654,      1968,     -3265,     -4534,     -7798,   -172376,   -239384,   -411760,     20958,       134,      1270,       198,    173949,      1111,     10540,      1643,     -1771,     -3447,     -5218,    -14701,    -28608,    -43309,         0,       646,         0,       134,     41739,     46273,     22729,     26176
       650,     50650,133.602837,      51.3,       8.5,     37529,       591,       571,        33,   1925247,     30315,     29311,      1706,     -3259,     -5350,     -8609,   -167208,   -274452,   -441660,     20439,       126,      1201,       261,    173735,      1068,     10208,      2214,     -1766,     -3903,     -5669,    -15011,    -33173,    -48184,         0,       591,         0,       126,     40789,     46139,     22205,     26108
       651,     50651,129.169407,      40.3,       3.1,     35669,       390,       562,        26,   1437478,     15707,     22650,      1060,     -3250,     -6620,     -9870,   -130967,   -266790,   -397757,     19447,       131,      1174,       173,     60284,       407,      3641,       538,     -1749,     -4597,     -6347,     -5423,    -14251,    -19674,         0,       390,         0,       131,     38919,     45539,     21196,     25793
       652,     50652, 58.686406,      22.7,         0,     34703,       343,       345,        27,    787761,      7795,      7826,       614,     -3248,     -5876,     -9124,    -73721,   -133384,   -207105,     18927,       124,       925,       192,         0,         0,         0,         0,     -1741,     -4209,     -5950,         0,         0,         0,         0,       343,         0,       124,     37951,     43827,     20668,     24876
       653,     50653,108.589994,      55.2,       2.7,     33573,         0,       337,        34,   1853242,         0,     18596,      1859,     -3247,     -7461,    -10708,   -179238,   -411871,   -591109,     18319,         0,       902,       251,     49462,         0,      2434,       678,     -1728,     -5063,     -6791,     -4664,    -13670,    -18335,         0,         0,         0,         0,     36820,     44282,     20047,     25110
       654,     50654,100.404222,      40.6,      12.7,     34395,       330,       321,        29,   1396425,     13418,     13040,      1187,     -3247,     -6543,     -9790,   -131848,   -265629,   -397477,     18761,       122,       864,       197,    238266,      1549,     10977,      2507,     -1738,     -4563,     -6301,    -22077,    -57945,    -80022,         0,       330,         0,       122,     37642,     44185,     20499,     25062
       655,     50655, 70.705690,      22.8,       6.8,     33318,         0,       199,        21,    759648,         0,      4536,       484,     -3246,     -6536,     -9781,    -73999,   -149015,   -223014,     18181,         0,       687,       122,    123633,         0,      4674,       826,     -1724,     -4566,     -6291,    -11725,    -31051,    -42776,         0,         0,         0,         0,     36563,     43099,     19906,     24472
       656,     50656,104.531227,      13.3,         0,     33358,         0,       199,        19,    443666,         0,      2648,       254,     -3243,     -6535,     -9778,    -43135,    -86914,   -130048,     18203,         0,       695,       146,         0,         0,         0,         0,     -1724,     -4563,     -6288,         0,         0,         0,         0,         0,         0,         0,     36602,     43136,     19927,     24491
       657,     50657,2116.45449,         0,         0,      4487,         0,        23,         0,         0,         0,         0,         0,      -371,    -14657,    -15028,         0,         0,         0,      2965,         0,        66,         0,         0,         0,         0,         0,      -128,     -7465,     -7593,         0,         0,         0,         0,         0,         0,         0,      4858,     19515,      3093,     10558
       658,     50658,1601.08544,         0,         0,      1029,         0,         6,         0,         0,         0,         0,         0,       -70,    -14720,    -14791,         0,         0,         0,      1228,         0,         3,         0,         0,         0,         0,         0,       -11,     -7508,     -7518,         0,         0,         0,         0,         0,         0,         0,      1099,     15820,      1239,      8746
       659,     50659,1749.17625,         0,         0,      5981,         0,        47,         0,         0,         0,         0,         0,      -557,    -16735,    -17292,         0,         0,         0,      3744,         0,       128,         0,         0,         0,         0,         0,      -169,     -8815,     -8984,         0,         0,         0,         0,         0,         0,         0,      6538,     23272,      3913,     12728
       660,     50660,3201.84129,         0,         0,      4902,         0,        38,         0,         0,         0,         0,         0,      -412,    -18030,    -18441,         0,         0,         0,      3205,         0,        90,         0,         0,         0,         0,         0,      -138,     -9525,     -9663,         0,         0,         0,         0,         0,         0,         0,      5314,     23343,      3343,     12868
       661,     50661,2171.99061,         0,         0,      7576,         0,        51,         0,         0,         0,         0,         0,      -641,    -20711,    -21353,         0,         0,         0,      4528,         0,       137,         0,         0,         0,         0,         0,      -218,    -11275,    -11493,         0,         0,         0,         0,         0,         0,         0,      8217,     28929,      4746,     16021
       662,     50662,5173.48962,         0,         0,     11804,         0,        35,         0,         0,         0,         0,         0,     -1118,    -19496,    -20615,         0,         0,         0,      6685,         0,       138,         0,         0,         0,         0,         0,      -443,    -10862,    -11305,         0,         0,         0,         0,         0,         0,         0,     12922,     32418,      7128,     17990
       663,     50663,1583.37907,         0,         0,      9384,         0,        84,         0,         0,         0,         0,         0,      -704,    -20077,    -20782,         0,         0,         0,      5342,         0,       263,         0,         0,         0,         0,         0,      -282,    -10904,    -11186,         0,         0,         0,         0,         0,         0,         0,     10089,     30166,      5624,     16528
       664,     50664,200.624584,         0,      35.8,     17981,         0,        90,        40,         0,         0,         0,         0,      -998,    -15630,    -16629,         0,         0,         0,      9712,         0,       289,        57,    347690,         0,     10335,      2049,      -431,     -8810,     -9241,    -15427,   -315401,   -330828,         0,         0,         0,         0,     18979,     34610,     10143,     18953
       665,     50665,329.922295,       2.3,         0,     19176,         0,        90,        19,     44104,         0,       206,        45,     -1001,    -14905,    -15905,     -2301,    -34281,    -36582,     10346,         0,       292,         2,         0,         0,         0,         0,      -440,     -8462,     -8902,         0,         0,         0,         0,         0,         0,         0,     20176,     35081,     10787,     19248
       666,     50666,322.327247,         0,         0,     17443,         0,        90,         0,         0,         0,         0,         0,      -995,    -17879,    -18874,         0,         0,         0,      9490,         0,       300,         2,         0,         0,         0,         0,      -428,    -10099,    -10527,         0,         0,         0,         0,         0,         0,         0,     18439,     36318,      9918,     20017
       667,     50667,297.995664,       6.5,      21.7,     22482,         0,        90,        27,    146133,         0,       588,       176,     -1005,    -16563,    -17567,     -6530,   -107658,   -114188,     12146,         0,       307,        50,    263563,         0,      6659,      1084,      -462,     -9437,     -9898,    -10018,   -204777,   -214796,         0,         0,         0,         0,     23487,     40049,     12607,     22044
       668,     50668,639.430692,         0,         0,     17424,         0,        89,         0,         0,         0,         0,         0,     -1384,    -19707,    -21091,         0,         0,         0,      9583,         0,       306,         0,         0,         0,         0,         0,      -584,    -11147,    -11731,         0,         0,         0,         0,         0,         0,         0,     18809,     38515,     10167,     21314
       669,     50669,565.673928,         0,         0,     21876,         0,        96,         1,         0,         0,         0,         0,     -1405,    -18924,    -20329,         0,         0,         0,     11927,         0,       356,         1,         0,         0,         0,         0,      -642,    -10752,    -11394,         0,         0,         0,         0,         0,         0,         0,     23280,     42204,     12569,     23321
       670,     50670,1238.59013,       2.4,         0,     16782,         0,        81,         0,     40276,         0,       194,         0,     -1379,    -23905,    -25284,     -3310,    -57373,    -60682,      9162,         0,       328,         2,         0,         0,         0,         0,      -574,    -13573,    -14147,         0,         0,         0,         0,         0,         0,         0,     18161,     42066,      9736,     23309
       671,     50671,1548.56990,       4.7,         0,     23022,         0,        64,         0,    108201,         0,       299,         0,     -1416,    -18550,    -19965,     -6654,    -87183,    -93837,     12320,         0,       325,         5,         0,         0,         0,         0,      -664,    -10843,    -11507,         0,         0,         0,         0,         0,         0,         0,     24437,     42987,     12985,     23828
       672,     50672,1339.82774,       5.9,         0,     18292,         0,        88,         0,    107925,         0,       520,         0,      -998,    -15089,    -16087,     -5886,    -89027,    -94913,      9875,         0,       284,         6,         0,         0,         0,         0,      -434,     -8449,     -8883,         0,         0,         0,         0,         0,         0,         0,     19290,     34379,     10309,     18758
       673,     50673,313.848290,         0,         0,     26482,         0,        90,         3,         0,         0,         0,         0,     -1004,    -13415,    -14419,         0,         0,         0,     14207,         0,       312,        29,         0,         0,         0,         0,      -466,     -7689,     -8156,         0,         0,         0,         0,         0,         0,         0,     27486,     40901,     14674,     22363
       674,     50674,135.467835,       1.1,         0,     29472,         0,       100,        10,     32419,         0,       110,        12,     -1007,    -12391,    -13399,     -1108,    -13631,    -14738,     15867,         0,       344,        54,         0,         0,         0,         0,      -467,     -7145,     -7612,         0,         0,         0,         0,         0,         0,         0,     30479,     42871,     16335,     23479
       675,     50675, 79.070425,         0,         0,     27278,         0,       100,        14,         0,         0,         0,         0,     -1006,    -14762,    -15769,         0,         0,         0,     14717,         0,       348,        77,         0,         0,         0,         0,      -467,     -8436,     -8903,         0,         0,         0,         0,         0,         0,         0,     28284,     43046,     15184,     23620
       676,     50676,324.225602,         0,         0,     28883,         0,       107,         0,         0,         0,         0,         0,     -1006,    -14486,    -15492,         0,         0,         0,     15558,         0,       380,         2,         0,         0,         0,         0,      -466,     -8307,     -8773,         0,         0,         0,         0,         0,         0,         0,     29889,     44375,     16024,     24331
       677,     50677, 82.849179,       1.1,         0,     24286,         0,       101,         9,     26715,         0,       111,         9,     -1005,    -17698,    -18703,     -1106,    -19467,    -20573,     13116,         0,       360,        23,         0,         0,         0,         0,      -464,    -10072,    -10536,         0,         0,         0,         0,         0,         0,         0,     25291,     42989,     13580,     23652
       678,     50678, 90.035141,         0,         0,     26116,         0,       108,         0,         0,         0,         0,         0,     -1005,    -17124,    -18129,         0,         0,         0,     14095,         0,       383,        11,         0,         0,         0,         0,      -465,     -9738,    -10203,         0,         0,         0,         0,         0,         0,         0,     27121,     44245,     14561,     24299
       679,     50679,101.073650,       1.1,         0,     23253,         0,       107,         0,     25578,         0,       117,         0,     -1320,    -19430,    -20750,     -1452,    -21373,    -22825,     12666,         0,       397,         2,         0,         0,         0,         0,      -617,    -11007,    -11624,         0,         0,         0,         0,         0,         0,         0,     24573,     44003,     13282,     24290
       680,     50680,456.662415,         0,         0,     20760,         0,       115,         0,         0,         0,         0,         0,     -1003,    -24037,    -25040,         0,         0,         0,     11235,         0,       432,         3,         0,         0,         0,         0,      -448,    -13557,    -14005,         0,         0,         0,         0,         0,         0,         0,     21763,     45800,     11683,     25240
       681,     50681,282.891112,         0,         0,     23784,         0,       109,         0,         0,         0,         0,         0,     -1411,    -20786,    -22197,         0,         0,         0,     12899,         0,       427,         0,         0,         0,         0,         0,      -661,    -11845,    -12506,         0,         0,         0,         0,         0,         0,         0,     25195,     45981,     13560,     25405
       682,     50682,503.416922,         0,         0,     27700,         0,        97,         0,         0,         0,         0,         0,     -1461,    -18669,    -20130,         0,         0,         0,     14936,         0,       432,         0,         0,         0,         0,         0,      -673,    -10773,    -11446,         0,         0,         0,         0,         0,         0,         0,     29161,     47830,     15609,     26383
       683,     50683,369.743904,       3.4,         0,     26339,         0,       120,         0,     89553,         0,       407,         0,     -1004,    -19060,    -20065,     -3414,    -64806,    -68220,     14102,         0,       439,         3,         0,         0,         0,         0,      -466,    -10923,    -11389,         0,         0,         0,         0,         0,         0,         0,     27343,     46404,     14568,     25491
       684,     50684,1237.74679,       1.2,         0,     28822,         0,        76,         0,     34586,         0,        91,         0,     -1005,    -14398,    -15403,     -1206,    -17277,    -18483,     15421,         0,       298,         1,         0,         0,         0,         0,      -466,     -8273,     -8739,         0,         0,         0,         0,         0,         0,         0,     29827,     44225,     15887,     24160
       685,     50685,541.685784,         0,         0,     30965,         0,        98,         0,         0,         0,         0,         0,     -1007,    -12149,    -13156,         0,         0,         0,     16642,         0,       367,         0,         0,         0,         0,         0,      -467,     -7030,     -7498,         0,         0,         0,         0,         0,         0,         0,     31972,     44121,     17109,     24139
       686,     50686,666.642965,         0,         0,     29870,         0,       120,         0,         0,         0,         0,         0,     -1006,    -16670,    -17675,         0,         0,         0,     16036,         0,       439,         2,         0,         0,         0,         0,      -466,     -9571,    -10038,         0,         0,         0,         0,         0,         0,         0,     30876,     47545,     16502,     26073
       687,     50687,1299.52368,         0,         0,     32826,         0,       118,         0,         0,         0,         0,         0,     -1434,    -13029,    -14463,         0,         0,         0,     17669,         0,       476,         0,         0,         0,         0,         0,      -679,     -7703,     -8382,         0,         0,         0,         0,         0,         0,         0,     34261,     47289,     18347,     26050
       688,     50688,263.047125,         0,         0,     32338,         0,       127,         0,         0,         0,         0,         0,     -1430,    -16814,    -18244,         0,         0,         0,     17388,         0,       478,         1,         0,         0,         0,         0,      -678,     -9826,    -10504,         0,         0,         0,         0,         0,         0,         0,     33769,     50583,     18066,     27892
       689,     50689,267.518979,         0,         0,     36312,         0,       114,         0,         0,         0,         0,         0,     -1006,    -12731,    -13738,         0,         0,         0,     19556,         0,       411,         1,         0,         0,         0,         0,      -466,     -7384,     -7850,         0,         0,         0,         0,         0,         0,         0,     37318,     50050,     20022,     27406
       690,     50690,565.100310,         0,         0,     30927,         0,       101,         0,         0,         0,         0,         0,     -1006,    -15928,    -16934,         0,         0,         0,     16586,         0,       371,         0,         0,         0,         0,         0,      -467,     -9150,     -9617,         0,         0,         0,         0,         0,         0,         0,     31934,     47861,     17053,     26203
       691,     50691,742.022935,         0,         0,     34866,         0,       129,         0,         0,         0,         0,         0,     -1003,    -15130,    -16133,         0,         0,         0,     18788,         0,       460,         0,         0,         0,         0,         0,      -466,     -8706,     -9172,         0,         0,         0,         0,         0,         0,         0,     35869,     50999,     19254,     27960
       692,     50692,248.661333,       2.3,         0,     37108,         0,       137,         0,     85349,         0,       315,         0,     -1432,    -12511,    -13944,     -3294,    -28776,    -32070,     19989,         0,       476,         5,         0,         0,         0,         0,      -686,     -7399,     -8085,         0,         0,         0,         0,         0,         0,         0,     38541,     51052,     20675,     28074
       693,     50693,174.609869,       2.2,         0,     37350,         0,       137,         0,     82171,         0,       301,         0,     -1433,    -12982,    -14415,     -3152,    -28561,    -31713,     20119,         0,       477,         4,         0,         0,         0,         0,      -685,     -7688,     -8373,         0,         0,         0,         0,         0,         0,         0,     38783,     51765,     20804,     28492
       694,     50694,464.381183,       1.2,         0,     37295,         0,       114,         0,     44754,         0,       137,         0,     -1004,    -12952,    -13957,     -1205,    -15543,    -16748,     20103,         0,       393,         1,         0,         0,         0,         0,      -466,     -7472,     -7939,         0,         0,         0,         0,         0,         0,         0,     38300,     51252,     20569,     28042
       695,     50695,343.953606,       1.2,         0,     39115,         0,       133,         0,     46938,         0,       160,         0,     -1005,    -13652,    -14657,     -1205,    -16383,    -17588,     21123,         0,       426,         3,         0,         0,         0,         0,      -467,     -7884,     -8352,         0,         0,         0,         0,         0,         0,         0,     40119,     53771,     21590,     29475
       696,     50696,233.274442,       3.3,         0,     40427,         0,       133,         6,    133410,         0,       440,        19,     -1434,    -11590,    -13024,     -4732,    -38247,    -42979,     21778,         0,       418,        58,         0,         0,         0,         0,      -685,     -6886,     -7571,         0,         0,         0,         0,         0,         0,         0,     41861,     53451,     22464,     29350
       697,     50697,153.153939,       4.4,         0,     40624,         0,       140,        12,    178747,         0,       614,        52,     -1436,    -12673,    -14109,     -6319,    -55759,    -62079,     21890,         0,       417,        76,         0,         0,         0,         0,      -686,     -7503,     -8189,         0,         0,         0,         0,         0,         0,         0,     42061,     54733,     22576,     30078
       698,     50698,2262.74316,       5.9,         0,     41105,         0,       183,         0,    242518,         0,      1079,         0,     -1544,    -11845,    -13389,     -9108,    -69888,    -78996,     22003,         0,       460,         6,         0,         0,         0,         0,      -773,     -7333,     -8106,         0,         0,         0,         0,         0,         0,         0,     42649,     54494,     22776,     30109
       699,     50699,2244.70066,       9.3,         0,     43975,         0,       441,         0,    408963,         0,      4104,         0,     -1439,    -12470,    -13909,    -13383,   -115968,   -129351,     23615,         0,       460,         9,         0,         0,         0,         0,      -732,     -7683,     -8415,         0,         0,         0,         0,         0,         0,         0,     45414,     57883,     24346,     32029
       700,     50700,202.559583,       1.2,         0,     42162,         0,       414,         6,     50594,         0,       497,         7,     -1457,    -13996,    -15453,     -1749,    -16795,    -18544,     22482,         0,       441,         6,         0,         0,         0,         0,      -770,     -8759,     -9529,         0,         0,         0,         0,         0,         0,         0,     43619,     57615,     23252,     32011
       701,     50701,106.849779,         0,         0,     46991,         0,       575,        30,         0,         0,         0,         0,     -1464,    -10528,    -11992,         0,         0,         0,     25128,         0,       625,        20,         0,         0,         0,         0,      -775,     -6861,     -7636,         0,         0,         0,         0,         0,         0,         0,     48455,     58984,     25903,     32764
       702,     50702,130.528334,         0,         0,     47138,         0,       633,         0,         0,         0,         0,         0,     -1466,    -11496,    -12962,         0,         0,         0,     25090,         0,       658,         4,         0,         0,         0,         0,      -779,     -7450,     -8229,         0,         0,         0,         0,         0,         0,         0,     48604,     60099,     25869,     33320
       703,     50703,202.045400,         0,         0,     47215,         0,       786,         8,         0,         0,         0,         0,     -1467,    -12235,    -13702,         0,         0,         0,     25134,         0,       837,        19,         0,         0,         0,         0,      -779,     -7863,     -8642,         0,         0,         0,         0,         0,         0,         0,     48682,     60917,     25913,     33776
       704,     50704,285.187886,         0,         0,     49848,         0,       786,         0,         0,         0,         0,         0,     -1467,    -11213,    -12681,         0,         0,         0,     26651,         0,       780,         0,         0,         0,         0,         0,      -782,     -7108,     -7890,         0,         0,         0,         0,         0,         0,         0,     51316,     62529,     27433,     34540
       705,     50705,162.077250,         0,         0,     51753,      1262,      1077,        29,         0,         0,         0,         0,     -1468,     -9956,    -11425,         0,         0,         0,     27700,      1143,      1122,        18,         0,         0,         0,         0,      -784,     -6449,     -7234,         0,         0,         0,         0,      1262,         0,      1143,     53222,     63178,     28484,     34933
       706,     50706,637.109490,         0,         0,     21646,         0,        82,         0,         0,         0,         0,         0,     -1001,    -29793,    -30794,         0,         0,         0,     11459,         0,       269,         0,         0,         0,         0,         0,      -459,    -16807,    -17266,         0,         0,         0,         0,         0,         0,         0,     22648,     52440,     11917,     28725
       707,     50707,248.699320,         0,         0,     38104,         0,       121,         0,         0,         0,         0,         0,     -1001,    -13967,    -14967,         0,         0,         0,     20552,         0,       376,         2,         0,         0,         0,         0,      -465,     -8003,     -8467,         0,         0,         0,         0,         0,         0,         0,     39105,     53072,     21017,     29019
       708,     50708,112.458946,         0,         0,     41597,         0,       129,         5,         0,         0,         0,         0,     -1004,    -12503,    -13507,         0,         0,         0,     22514,         0,       372,        37,         0,         0,         0,         0,      -466,     -7181,     -7647,         0,         0,         0,         0,         0,         0,         0,     42602,     55104,     22979,     30160
       709,     50709, 77.774432,         0,         0,     41286,         0,       127,         5,         0,         0,         0,         0,      -991,    -13718,    -14709,         0,         0,         0,     22349,         0,       347,        31,         0,         0,         0,         0,      -463,     -7846,     -8309,         0,         0,         0,         0,         0,         0,         0,     42276,     55994,     22812,     30657
       710,     50710,365.664303,       4.5,         0,     39874,         0,       123,         2,    179432,         0,       554,         8,      -982,    -14827,    -15808,     -4417,    -66719,    -71136,     21554,         0,       335,         8,         0,         0,         0,         0,      -460,     -8449,     -8909,         0,         0,         0,         0,         0,         0,         0,     40855,     55682,     22014,     30463
       711,     50711,161.966549,       1.2,         0,     42917,         0,       136,         5,     51500,         0,       164,         7,      -981,    -15563,    -16544,     -1177,    -18676,    -19853,     23243,         0,       339,        23,         0,         0,         0,         0,      -465,     -8827,     -9292,         0,         0,         0,         0,         0,         0,         0,     43898,     59461,     23709,     32536
       712,     50712,170.854772,       6.4,       1.0,     42782,         0,       146,        19,    273808,         0,       932,       119,      -990,    -16841,    -17831,     -6339,   -107781,   -114120,     23160,         0,       354,        31,     23160,         0,       354,        31,      -459,     -9557,    -10016,      -459,     -9557,    -10016,         0,         0,         0,         0,     43773,     60614,     23619,     33176
       713,     50713,130.301722,         0,       3.5,     41525,         0,       206,         4,         0,         0,         0,         0,     -1002,    -19239,    -20241,         0,         0,         0,     22443,         0,       381,         8,     78549,         0,      1335,        29,      -465,    -10887,    -11352,     -1628,    -38105,    -39733,         0,         0,         0,         0,     42528,     61767,     22908,     33795
       714,     50714, 87.247128,         0,         0,     50172,         0,       264,         4,         0,         0,         0,         0,     -1556,    -10293,    -11849,         0,         0,         0,     26871,         0,       406,         4,         0,         0,         0,         0,      -795,     -6381,     -7176,         0,         0,         0,         0,         0,         0,         0,     51728,     62021,     27665,     34046
       715,     50715,773.970088,       7.9,         0,     48409,         0,       320,         0,    382430,         0,      2528,         0,     -1549,    -11387,    -12936,    -12236,    -89957,   -102194,     25938,         0,       443,         8,         0,         0,         0,         0,      -786,     -6988,     -7774,         0,         0,         0,         0,         0,         0,         0,     49958,     61345,     26724,     33712
       716,     50716,766.065152,       3.5,         0,     50042,         0,       479,         0,    175148,         0,      1676,         0,     -1440,    -13141,    -14581,     -5041,    -45992,    -51033,     26935,         0,       463,         4,         0,         0,         0,         0,      -745,     -7831,     -8576,         0,         0,         0,         0,         0,         0,         0,     51483,     64623,     27680,     35511
       717,     50717,186.306548,         0,         0,     47533,         0,       675,         0,         0,         0,         0,         0,     -1465,    -14565,    -16031,         0,         0,         0,     25421,         0,       645,         0,         0,         0,         0,         0,      -776,     -8823,     -9599,         0,         0,         0,         0,         0,         0,         0,     48998,     63563,     26197,     35020
       718,     50718, 98.132977,         0,         0,     50057,         0,       982,         0,         0,         0,         0,         0,     -1466,    -13097,    -14564,         0,         0,         0,     26769,         0,       973,         0,         0,         0,         0,         0,      -782,     -8078,     -8860,         0,         0,         0,         0,         0,         0,         0,     51523,     64620,     27552,     35630
       719,     50719,147.784292,         0,         0,     52154,      1277,      1418,        11,         0,         0,         0,         0,     -1468,    -11844,    -13312,         0,         0,         0,     27919,      1158,      1411,        11,         0,         0,         0,         0,      -786,     -7413,     -8198,         0,         0,         0,         0,      1277,         0,      1158,     53622,     65466,     28705,     36117
       720,     50720,244.647320,         0,         0,     53532,      1343,       686,         0,         0,         0,         0,         0,     -1463,    -12035,    -13498,         0,         0,         0,     28756,      1211,       649,         0,         0,         0,         0,         0,      -778,     -7331,     -8109,         0,         0,         0,         0,      1343,         0,      1211,     54994,     67030,     29534,     36865
       721,     50721, 99.383757,         0,         0,     56136,      1878,      1167,         0,         0,         0,         0,         0,     -1463,    -10170,    -11633,         0,         0,         0,     30125,      1866,      1098,         1,         0,         0,         0,         0,      -782,     -6392,     -7174,         0,         0,         0,         0,      1878,         0,      1866,     57599,     67769,     30908,     37300
       722,     50722,1780.75816,       3.6,         0,     42140,         0,       100,         0,    151703,         0,       360,         0,      -936,    -14456,    -15392,     -3371,    -52042,    -55413,     22559,         0,       257,         4,         0,         0,         0,         0,      -450,     -8393,     -8844,         0,         0,         0,         0,         0,         0,         0,     43076,     57532,     23010,     31403
       723,     50723,611.546225,       5.7,         0,     47497,         0,       138,         0,    270735,         0,       785,         0,      -932,    -13468,    -14400,     -5313,    -76770,    -82083,     25284,         0,       259,         6,         0,         0,         0,         0,      -455,     -8091,     -8546,         0,         0,         0,         0,         0,         0,         0,     48429,     61898,     25739,     33831
       724,     50724,166.747722,       8.4,      16.5,     44414,         0,       138,        17,    373074,         0,      1158,       139,      -934,    -16282,    -17216,     -7847,   -136770,   -144617,     23846,         0,       330,         9,    393459,         0,      5444,       151,      -451,     -9384,     -9835,     -7433,   -154839,   -162273,         0,         0,         0,         0,     45348,     61630,     24297,     33681
       725,     50725,437.322906,       4.5,         0,     41111,         0,       152,         5,    184999,         0,       682,        21,      -986,    -20141,    -21126,     -4436,    -90633,    -95069,     22217,         0,       360,        10,         0,         0,         0,         0,      -457,    -11396,    -11853,         0,         0,         0,         0,         0,         0,         0,     42097,     62237,     22675,     34071
       726,     50726,110.482078,       1.1,         0,     51088,         0,       289,         1,     56197,         0,       317,         2,     -1560,    -10626,    -12186,     -1716,    -11689,    -13405,     27226,         0,       404,         1,         0,         0,         0,         0,      -804,     -6721,     -7525,         0,         0,         0,         0,         0,         0,         0,     52648,     63274,     28030,     34751
       727,     50727,424.659216,         0,         0,     48740,         0,       237,         0,         0,         0,         0,         0,     -1561,    -13897,    -15458,         0,         0,         0,     25897,         0,       372,         1,         0,         0,         0,         0,      -800,     -8504,     -9304,         0,         0,         0,         0,         0,         0,         0,     50301,     64199,     26697,     35201
       728,     50728,434.922949,       3.4,      42.3,     53096,         0,       372,        42,    180528,         0,      1266,       144,     -1556,    -12232,    -13788,     -5290,    -41589,    -46879,     28344,         0,       404,         4,   1198967,         0,     17093,       179,      -803,     -7495,     -8298,    -33963,   -317035,   -350998,         0,         0,         0,         0,     54652,     66884,     29147,     36642
       729,     50729,604.857917,       4.6,         0,     52511,         0,       477,         8,    241549,         0,      2193,        35,     -1552,    -12650,    -14202,     -7141,    -58189,    -65330,     28210,         0,       451,         5,         0,         0,         0,         0,      -796,     -7582,     -8378,         0,         0,         0,         0,         0,         0,         0,     54063,     66713,     29006,     36588
       730,     50730,401.754527,         0,         0,     52519,      1293,       979,         0,         0,         0,         0,         0,     -1465,    -15297,    -16761,         0,         0,         0,     28185,      1171,       861,         3,         0,         0,         0,         0,      -778,     -9133,     -9911,         0,         0,         0,         0,      1293,         0,      1171,     53984,     69280,     28963,     38096
       731,     50731,382.169738,         0,         0,     54689,         0,       665,         0,         0,         0,         0,         0,     -1535,    -13503,    -15038,         0,         0,         0,     28988,         0,       582,         1,         0,         0,         0,         0,      -794,     -8552,     -9346,         0,         0,         0,         0,         0,         0,         0,     56224,     69727,     29782,     38334
       732,     50732,1208.60530,       1.2,         0,     44710,         0,       150,         0,     53651,         0,       180,         0,      -931,    -20849,    -21780,     -1118,    -25019,    -26136,     23702,         0,       322,         1,         0,         0,         0,         0,      -454,    -12203,    -12657,         0,         0,         0,         0,         0,         0,         0,     45641,     66490,     24156,     36359
       733,     50733,852.565438,       2.4,         0,     55805,         0,       374,         0,    133931,         0,       898,         0,     -1524,    -13469,    -14993,     -3657,    -32325,    -35983,     29476,         0,       363,         2,         0,         0,         0,         0,      -794,     -8583,     -9377,         0,         0,         0,         0,         0,         0,         0,     57329,     70798,     30270,     38853
       734,     50734,493.091026,       2.3,         0,     58135,         0,       953,         0,    133710,         0,      2191,         0,     -1467,    -10974,    -12441,     -3374,    -25239,    -28614,     30982,         0,       663,         3,         0,         0,         0,         0,      -764,     -7011,     -7774,         0,         0,         0,         0,         0,         0,         0,     59602,     70576,     31745,     38756
       735,     50735,216.728995,       5.4,         0,     59282,         0,      2414,         0,    320123,         0,     13034,         0,     -1471,    -11304,    -12775,     -7944,    -61040,    -68984,     31471,         0,      1373,        21,         0,         0,         0,         0,      -780,     -7389,     -8169,         0,         0,         0,         0,         0,         0,         0,     60753,     72057,     32250,     39639
       736,     50736,671.830062,      24.5,         0,     64937,      2445,      4170,         0,   1590967,     59908,    102173,         8,     -1442,     -6877,     -8319,    -35335,   -168478,   -203813,     34621,      2321,      2223,        29,         0,         0,         0,         0,      -809,     -4941,     -5750,         0,         0,         0,         0,      2445,         0,      2321,     66380,     73256,     35430,     40371
       737,     50737,1481.42682,         0,         0,     50852,         0,       191,         0,         0,         0,         0,         0,      -964,    -11946,    -12910,         0,         0,         0,     27010,         0,       211,         0,         0,         0,         0,         0,      -483,     -7340,     -7824,         0,         0,         0,         0,         0,         0,         0,     51816,     63762,     27493,     34833
       738,     50738,2189.25543,         0,         0,     53295,         0,       192,         0,         0,         0,         0,         0,      -864,    -14138,    -15002,         0,         0,         0,     28317,         0,       272,         0,         0,         0,         0,         0,      -427,     -8553,     -8980,         0,         0,         0,         0,         0,         0,         0,     54159,     68297,     28744,     37297
       739,     50739,891.678115,      12.1,       7.8,     60249,         0,       269,         8,    729015,         0,      3260,        94,      -979,    -11110,    -12089,    -11846,   -134430,   -146277,     31799,         0,       282,        12,    248033,         0,      2200,        94,      -507,     -7365,     -7873,     -3958,    -57448,    -61406,         0,         0,         0,         0,     61228,     72338,     32307,     39672
       740,     50740,484.546555,      12.7,         0,     62826,      1714,      1706,         0,    797894,     21761,     21669,         0,     -1450,     -8679,    -10129,    -18411,   -110223,   -128634,     33306,      1704,       581,        18,         0,         0,         0,         0,      -775,     -6090,     -6865,         0,         0,         0,         0,      1714,         0,      1704,     64276,     72955,     34081,     40172
       741,     50741,320.771503,      13.3,         0,     63111,      1826,      3853,         0,    839372,     24286,     51245,         0,     -1455,     -9624,    -11078,    -19346,   -127998,   -147344,     33346,      1777,      1468,        20,         0,         0,         0,         0,      -790,     -6770,     -7559,         0,         0,         0,         0,      1826,         0,      1777,     64565,     74189,     34135,     40905
       742,     50742,157.096812,       7.9,         0,     67135,      1683,      1893,        11,    530367,     13296,     14955,        86,      -890,     -8801,     -9691,     -7033,    -69526,    -76559,     35543,      1689,       415,        23,         0,         0,         0,         0,      -495,     -6333,     -6828,         0,         0,         0,         0,      1683,         0,      1689,     68025,     76826,     36038,     42371
       743,     50743,273.461924,       3.4,         0,     64232,      1875,      3028,         1,    218389,      6374,     10295,         5,     -1465,     -9239,    -10704,     -4980,    -31414,    -36393,     33972,      1805,       673,        18,         0,         0,         0,         0,      -818,     -6515,     -7333,         0,         0,         0,         0,      1875,         0,      1805,     65697,     74936,     34790,     41305
       744,     50744,133.084417,       7.9,       1.4,     66653,      1975,      5576,         3,    526556,     15601,     44054,        24,     -1412,     -7629,     -9041,    -11156,    -60269,    -71425,     35417,      1854,      1309,        34,     49584,      2596,      1832,        48,      -809,     -5523,     -6332,     -1133,     -7732,     -8865,         0,      1975,         0,      1854,     68065,     75694,     36226,     41749
       745,     50745,241.557851,       8.4,         0,     68037,      2038,      8403,         2,    571513,     17122,     70582,        15,     -1423,     -6205,     -7629,    -11957,    -52123,    -64080,     36275,      1880,      2601,        31,         0,         0,         0,         0,      -822,     -4695,     -5516,         0,         0,         0,         0,      2038,         0,      1880,     69461,     75666,     37097,     41792
       746,     50746,1060.35985,       2.4,         0,     25506,       627,      1347,         0,     61214,      1504,      3233,         0,     -5195,     -6026,    -11221,    -12468,    -14463,    -26931,     13845,       526,       644,         2,         0,         0,         0,         0,     -2482,     -4313,     -6795,         0,         0,         0,         0,       627,         0,       526,     30701,     36727,     16327,     20640
       747,     50747,755.523598,       1.2,         0,     26264,       644,      1279,         0,     31517,       772,      1535,         0,     -5204,     -5305,    -10509,     -6245,     -6366,    -12611,     14249,       540,       575,         1,         0,         0,         0,         0,     -2506,     -3909,     -6416,         0,         0,         0,       300,       644,        79,       540,     31468,     36773,     16756,     20665
       748,     50748,711.207496,         0,         0,     22701,       563,      1001,         0,         0,         0,         0,         0,     -5146,     -6637,    -11783,         0,         0,         0,     12383,       474,       423,         0,         0,         0,         0,         0,     -2373,     -4672,     -7045,         0,         0,         0,         0,       563,         0,       474,     27847,     34485,     14756,     19428
       749,     50749,1727.77092,      31.4,       1.3,     18813,         0,       551,         1,    590742,         0,     17292,        41,     -5034,     -9894,    -14928,   -158076,   -310675,   -468751,     10430,         0,       229,        31,     13559,         0,       298,        41,     -2175,     -6412,     -8587,     -2828,     -8336,    -11164,         0,         0,         0,         0,     23848,     33742,     12605,     19017
       750,     50750,477.132395,       9.6,      83.8,     29948,       996,      1989,       253,    287499,      9563,     19097,      2433,     -5345,     -5683,    -11027,    -51308,    -54552,   -105860,     16204,       858,      1067,        35,   1357927,     71939,     89437,      2960,     -2627,     -4165,     -6792,   -220157,   -349049,   -569206,       563,       996,       259,       858,     35292,     40975,     18832,     22997
       751,     50751,835.764292,      55.2,      35.7,     29911,       995,      1910,        36,   1651088,     54948,    105447,      1971,     -5339,     -4622,     -9961,   -294706,   -255158,   -549864,     16178,       858,       983,        55,    577557,     30623,     35102,      1971,     -2623,     -3572,     -6195,    -93630,   -127525,   -221155,       368,       995,       126,       858,     35250,     39872,     18801,     22373
       752,     50752,512.368111,       8.9,      54.0,     21857,       544,      1459,        54,    194526,      4838,     12987,       481,     -5124,    -13113,    -18236,    -45602,   -116703,   -162305,     11952,       459,       757,         9,    645384,     24788,     40889,       481,     -2335,     -8239,    -10574,   -126087,   -444892,   -570979,         0,       544,         0,       459,     26981,     40093,     14287,     22525
       753,     50753,771.712892,      21.0,     277.2,     31935,      1055,      2292,       278,    670630,     22147,     48124,      5844,     -5437,     -6649,    -12086,   -114186,   -139621,   -253808,     17256,       915,      1348,        29,   4783293,    253762,    373660,      8040,     -2695,     -4723,     -7418,   -747105,  -1309272,  -2056378,         0,      1055,         0,       915,     37372,     44021,     19951,     24674
       754,     50754,345.470383,      14.5,         0,     33508,      1161,      2263,       136,    485870,     16828,     32808,      1969,     -5509,     -5870,    -11379,    -79884,    -85116,   -165000,     18115,      1138,      1322,        19,         0,         0,         0,         0,     -2755,     -4282,     -7037,         0,         0,         0,       541,      1161,       407,      1138,     39018,     44888,     20870,     25152
       755,     50755,711.396707,      22.2,       9.9,     29799,       993,      1954,        10,    661533,     22035,     43373,       220,     -5326,     -8240,    -13566,   -118227,   -182937,   -301164,     16085,       855,      1077,        22,    159238,      8465,     10659,       220,     -2614,     -5616,     -8231,    -25883,    -55601,    -81483,         0,       993,         0,       855,     35124,     43365,     18699,     24315
       756,     50756,524.892057,      19.4,       4.1,     29441,       986,      1931,         4,    571154,     19136,     37465,        80,     -5303,    -10295,    -15598,   -102883,   -199728,   -302610,     15871,       848,      1156,        20,     65070,      3478,      4740,        82,     -2600,     -6794,     -9394,    -10661,    -27854,    -38514,         0,       986,         0,       848,     34744,     45039,     18471,     25264
       757,     50757,1357.97630,       1.1,         0,     24546,       606,      1215,         0,     27001,       667,      1336,         0,     -5161,    -12277,    -17438,     -5677,    -13504,    -19181,     13251,       509,       727,         1,         0,         0,         0,         0,     -2442,     -7858,    -10300,         0,         0,         0,         0,       606,         0,       509,     29707,     41983,     15693,     23551
       758,     50758,1059.00368,       4.7,         0,     37883,      1352,      2255,         0,    178052,      6354,     10600,         0,     -5555,     -7233,    -12787,    -26107,    -33993,    -60100,     20537,      1281,      1413,         5,         0,         0,         0,         0,     -2859,     -4934,     -7793,         0,         0,         0,         0,      1352,         0,      1281,     43438,     50671,     23396,     28330
       759,     50759, 49.201086,       1.0,     490.8,     38518,      4447,      2297,       624,     38518,      4447,      2297,       624,     -5592,     -4372,     -9964,     -5592,     -4372,     -9964,     20825,      1971,      1398,        44,  10221006,    967255,    686097,     21518,     -2888,     -3414,     -6302,  -1417544,  -1675539,  -3093083,      4447,      1307,      1971,      1299,     44109,     48481,     23713,     27127
       760,     50760,163.257387,       1.1,         0,     40704,      1223,      2212,       532,     44775,      1345,      2433,       585,     -5587,     -4769,    -10356,     -6145,     -5246,    -11391,     22007,      1256,      1362,       120,         0,         0,         0,         0,     -2905,     -3626,     -6531,         0,         0,         0,       987,      1223,       901,      1256,     46291,     51060,     24912,     28538
       761,     50761,142.910307,         0,         0,     34690,      1259,      1961,        15,         0,         0,         0,         0,     -5546,     -8315,    -13861,         0,         0,         0,     18687,      1107,      1204,        98,         0,         0,         0,         0,     -2803,     -5707,     -8510,         0,         0,         0,         0,      1259,         0,      1107,     40236,     48551,     21490,     27197
       762,     50762,276.687837,         0,         0,     31592,      1044,      1318,         0,         0,         0,         0,         0,     -5290,    -16281,    -21571,         0,         0,         0,     16805,       891,       974,         0,         0,         0,         0,         0,     -2617,    -10239,    -12856,         0,         0,         0,         0,      1044,         0,       891,     36882,     53163,     19422,     29661
       763,     50763,393.491267,         0,         0,     36044,      1296,      1807,         0,         0,         0,         0,         0,     -5510,    -13987,    -19496,         0,         0,         0,     19629,      1229,      1227,         0,         0,         0,         0,         0,     -2788,     -8504,    -11292,         0,         0,         0,         0,      1296,         0,      1229,     41554,     55540,     22417,     30921
       764,     50764,428.695638,       2.3,         0,     41811,      1312,      1993,         1,     96166,      3017,      4583,         3,     -5530,     -7061,    -12591,    -12718,    -16241,    -28959,     22675,      1321,      1334,        13,         0,         0,         0,         0,     -2879,     -4783,     -7661,         0,         0,         0,         0,      1312,         0,      1321,     47341,     54402,     25554,     30336
       765,     50765,1964.33273,      15.3,         0,     28671,       985,      1334,         0,    438665,     15072,     20403,         0,     -5201,    -17473,    -22674,    -79569,   -267336,   -346905,     15380,       815,      1027,        15,         0,         0,         0,         0,     -2540,    -10833,    -13373,         0,         0,         0,         0,       985,         0,       815,     33871,     51344,     17920,     28753
       766,     50766,686.773430,         0,         0,     41027,         0,       524,         0,         0,         0,         0,         0,     -1458,    -11187,    -12645,         0,         0,         0,     21730,         0,       523,         0,         0,         0,         0,         0,      -770,     -7489,     -8259,         0,         0,         0,         0,         0,         0,         0,     42485,     53672,     22499,     29989
       767,     50767,984.725376,         0,         0,     35672,      1123,      1225,         0,         0,         0,         0,         0,     -5416,    -15945,    -21361,         0,         0,         0,     19035,       941,      1143,         0,         0,         0,         0,         0,     -2757,     -9910,    -12667,         0,         0,         0,         0,      1123,         0,       941,     41088,     57033,     21792,     31702
       768,     50768,323.520619,         0,         0,     39918,      1247,      1636,         0,         0,         0,         0,         0,     -5456,    -10547,    -16004,         0,         0,         0,     21385,      1056,      1357,         1,         0,         0,         0,         0,     -2833,     -6921,     -9754,         0,         0,         0,         0,      1247,         0,      1056,     45374,     55922,     24218,     31139
       769,     50769,319.767419,       3.4,         0,     43623,      1424,      1786,         0,    148320,      4840,      6072,         0,     -5502,     -8072,    -13574,    -18705,    -27445,    -46150,     23511,      1365,      1517,         5,         0,         0,         0,         0,     -2866,     -5426,     -8292,         0,         0,         0,         0,      1424,         0,      1365,     49125,     57197,     26378,     31803
       770,     50770,144.700961,       1.1,         0,     43750,      2647,      1811,       141,     48125,      2912,      1992,       155,     -5532,     -7991,    -13522,     -6085,     -8790,    -14874,     23627,      1450,      1504,        25,         0,         0,         0,         0,     -2883,     -5339,     -8222,         0,         0,         0,      2647,      1374,      1450,      1361,     49282,     57273,     26510,     31849
       771,     50771,341.509747,         0,         0,     43096,      1341,      1708,         0,         0,         0,         0,         0,     -5462,    -10377,    -15839,         0,         0,         0,     23160,      1145,      1794,         1,         0,         0,         0,         0,     -2845,     -6707,     -9552,         0,         0,         0,         0,      1341,         0,      1145,     48558,     58935,     26005,     32712
       772,     50772,265.519533,       2.3,         0,     45531,      1606,      1881,         0,    104722,      3693,      4327,         0,     -5484,     -8839,    -14323,    -12614,    -20330,    -32944,     24543,      1445,      2035,         4,         0,         0,         0,         0,     -2860,     -5796,     -8656,         0,         0,         0,         0,      1606,         0,      1445,     51015,     59855,     27403,     33199
       773,     50773,150.170903,       1.1,         0,     47076,      1528,      1798,         0,     51783,      1681,      1978,         0,     -5483,     -6066,    -11549,     -6031,     -6673,    -12704,     25396,      1443,      1821,         6,         0,         0,         0,         0,     -2860,     -4289,     -7149,         0,         0,         0,      1500,      1528,      1282,      1443,     52559,     58624,     28256,     32545
       774,     50774, 87.254785,         0,         0,     49076,      2310,      1752,       108,         0,         0,         0,         0,     -5476,     -4380,     -9856,         0,         0,         0,     26490,      2076,      1785,        27,         0,         0,         0,         0,     -2869,     -3362,     -6231,         0,         0,         0,      2310,      1606,      2076,      1486,     54552,     58932,     29359,     32721
       775,     50775,271.190637,       1.2,         0,     49058,      1712,      1966,         0,     58870,      2055,      2359,         0,     -5458,     -5704,    -11162,     -6550,     -6845,    -13395,     26453,      1524,      2314,         8,         0,         0,         0,         0,     -2859,     -4088,     -6947,         0,         0,         0,      1712,      1661,      1456,      1524,     54516,     60221,     29312,     33400
       776,     50776,333.576359,      10.8,       9.2,     48122,      2147,      1689,        94,    519720,     23190,     18240,      1018,     -5478,     -5346,    -10824,    -59166,    -57736,   -116902,     25969,      1778,      1767,        51,    238919,     16354,     16258,       468,     -2865,     -3904,     -6769,    -26362,    -35915,    -62277,      2147,      1769,      1778,      1616,     53601,     58947,     28835,     32739
       777,     50777,312.193637,      12.3,         0,     50025,      1610,      1955,         2,    615304,     19806,     24043,        26,     -5447,     -5207,    -10654,    -66996,    -64046,   -131042,     26968,      1467,      2502,        15,         0,         0,         0,         0,     -2858,     -3829,     -6686,         0,         0,         0,      1364,      1610,      1165,      1467,     55472,     60678,     29826,     33654
       778,     50778,547.001389,         0,         0,     41881,      1382,      1844,         0,         0,         0,         0,         0,     -4586,    -14314,    -18900,         0,         0,         0,     22541,      1227,      2152,         0,         0,         0,         0,         0,     -2345,     -8734,    -11079,         0,         0,         0,         0,      1382,         0,      1227,     46467,     60780,     24886,     33620
       779,     50779,678.866563,       1.2,         0,     47543,      1669,      2330,         0,     57052,      2003,      2796,         0,     -5417,     -8038,    -13455,     -6501,     -9646,    -16146,     25567,      1478,      2783,         1,         0,         0,         0,         0,     -2829,     -5390,     -8218,         0,         0,         0,         0,      1669,         0,      1478,     52960,     60998,     28395,     33785
       780,     50780,402.102010,       8.6,         0,     51704,      1937,      2460,         0,    444658,     16657,     21159,         0,     -5410,     -4487,     -9897,    -46525,    -38591,    -85116,     27848,      1704,      3036,         9,         0,         0,         0,         0,     -2851,     -3423,     -6274,         0,         0,         0,         0,      1937,         0,      1704,     57114,     61602,     30699,     34122
       781,     50781,622.964899,      14.9,       1.2,     45576,      1439,      2338,         1,    679088,     21437,     34835,        18,     -3082,    -13832,    -16914,    -45926,   -206099,   -252025,     24475,      1276,      2455,        21,     29370,      1532,      2945,        25,     -1564,     -8437,    -10001,     -1876,    -10125,    -12001,         0,      1439,         0,      1276,     48659,     62491,     26038,     34476
       782,     50782,497.329241,         0,         0,     42133,      1390,      2635,         0,         0,         0,         0,         0,     -4587,    -17481,    -22068,         0,         0,         0,     22677,      1237,      2966,         3,         0,         0,         0,         0,     -2346,    -10369,    -12715,         0,         0,         0,         0,      1390,         0,      1237,     46720,     64201,     25023,     35392
       783,     50783,422.112417,       4.5,         0,     51288,      1862,      3146,         4,    230795,      8381,     14157,        20,     -5359,     -6594,    -11954,    -24117,    -29674,    -53791,     27576,      1564,      3712,        10,         0,         0,         0,         0,     -2817,     -4544,     -7361,         0,         0,         0,       862,      1862,       747,      1564,     56647,     63241,     30393,     34937
       784,     50784,218.827908,      14.2,      10.9,     53933,      2299,      3255,        11,    765852,     32643,     46216,       155,     -5372,     -4529,     -9901,    -76286,    -64307,   -140593,     29025,      2051,      3990,        16,    316377,     22358,     43487,       178,     -2840,     -3407,     -6246,    -30953,    -37133,    -68086,      2299,      1865,      2051,      1708,     59305,     63834,     31865,     35272
       785,     50785,729.889724,      24.9,         0,     50518,      1870,      2833,         0,   1257890,     46558,     70546,         0,     -5419,     -8003,    -13421,   -134929,   -199266,   -334195,     27204,      1658,      3735,        25,         0,         0,         0,         0,     -2846,     -5289,     -8135,         0,         0,         0,       698,      1870,       616,      1658,     55937,     63939,     30051,     35340
       786,     50786,2532.82516,       7.1,         0,     26039,       916,      1322,         0,    184875,      6503,      9384,         0,     -5101,    -28949,    -34050,    -36219,   -205538,   -241756,     13984,       756,      1953,         7,         0,         0,         0,         0,     -2455,    -16918,    -19373,         0,         0,         0,         0,       916,         0,       756,     31140,     60089,     16439,     33357
       787,     50787,462.946686,      12.7,         0,     49315,      1641,      3504,        10,    626305,     20844,     44506,       125,     -3547,    -10124,    -13671,    -45051,   -128572,   -173623,     26475,      1439,      3694,        20,         0,         0,         0,         0,     -1849,     -6428,     -8278,         0,         0,         0,         0,      1641,         0,      1439,     52863,     62986,     28324,     34753
       788,     50788,143.081996,         0,         0,     51518,      2115,      3821,         0,         0,         0,         0,         0,     -5358,     -8698,    -14056,         0,         0,         0,     27691,      1747,      4232,         8,         0,         0,         0,         0,     -2819,     -5626,     -8445,         0,         0,         0,         0,      2115,         0,      1747,     56876,     65574,     30510,     36136
       789,     50789,111.060206,       1.2,         0,     52015,      1805,      4277,         1,     62418,      2166,      5133,         1,     -5173,     -6840,    -12013,     -6208,     -8208,    -14416,     27957,      1452,      4593,        24,         0,         0,         0,         0,     -2713,     -4640,     -7353,         0,         0,         0,         0,      1805,         0,      1452,     57188,     64028,     30669,     35310
       790,     50790,306.727558,       5.7,         0,     55622,      2719,      4177,        31,    317046,     15498,     23807,       179,     -5316,     -4468,     -9784,    -30303,    -25469,    -55772,     29893,      2494,      4747,        61,         0,         0,         0,         0,     -2819,     -3362,     -6181,         0,         0,         0,      2719,      2276,      2494,      1828,     60938,     65407,     32711,     36073
       791,     50791,402.273411,       3.6,      96.7,     54065,      2130,      4062,       136,    194635,      7667,     14624,       491,     -5338,     -5076,    -10414,    -19216,    -18273,    -37489,     29047,      1940,      4884,        98,   2808889,    187576,    472294,      9480,     -2822,     -3751,     -6573,   -272870,   -362759,   -635629,      2107,      2130,      1940,      1760,     59403,     64479,     31869,     35621
       792,     50792,755.611943,       3.6,      40.6,     48338,      1789,      3231,        41,    174018,      6442,     11632,       146,     -5348,     -8601,    -13949,    -19252,    -30964,    -50216,     25900,      1476,      4338,         4,   1051546,     59922,    176117,       146,     -2798,     -5834,     -8632,   -113593,   -236851,   -350444,         0,      1789,         0,      1476,     53686,     62287,     28698,     34532
       793,     50793,378.126129,      10.5,       4.1,     54924,      1838,      4010,       155,    576704,     19301,     42106,      1631,     -2435,    -11275,    -13711,    -25570,   -118391,   -143962,     29602,      1575,      3768,        26,    121368,      6458,     15449,       106,     -1250,     -7278,     -8528,     -5126,    -29841,    -34967,         0,      1838,         0,      1575,     57359,     68635,     30852,     38130
       794,     50794,304.394303,      13.7,      17.6,     52208,      1763,      4249,        19,    715251,     24158,     58207,       266,     -3076,    -10962,    -14038,    -42139,   -150176,   -192315,     28093,      1523,      4237,        30,    494438,     26805,     74566,       524,     -1574,     -6800,     -8373,    -27695,   -119675,   -147371,         0,      1763,         0,      1523,     55284,     66246,     29667,     36466
       795,     50795,152.062770,       2.8,         0,     52410,      1832,      4838,        20,    146748,      5129,     13547,        55,     -5171,     -8165,    -13336,    -14479,    -22861,    -37341,     28174,      1470,      4952,       248,         0,         0,         0,         0,     -2713,     -5301,     -8014,         0,         0,         0,         0,      1832,         0,      1470,     57581,     65746,     30887,     36188
       796,     50796, 91.652763,       4.9,         0,     52161,      6509,      4892,       148,    255590,     31894,     23971,       725,     -5172,     -7865,    -13038,    -25344,    -38540,    -63884,     28037,      3225,      5192,       540,         0,         0,         0,         0,     -2713,     -5169,     -7882,         0,         0,         0,      6509,      1815,      3225,      1459,     57333,     65199,     30750,     35919
       797,     50797,172.719661,       5.4,         0,     54986,      1989,      5241,        19,    296925,     10741,     28303,       103,     -3254,     -9976,    -13230,    -17572,    -53873,    -71445,     29624,      1681,      4921,       184,         0,         0,         0,         0,     -1708,     -6122,     -7831,         0,         0,         0,         0,      1989,         0,      1681,     58240,     68217,     31333,     37455
       798,     50798,336.605483,       8.5,         0,     54910,      1932,      5351,         2,    466735,     16424,     45484,        13,     -3024,    -12333,    -15356,    -25700,   -104828,   -130529,     29589,      1640,      4467,        16,         0,         0,         0,         0,     -1546,     -7490,     -9036,         0,         0,         0,         0,      1932,         0,      1640,     57934,     70266,     31135,     38625
       799,     50799,170.340674,       5.4,         0,     55505,      2024,      6385,        29,    299726,     10928,     34477,       156,     -3252,    -11706,    -14958,    -17559,    -63214,    -80773,     29911,      1706,      5368,       156,         0,         0,         0,         0,     -1708,     -7067,     -8775,         0,         0,         0,         0,      2024,         0,      1706,     58756,     70463,     31618,     38686
       800,     50800,696.025198,      20.0,      11.0,     61485,      2421,      5349,        11,   1229694,     48417,    106978,       220,     -1473,    -10643,    -12116,    -29454,   -212867,   -242321,     32859,      2305,      3535,        21,    361447,     25359,     38881,       228,      -790,     -6880,     -7670,     -8690,    -75678,    -84368,         0,      2421,         0,      2305,     62957,     73601,     33649,     40529
       801,     50801,657.644349,      14.2,       5.6,     60292,      2163,      8727,        11,    856140,     30718,    123917,       159,     -2697,     -9034,    -11731,    -38297,   -128280,   -166577,     32327,      2188,      5813,        17,    181032,     12250,     32551,        97,     -1378,     -5890,     -7269,     -7717,    -32987,    -40704,         0,      2163,         0,      2188,     62989,     72022,     33705,     39596
       802,     50802,477.145850,       7.6,         0,     64621,      2516,     10144,         0,    491122,     19124,     77095,         0,     -1424,     -9146,    -10570,    -10821,    -69513,    -80333,     34513,      2402,      4978,        11,         0,         0,         0,         0,      -789,     -6229,     -7018,         0,         0,         0,         0,      2516,         0,      2402,     66045,     75192,     35301,     41531
       803,     50803,163.630247,         0,         0,     63240,     10840,     14625,         0,         0,         0,         0,         0,     -3024,     -7728,    -10752,         0,         0,         0,     33852,      4854,      7613,         8,         0,         0,         0,         0,     -1623,     -5277,     -6900,         0,         0,         0,         0,     10840,         0,      4854,     66264,     73992,     35475,     40752
       804,     50804,160.369172,       8.3,         0,     63281,     10820,     15995,        29,    525228,     89804,    132759,       239,     -3024,     -7919,    -10943,    -25095,    -65729,    -90824,     33855,      4859,      8822,        12,         0,         0,         0,         0,     -1622,     -5425,     -7046,         0,         0,         0,      1472,     10820,      1093,      4859,     66304,     74223,     35477,     40902
       805,     50805, 89.770828,       1.1,         0,     66206,     10827,     16616,       775,     72827,     11910,     18277,       852,     -3492,     -4134,     -7626,     -3841,     -4548,     -8389,     35397,      4905,      9572,        46,         0,         0,         0,         0,     -1951,     -3346,     -5298,         0,         0,         0,      3766,     10827,      2943,      4905,     69698,     73832,     37348,     40695
       806,     50806,655.292178,      15.8,         0,     67133,     10001,     14003,         0,   1060709,    158012,    221248,         0,     -1400,     -7725,     -9125,    -22124,   -122053,   -144177,     35958,      4570,      5413,        18,         0,         0,         0,         0,      -804,     -5436,     -6240,         0,         0,         0,         0,     10001,         0,      4570,     68534,     76259,     36762,     42198
       807,     50807,434.658557,       1.2,         0,     63204,     10543,     19627,         0,     75844,     12652,     23552,         0,     -2587,    -10173,    -12759,     -3104,    -12207,    -15311,     33824,      4806,      8683,         1,         0,         0,         0,         0,     -1323,     -6791,     -8114,         0,         0,         0,         0,     10543,         0,      4806,     65790,     75963,     35147,     41938
       808,     50808,850.752107,      29.3,         0,     45651,      2351,      3087,         0,   1337566,     68884,     90441,         0,     -4638,    -11555,    -16194,   -135897,   -338573,   -474470,     25243,      1886,      4337,        29,         0,         0,         0,         0,     -2055,     -6884,     -8940,         0,         0,         0,         0,      2351,         0,      1886,     50289,     61844,     27298,     34183
       809,     50809,698.478557,         0,         0,     50110,      2505,      6857,         0,         0,         0,         0,         0,     -4349,    -14290,    -18639,         0,         0,         0,     27226,      1802,      6760,         0,         0,         0,         0,         0,     -2066,     -8517,    -10583,         0,         0,         0,         0,      2505,         0,      1802,     54459,     68749,     29292,     37808
       810,     50810,853.080136,       1.2,         0,     56319,      3275,     10000,         0,     67583,      3930,     12000,         0,     -1746,    -11527,    -13273,     -2096,    -13832,    -15928,     30496,      2787,      7817,         1,         0,         0,         0,         0,      -898,     -6814,     -7712,         0,         0,         0,         0,      3275,         0,      2787,     58065,     69592,     31394,     38208
       811,     50811,1417.81867,      30.9,       2.7,     54680,         0,       280,         3,   1689623,         0,      8653,        83,      -999,    -10940,    -11939,    -30874,   -338034,   -368908,     29082,         0,       268,        31,     78521,         0,       725,        83,      -500,     -6698,     -7198,     -1350,    -18086,    -19436,         0,         0,         0,         0,     55680,     66619,     29582,     36280
       812,     50812,1382.37334,         0,         0,     56521,         0,       269,         0,         0,         0,         0,         0,      -958,    -15073,    -16030,         0,         0,         0,     30091,         0,       335,         0,         0,         0,         0,         0,      -477,     -9017,     -9493,         0,         0,         0,         0,         0,         0,         0,     57478,     72551,     30568,     39584
       813,     50813,550.895786,      20.8,         0,     52872,         0,       323,         0,   1099734,         0,      6729,         0,     -1382,    -14998,    -16380,    -28754,   -311950,   -340704,     27538,         0,       417,        23,         0,         0,         0,         0,      -685,     -9595,    -10280,         0,         0,         0,         0,         0,         0,         0,     54254,     69252,     28223,     37818
       814,     50814,348.130813,       6.5,         0,     58320,         0,       346,         0,    379083,         0,      2252,         0,     -1193,    -10963,    -12156,     -7755,    -71261,    -79016,     30936,         0,       483,        12,         0,         0,         0,         0,      -561,     -6892,     -7453,         0,         0,         0,         0,         0,         0,         0,     59514,     70477,     31497,     38389
       815,     50815,1162.79484,       4.7,         0,     60787,         0,       380,         0,    285699,         0,      1786,         0,     -1338,    -11056,    -12394,     -6288,    -51965,    -58253,     31957,         0,       525,         5,         0,         0,         0,         0,      -670,     -7408,     -8078,         0,         0,         0,         0,         0,         0,         0,     62125,     73181,     32627,     40035
       816,     50816,227.067481,         0,         0,     63789,         0,      1671,         0,         0,         0,         0,         0,     -1320,    -10451,    -11771,         0,         0,         0,     33390,         0,       574,         0,         0,         0,         0,         0,      -680,     -7417,     -8097,         0,         0,         0,         0,         0,         0,         0,     65109,     75560,     34070,     41486
       817,     50817,1291.60173,      49.5,     196.2,     53045,         0,       285,       196,   2625752,         0,     14127,      9712,     -1380,    -10376,    -11756,    -68317,   -513597,   -581914,     27637,         0,       331,        50,   5422359,         0,     65035,      9712,      -685,     -7116,     -7801,   -134364,  -1396200,  -1530564,         0,         0,         0,         0,     54426,     64801,     28322,     35438
       818,     50818,659.429735,      11.0,         0,     57446,         0,       356,         0,    631910,         0,      3913,         0,     -1366,     -8818,    -10184,    -15028,    -96993,   -112021,     30136,         0,       515,        13,         0,         0,         0,         0,      -677,     -6103,     -6779,         0,         0,         0,         0,         0,         0,         0,     58813,     67630,     30813,     36916
       819,     50819,197.056045,      16.1,      27.3,     60712,         0,       394,        28,    977465,         0,      6348,       447,     -1358,     -8632,     -9990,    -21866,   -138969,   -160835,     32036,         0,       609,        20,    874587,         0,     16628,       540,      -673,     -5862,     -6536,    -18380,   -160044,   -178424,         0,         0,         0,         0,     62070,     70702,     32709,     38572
       820,     50820,612.758834,      10.6,         0,     51452,         0,       373,         1,    545395,         0,      3950,        16,     -1274,    -13100,    -14374,    -13503,   -138858,   -152361,     27031,         0,       583,        17,         0,         0,         0,         0,      -613,     -8195,     -8808,         0,         0,         0,         0,         0,         0,         0,     52726,     65826,     27644,     35839
       821,     50821,477.100695,      19.5,       4.3,     55095,         0,       380,        10,   1074354,         0,      7418,       200,     -1347,    -11484,    -12831,    -26271,   -223933,   -250204,     28992,         0,       644,        29,    124665,         0,      2767,       125,      -657,     -7359,     -8016,     -2826,    -31642,    -34467,         0,         0,         0,         0,     56442,     67926,     29649,     37007
       822,     50822,241.771074,       6.3,         0,     58439,         0,       403,        13,    368168,         0,      2539,        79,     -1345,    -11113,    -12458,     -8475,    -70011,    -78486,     30888,         0,       694,        31,         0,         0,         0,         0,      -657,     -7079,     -7737,         0,         0,         0,         0,         0,         0,         0,     59785,     70897,     31545,     38624
       823,     50823, 83.673403,       9.1,         0,     42980,       936,      1914,        16,    391119,      8519,     17415,       142,     -3304,     -4095,     -7399,    -30068,    -37266,    -67333,     23338,       186,      2199,        68,         0,         0,         0,         0,     -1809,     -3286,     -5096,         0,         0,         0,         0,       936,         0,       186,     46284,     50379,     25147,     28433
       824,     50824,285.314009,       4.3,       1.4,     59841,         0,       418,        11,    257315,         0,      1799,        47,     -1355,    -11341,    -12696,     -5827,    -48765,    -54592,     31600,         0,       695,        16,     44239,         0,       973,        22,      -670,     -7329,     -7999,      -938,    -10261,    -11199,         0,         0,         0,         0,     61196,     72536,     32270,     39599
       825,     50825,180.337808,       6.0,         0,     42791,       924,      2358,         0,    256745,      5545,     14149,         0,     -3294,     -5681,     -8975,    -19762,    -34086,    -53848,     23230,       183,      2512,        11,         0,         0,         0,         0,     -1803,     -4163,     -5966,         0,         0,         0,         0,       924,         0,       183,     46084,     51765,     25033,     29196
       826,     50826,157.101289,      12.0,      15.6,     54922,         0,       369,        17,    659069,         0,      4432,       207,     -1284,    -13226,    -14510,    -15404,   -158713,   -174117,     29064,         0,       705,        40,    453395,         0,     10996,       625,      -622,     -8105,     -8727,     -9705,   -126430,   -136136,         0,         0,         0,         0,     56206,     69432,     29686,     37790
       827,     50827,1200.12125,         0,       7.0,     60058,         0,       534,         7,         0,         0,         0,         0,     -1113,    -12871,    -13983,         0,         0,         0,     31954,         0,       804,         0,    223678,         0,      5627,         0,      -553,     -7949,     -8502,     -3873,    -55644,    -59517,         0,         0,         0,         0,     61171,     74041,     32507,     40456
       828,     50828,168.473313,       2.2,         0,     42328,       892,      1869,         2,     93121,      1962,      4111,         4,     -3299,     -4918,     -8217,     -7257,    -10820,    -18077,     22987,       177,      2168,        35,         0,         0,         0,         0,     -1803,     -3735,     -5537,         0,         0,         0,         0,       892,         0,       177,     45626,     50545,     24789,     28524
       829,     50829,185.207415,         0,         0,     29152,         0,      1692,         0,         0,         0,         0,         0,     -3207,    -18791,    -21998,         0,         0,         0,     15995,         0,      2035,         8,         0,         0,         0,         0,     -1605,    -11190,    -12795,         0,         0,         0,         0,         0,         0,         0,     32359,     51149,     17600,     28790
       830,     50830,383.966915,         0,         0,     67994,       368,      3497,         0,         0,         0,         0,         0,     -1228,     -7069,     -8297,         0,         0,         0,     35764,       567,      1323,         0,         0,         0,         0,         0,      -661,     -5493,     -6154,         0,         0,         0,         0,       368,         0,       567,     69223,     76291,     36426,     41918
       831,     50831,1127.67921,      11.0,       5.8,     62747,         0,      3778,         6,    690218,         0,     41553,        64,     -1507,    -10327,    -11834,    -16574,   -113602,   -130176,     32858,         0,      1680,        11,    190578,         0,      9741,        64,      -862,     -7219,     -8081,     -4999,    -41869,    -46868,         0,         0,         0,         0,     64254,     74581,     33720,     40939
       832,     50832,159.378108,       2.2,         0,     40529,       770,      1271,         9,     89164,      1695,      2797,        20,     -3285,     -5337,     -8621,     -7226,    -11740,    -18967,     22033,       154,      1740,        90,         0,         0,         0,         0,     -1790,     -3926,     -5716,         0,         0,         0,         0,       770,         0,       154,     43814,     49150,     23823,     27749
       833,     50833,817.581324,      12.8,       1.8,     66788,         0,     18667,        61,    854891,         0,    238937,       779,     -1452,     -8753,    -10205,    -18591,   -112034,   -130625,     35065,         0,      6356,        14,     63116,         0,     11440,        26,      -863,     -6506,     -7369,     -1553,    -11712,    -13265,         0,         0,         0,         0,     68241,     76993,     35927,     42434
       834,     50834,164.491105,       2.2,         0,     33319,         0,      1108,         4,     73302,         0,      2438,         9,     -3240,    -11896,    -15136,     -7129,    -26170,    -33299,     18179,         0,      1615,        38,         0,         0,         0,         0,     -1722,     -7448,     -9170,         0,         0,         0,         0,         0,         0,         0,     36559,     48455,     19901,     27349
       835,     50835,3060.57854,         0,      34.1,     43424,         0,       212,        34,         0,         0,         0,         0,     -1190,    -13517,    -14707,         0,         0,         0,     23187,         0,       509,         0,    790675,         0,     17340,         0,      -598,     -8416,     -9014,    -20384,   -286976,   -307360,         0,         0,         0,         0,     44614,     58131,     23785,     32200
       836,     50836,993.703415,      12.2,         0,     27339,         0,      1243,         0,    333531,         0,     15165,         0,     -3156,    -20416,    -23572,    -38502,   -249079,   -287581,     15062,         0,      1657,        12,         0,         0,         0,         0,     -1526,    -12071,    -13596,         0,         0,         0,         0,         0,         0,         0,     30494,     50911,     16588,     28659
       837,     50837,164.250621,       7.0,      52.4,     38365,       638,      1416,        65,    268553,      4467,      9915,       455,     -3245,     -7005,    -10250,    -22717,    -49035,    -71752,     20888,       133,      1822,        55,   1094544,      6949,     95461,      2885,     -1759,     -4775,     -6534,    -92165,   -250220,   -342385,         0,       638,         0,       133,     41610,     48615,     22647,     27422
       838,     50838,235.049874,         0,         0,     51580,         0,       357,         2,         0,         0,         0,         0,     -1167,    -13539,    -14706,         0,         0,         0,     27306,         0,       692,         5,         0,         0,         0,         0,      -583,     -8257,     -8840,         0,         0,         0,         0,         0,         0,         0,     52747,     66286,     27889,     36146
       839,     50839,4364.70820,         0,         0,     25523,         0,       135,         0,         0,         0,         0,         0,     -3336,    -16135,    -19471,         0,         0,         0,     14403,         0,       342,         0,         0,         0,         0,         0,     -1486,    -10048,    -11535,         0,         0,         0,         0,         0,         0,         0,     28859,     44994,     15889,     25937
       840,     50840,237.005605,       2.3,         0,     53912,         0,       356,         8,    123998,         0,       820,        19,     -1125,    -12894,    -14019,     -2587,    -29656,    -32243,     28680,         0,       724,        39,         0,         0,         0,         0,      -569,     -7853,     -8421,         0,         0,         0,         0,         0,         0,         0,     55037,     67931,     29248,     37101
       841,     50841,115.279626,       7.0,      16.3,     38123,       625,       660,        51,    266858,      4377,      4621,       357,     -3263,     -5485,     -8747,    -22839,    -38393,    -61232,     20768,       131,      1275,        95,    338517,      2131,     20784,      1544,     -1768,     -3951,     -5719,    -28819,    -64407,    -93227,         0,       625,         0,       131,     41385,     46870,     22536,     26487
       842,     50842,221.514803,       1.1,         0,     47179,         0,       320,         0,     51897,         0,       352,         0,     -1187,    -14055,    -15242,     -1306,    -15461,    -16767,     24985,         0,       695,         5,         0,         0,         0,         0,      -590,     -8833,     -9423,         0,         0,         0,         0,         0,         0,         0,     48366,     62422,     25575,     34408
       843,     50843,186.045821,      10.1,         0,     32347,         0,       214,         4,    326704,         0,      2157,        44,     -3241,     -7946,    -11187,    -32730,    -80258,   -112988,     17662,         0,       742,       102,         0,         0,         0,         0,     -1706,     -5333,     -7039,         0,         0,         0,         0,         0,         0,         0,     35588,     43534,     19368,     24700
       844,     50844, 97.599572,         0,         0,     48525,         0,       315,         1,         0,         0,         0,         0,     -1308,    -14335,    -15643,         0,         0,         0,     26103,         0,       721,        19,         0,         0,         0,         0,      -670,     -8609,     -9279,         0,         0,         0,         0,         0,         0,         0,     49833,     64168,     26774,     35383
       845,     50845,258.948221,       1.2,         0,     49961,         0,       307,         5,     59954,         0,       368,         6,     -1309,    -13580,    -14889,     -1571,    -16296,    -17867,     26914,         0,       757,        43,         0,         0,         0,         0,      -672,     -8177,     -8849,         0,         0,         0,         0,         0,         0,         0,     51270,     64850,     27586,     35763
       846,     50846,358.845311,      11.5,         0,     29519,         0,       164,         0,    339465,         0,      1887,         0,     -3220,     -7631,    -10851,    -37034,    -87758,   -124792,     16188,         0,       559,        23,         0,         0,         0,         0,     -1622,     -5176,     -6798,         0,         0,         0,         0,         0,         0,         0,     32739,     40370,     17810,     22987
       847,     50847,219.990849,      16.2,         0,     49714,         0,       320,         6,    805365,         0,      5185,       100,     -1310,    -14578,    -15888,    -21227,   -236164,   -257391,     26774,         0,       846,        60,         0,         0,         0,         0,      -672,     -8725,     -9397,         0,         0,         0,         0,         0,         0,         0,     51024,     65602,     27446,     36172
       848,     50848,207.199252,       8.4,         0,     30766,         0,       159,         1,    258438,         0,      1339,         8,     -3230,     -5846,     -9076,    -27133,    -49106,    -76239,     16835,         0,       550,        29,         0,         0,         0,         0,     -1662,     -4208,     -5870,         0,         0,         0,         0,         0,         0,         0,     33997,     39843,     18496,     22704
       849,     50849,172.594168,       6.4,         0,     30569,         0,       168,         5,    195642,         0,      1073,        30,     -3229,     -7692,    -10920,    -20663,    -49227,    -69890,     16731,         0,       577,        41,         0,         0,         0,         0,     -1656,     -5208,     -6863,         0,         0,         0,         0,         0,         0,         0,     33798,     41489,     18387,     23594
       850,     50850,205.280011,       4.2,         0,     48360,         0,       349,         1,    203110,         0,      1466,         4,     -1306,    -15088,    -16394,     -5486,    -63368,    -68854,     26009,         0,       896,        36,         0,         0,         0,         0,      -670,     -9062,     -9732,         0,         0,         0,         0,         0,         0,         0,     49666,     64753,     26679,     35741
       851,     50851, 80.238121,       7.0,         0,     27249,         0,       133,        14,    190740,         0,       934,        95,     -3161,     -7878,    -11038,    -22127,    -55143,    -77269,     15022,         0,       468,        25,         0,         0,         0,         0,     -1525,     -5291,     -6816,         0,         0,         0,         0,         0,         0,         0,     30409,     38287,     16547,     21838
       852,     50852,245.502759,      25.4,       1.4,     53873,         0,       418,         2,   1368363,         0,     10621,        45,     -1548,    -13900,    -15448,    -39325,   -353062,   -392387,     29007,         0,      1026,        47,     40610,         0,      1437,        66,      -874,     -8140,     -9014,     -1223,    -11396,    -12620,         0,         0,         0,         0,     55421,     69321,     29881,     38021
       853,     50853, 98.892316,       3.2,         0,     55999,         0,       471,         5,    179197,         0,      1508,        15,     -1500,    -12266,    -13767,     -4802,    -39252,    -44053,     30060,         0,      1064,        74,         0,         0,         0,         0,      -849,     -7370,     -8219,         0,         0,         0,         0,         0,         0,         0,     57500,     69766,     30909,     38279
       854,     50854,247.533691,      10.6,       4.7,     32219,         0,       571,         7,    341519,         0,      6050,        69,     -3234,    -10776,    -14011,    -34284,   -114229,   -148513,     17594,         0,      1163,        41,     82690,         0,      5464,       195,     -1700,     -6860,     -8560,     -7992,    -32241,    -40233,         0,         0,         0,         0,     35453,     46229,     19294,     26154
       855,     50855,113.950636,       1.1,         0,     32908,         0,       368,        18,     36199,         0,       405,        20,     -3242,     -8843,    -12085,     -3566,     -9727,    -13294,     17960,         0,       913,        84,         0,         0,         0,         0,     -1717,     -5813,     -7530,         0,         0,         0,         0,         0,         0,         0,     36150,     44993,     19677,     25490
       856,     50856,413.314115,      10.5,         0,     47289,         0,       433,         1,    496531,         0,      4543,         8,     -1679,    -15504,    -17184,    -17632,   -162796,   -180428,     25671,         0,      1032,        20,         0,         0,         0,         0,      -837,     -8921,     -9759,         0,         0,         0,         0,         0,         0,         0,     48968,     64472,     26508,     35430
       857,     50857,703.484294,      33.7,       2.7,     52124,         0,       591,         3,   1756580,         0,     19928,        91,     -1784,    -14511,    -16295,    -60122,   -489035,   -549157,     28149,         0,      1287,        37,     76001,         0,      3475,       101,      -943,     -8411,     -9355,     -2547,    -22710,    -25258,         0,         0,         0,         0,     53908,     68419,     29092,     37503
       858,     50858,149.489878,       4.1,         0,     32237,         0,       231,        17,    132170,         0,       946,        69,     -3238,     -7720,    -10958,    -13275,    -31653,    -44929,     17603,         0,       725,        63,         0,         0,         0,         0,     -1703,     -5220,     -6922,         0,         0,         0,         0,         0,         0,         0,     35474,     43195,     19306,     24525
       859,     50859,694.084548,      14.8,         0,     29599,         0,       348,         1,    438061,         0,      5157,        22,     -3219,    -12718,    -15937,    -47639,   -188225,   -235864,     16228,         0,       840,        18,         0,         0,         0,         0,     -1624,     -7927,     -9550,         0,         0,         0,         0,         0,         0,         0,     32818,     45535,     17852,     25778
       860,     50860,258.469833,         0,         0,     29230,         0,       163,         3,         0,         0,         0,         0,     -3214,     -9216,    -12430,         0,         0,         0,     16039,         0,       569,        20,         0,         0,         0,         0,     -1611,     -6034,     -7645,         0,         0,         0,         0,         0,         0,         0,     32444,     41660,     17650,     23684
       861,     50861,327.009345,      17.5,         0,     54625,         0,       671,         0,    955945,         0,     11744,         5,     -1554,    -14801,    -16355,    -27188,   -259021,   -286209,     29381,         0,      1293,        26,         0,         0,         0,         0,      -884,     -8638,     -9522,         0,         0,         0,         0,         0,         0,         0,     56179,     70980,     30265,     38903
       862,     50862,1884.02739,       2.4,         0,     55151,         0,      1004,         0,    132362,         0,      2411,         0,     -1495,    -16162,    -17657,     -3588,    -38789,    -42377,     29422,         0,      1451,         2,         0,         0,         0,         0,      -849,     -9624,    -10472,         0,         0,         0,         0,         0,         0,         0,     56646,     72808,     30270,     39894
       863,     50863,773.791480,         0,         0,     26365,         0,       146,         0,         0,         0,         0,         0,     -3135,    -11982,    -15116,         0,         0,         0,     14571,         0,       525,         0,         0,         0,         0,         0,     -1483,     -7528,     -9011,         0,         0,         0,         0,         0,         0,         0,     29499,     41481,     16054,     23583
       864,     50864,151.515006,       3.3,       5.3,     26321,         0,       136,        15,     86859,         0,       447,        49,     -3133,     -9457,    -12589,    -10338,    -31207,    -41544,     14548,         0,       478,        23,     77107,         0,      2535,       124,     -1481,     -6148,     -7629,     -7851,    -32583,    -40434,         0,         0,         0,         0,     29453,     38910,     16030,     22177
       865,     50865,521.473561,         0,         0,     63232,         0,      3645,         0,         0,         0,         0,         0,     -1501,     -9150,    -10651,         0,         0,         0,     33125,         0,      2217,         3,         0,         0,         0,         0,      -862,     -6577,     -7439,         0,         0,         0,         0,         0,         0,         0,     64732,     73882,     33987,     40563
       866,     50866,470.539520,      24.9,       1.8,     64543,         0,     10821,         2,   1607117,         0,    269437,        45,     -1487,    -10144,    -11631,    -37035,   -252577,   -289612,     33857,         0,      4186,        27,     60943,         0,      7535,        48,      -861,     -7170,     -8031,     -1549,    -12906,    -14455,         0,         0,         0,         0,     66030,     76174,     34718,     41888
       867,     50867,188.549715,      12.0,       8.2,     27937,         0,       123,        12,    335244,         0,      1477,       149,     -3181,     -5841,     -9023,    -38178,    -70095,   -108273,     15374,         0,       430,        24,    126066,         0,      3522,       193,     -1556,     -4179,     -5735,    -12761,    -34264,    -47025,         0,         0,         0,         0,     31119,     36960,     16930,     21109
       868,     50868,363.826804,       7.8,         0,     67522,         0,     19871,         1,    526671,         0,    154994,         6,     -1445,     -7947,     -9392,    -11272,    -61987,    -73259,     35504,         0,      7403,        26,         0,         0,         0,         0,      -860,     -6047,     -6907,         0,         0,         0,         0,         0,         0,         0,     68967,     76914,     36364,     42411
       869,     50869,566.052334,      23.8,      34.0,     24004,         0,       114,        34,    571297,         0,      2712,       820,     -3063,    -11297,    -14360,    -72905,   -268874,   -341779,     13385,         0,       407,        24,    455086,         0,     13823,       819,     -1374,     -7111,     -8484,    -46700,   -241761,   -288461,         0,         0,         0,         0,     27067,     38365,     14758,     21869
       870,     50870,134.581846,       9.1,         0,     21070,         0,        96,         5,    191738,         0,       876,        44,     -2940,     -8282,    -11223,    -26756,    -75369,   -102125,     11926,         0,       328,        26,         0,         0,         0,         0,     -1261,     -5375,     -6635,         0,         0,         0,         0,         0,         0,         0,     24010,     32293,     13187,     18561
       871,     50871,286.021771,      29.5,         0,     69729,       360,     29476,         1,   2057017,     10620,    869534,        19,     -1385,     -6055,     -7439,    -40855,   -178609,   -219464,     36772,       559,     11177,        81,         0,         0,         0,         0,      -852,     -5012,     -5864,         0,         0,         0,         0,       360,         0,       559,     71114,     77169,     37624,     42636
       872,     50872,909.059789,      21.9,         0,     61761,         0,      4514,         0,   1352573,         0,     98851,         0,     -1966,     -9638,    -11604,    -43053,   -211077,   -254130,     32645,         0,      2987,        22,         0,         0,         0,         0,     -1081,     -6362,     -7443,         0,         0,         0,         0,         0,         0,         0,     63727,     73365,     33725,     40088
       873,     50873,560.160231,      26.5,       5.7,     19372,         0,        86,         6,    513351,         0,      2271,       151,     -2868,     -9700,    -12568,    -76005,   -257051,   -333056,     11085,         0,       291,        32,     63186,         0,      1660,       180,     -1197,     -6082,     -7279,     -6825,    -34668,    -41493,         0,         0,         0,         0,     22240,     31940,     12283,     18365
       874,     50874,3900.09247,       7.5,         0,     18897,         0,        62,         0,    141726,         0,       463,         0,     -2843,    -10244,    -13087,    -21323,    -76829,    -98153,     10850,         0,       214,         8,         0,         0,         0,         0,     -1180,     -6331,     -7511,         0,         0,         0,         0,         0,         0,         0,     21740,     31984,     12029,     18361
       875,     50875,355.186107,       9.8,       1.4,     62977,         0,     16639,         4,    617176,         0,    163061,        35,     -1987,    -11590,    -13577,    -19475,   -113580,   -133055,     33316,         0,      6730,        26,     46643,         0,      9422,        36,     -1091,     -7658,     -8749,     -1527,    -10721,    -12248,         0,         0,         0,         0,     64964,     76554,     34407,     42065
       876,     50876,728.196650,         0,         0,      5828,         0,        53,         0,         0,         0,         0,         0,      -903,    -14233,    -15136,         0,         0,         0,      4309,         0,       146,         0,         0,         0,         0,         0,      -329,     -8052,     -8381,         0,         0,         0,         0,         0,         0,         0,      6731,     20964,      4637,     12690
       877,     50877,353.832760,      11.4,         0,     67136,        26,     25289,         0,    765352,       294,    288300,         3,     -1868,     -8177,    -10045,    -21292,    -93219,   -114511,     35626,        38,     10325,        34,         0,         0,         0,         0,     -1052,     -5882,     -6933,         0,         0,         0,         0,        26,         0,        38,     69004,     77181,     36678,     42560
       878,     50878,5169.38825,         0,         0,       605,         0,         0,         0,         0,         0,         0,         0,       -12,     -3381,     -3393,         0,         0,         0,       796,         0,         2,         0,         0,         0,         0,         0,        -9,     -3063,     -3072,         0,         0,         0,         0,         0,         0,         0,       617,      3998,       805,      3868
       879,     50879,320.894398,      25.3,       4.5,     66556,        42,     15069,         5,   1683874,      1055,    381237,       131,     -1967,     -7000,     -8967,    -49755,   -177101,   -226856,     35365,        51,      6654,        36,    159142,       228,     29944,       162,     -1103,     -4930,     -6033,     -4964,    -22183,    -27147,         0,        42,         0,        51,     68523,     75523,     36468,     41398
       880,     50880,34209.9510,         0,      31.3,      1931,         0,        31,        31,         0,         0,         0,         0,      -227,    -46020,    -46247,         0,         0,         0,      1371,         0,         0,         0,     42919,         0,         0,         0,       -70,    -25769,    -25839,     -2192,   -806555,   -808747,         0,         0,         0,         0,      2158,     48178,      1441,     27210
       881,     50881,147.010068,      13.9,         0,     68264,        40,     22170,         1,    948866,       560,    308158,        13,     -1883,     -6137,     -8020,    -26176,    -85301,   -111477,     36359,        58,      9696,        47,         0,         0,         0,         0,     -1097,     -4526,     -5623,         0,         0,         0,         0,        40,         0,        58,     70147,     76284,     37455,     41981
       882,     50882,94715.3538,       4.5,      37.7,     23851,         0,        38,        38,    107328,         0,       170,       170,     -1008,    -20968,    -21975,     -4534,    -94355,    -98889,     11603,         0,         5,         5,    437424,         0,       170,       170,      -513,    -13670,    -14183,    -19356,   -515344,   -534700,         0,         0,         0,         0,     24858,     45826,     12116,     25786
       883,     50883,794.675642,      14.1,         0,     58480,         0,      4009,         0,    824574,         0,     56532,         0,     -2008,    -11161,    -13169,    -28315,   -157370,   -185685,     30915,         0,      3272,        14,         0,         0,         0,         0,     -1093,     -7206,     -8299,         0,         0,         0,         0,         0,         0,         0,     60489,     71650,     32008,     39214
       884,     50884,631.439386,      15.5,         0,     63085,       758,     11596,         1,    977822,     11749,    179742,        15,     -2271,     -8343,    -10614,    -35205,   -129312,   -164517,     33686,       164,      6061,        30,         0,         0,         0,         0,     -1247,     -5418,     -6665,         0,         0,         0,         0,       758,         0,       164,     65357,     73699,     34933,     40350
       885,     50885,38348.9595,       3.1,       2.7,         2,         0,         3,         3,         6,         0,         8,         8,         0,    -29974,    -29974,         0,    -92918,    -92918,         2,         0,         3,         3,         6,         0,         8,         8,         0,    -17145,    -17145,         0,    -46290,    -46290,         0,         0,         0,         0,         2,     29976,         2,     17147
       886,     50886,404.295707,       3.0,         0,     15351,         0,        68,         0,     46053,         0,       205,         0,     -2690,    -13332,    -16023,     -8071,    -39997,    -48068,      9130,         0,       213,         3,         0,         0,         0,         0,     -1060,     -7857,     -8916,         0,         0,         0,         0,         0,         0,         0,     18041,     31374,     10189,     18046
       887,     50887,321.390248,      42.0,         0,     65838,       289,     17256,        84,   2765184,     12132,    724734,      3540,     -2254,     -6537,     -8791,    -94663,   -274548,   -369211,     35152,       126,      8440,        73,         0,         0,         0,         0,     -1245,     -4569,     -5813,         0,         0,         0,         0,       289,         0,       126,     68092,     74628,     36397,     40965
       888,     50888,27055.9254,         0,         0,        98,         0,         0,         0,         0,         0,         0,         0,        -2,     -2540,     -2542,         0,         0,         0,       256,         0,         0,         0,         0,         0,         0,         0,        -3,     -2504,     -2507,         0,         0,         0,         0,         0,         0,         0,       101,      2641,       259,      2763
       889,     50889,188.416063,       4.2,         0,     52684,         0,       883,        41,    221274,         0,      3708,       174,     -1803,    -16774,    -18577,     -7571,    -70451,    -78023,     28464,         0,      1580,        16,         0,         0,         0,         0,      -963,     -9595,    -10559,         0,         0,         0,         0,         0,         0,         0,     54487,     71261,     29428,     39023
       890,     50890,39397.9475,         0,         0,         2,         0,         0,         0,         0,         0,         0,         0,         0,     -3620,     -3620,         0,         0,         0,         2,         0,         0,         0,         0,         0,         0,         0,         0,     -2926,     -2926,         0,         0,         0,         0,         0,         0,         0,         2,      3622,         2,      2929
       891,     50891,1070.07830,      25.3,         0,     50007,        26,       887,         0,   1265171,       655,     22435,         0,     -2560,    -12315,    -14875,    -64766,   -311573,   -376339,     27088,        11,      1664,        25,         0,         0,         0,         0,     -1358,     -7231,     -8589,         0,         0,         0,         0,        26,         0,        11,     52567,     64882,     28446,     35678
       892,     50892,192.010100,       8.3,      94.0,     51845,        46,      1181,        94,    430314,       386,      9802,       780,     -2216,    -16546,    -18762,    -18391,   -137333,   -155724,     28088,        14,      1946,        12,   2640250,      1298,    182893,      1086,     -1187,     -9366,    -10553,   -111612,   -880358,   -991970,         0,        46,         0,        14,     54061,     70607,     29275,     38641
       893,     50893,289.120654,      13.4,       4.0,     52078,        74,      1792,         6,    697841,       998,     24017,        80,     -3529,    -11454,    -14983,    -47288,   -153485,   -200773,     28187,        18,      2260,        49,    112746,        70,      9038,       194,     -1847,     -6831,     -8679,     -7389,    -27325,    -34714,         0,        74,         0,        18,     55607,     67061,     30034,     36865
       894,     50894,503.299384,       2.3,         0,     47620,         0,      2067,        58,    109525,         0,      4755,       134,     -2943,    -20979,    -23922,     -6769,    -48252,    -55021,     25774,         0,      2453,         9,         0,         0,         0,         0,     -1548,    -11833,    -13381,         0,         0,         0,         0,         0,         0,         0,     50563,     71542,     27322,     39154
       895,     50895,245.846695,      12.4,       1.2,     51527,        71,      2602,         4,    638938,       881,     32268,        48,     -3551,    -14442,    -17993,    -44031,   -179077,   -223108,     27802,        16,      2788,        29,     33362,        20,      3345,        35,     -1870,     -8507,    -10377,     -2244,    -10208,    -12453,         0,        71,         0,        16,     55078,     69520,     29672,     38179
       896,     50896,305.148419,       8.4,         0,     50962,        60,      3564,         1,    428084,       504,     29940,         9,     -3549,    -15978,    -19527,    -29811,   -134219,   -164031,     27490,        15,      3359,        30,         0,         0,         0,         0,     -1869,     -9348,    -11217,         0,         0,         0,         0,        60,         0,        15,     54511,     70490,     29359,     38707
       897,     50897,539.088776,      13.2,         0,     61459,      1566,      4434,        57,    811261,     20675,     58526,       747,     -3287,     -5642,     -8929,    -43387,    -74472,   -117859,     33011,       199,      3939,        93,         0,         0,         0,         0,     -1780,     -3940,     -5720,         0,         0,         0,         0,      1566,         0,       199,     64746,     70388,     34791,     38731
       898,     50898,445.862546,      14.2,         0,     60560,      1565,      5019,         0,    859948,     22220,     71272,         0,     -2856,     -7537,    -10393,    -40558,   -107019,   -147577,     32197,       243,      3991,        14,         0,         0,         0,         0,     -1557,     -5169,     -6726,         0,         0,         0,         0,      1565,         0,       243,     63416,     70952,     33754,     38923
       899,     50899,609.627167,      24.6,      10.6,     64465,      1722,      9072,        11,   1585841,     42364,    223166,       261,     -3058,     -5965,     -9023,    -75224,   -146750,   -221974,     34501,       263,      5995,        25,    365710,      2784,     63546,       265,     -1665,     -4234,     -5899,    -17651,    -44875,    -62527,         0,      1722,         0,       263,     67523,     73488,     36166,     40400
       900,     50900,314.366865,       1.2,         0,     64731,      1745,      9873,        30,     77677,      2094,     11848,        36,     -3052,     -5169,     -8221,     -3662,     -6203,     -9865,     34649,       268,      6810,        30,         0,         0,         0,         0,     -1661,     -3850,     -5511,         0,         0,         0,         0,      1745,         0,       268,     67782,     72952,     36310,     40160
       901,     50901,204.689430,         0,         0,         0,         0,     12112,        36,         0,         0,         0,         0,         0,         0,         0,         0,         0,         0,         0,         0,      7945,        76,         0,         0,         0,         0,         0,         0,         0,         0,         0,         0,         0,         0,         0,         0,         0,         0,         0,         0
       902,     50902,181.630266,       6.6,      27.3,     61050,      4727,     13757,        32,    402927,     31196,     90799,       213,     -2850,     -9248,    -12099,    -18810,    -61040,    -79850,     32898,      2031,      8682,       132,    898128,     55450,    237021,      3604,     -1536,     -5836,     -7372,    -41938,   -159324,   -201262,         0,      4727,         0,      2031,     63900,     73148,     34435,     40271
       903,     50903,266.168865,       2.3,         0,     59782,      2233,     14518,        35,    137500,      5137,     33391,        80,     -2856,    -10368,    -13224,     -6569,    -23847,    -30415,     32188,       363,      9103,       166,         0,         0,         0,         0,     -1532,     -6494,     -8027,         0,         0,         0,         0,      2233,         0,       363,     62639,     73007,     33721,     40215
       904,     50904,273.034156,         0,         0,     53373,       791,      8088,        93,         0,         0,         0,         0,     -2837,    -13439,    -16276,         0,         0,         0,     28941,       128,      6173,         1,         0,         0,         0,         0,     -1504,     -7949,     -9453,         0,         0,         0,         0,       791,         0,       128,     56210,     69649,     30445,     38394
       905,     50905,190.811150,         0,         0,     58918,      1637,      9547,        88,         0,         0,         0,         0,     -2849,     -8716,    -11565,         0,         0,         0,     31810,       856,      7064,         1,         0,         0,         0,         0,     -1523,     -5543,     -7066,         0,         0,         0,         0,      1637,         0,       856,     61767,     70483,     33332,     38875
       906,     50906,129.796623,         0,         0,     59197,      1825,     10404,       165,         0,         0,         0,         0,     -2839,     -8882,    -11721,         0,         0,         0,     31978,       953,      7585,         3,         0,         0,         0,         0,     -1524,     -5627,     -7150,         0,         0,         0,         0,      1825,         0,       953,     62036,     70919,     33502,     39128
       907,     50907,238.310667,         0,         0,     58359,      4866,     11019,        48,         0,         0,         0,         0,     -2919,     -8466,    -11385,         0,         0,         0,     31621,      2222,      7948,        21,         0,         0,         0,         0,     -1530,     -5699,     -7228,         0,         0,         0,         0,      4866,         0,      2222,     61278,     69744,     33150,     38849
       908,     50908,179.049217,         0,       7.3,     54549,      2246,      7146,        24,         0,         0,         0,         0,     -2839,    -10247,    -13086,         0,         0,         0,     29680,       890,      5781,        62,    216663,      6495,     42201,       452,     -1506,     -6259,     -7765,    -10995,    -45692,    -56687,         0,      2246,         0,       890,     57388,     67635,     31186,     37445
       909,     50909,140.618175,         0,      26.6,     56117,      2484,      7952,       308,         0,         0,         0,         0,     -2844,     -9069,    -11913,         0,         0,         0,     30467,      1130,      6382,       186,    810419,     30060,    169759,      4952,     -1509,     -5715,     -7224,    -40138,   -152012,   -192150,      1880,      2484,      1130,       867,     58962,     68030,     31976,     37691
       910,     50910,120.902641,         0,     187.5,     56425,      2253,      8484,      1002,         0,         0,         0,         0,     -2833,     -9242,    -12075,         0,         0,         0,     30626,      1335,      6745,       161,   5742338,    250331,   1264741,     30261,     -1499,     -5811,     -7310,   -281017,  -1089546,  -1370564,      2253,      1873,      1335,       806,     59259,     68501,     32125,     37935
       911,     50911,208.974382,         0,         0,     55249,      3771,      8686,      1902,         0,         0,         0,         0,     -2955,     -8387,    -11342,         0,         0,         0,     30083,      1609,      6890,        66,         0,         0,         0,         0,     -1524,     -5715,     -7239,         0,         0,         0,      2007,      3771,      1214,      1609,     58205,     66592,     31607,     37323
       912,     50912, 73.618746,       1.1,         0,     56058,      3959,      9192,       491,     61663,      4355,     10112,       540,     -2780,     -8073,    -10853,     -3058,     -8880,    -11938,     30320,      1663,      7128,        61,         0,         0,         0,         0,     -1429,     -5681,     -7110,         0,         0,         0,      2172,      3959,       759,      1663,     58838,     66911,     31749,     37430
       913,     50913, 84.238506,      18.6,         0,     59066,      6566,      9036,        67,   1098636,    122120,    168073,      1243,     -3250,     -3971,     -7221,    -60446,    -73856,   -134302,     31774,      2425,      7010,       182,         0,         0,         0,         0,     -1801,     -3124,     -4925,         0,         0,         0,      6566,      5188,      2425,      2176,     62316,     66287,     33575,     36700
       914,     50914, 74.456094,       4.2,         0,     58942,      9422,     17103,       235,    247555,     39571,     71832,       986,     -3076,     -8877,    -11953,    -12919,    -37284,    -50204,     31575,      3883,     10392,       283,         0,         0,         0,         0,     -1633,     -5750,     -7383,         0,         0,         0,      9422,      8444,      3883,      3364,     62018,     70895,     33208,     38959
       915,     50915, 87.559148,       3.2,         0,     59131,      8480,     15976,       118,    189220,     27136,     51122,       377,     -3075,     -8877,    -11952,     -9841,    -28405,    -38246,     31675,      3381,      9906,       194,         0,         0,         0,         0,     -1633,     -5786,     -7419,         0,         0,         0,      7744,      8480,      3053,      3381,     62207,     71083,     33308,     39094
       916,     50916,119.342949,       4.3,         0,     58061,      8336,     13482,        36,    249663,     35844,     57972,       154,     -3071,     -7587,    -10658,    -13206,    -32623,    -45829,     31112,      3296,      8861,       193,         0,         0,         0,         0,     -1630,     -5124,     -6754,         0,         0,         0,      4766,      8336,      2292,      3296,     61132,     68719,     32742,     37866
       917,     50917, 89.519530,      10.1,         0,     59282,      8511,     13596,        45,    598745,     85962,    137318,       459,     -3077,     -7269,    -10345,    -31076,    -73412,   -104488,     31754,      3395,      8900,       102,         0,         0,         0,         0,     -1633,     -4983,     -6616,         0,         0,         0,         0,      8511,         0,      3395,     62358,     69627,     33387,     38370
       918,     50918,194.441028,       4.3,         0,     57520,      8262,     12144,        28,    247337,     35529,     52219,       122,     -3068,     -9258,    -12326,    -13193,    -39809,    -53002,     30825,      3282,      8222,        51,         0,         0,         0,         0,     -1629,     -6054,     -7683,         0,         0,         0,         0,      8262,         0,      3282,     60588,     69846,     32454,     38508
       919,     50919,144.809106,         0,         0,     56310,      8049,     10421,         9,         0,         0,         0,         0,     -3063,     -8910,    -11973,         0,         0,         0,     30182,      3315,      7505,        30,         0,         0,         0,         0,     -1624,     -5886,     -7510,         0,         0,         0,         0,      8049,         0,      3315,     59373,     68283,     31806,     37692
       920,     50920,435.404274,       3.4,       4.1,     54686,      7760,      8062,        40,    185931,     26383,     27412,       135,     -3055,     -8107,    -11162,    -10387,    -27564,    -37951,     29303,      3186,      6403,        98,    120141,     13061,     26252,       400,     -1620,     -5538,     -7157,     -6640,    -22705,    -29346,      1095,      7760,       478,      3186,     57741,     65848,     30922,     36460
       921,     50921,238.033042,       6.8,      19.2,     46482,      1183,      3945,        43,    316075,      8045,     26829,       292,     -3227,    -12679,    -15906,    -21941,    -86217,   -108158,     25141,       722,      3963,        34,    482711,     13866,     76097,       652,     -1775,     -7815,     -9591,    -34086,   -150055,   -184141,       812,      1183,       722,       239,     49708,     62387,     26917,     34732
       922,     50922,1018.47421,         0,         0,     41089,         0,       440,         0,         0,         0,         0,         0,     -3747,    -14668,    -18415,         0,         0,         0,     21994,         0,      1030,         0,         0,         0,         0,         0,     -1967,     -8855,    -10822,         0,         0,         0,         0,         0,         0,         0,     44836,     59504,     23961,     32816
       923,     50923,675.304596,         0,         0,     38520,         0,        88,         0,         0,         0,         0,         0,     -3993,     -8136,    -12129,         0,         0,         0,     20564,         0,       200,         0,         0,         0,         0,         0,     -2101,     -5441,     -7542,         0,         0,         0,         0,         0,         0,         0,     42513,     50648,     22664,     28105
       924,     50924,1174.09348,         0,         0,     33433,         0,        50,         0,         0,         0,         0,         0,     -4102,    -11493,    -15595,         0,         0,         0,     17721,         0,        43,         0,         0,         0,         0,         0,     -2153,     -7440,     -9594,         0,         0,         0,         0,         0,         0,         0,     37535,     49028,     19875,     27315
       925,     50925,928.280217,         0,         0,     33787,         0,       134,         0,         0,         0,         0,         0,     -4105,    -16737,    -20842,         0,         0,         0,     17919,         0,       273,         0,         0,         0,         0,         0,     -2155,    -10348,    -12504,         0,         0,         0,         0,         0,         0,         0,     37893,     54630,     20075,     30423
       926,     50926,1776.87760,      13.0,      46.6,     46011,         0,       343,        47,    598137,         0,      4462,       606,     -3822,     -5791,     -9613,    -49684,    -75280,   -124964,     24731,         0,       748,        13,   1152463,         0,     34850,       606,     -2013,     -4197,     -6210,    -93791,   -195602,   -289394,         0,         0,         0,         0,     49832,     55623,     26744,     30941
       927,     50927,374.393245,      18.6,         0,     49828,      2257,      5152,        93,    926810,     41983,     95831,      1728,     -3537,    -12720,    -16257,    -65784,   -236596,   -302380,     27059,      1015,      4583,       119,         0,         0,         0,         0,     -1855,     -7663,     -9518,         0,         0,         0,         0,      2257,         0,      1015,     53365,     66085,     28914,     36577
       928,     50928,329.473252,      12.3,         0,     45546,       339,      4284,         0,    560213,      4176,     52697,         0,     -3511,    -13416,    -16927,    -43190,   -165016,   -208205,     24780,        22,      3991,        19,         0,         0,         0,         0,     -1828,     -8090,     -9918,         0,         0,         0,         0,       339,         0,        22,     49057,     62473,     26608,     34698
       929,     50929,2455.94204,      37.3,      27.6,     43707,        61,      1259,        28,   1630255,      2294,     46962,      1029,     -3612,     -8852,    -12464,   -134735,   -330169,   -464903,     23636,        15,      1647,        37,    652340,       426,     45447,      1029,     -1899,     -5875,     -7774,    -52406,   -162144,   -214550,         0,        61,         0,        15,     47319,     56170,     25534,     31409
       930,     50930,2859.48817,      42.9,       5.3,     39447,       367,      2841,         5,   1692270,     15738,    121884,       227,     -3384,    -14996,    -18380,   -145175,   -643335,   -788510,     21802,        24,      2835,        43,    115551,       130,     15028,       227,     -1726,     -8740,    -10466,     -9149,    -46322,    -55471,         0,       367,         0,        24,     42831,     57827,     23528,     32268
       931,     50931, 26.145425,         0,         0,     43665,      1893,      5074,        14,         0,         0,         0,         0,     -3060,     -8732,    -11792,         0,         0,         0,     23885,       970,      4435,       107,         0,         0,         0,         0,     -1641,     -5673,     -7314,         0,         0,         0,      1172,      1893,       589,       970,     46726,     55458,     25526,     31199
       932,     50932,254.152039,       9.9,         0,     47702,      2026,      4628,        31,    472254,     20059,     45815,       305,     -3321,     -5539,     -8860,    -32879,    -54838,    -87717,     25938,       862,      4031,       288,         0,         0,         0,         0,     -1823,     -3959,     -5782,         0,         0,         0,      1081,      2026,       766,       862,     51024,     56563,     27761,     31720
       933,     50933, 51.860962,       4.0,         0,     41753,       772,      4119,        15,    167014,      3087,     16477,        60,     -3042,     -8752,    -11793,    -12166,    -35006,    -47173,     22873,        78,      3748,        36,         0,         0,         0,         0,     -1625,     -5726,     -7351,         0,         0,         0,         0,       772,         0,        78,     44795,     53547,     24498,     30223
       934,     50934,329.225636,       3.4,         0,     47822,      2064,      3933,        25,    162595,      7016,     13373,        86,     -3327,     -5888,     -9215,    -11313,    -20019,    -31332,     25944,       900,      3594,       196,         0,         0,         0,         0,     -1831,     -4236,     -6067,         0,         0,         0,       741,      2064,       600,       900,     51150,     57038,     27776,     32011
       935,     50935,284.339782,       1.2,         0,     43055,       943,      2948,        69,     51666,      1132,      3538,        83,     -3270,     -9392,    -12662,     -3924,    -11270,    -15194,     23353,       187,      2829,         2,         0,         0,         0,         0,     -1791,     -6172,     -7963,         0,         0,         0,         0,       943,         0,       187,     46325,     55717,     25144,     31316
       936,     50936,157.372750,      13.9,      17.1,     38711,       550,      3377,        19,    538080,      7650,     46943,       267,     -3155,    -12842,    -15997,    -43853,   -178503,   -222357,     21200,        49,      3233,        41,    362520,       832,     55286,       695,     -1701,     -7976,     -9676,    -29082,   -136382,   -165463,         0,       550,         0,        49,     41866,     54708,     22901,     30876
       937,     50937,358.994988,      19.6,       2.7,     46530,      1177,      3682,        16,    911996,     23069,     72165,       317,     -3320,     -4616,     -7936,    -65072,    -90469,   -155541,     25291,       234,      3440,        38,     68285,       631,      9288,       102,     -1820,     -3510,     -5331,     -4915,     -9478,    -14393,         0,      1177,         0,       234,     49850,     54466,     27111,     30622
       938,     50938,741.334786,       6.8,         0,     45405,      1104,      3060,         0,    308756,      7506,     20811,         0,     -3314,     -5024,     -8339,    -22537,    -34165,    -56702,     24630,       221,      3007,         8,         0,         0,         0,         0,     -1820,     -3823,     -5643,         0,         0,         0,         0,      1104,         0,       221,     48719,     53744,     26450,     30273
       939,     50939,493.417795,         0,         0,     41051,       808,      2249,         0,         0,         0,         0,         0,     -3259,     -9074,    -12333,         0,         0,         0,     22284,       160,      2315,         0,         0,         0,         0,         0,     -1779,     -6009,     -7788,         0,         0,         0,         0,       808,         0,       160,     44310,     53384,     24063,     30072
       940,     50940,138.669680,         0,         0,     40897,       794,      2619,        10,         0,         0,         0,         0,     -3271,     -8307,    -11578,         0,         0,         0,     22229,       158,      2676,        32,         0,         0,         0,         0,     -1782,     -5490,     -7272,         0,         0,         0,         0,       794,         0,       158,     44168,     52475,     24011,     29501
       941,     50941, 70.183779,       9.9,         0,     41526,       827,      2572,        11,    411105,      8185,     25465,       112,     -3276,     -7697,    -10974,    -32436,    -76202,   -108638,     22602,       161,      2656,        48,         0,         0,         0,         0,     -1784,     -5131,     -6915,         0,         0,         0,         0,       827,         0,       161,     44802,     52499,     24387,     29517
       942,     50942,174.301970,      26.9,       3.9,     40620,       775,      1859,        55,   1092671,     20847,     50001,      1484,     -3269,     -6092,     -9360,    -87930,   -163863,   -251793,     22086,       155,      2148,        67,     86134,       603,      8376,       263,     -1780,     -4306,     -6086,     -6941,    -16793,    -23734,         0,       775,         0,       155,     43889,     49980,     23865,     28171
       943,     50943, 40.503113,       7.1,         0,     44606,      1047,      2662,         8,    316703,      7437,     18901,        58,     -3317,     -4173,     -7490,    -23550,    -29631,    -53180,     24207,       209,      2734,        36,         0,         0,         0,         0,     -1820,     -3346,     -5167,         0,         0,         0,         0,      1047,         0,       209,     47923,     52096,     26027,     29374
       944,     50944,114.133056,         0,      17.8,     73645,      2239,     42693,       864,         0,         0,         0,         0,     -1171,     -2892,     -4063,         0,         0,         0,     39581,      2101,     16563,         3,    704548,     37397,    294818,        51,      -773,     -2889,     -3662,    -13754,    -51431,    -65185,         0,      2239,         0,      2101,     74816,     77708,     40354,     43243
       945,     50945,162.280766,         0,     348.5,     74340,     13828,     46709,      1974,         0,         0,         0,         0,      -967,     -2530,     -3497,         0,         0,         0,     39906,      4625,     17800,       140,  13907124,   1611807,   6203224,     48829,      -741,     -2741,     -3481,   -258071,   -955139,  -1213210,     13828,      1580,      4625,      1695,     75307,     77837,     40646,     43387
       946,     50946,174.118899,         0,     285.1,     74940,     18215,     51332,      3655,         0,         0,         0,         0,      -794,     -2206,     -3000,         0,         0,         0,     40238,      5800,     19393,       779,  11471938,   1653656,   5528916,    222063,      -677,     -2609,     -3286,   -193090,   -743769,   -936859,     18215,      7989,      5800,      3817,     75734,     77940,     40916,     43524
       947,     50947,166.860180,         0,     570.9,     75411,     16961,     54379,      4531,         0,         0,         0,         0,      -665,     -1947,     -2612,         0,         0,         0,     40518,      5484,     20625,       555,  23131441,   3131076,  11774908,    317026,      -596,     -2511,     -3107,   -340483,  -1433500,  -1773983,     16961,      8152,      5484,      3980,     76076,     78023,     41114,     43625
       948,     50948,167.244488,         0,     660.8,     75718,     15946,     56068,      5025,         0,         0,         0,         0,      -619,     -1749,     -2368,         0,         0,         0,     40647,      4652,     21523,       494,  26859755,   3074357,  14222449,    326453,      -571,     -2458,     -3028,   -377129,  -1623989,  -2001118,     15946,      8456,      4652,      4444,     76337,     78086,     41218,     43676
       949,     50949, 99.878466,         0,     681.9,     75693,     23300,     56552,      4556,         0,         0,         0,         0,      -667,     -1728,     -2394,         0,         0,         0,     40565,      7311,     22059,       565,  27661258,   4985166,  15041737,    385392,      -610,     -2488,     -3098,   -416190,  -1696663,  -2112854,     23300,      8769,      7311,      4811,     76359,     78087,     41175,     43663
