TAZID,CO_TAZID,DevAcres,HH,Job,Job_byAuto,Job_byTran,Job_byBike,Job_byWalk,act_Job_byAuto,act_Job_byTran,act_Job_byBike,act_Job_byWalk,Loss_Job_Cong,Loss_Job_Net,Loss_Job_Abs,act_Loss_Job_Cong,act_Loss_Job_Net,act_Loss_Job_Abs,HH_byAuto,HH_byTran,HH_byBike,HH_byWalk,act_HH_byAuto,act_HH_byTran,act_HH_byBike,act_HH_byWalk,Loss_HH_Cong,Loss_HH_Net,Loss_HH_Abs,act_Loss_HH_Cong,act_Loss_HH_Net,act_Loss_HH_Abs,tmp_Job_byTran_wk,tmp_Job_byTran_dr,tmp_HH_byTran_wk,tmp_HH_byTran_dr,tmp_Job_byAuto_FF,tmp_Job_byAuto_SL,tmp_HH_byAuto_FF,tmp_HH_byAuto_SL
         1,     43001,1725.62693,         0,         0,     29748,         0,      1250,         0,         0,         0,         0,         0,      -899,    -10068,    -10966,         0,         0,         0,     13474,         0,      1682,         0,         0,         0,         0,         0,      -245,     -5916,     -6161,         0,         0,         0,         0,         0,         0,         0,     30646,     40714,     13719,     19635
         2,     43002,714.346992,         0,         0,     31404,      3173,      3339,         0,         0,         0,         0,         0,     -1403,     -8645,    -10048,         0,         0,         0,     14465,       401,      2571,         0,         0,         0,         0,         0,      -399,     -5386,     -5785,         0,         0,         0,         0,      3173,         0,       401,     32807,     41453,     14864,     20250
         3,     43003,409.738922,      33.9,       3.5,     35687,      3529,      4391,         4,   1209803,    119619,    148854,       119,      -894,     -8957,     -9850,    -30297,   -303627,   -333924,     16386,       455,      3272,        34,     57351,      1591,     11451,       119,      -244,     -5278,     -5522,      -853,    -18474,    -19326,         0,      3529,         0,       455,     36581,     45538,     16630,     21908
         4,     43004,577.140402,     460.5,     306.0,     35569,      6223,      6303,       360,  16379522,   2865495,   2902354,    165935,     -1473,     -7649,     -9123,   -678463,  -3522559,  -4201022,     16512,      1524,      3881,       465,   5052645,    466355,   1187506,    142244,      -430,     -4694,     -5124,   -131490,  -1436382,  -1567872,      3208,      6223,       895,      1524,     37042,     44692,     16942,     21636
         5,     43005,1788.62809,     528.8,     135.1,     37148,      6025,      7831,       316,  19643626,   3186123,   4140999,    166984,     -1485,     -7239,     -8724,   -785218,  -3828006,  -4613224,     17264,      1451,      4251,       529,   2332428,    196013,    574365,     71441,      -443,     -4632,     -5076,    -59873,   -625839,   -685712,      5099,      6025,      1391,      1451,     38632,     45872,     17708,     22340
         6,     43006, 91.960244,         0,     331.9,     39112,     11088,      9112,       963,         0,         0,         0,         0,     -1257,     -6375,     -7632,         0,         0,         0,     18231,      3241,      4748,       633,   6050993,   1075702,   1575807,    210162,      -369,     -4141,     -4509,   -122445,  -1374251,  -1496696,     11088,      6235,      3241,      1509,     40368,     46744,     18600,     22741
         7,     43007, 45.904394,         0,         0,     39442,      8458,     10322,      1382,         0,         0,         0,         0,      -769,     -6215,     -6984,         0,         0,         0,     18174,      2265,      5093,       614,         0,         0,         0,         0,      -235,     -4390,     -4625,         0,         0,         0,      8458,      6208,      2265,      1416,     40211,     46426,     18410,     22799
         8,     43008, 73.247052,         0,     544.7,     40267,      5098,     12122,       916,         0,         0,         0,         0,      -717,     -5404,     -6122,         0,         0,         0,     18399,      1443,      5606,       442,  10022095,    786228,   3053833,    240593,      -197,     -3820,     -4017,   -107260,  -2080598,  -2187858,         0,      5098,         0,      1443,     40985,     46389,     18596,     22416
         9,     43009,660.510269,     622.6,     205.1,     34186,      3372,      5652,       205,  21283921,   2099307,   3519074,    127695,      -900,    -11321,    -12222,   -560536,  -7048745,  -7609280,     15654,       430,      3490,       623,   3210549,     88261,    715810,    127695,      -245,     -6320,     -6566,    -50352,  -1296308,  -1346660,         0,      3372,         0,       430,     35086,     46407,     15899,     22219
        10,     43010,1103.25972,     740.4,     183.5,     33231,      3770,      9910,       206,  24604401,   2791012,   7337552,    152678,     -1561,    -11108,    -12669,  -1155876,  -8224215,  -9380091,     15147,      1195,      4818,       756,   2779406,    219265,    884145,    138679,      -560,     -6410,     -6970,   -102827,  -1176187,  -1279014,      3770,      3479,      1195,       447,     34792,     45900,     15707,     22117
        11,     43011,2219.83992,      59.4,       3.5,     27938,         0,      6387,         4,   1659502,         0,    379412,       208,      -774,    -12773,    -13547,    -45962,   -758736,   -804698,     11802,         0,      3228,        59,     41308,         0,     11299,       208,      -253,     -7777,     -8030,      -887,    -27218,    -28105,         0,         0,         0,         0,     28712,     41485,     12056,     19832
        12,     43012,631.035682,      22.4,       5.2,     35411,         0,      2625,         5,    793214,         0,     58809,       116,     -1023,     -8539,     -9562,    -22926,   -191272,   -214198,     16309,         0,      1612,        22,     84807,         0,      8381,       116,      -299,     -5256,     -5555,     -1554,    -27333,    -28887,         0,         0,         0,         0,     36435,     44974,     16608,     21864
        13,     43013,593.438544,      59.5,       1.8,     39379,      3344,      5870,         8,   2343072,    198965,    349265,       460,     -1022,     -7403,     -8425,    -60795,   -440500,   -501295,     18314,       417,      2774,        73,     32966,       751,      4993,       132,      -301,     -4596,     -4897,      -542,     -8272,     -8814,         0,      3344,         0,       417,     40401,     47804,     18615,     23211
        14,     43014,496.524149,      27.7,      55.6,     38408,      3249,      3076,        56,   1063894,     89997,     85216,      1540,     -1023,     -7570,     -8593,    -28337,   -209695,   -238032,     17822,       406,      1791,        28,    990879,     22562,     99568,      1540,      -302,     -4891,     -5192,    -16767,   -271934,   -288701,         0,      3249,         0,       406,     39431,     47001,     18123,     23014
        15,     43015,578.499435,      39.2,       3.7,     40661,      3384,      5263,         4,   1593905,    132634,    206293,       145,     -1020,     -7093,     -8112,    -39969,   -278028,   -317997,     18969,       410,      2440,        39,     70183,      1518,      9028,       145,      -302,     -4541,     -4843,     -1117,    -16803,    -17920,         0,      3384,         0,       410,     41680,     48773,     19270,     23812
        16,     43016,369.873297,      70.6,      30.4,     42838,      4935,      8191,        31,   3024363,    348406,    578297,      2171,      -993,     -4992,     -5985,    -70116,   -352424,   -422541,     20102,       770,      3646,        82,    611097,     23411,    110837,      2499,      -300,     -3275,     -3576,     -9123,    -99573,   -108696,         0,      4935,         0,       770,     43831,     48823,     20402,     23677
        17,     43017,1377.12976,      62.2,     344.8,     39911,      5540,     13371,       345,   2482491,    344609,    831653,     21447,      -800,     -7400,     -8200,    -49788,   -460251,   -510039,     18046,      1888,      5779,        62,   6222187,    651064,   1992766,     21447,      -271,     -4980,     -5251,    -93463,  -1717076,  -1810539,      3126,      5540,       509,      1888,     40712,     48111,     18317,     23297
        18,     43018,464.795362,      74.8,      51.8,     45192,      5233,     11270,        64,   3380331,    391411,    842965,      4753,      -931,     -4056,     -4987,    -69670,   -303370,   -373039,     21431,       815,      4697,        84,   1110122,     42223,    243289,      4335,      -277,     -2625,     -2902,    -14338,   -135981,   -150319,         0,      5233,         0,       815,     46123,     50179,     21708,     24333
        19,     43019,467.654668,     114.4,     151.1,     42744,      4924,      8422,       155,   4889870,    563267,    963453,     17746,      -997,     -5946,     -6943,   -114008,   -680268,   -794276,     20051,       768,      3580,       147,   3029705,    116087,    540996,     22217,      -300,     -3777,     -4078,    -45361,   -570765,   -616127,         0,      4924,         0,       768,     43740,     49687,     20351,     24129
        20,     43020, 46.520611,         0,      83.8,     42265,      5450,     13538,      1340,         0,         0,         0,         0,      -702,     -5063,     -5765,         0,         0,         0,     19391,      1605,      6108,       258,   1624947,    134533,    511851,     21660,      -193,     -3656,     -3849,    -16145,   -306365,   -322510,         0,      5450,         0,      1605,     42967,     48030,     19583,     23239
        21,     43021, 94.912065,      84.6,      65.5,     41174,      9256,     14625,      5521,   3483352,    783089,   1237233,    467047,      -707,     -6204,     -6912,    -59817,   -524900,   -584717,     18720,      2014,      6358,       529,   1226171,    131923,    416442,     34644,      -203,     -4275,     -4478,    -13293,   -280004,   -293297,      9256,      5873,      2014,      1906,     41881,     48086,     18923,     23198
        22,     43022, 51.967097,     148.5,      53.0,     40878,     11311,     15517,      3485,   6070370,   1679619,   2304202,    517515,      -795,     -7129,     -7924,   -118049,  -1058633,  -1176682,     18558,      2586,      6385,       671,    983587,    137046,    338421,     35577,      -268,     -4708,     -4977,    -14227,   -249529,   -263755,     11311,      5811,      2586,      1844,     41673,     48802,     18827,     23535
        23,     43023, 87.797784,         0,         0,     41168,     12673,     14033,      1726,         0,         0,         0,         0,      -726,     -5968,     -6694,         0,         0,         0,     18583,      3601,      6202,       323,         0,         0,         0,         0,      -219,     -4228,     -4448,         0,         0,         0,     12673,      5696,      3601,      1874,     41894,     47862,     18802,     23030
        24,     43024, 22.423837,     159.3,       3.3,     41122,     15324,     13992,      2401,   6550793,   2441145,   2228942,    382521,      -918,     -6121,     -7039,   -146270,   -975083,  -1121353,     18658,      4146,      6215,       363,     61572,     13683,     20510,      1198,      -310,     -4230,     -4540,     -1022,    -13959,    -14981,     15324,      5773,      4146,      1808,     42041,     48162,     18968,     23198
        25,     43025, 55.897763,         0,     702.2,     41091,     15850,     14206,      3698,         0,         0,         0,         0,      -847,     -5746,     -6594,         0,         0,         0,     18598,      4652,      6280,       400,  13059560,   3266285,   4409772,    280574,      -279,     -4095,     -4374,   -195574,  -2875572,  -3071146,     15850,      5898,      4652,      1775,     41938,     47684,     18877,     22972
        26,     43026, 19.183164,      19.2,     226.7,     41979,     17388,     14406,      5294,    806002,    333842,    276599,    101647,      -784,     -5360,     -6144,    -15054,   -102905,   -117959,     19035,      4809,      6338,       518,   4315334,   1090099,   1436792,    117367,      -249,     -3936,     -4185,    -56372,   -892401,   -948773,     17388,      6037,      4809,      1822,     42763,     48123,     19284,     23221
        27,     43027, 21.155020,     148.2,       9.2,     42125,     13728,     14463,      3432,   6242957,   2034416,   2143413,    508605,      -723,     -5798,     -6521,   -107143,   -859282,   -966425,     19099,      3734,      6308,       381,    175709,     34355,     58035,      3506,      -215,     -4107,     -4322,     -1981,    -37786,    -39767,     13728,      5804,      3734,      1888,     42848,     48646,     19314,     23421
        28,     43028, 59.722067,         0,     322.8,     43626,     14678,     14939,      4882,         0,         0,         0,         0,      -693,     -4983,     -5676,         0,         0,         0,     19792,      3805,      6360,       506,   6388927,   1228171,   2052920,    163248,      -224,     -3772,     -3995,    -72148,  -1217584,  -1289731,     14678,      5930,      3805,      1787,     44319,     49302,     20016,     23788
        29,     43029, 25.158242,         0,     270.5,     42371,     17396,     14638,      5621,         0,         0,         0,         0,      -728,     -5201,     -5929,         0,         0,         0,     19229,      4770,      6366,       537,   5201411,   1290379,   1722047,    145302,      -224,     -3843,     -4068,    -60683,  -1039632,  -1100315,     17396,      6007,      4770,      1816,     43099,     48300,     19453,     23297
        30,     43030, 17.736186,         0,     362.0,     42866,     18002,     14815,      6142,         0,         0,         0,         0,      -725,     -4940,     -5665,         0,         0,         0,     19488,      4524,      6389,       582,   7054659,   1637509,   2312692,    210860,      -222,     -3729,     -3951,    -80461,  -1349736,  -1430197,     18002,      6146,      4524,      1754,     43591,     48531,     19710,     23439
        31,     43031, 15.786212,         0,     411.3,     42953,     17917,     15315,      6141,         0,         0,         0,         0,      -713,     -5081,     -5794,         0,         0,         0,     19486,      4481,      6432,       598,   8014736,   1842981,   2645521,    246008,      -224,     -3818,     -4042,    -92184,  -1570337,  -1662522,     17917,      5944,      4481,      1801,     43666,     48747,     19710,     23528
        32,     43032, 16.715941,         0,    1243.9,     42730,     15457,     15049,      6041,         0,         0,         0,         0,      -739,     -5196,     -5934,         0,         0,         0,     19391,      4576,      6412,       590,  24120300,   5691499,   7976279,    733865,      -244,     -3869,     -4113,   -303491,  -4813205,  -5116696,     15457,      5927,      4576,      1791,     43469,     48665,     19635,     23504
        33,     43033, 55.702348,      29.6,    1443.2,     42643,     13913,     15648,      5635,   1262221,    411811,    463173,    166803,      -741,     -5469,     -6209,    -21923,   -161877,   -183800,     19284,      4157,      6470,       613,  27830059,   6000011,   9337009,    884454,      -248,     -4048,     -4296,   -357713,  -5841819,  -6199532,     13913,      5969,      4157,      1797,     43383,     48852,     19531,     23579
        34,     43034,180.531115,         0,         0,     42174,     10229,     14913,      1055,         0,         0,         0,         0,      -740,     -6147,     -6887,         0,         0,         0,     18945,      2663,      6259,       261,         0,         0,         0,         0,      -248,     -4370,     -4617,         0,         0,         0,     10229,      5865,      2663,      1778,     42914,     49061,     19192,     23562
        35,     43035,202.679905,     156.3,      77.0,     43684,     14694,     16686,      1255,   6827861,   2296685,   2607951,    196118,      -626,     -5419,     -6045,    -97870,   -846922,   -944792,     19322,      3686,      6393,       363,   1487801,    283826,    492285,     27916,      -299,     -4365,     -4664,    -23054,   -336093,   -359147,     14694,      4370,      3686,      1087,     44310,     49729,     19621,     23986
        36,     43036, 61.122869,     166.0,    1195.3,     42256,     12294,     16337,      5192,   7014575,   2040820,   2712008,    861905,      -789,     -6035,     -6824,   -130946,  -1001873,  -1132819,     18964,      3594,      6526,       503,  22668261,   4296107,   7800323,    601209,      -286,     -4381,     -4667,   -341968,  -5236307,  -5578275,     12294,      5867,      3594,      1765,     43045,     49081,     19251,     23631
        37,     43037,659.114905,         0,      13.8,     40303,      6395,     18196,       485,         0,         0,         0,         0,      -744,     -7969,     -8713,         0,         0,         0,     18174,      1771,      6609,       321,    250804,     24445,     91201,      4432,      -231,     -4908,     -5139,     -3186,    -67733,    -70919,      6395,      5515,      1624,      1771,     41048,     49016,     18405,     23313
        38,     43038, 55.230490,       8.6,       3.6,     42014,      3952,     19233,        71,    361319,     33987,    165404,       615,      -492,     -7361,     -7852,     -4227,    -63303,    -67530,     18819,       522,      6496,       131,     67748,      1880,     23386,       471,      -175,     -4896,     -5071,      -629,    -17626,    -18255,         0,      3952,         0,       522,     42505,     49866,     18994,     23890
        39,     43039,231.249227,         0,     515.6,     38184,      4057,     14378,       516,         0,         0,         0,         0,      -769,     -9912,    -10682,         0,         0,         0,     16741,       539,      5421,         0,   8631781,    277805,   2795320,         0,      -264,     -6225,     -6489,   -136046,  -3209796,  -3345842,         0,      4057,         0,       539,     38954,     48866,     17005,     23230
        40,     43040,281.620299,     197.9,     422.8,     41614,     12165,     17521,       874,   8235441,   2407394,   3467385,    172908,      -857,     -7316,     -8173,   -169573,  -1447769,  -1617342,     17354,      2710,      5694,       369,   7337177,   1145728,   2407524,    155947,      -520,     -5925,     -6445,   -219825,  -2504981,  -2724806,     12165,       118,      2710,        19,     42471,     49787,     17874,     23798
        41,     43041,312.745070,     529.4,    1007.0,     42805,     12672,     19529,      1046,  22661062,   6708733,  10338790,    553801,      -737,     -6729,     -7466,   -390091,  -3562205,  -3952295,     18293,      3022,      6446,       812,  18420609,   3043429,   6491473,    817325,      -396,     -5460,     -5856,   -398967,  -5497850,  -5896817,     12672,       762,      3022,       678,     43542,     50271,     18689,     24148
        42,     43042, 65.553398,     107.3,      20.8,     41230,       920,     20153,       352,   4424031,     98762,   2162440,     37729,      -684,     -8469,     -9152,    -73355,   -908684,   -982038,     17562,       924,      6689,       336,    365294,     19226,    139134,      6986,      -374,     -6401,     -6775,     -7774,   -133138,   -140911,         0,       920,         0,       924,     41914,     50383,     17936,     24337
        43,     43043, 92.306554,      14.4,       3.5,     40657,      3379,     20521,        39,    585459,     48659,    295508,       567,      -485,     -8602,     -9087,     -6991,   -123862,   -130852,     17785,       359,      6692,       144,     62247,      1258,     23423,       503,      -171,     -5804,     -5975,      -600,    -20313,    -20913,         0,      3379,         0,       359,     41142,     49744,     17956,     23760
        44,     43044, 54.488364,     154.5,       8.9,     42738,     16678,     20509,      1025,   6602986,   2576822,   3168577,    158336,      -858,     -6186,     -7043,   -132536,   -955669,  -1088206,     17954,      4066,      6262,       698,    159794,     36189,     55735,      6216,      -572,     -5240,     -5812,     -5090,    -46638,    -51728,     16678,       935,      4066,       907,     43596,     49781,     18526,     23767
        45,     43045,156.887397,      57.7,      10.7,     41170,     10312,     21183,       684,   2375495,    595030,   1222241,     39477,      -776,     -8432,     -9208,    -44755,   -486526,   -531281,     17233,      2315,      6602,       618,    184388,     24769,     70643,      6614,      -439,     -6520,     -6959,     -4695,    -69762,    -74457,     10312,       110,      2315,        19,     41945,     50377,     17671,     24191
        46,     43046,188.864399,       7.7,         0,     40607,       108,     21452,        37,    312675,       832,    165180,       283,      -658,     -8613,     -9271,     -5069,    -66316,    -71385,     16835,        19,      6760,       200,         0,         0,         0,         0,      -358,     -6673,     -7031,         0,         0,         0,         0,       108,         0,        19,     41265,     49878,     17193,     23866
        47,     43047,177.389070,      23.9,       5.8,     40755,       101,     21365,        10,    974056,      2407,    510630,       243,      -533,     -8865,     -9397,    -12728,   -211863,   -224591,     17254,        18,      6703,        48,    100072,       103,     38878,       278,      -226,     -6597,     -6824,     -1314,    -38263,    -39577,         0,       101,         0,        18,     41288,     50153,     17480,     24077
        48,     43048,233.257463,         0,         0,     36348,        97,     12911,         0,         0,         0,         0,         0,     -1561,     -9397,    -10958,         0,         0,         0,     14448,        17,      4131,         0,         0,         0,         0,         0,      -877,     -6770,     -7647,         0,         0,         0,         0,        97,         0,        17,     37909,     47306,     15325,     22094
        49,     43049, 56.709939,      91.6,     496.5,     42645,     16769,     18498,      2201,   3906296,   1536074,   1694406,    201614,      -925,     -5958,     -6883,    -84691,   -545754,   -630445,     17836,      3940,      5649,       642,   8855698,   1955996,   2804743,    318541,      -624,     -5073,     -5698,   -309900,  -2518946,  -2828846,     16769,       130,      3940,        21,     43570,     49528,     18460,     23534
        50,     43050, 62.083765,       8.3,      78.9,     43272,     18057,     20316,       640,    359155,    149870,    168624,      5312,      -845,     -5860,     -6705,     -7013,    -48639,    -55652,     18291,      4546,      6074,       548,   1443123,    358660,    479230,     43229,      -575,     -5019,     -5593,    -45350,   -395972,   -441321,     18057,       823,      4546,       918,     44117,     49977,     18865,     23884
        51,     43051,107.990485,      11.1,       3.3,     41616,     15311,     21310,       213,    461939,    169949,    236538,      2360,      -940,     -7397,     -8338,    -10437,    -82111,    -92549,     17305,      3565,      6253,       390,     57107,     11764,     20636,      1287,      -588,     -5973,     -6561,     -1941,    -19711,    -21652,     15311,       121,      3565,        20,     42556,     49954,     17893,     23866
        52,     43052,296.247525,      29.6,       1.8,     40940,      9125,     22632,        11,   1211825,    270104,    669911,       323,      -956,     -8237,     -9193,    -28309,   -243813,   -272122,     16920,      1799,      6591,        72,     30455,      3238,     11865,       130,      -588,     -6536,     -7124,     -1058,    -11765,    -12823,      9125,       115,      1799,        19,     41896,     50133,     17508,     24044
        53,     43053,161.482196,         0,         0,     40787,       101,     22559,        10,         0,         0,         0,         0,      -531,     -9071,     -9602,         0,         0,         0,     17269,        18,      6716,        59,         0,         0,         0,         0,      -226,     -6722,     -6948,         0,         0,         0,         0,       101,         0,        18,     41318,     50388,     17495,     24217
        54,     43054,187.947395,      10.6,         0,     40013,        95,     22605,        26,    424141,      1003,    239616,       276,      -488,     -9880,    -10368,     -5175,   -104731,   -109906,     17130,        17,      6650,       102,         0,         0,         0,         0,      -169,     -6845,     -7014,         0,         0,         0,         0,        95,         0,        17,     40501,     50382,     17298,     24144
        55,     43055,112.230726,      42.4,    2596.2,     39058,     11836,     16602,      2873,   1656075,    501839,    703925,    121820,     -1527,     -8137,     -9663,    -64724,   -345004,   -409729,     15837,      3014,      4909,       247,  41117275,   7825100,  12743646,    642039,      -868,     -6172,     -7040,  -2253507, -16022711, -18276218,     11836,       119,      3014,        20,     40585,     48722,     16705,     22877
        56,     43056, 12.457065,      23.7,       1.8,     42607,     19651,     18358,      3201,   1009788,    465718,    435074,     75865,     -1023,     -6143,     -7166,    -24252,   -145587,   -169839,     17782,      4778,      5480,       525,     32008,      8601,      9865,       945,      -701,     -5205,     -5906,     -1262,     -9369,    -10631,     19651,       131,      4778,        21,     43630,     49773,     18483,     23688
        57,     43057, 11.504439,       6.3,         0,     43011,     19877,     19006,      2205,    270969,    125223,    119735,     13890,      -919,     -5889,     -6808,     -5790,    -37098,    -42889,     18045,      4881,      5675,       581,         0,         0,         0,         0,      -640,     -5052,     -5692,         0,         0,         0,     19877,       134,      4881,        21,     43930,     49819,     18686,     23737
        58,     43058, 20.839807,      22.2,         0,     43110,     18797,     18830,      2800,    957041,    417283,    418030,     62159,      -839,     -5938,     -6777,    -18620,   -131829,   -150449,     18094,      4540,      5502,       447,         0,         0,         0,         0,      -591,     -5068,     -5660,         0,         0,         0,     18797,       135,      4540,        21,     43949,     49887,     18685,     23754
        59,     43059, 42.712718,     140.5,         0,     42609,     19412,     19506,      1817,   5986633,   2727397,   2740630,    255292,      -941,     -6373,     -7314,   -132202,   -895363,  -1027565,     17783,      4648,      5689,       470,         0,         0,         0,         0,      -646,     -5355,     -6001,         0,         0,         0,     19412,       130,      4648,        21,     43550,     49923,     18429,     23784
        60,     43060, 32.878731,      69.4,      30.3,     43576,     19712,     20239,       564,   3024164,   1367983,   1404600,     39149,      -870,     -5659,     -6530,    -60404,   -392748,   -453152,     18426,      4821,      5936,       505,    558306,    146077,    179848,     15315,      -612,     -4918,     -5530,    -18546,   -149006,   -167552,     19712,      4335,      4821,      2216,     44446,     50105,     19038,     23956
        61,     43061, 40.155740,       4.5,         0,     44089,     19410,     21185,       157,    198401,     87345,     95330,       706,      -805,     -5497,     -6302,     -3625,    -24734,    -28359,     18725,      4676,      6047,       314,         0,         0,         0,         0,      -598,     -4858,     -5456,         0,         0,         0,     19410,      3289,      4676,      1260,     44895,     50391,     19323,     24181
        62,     43062, 37.133481,       3.6,         0,     40928,     14986,     18097,      2855,    147341,     53951,     65148,     10279,     -1025,     -7172,     -8198,     -3692,    -25821,    -29513,     16795,      3405,      5196,       352,         0,         0,         0,         0,      -614,     -5745,     -6359,         0,         0,         0,     14986,       131,      3405,        21,     41954,     49126,     17409,     23154
        63,     43063,197.834349,       1.9,      26.0,     43518,     16328,     20438,        80,     82684,     31022,     38832,       153,      -832,     -5969,     -6801,     -1581,    -11341,    -12921,     18321,      3779,      5689,       250,    476340,     98260,    147923,      6509,      -605,     -5160,     -5765,    -15728,   -134163,   -149891,     16328,      3574,      3779,      1303,     44350,     50319,     18926,     24086
        64,     43064,2823.35794,      71.1,     105.3,     35209,        94,     11801,       105,   2503369,      6712,    839035,      7487,     -1095,    -12044,    -13139,    -77880,   -856311,   -934191,     13885,        17,      2840,        71,   1462141,      1743,    299064,      7487,      -615,     -8168,     -8783,    -64804,   -860060,   -924864,         0,        94,         0,        17,     36304,     48348,     14501,     22669
        65,     43065,354.902207,      96.5,         0,     43690,     14743,     22718,         5,   4216065,   1422746,   2192263,       513,      -893,     -6158,     -7051,    -86180,   -594269,   -680449,     18478,      3125,      5908,       167,         0,         0,         0,         0,      -595,     -5335,     -5930,         0,         0,         0,     14743,      3498,      3125,      1451,     44583,     50741,     19073,     24409
        66,     43066,225.299718,      82.0,      70.5,     42932,     13380,     23644,       116,   3520413,   1097144,   1938813,      9473,      -926,     -6895,     -7822,    -75965,   -565405,   -641370,     18003,      2860,      6473,       294,   1269198,    201600,    456341,     20723,      -602,     -5886,     -6488,    -42456,   -414971,   -457427,     13380,      3908,      2860,      1619,     43858,     50753,     18605,     24491
        67,     43067,222.353024,     163.6,      19.1,     42182,      5779,     22821,       600,   6900936,    945412,   3733565,     98154,      -909,     -7507,     -8416,   -148690,  -1228138,  -1376827,     17651,      1254,      6406,       538,    337136,     23952,    122356,     10281,      -537,     -6175,     -6712,    -10259,   -117940,   -128199,      5779,       242,      1254,        74,     43091,     50598,     18188,     24363
        68,     43068, 97.754819,     138.6,       7.4,     43643,     17841,     22798,       445,   6048859,   2472763,   3159839,     61678,      -869,     -6490,     -7359,   -120453,   -899468,  -1019921,     18530,      4054,      6010,       561,    137124,     30003,     44471,      4151,      -576,     -5504,     -6080,     -4263,    -40730,    -44993,     17841,      6311,      4054,      1843,     44512,     51001,     19106,     24610
        69,     43069,332.298115,     364.8,     698.3,     43176,     12156,     22159,      1328,  15750524,   4434580,   8083613,    484477,      -904,     -6843,     -7747,   -329876,  -2496293,  -2826170,     18469,      2873,      6064,       809,  12896864,   2006445,   4234725,    565148,      -552,     -5536,     -6088,   -385616,  -3865455,  -4251071,     12156,      6330,      2873,      2004,     44080,     50923,     19021,     24557
        70,     43070,162.997742,     128.3,      23.4,     42295,      8032,     20622,       557,   5426422,   1030522,   2645747,     71475,      -893,     -7891,     -8784,   -114518,  -1012466,  -1126983,     17949,      2051,      5923,       320,    419996,     47990,    138594,      7484,      -537,     -6215,     -6752,    -12567,   -145433,   -158000,      8032,      6511,      1602,      2051,     43187,     51079,     18486,     24701
        71,     43071,324.286414,         0,         0,     46418,      8945,     18901,       169,         0,         0,         0,         0,      -778,     -5055,     -5833,         0,         0,         0,     21439,      2606,      5474,       144,         0,         0,         0,         0,      -332,     -3930,     -4262,         0,         0,         0,      8945,      7174,      2234,      2606,     47196,     52251,     21771,     25701
        72,     43072,124.765897,     108.4,      10.7,     44492,     18587,     21782,      1305,   4822884,   2014832,   2361168,    141484,      -800,     -5799,     -6600,    -86772,   -628651,   -715424,     19119,      4111,      5567,       403,    204577,     43988,     59563,      4313,      -537,     -4972,     -5509,     -5741,    -53205,    -58946,     18587,      5358,      4111,      1781,     45292,     51091,     19656,     24628
        73,     43073, 75.628008,      77.3,     621.9,     45369,     21812,     21374,      4453,   3506997,   1686105,   1652238,    344230,      -764,     -5352,     -6117,    -59087,   -413720,   -472807,     19806,      5622,      5496,       774,  12317198,   3496120,   3417748,    481175,      -511,     -4620,     -5131,   -317881,  -2873176,  -3191057,     21812,      6045,      5622,      2150,     46133,     51485,     20317,     24937
        74,     43074, 71.367392,      26.7,       6.1,     42404,     19693,     21611,      5316,   1132199,    525815,    577005,    141950,      -884,     -7177,     -8061,    -23607,   -191626,   -215233,     17805,      4965,      5636,      1058,    108609,     30289,     34377,      6457,      -525,     -5846,     -6372,     -3205,    -35663,    -38869,     19693,      6288,      4965,      1833,     43289,     50466,     18330,     24177
        75,     43075, 57.299350,      38.7,       5.7,     44812,     15071,     21841,      4403,   1734228,    583264,    845247,    170409,      -846,     -5761,     -6607,    -32722,   -222969,   -255691,     19576,      4378,      5768,      1144,    111582,     24953,     32880,      6523,      -530,     -4799,     -5329,     -3019,    -27356,    -30374,     15071,      5590,      4378,      2044,     45658,     51419,     20105,     24905
        76,     43076, 44.918354,      40.1,      17.3,     43116,     17417,     21498,      4831,   1728934,    698437,    862076,    193715,      -874,     -6831,     -7704,    -35033,   -273915,   -308948,     18555,      4796,      5739,      1252,    320995,     82965,     99287,     21664,      -547,     -5356,     -5903,     -9461,    -92653,   -102114,     17417,      5571,      4796,      2039,     43989,     50820,     19102,     24457
        77,     43077, 64.783154,         0,     359.2,     44373,     17821,     20752,      3288,         0,         0,         0,         0,      -893,     -6234,     -7127,         0,         0,         0,     19959,      4423,      5638,       976,   7169247,   1588830,   2025098,    350495,      -416,     -4767,     -5182,   -149263,  -1712172,  -1861435,     17821,      6163,      4423,      2479,     45266,     51500,     20374,     25141
        78,     43078, 15.842050,         0,         0,     44416,     18641,     20817,      7131,         0,         0,         0,         0,      -872,     -5897,     -6769,         0,         0,         0,     19396,      5203,      5406,      1036,         0,         0,         0,         0,      -542,     -4789,     -5331,         0,         0,         0,     18641,      5985,      5203,      2165,     45288,     51186,     19938,     24727
        79,     43079, 51.416551,     112.5,     400.0,     44516,     21787,     21050,      5522,   5008076,   2451068,   2368124,    621212,      -871,     -6092,     -6963,    -97959,   -685373,   -783332,     19739,      5780,      5566,      1229,   7895537,   2311980,   2226388,    491437,      -464,     -4848,     -5312,   -185596,  -1939223,  -2124818,     21787,      6288,      5780,      2324,     45387,     51479,     20203,     25051
        80,     43080,222.018201,      93.4,     975.7,     43059,     20909,     20584,      4312,   4021742,   1952928,   1922538,    402754,      -880,     -6763,     -7643,    -82200,   -631635,   -713835,     18387,      5456,      5188,       475,  17940293,   5323892,   5062142,    463700,      -539,     -5434,     -5973,   -526141,  -5301477,  -5827618,     20909,      6040,      5456,      2228,     43939,     50702,     18926,     24360
        81,     43081, 25.558816,      58.5,     658.0,     44241,     22941,     20446,      7221,   2588100,   1342031,   1196100,    422410,      -858,     -5969,     -6828,    -50196,   -349215,   -399411,     19189,      6402,      5239,       884,  12626510,   4212345,   3447441,    581543,      -531,     -4940,     -5471,   -349167,  -3250521,  -3599688,     22941,      6412,      6402,      2393,     45099,     51069,     19720,     24660
        82,     43082, 24.842906,      85.4,     769.1,     45872,     21155,     20396,      7772,   3917507,   1806655,   1741793,    663721,      -766,     -4931,     -5697,    -65439,   -421124,   -486563,     20668,      5613,      5273,      1070,  15895576,   4316734,   4055140,    823120,      -513,     -4302,     -4816,   -394915,  -3308794,  -3703709,     21155,      5974,      5613,      2159,     46639,     51570,     21181,     25483
        83,     43083, 27.643352,      60.3,     927.2,     44369,     16341,     20406,      6223,   2675429,    985341,   1230462,    375250,      -648,     -6248,     -6896,    -39075,   -376746,   -415821,     19519,      4812,      5338,      1123,  18098250,   4461243,   4949240,   1041548,      -335,     -5032,     -5367,   -310806,  -4665503,  -4976309,     16341,      6259,      4812,      2307,     45017,     51265,     19854,     24886
        84,     43084, 30.114407,     129.1,    1437.1,     44658,     21249,     20634,      5539,   5765287,   2743211,   2663799,    715129,      -860,     -6029,     -6889,   -111042,   -778328,   -889369,     19827,      5750,      5438,      1143,  28492925,   8262733,   7815245,   1642325,      -459,     -4836,     -5295,   -659204,  -6950461,  -7609665,     21249,      6313,      5750,      2336,     45518,     51547,     20285,     25122
        85,     43085, 32.581527,     206.8,     581.6,     44529,     20181,     20425,      4552,   9208518,   4173330,   4223814,    941397,      -801,     -6289,     -7090,   -165731,  -1300501,  -1466232,     20014,      5134,      5420,      1049,  11639997,   2986019,   3152447,    610152,      -401,     -4829,     -5230,   -233355,  -2808452,  -3041807,     20181,      6177,      5134,      2486,     45330,     51619,     20415,     25244
        86,     43086, 63.941769,     167.9,     111.6,     45110,     12065,     20273,      3075,   7573987,   2025697,   3403899,    516274,      -832,     -5876,     -6708,   -139665,   -986606,  -1126271,     20513,      3580,      5448,       733,   2289297,    399545,    608018,     81851,      -391,     -4478,     -4869,    -43645,   -499739,   -543384,     12065,      6225,      3580,      2452,     45942,     51818,     20904,     25382
        87,     43087,  6.220923,         0,     354.9,     43606,     24836,     20055,      7416,         0,         0,         0,         0,      -892,     -6530,     -7422,         0,         0,         0,     18723,      6489,      5083,       871,   6644665,   2303065,   1804110,    309149,      -548,     -5382,     -5930,   -194472,  -1910049,  -2104521,     24836,      6060,      6489,      2275,     44497,     51027,     19271,     24653
        88,     43088, 13.820473,         0,     387.0,     43503,     23050,     20041,      7868,         0,         0,         0,         0,      -925,     -6515,     -7440,         0,         0,         0,     18694,      5933,      5112,       983,   7234442,   2296148,   1978352,    380464,      -577,     -5318,     -5895,   -223188,  -2058240,  -2281427,     23050,      5977,      5933,      2209,     44428,     50943,     19270,     24589
        89,     43089, 18.647811,     152.7,     131.1,     43651,     20678,     20107,      7296,   6665446,   3157511,   3070341,   1114095,      -898,     -6459,     -7357,   -137066,   -986335,  -1123402,     18907,      5037,      5196,      1122,   2478676,    660395,    681149,    147071,      -556,     -5232,     -5788,    -72935,   -685886,   -758822,     20678,      6058,      5037,      2212,     44548,     51008,     19463,     24695
        90,     43090,940.735849,         0,         0,     38547,      2527,     15251,         0,         0,         0,         0,         0,      -973,    -10270,    -11244,         0,         0,         0,     15649,       334,      3063,         0,         0,         0,         0,         0,      -561,     -7694,     -8256,         0,         0,         0,         0,      2527,         0,       334,     39520,     49791,     16211,     23905
        91,     43091, 52.469138,      16.7,     661.6,     42367,     20223,     19390,      4897,    707523,    337730,    323817,     81783,      -929,     -7317,     -8246,    -15507,   -122198,   -137705,     17952,      4975,      4718,       509,  11877136,   3291512,   3121523,    336735,      -558,     -5907,     -6464,   -369012,  -3907747,  -4276759,     20223,      6014,      4975,      2219,     43295,     50612,     18510,     24416
        92,     43092, 56.973078,     216.0,    1252.0,     42178,     16518,     19138,      4873,   9110413,   3567975,   4133809,   1052647,      -968,     -7545,     -8513,   -209096,  -1629630,  -1838726,     17813,      3976,      4618,       517,  22302398,   4977943,   5781462,    647469,      -586,     -6116,     -6701,   -733137,  -7657126,  -8390263,     16518,      6014,      3976,      2227,     43146,     50690,     18399,     24515
        93,     43093, 65.905370,     101.0,     888.5,     42583,     18821,     19426,      5632,   4300877,   1900882,   1962013,    568838,      -958,     -7106,     -8064,    -96803,   -717681,   -814485,     18074,      4598,      4790,       679,  16058630,   4085300,   4255660,    603712,      -583,     -5782,     -6365,   -518222,  -5136919,  -5655140,     18821,      5850,      4598,      2176,     43541,     50647,     18657,     24439
        94,     43094,220.302307,      86.1,         0,     41607,     15504,     19351,      3800,   3582400,   1334872,   1666083,    327210,      -987,     -8608,     -9595,    -84939,   -741189,   -826128,     17513,      3443,      4896,       765,         0,         0,         0,         0,      -603,     -6700,     -7303,         0,         0,         0,     15504,      5569,      3443,      2092,     42594,     51202,     18115,     24815
        95,     43095, 59.095247,      71.0,      17.0,     44197,     15238,     19752,      2575,   3137970,   1081890,   1402388,    182816,      -703,     -6815,     -7518,    -49940,   -483871,   -533811,     19984,      3544,      5218,       705,    339732,     60252,     88709,     11991,      -350,     -4945,     -5295,     -5951,    -84072,    -90023,     15238,      7154,      3544,      2648,     44900,     51715,     20334,     25280
        96,     43096,626.926917,     138.7,      23.4,     38435,      4173,     18010,        25,   5330986,    578822,   2497957,      3418,     -1152,    -11527,    -12679,   -159829,  -1598776,  -1758604,     15536,      1549,      4624,       144,    363545,     36249,    108208,      3367,      -690,     -8660,     -9350,    -16154,   -202635,   -218789,      3637,      4173,       797,      1549,     39588,     51115,     16226,     24886
        97,     43097, 77.353573,     190.6,     210.8,     39158,     14862,     17572,      2489,   7463543,   2832658,   3349260,    474361,     -1041,     -9966,    -11007,   -198428,  -1899515,  -2097943,     15957,      2936,      3824,       298,   3363756,    618913,    806112,     62787,      -629,     -7714,     -8343,   -132529,  -1626132,  -1758661,     14862,      5287,      2936,      2066,     40199,     50165,     16586,     24300
        98,     43098, 57.179862,      86.8,    2184.4,     41290,     17511,     18075,      3082,   3584002,   1519997,   1568914,    267520,     -1066,     -8360,     -9427,    -92570,   -725683,   -818253,     17295,      4220,      4149,       460,  37778588,   9217258,   9062363,   1004040,      -655,     -6711,     -7365,  -1430187, -14658562, -16088749,     17511,      5523,      4220,      2063,     42357,     50717,     17949,     24660
        99,     43099,176.317268,     101.5,       6.9,     39469,     15709,     18319,      1492,   4006103,   1594414,   1859410,    151394,     -1085,     -9804,    -10889,   -110148,   -995057,  -1105205,     16165,      3154,      4447,       216,    111539,     21761,     30682,      1491,      -657,     -7599,     -8257,     -4536,    -52435,    -56971,     15709,      5436,      3154,      2084,     40554,     50358,     16822,     24422
       100,     43100,174.466602,      90.2,    1804.6,     39895,     17300,     16236,      1809,   3598492,   1560471,   1464531,    163167,     -1172,     -9869,    -11041,   -105712,   -890151,   -995862,     16435,      3947,      3779,       133,  29658551,   7123334,   6820298,    240055,      -715,     -7831,     -8545,  -1290094, -14130958, -15421052,     17300,      5428,      3947,      2108,     41067,     50935,     17150,     24980
       101,     43101,205.546134,      49.0,       5.3,     32082,     11958,     15846,      1846,   1571997,    585936,    776453,     90447,     -1247,    -15778,    -17025,    -61087,   -773114,   -834201,     12021,      2182,      3506,       172,     63713,     11567,     18584,       912,      -710,    -11046,    -11756,     -3764,    -58542,    -62306,     11958,      3483,      2182,       528,     33328,     49106,     12732,     23777
       102,     43102,256.913830,         0,     476.3,     31540,      4414,     10739,       476,         0,         0,         0,         0,     -1259,    -16135,    -17394,         0,         0,         0,     11858,       726,      1945,         0,   5647796,    345587,    926580,         0,      -689,    -10759,    -11448,   -328312,  -5124527,  -5452838,      4414,      3743,       595,       726,     32799,     48934,     12547,     23306
       103,     43103,605.424130,      31.5,      15.8,     30614,      8159,     11051,        16,    964329,    257013,    348108,       498,     -1257,    -16984,    -18241,    -39583,   -534993,   -574576,     11392,      1271,      2046,        32,    179986,     20089,     32325,       498,      -689,    -11400,    -12089,    -10885,   -180123,   -191008,      8159,      3664,      1271,       709,     31870,     48854,     12080,     23481
       104,     43104,208.656447,      64.9,     505.1,     36251,     10768,     13901,       507,   2352673,    698867,    902175,     32925,     -1216,    -13478,    -14694,    -78893,   -874751,   -953643,     14242,      1908,      2843,        85,   7193468,    963839,   1436209,     43155,      -713,     -9982,    -10694,   -359992,  -5041668,  -5401661,     10768,      3784,      1908,      1523,     37466,     50945,     14954,     24936
       105,     43105,199.682526,     188.5,      94.6,     42084,      5446,     15552,       233,   7932904,   1026584,   2931462,     43904,      -777,     -6796,     -7573,   -146487,  -1281072,  -1427559,     19538,      1766,      5715,       306,   1848303,    167111,    540597,     28994,      -239,     -4103,     -4342,    -22576,   -388150,   -410725,      4011,      5446,      1019,      1766,     42861,     49658,     19777,     23880
       106,     43106,185.077468,      95.5,      41.2,     43932,      4882,     13784,       629,   4195497,    466245,   1316372,     60114,      -922,     -5350,     -6273,    -88081,   -510967,   -599048,     20556,       752,      5137,       521,    846923,     30983,    211650,     21473,      -294,     -3430,     -3724,    -12099,   -141335,   -153434,         0,      4882,         0,       752,     44854,     50205,     20850,     24280
       107,     43107, 10.930745,       1.0,         0,     43858,      4255,     11928,       986,     43858,      4255,     11928,       986,     -1205,     -5038,     -6243,     -1205,     -5038,     -6243,     20652,       689,      4609,       520,         0,         0,         0,         0,      -414,     -3194,     -3608,         0,         0,         0,         0,      4255,         0,       689,     45062,     50101,     21066,     24260
       108,     43108,321.697035,         0,         0,     41641,      4217,      8122,       477,         0,         0,         0,         0,     -1276,     -6369,     -7645,         0,         0,         0,     19504,       671,      3482,       315,         0,         0,         0,         0,      -445,     -3961,     -4406,         0,         0,         0,         0,      4217,         0,       671,     42917,     49286,     19949,     23910
       109,     43109,1477.48643,     181.3,     189.4,     36989,         0,      4151,       189,   6706143,         0,    752559,     34338,     -1353,     -9935,    -11287,   -245224,  -1801127,  -2046351,     17125,         0,      2009,       181,   3243392,         0,    380569,     34338,      -480,     -5963,     -6443,    -90848,  -1129425,  -1220273,         0,         0,         0,         0,     38342,     48276,     17604,     23567
       110,     43110,918.138127,      74.1,      11.7,     31964,         0,      1805,        12,   2368543,         0,    133759,       867,      -915,    -15301,    -16216,    -67807,  -1133767,  -1201575,     14876,         0,      1354,        74,    174045,         0,     15846,       867,      -237,     -8468,     -8705,     -2768,    -99080,   -101848,         0,         0,         0,         0,     32879,     48180,     15112,     23581
       111,     43111,271.171840,      20.7,       1.7,     30235,         0,      1750,         2,    625868,         0,     36218,        35,     -1063,    -14640,    -15702,    -21995,   -303045,   -325040,     13948,         0,      1090,        21,     23711,         0,      1854,        35,      -334,     -8308,     -8642,      -567,    -14124,    -14691,         0,         0,         0,         0,     31298,     45938,     14281,     22589
       112,     43112,296.419379,      92.1,      50.0,     41519,      3933,     18022,       188,   3823887,    362208,   1659796,     17359,      -545,     -7885,     -8430,    -50191,   -726229,   -776420,     19095,       706,      6200,       222,    954761,     35279,    310010,     11111,      -191,     -4680,     -4870,     -9535,   -233987,   -243522,      2887,      3933,       706,       519,     42064,     49949,     19286,     23966
       113,     43113, 90.898021,      23.8,      87.4,     43399,      4983,     16279,       268,   1032902,    118588,    387430,      6379,      -902,     -6147,     -7049,    -21463,   -146305,   -167768,     20232,       741,      5745,       488,   1768298,     64767,    502109,     42630,      -281,     -3866,     -4147,    -24552,   -337868,   -362419,         0,      4983,         0,       741,     44301,     50448,     20513,     24379
       114,     43114,152.317089,     177.9,      35.8,     44027,      4693,     14544,       802,   7832320,    834909,   2587395,    142729,      -911,     -5715,     -6626,   -162097,  -1016676,  -1178773,     20720,       725,      5241,       400,    741767,     25938,    187630,     14324,      -302,     -3536,     -3837,    -10800,   -126575,   -137375,         0,      4693,         0,       725,     44938,     50653,     21021,     24557
       115,     43115, 18.768704,         0,     367.4,     42971,      4332,     11389,      1371,         0,         0,         0,         0,     -1192,     -5506,     -6698,         0,         0,         0,     20177,       702,      4448,       534,   7413052,    257794,   1634372,    196343,      -413,     -3416,     -3829,   -151632,  -1255191,  -1406823,         0,      4332,         0,       702,     44163,     49670,     20590,     24006
       116,     43116, 64.172296,      82.9,      23.8,     45323,      4001,     14071,       790,   3757240,    331695,   1166457,     65480,     -1109,     -4683,     -5792,    -91944,   -388216,   -480160,     21514,       644,      5089,       294,    512032,     15338,    121126,      7007,      -335,     -3059,     -3394,     -7970,    -72802,    -80772,         0,      4001,         0,       644,     46432,     51115,     21849,     24908
       117,     43117, 18.494271,         0,         0,     45247,      4017,     13014,       941,         0,         0,         0,         0,     -1076,     -4722,     -5798,         0,         0,         0,     21381,       648,      4837,       233,         0,         0,         0,         0,      -336,     -3167,     -3503,         0,         0,         0,         0,      4017,         0,       648,     46323,     51045,     21716,     24883
       118,     43118,396.035312,         0,         0,     44218,      7741,     10891,         0,         0,         0,         0,         0,     -1133,     -5358,     -6491,         0,         0,         0,     20869,      2311,      4278,         0,         0,         0,         0,         0,      -338,     -3449,     -3787,         0,         0,         0,         0,      7741,         0,      2311,     45350,     50709,     21207,     24656
       119,     43119,501.771249,      11.5,     306.2,     41368,      4520,      5654,       306,    475737,     51984,     65025,      3521,     -1309,     -7761,     -9070,    -15057,    -89248,   -104305,     19371,       725,      2708,        12,   5931427,    222047,    829051,      3521,      -463,     -4796,     -5259,   -141779,  -1468435,  -1610213,         0,      4520,         0,       725,     42678,     50438,     19834,     24630
       120,     43120,895.598806,      26.8,         0,     33091,         0,      3410,         0,    886830,         0,     91400,         0,     -1342,    -14504,    -15846,    -35979,   -388701,   -424680,     15161,         0,      1824,        27,         0,         0,         0,         0,      -468,     -8237,     -8705,         0,         0,         0,         0,         0,         0,         0,     34433,     48937,     15629,     23866
       121,     43121,1716.02276,         0,         0,     41784,      4259,     18892,         0,         0,         0,         0,         0,     -1167,     -8425,     -9592,         0,         0,         0,     19689,       712,      6039,         0,         0,         0,         0,         0,      -342,     -5008,     -5350,         0,         0,         0,         0,      4259,         0,       712,     42951,     51376,     20031,     25039
       122,     43122,301.470394,       2.3,     813.2,     46872,     13231,     15752,      1191,    107806,     30431,     36230,      2740,      -966,     -4015,     -4981,     -2223,     -9234,    -11457,     22059,      3541,      5122,        20,  17938266,   2879598,   4164920,     16446,      -327,     -3066,     -3394,   -266266,  -2493593,  -2759859,     13231,      8701,      3541,      2599,     47839,     51854,     22386,     25453
       123,     43123,103.988228,         0,     261.2,     47666,      8562,     12628,       996,         0,         0,         0,         0,      -934,     -3476,     -4410,         0,         0,         0,     22642,      2430,      4353,        17,   5914111,    634600,   1137005,      4390,      -302,     -2700,     -3002,    -78793,   -705281,   -784074,         0,      8562,         0,      2430,     48600,     52075,     22944,     25644
       124,     43124,1054.54938,         0,         0,     30193,         0,      7184,         0,         0,         0,         0,         0,     -1342,    -18365,    -19707,         0,         0,         0,     13692,         0,      3206,         0,         0,         0,         0,         0,      -467,     -9894,    -10361,         0,         0,         0,         0,         0,         0,         0,     31535,     49900,     14159,     24053
       125,     43125,120.958959,       6.3,         0,     47727,     17340,     15114,       521,    300683,    109242,     95219,      3283,      -883,     -3774,     -4657,     -5564,    -23773,    -29337,     22536,      4859,      4746,        50,         0,         0,         0,         0,      -304,     -2972,     -3276,         0,         0,         0,     17340,      7173,      4859,      2761,     48611,     52384,     22840,     25812
       126,     43126,1244.91035,       1.0,         0,     44570,      9143,     12156,         0,     44570,      9143,     12156,         0,     -1098,     -6656,     -7753,     -1098,     -6656,     -7753,     20807,      2270,      3719,         1,         0,         0,         0,         0,      -378,     -4678,     -5056,         0,         0,         0,      8684,      9143,      1518,      2270,     45668,     52324,     21186,     25863
       127,     43127,183.975261,      58.0,      14.9,     46819,     11914,     16405,        15,   2715474,    690991,    951506,       864,      -877,     -4872,     -5750,    -50881,   -282592,   -333473,     21900,      2739,      4745,        63,    326308,     40817,     70698,       933,      -312,     -3694,     -4006,     -4654,    -55038,    -59692,     11914,      7119,      2739,      2710,     47696,     52568,     22212,     25906
       128,     43128,170.533507,         0,         0,     44503,      9001,     15998,        14,         0,         0,         0,         0,     -1064,     -6977,     -8041,         0,         0,         0,     20621,      2505,      4312,        77,         0,         0,         0,         0,      -362,     -4908,     -5270,         0,         0,         0,         0,      9001,         0,      2505,     45567,     52544,     20983,     25891
       129,     43129,4074.97630,       3.0,      62.9,     33391,      4142,       869,        63,    100172,     12427,      2606,       189,     -1435,    -12394,    -13829,     -4306,    -37181,    -41487,     15921,       728,       549,         3,   1001419,     45800,     34532,       189,      -464,     -7147,     -7611,    -29194,   -449558,   -478752,         0,      4142,         0,       728,     34826,     47220,     16385,     23532
       130,     43130,765.730222,      15.2,      10.1,     28942,         0,       202,        10,    439914,         0,      3074,       154,     -1408,    -14996,    -16404,    -21408,   -227932,   -249339,     14285,         0,       441,        15,    144282,         0,      4457,       154,      -446,     -8275,     -8721,     -4505,    -83576,    -88081,         0,         0,         0,         0,     30350,     45346,     14731,     23006
       131,     43131,11529.3808,      50.3,      14.2,     27050,         0,      1043,        14,   1360613,         0,     52470,       714,     -1406,    -18462,    -19868,    -70732,   -928634,   -999366,     13496,         0,      1050,        50,    191641,         0,     14908,       714,      -426,     -9839,    -10265,     -6045,   -139720,   -145765,         0,         0,         0,         0,     28456,     46918,     13921,     23761
       132,     43132,1381.97165,      37.6,      20.3,     26110,         0,       340,        20,    981732,         0,     12795,       763,     -1410,    -18459,    -19869,    -53024,   -694052,   -747075,     12985,         0,       783,        38,    263587,         0,     15899,       763,      -444,    -10003,    -10448,     -9017,   -203070,   -212087,         0,         0,         0,         0,     27520,     45979,     13429,     23432
       133,     43133,2501.70911,      66.0,         0,     28471,         0,       321,         0,   1879101,         0,     21192,         0,     -1411,    -14337,    -15748,    -93132,   -946253,  -1039385,     14145,         0,       796,        66,         0,         0,         0,         0,      -446,     -8121,     -8567,         0,         0,         0,         0,         0,         0,         0,     29882,     44219,     14591,     22712
       134,     43134,1398.93405,      57.0,      30.4,     19054,         0,       279,        30,   1086050,         0,     15904,      1733,     -1352,    -17328,    -18681,    -77085,   -987705,  -1064790,      9805,         0,       751,        57,    298077,         0,     22837,      1733,      -400,     -9375,     -9775,    -12168,   -284989,   -297157,         0,         0,         0,         0,     20406,     37734,     10205,     19580
       135,     43135,1041.98860,     432.1,     223.2,     24004,         0,       388,       223,  10372146,         0,    167624,     96445,     -1354,    -15899,    -17253,   -584999,  -6869968,  -7454966,     12235,         0,       969,       432,   2730803,         0,    216371,     96445,      -400,     -8654,     -9055,    -89382,  -1931601,  -2020983,         0,         0,         0,         0,     25358,     41257,     12635,     21289
       136,     43136,1060.43246,      77.2,       9.9,     20114,         0,       344,        10,   1552809,         0,     26532,       764,     -1353,    -16996,    -18349,   -104434,  -1312075,  -1416509,     10325,         0,       903,        77,    102215,         0,      8942,       764,      -401,     -9345,     -9746,     -3969,    -92519,    -96488,         0,         0,         0,         0,     21467,     38463,     10726,     20071
       137,     43137,291.193075,      32.0,       5.5,     18133,         0,       248,         6,    580248,         0,      7924,       176,     -1353,    -16724,    -18077,    -43288,   -535178,   -578466,      9358,         0,       687,        32,     51467,         0,      3777,       176,      -400,     -9282,     -9681,     -2198,    -51048,    -53246,         0,         0,         0,         0,     19486,     36210,      9757,     19039
       138,     43138,633.670519,      27.1,       1.0,     23409,         0,       623,         1,    634390,         0,     16877,        27,     -1333,    -17028,    -18361,    -36125,   -461470,   -497595,     12232,         0,      1119,        27,     12232,         0,      1119,        27,      -392,     -8934,     -9325,      -392,     -8934,     -9325,         0,         0,         0,         0,     24742,     41771,     12624,     21558
       139,     43139,1057.95552,      66.7,      18.5,     22276,         0,       927,        19,   1485842,         0,     61863,      1234,     -1337,    -16121,    -17457,    -89162,  -1075250,  -1164411,     11915,         0,      1233,        67,    220427,         0,     22808,      1234,      -394,     -8410,     -8804,     -7288,   -155579,   -162867,         0,         0,         0,         0,     23613,     39734,     12309,     20719
       140,     43140,2320.00371,      77.2,       5.7,     20689,         0,      1140,         6,   1597218,         0,     88018,       440,     -1426,    -19973,    -21398,   -110051,  -1541878,  -1651929,     11423,         0,      1367,        77,     65109,         0,      7793,       440,      -429,     -9860,    -10288,     -2444,    -56199,    -58643,         0,         0,         0,         0,     22115,     42087,     11851,     21711
       141,     43141,1045.92022,      95.7,       9.5,     22377,         0,      1417,        10,   2141462,         0,    135648,       909,     -1425,    -15402,    -16828,   -136388,  -1474006,  -1610394,     12259,         0,      1438,        96,    116461,         0,     13659,       909,      -429,     -7949,     -8378,     -4079,    -75511,    -79590,         0,         0,         0,         0,     23802,     39204,     12688,     20637
       142,     43142,2146.69408,      49.8,      83.4,     22435,         0,      1917,        83,   1117245,         0,     95483,      4153,     -1423,    -18307,    -19730,    -70863,   -911690,   -982553,     12200,         0,      1646,        50,   1017469,         0,    137260,      4153,      -428,     -9321,     -9749,    -35712,   -777383,   -813096,         0,         0,         0,         0,     23858,     42165,     12628,     21949
       143,     43143,257.184683,      35.6,      54.1,     26213,      2208,      1847,        54,    933196,     78587,     65738,      1934,     -1424,    -13085,    -14509,    -50685,   -465836,   -516521,     14058,       527,      1678,        37,    760550,     28486,     90797,      2027,      -432,     -6953,     -7386,    -23394,   -376179,   -399572,         0,      2208,         0,       527,     27637,     40722,     14491,     21444
       144,     43144,136.097191,         0,      54.1,     29778,      2410,      2184,       295,         0,         0,         0,         0,     -1418,    -11203,    -12621,         0,         0,         0,     15323,       577,      1668,       174,    828983,     31237,     90232,      9433,      -432,     -6522,     -6954,    -23380,   -352831,   -376210,      1622,      2410,       459,       577,     31196,     42399,     15755,     22277
       145,     43145,168.311244,     205.3,     263.0,     28007,      2323,      2056,       584,   5749768,    476972,    422028,    119913,     -1418,    -11436,    -12854,   -291180,  -2347847,  -2639027,     14786,       569,      1690,       421,   3888813,    149532,    444494,    110640,      -431,     -6400,     -6831,   -113353,  -1683151,  -1796504,      2191,      2323,       569,       555,     29425,     40861,     15217,     21617
       146,     43146,144.932070,     154.2,     140.1,     27443,      2335,      1972,       785,   4231744,    360044,    304107,    120991,     -1422,    -11526,    -12947,   -219199,  -1777287,  -1996487,     14600,       558,      1689,       492,   2045441,     78224,    236692,     68944,      -431,     -6365,     -6796,    -60426,   -891745,   -952171,      1017,      2335,       334,       558,     28865,     40391,     15031,     21396
       147,     43147,1635.88871,      16.4,      11.3,     29872,         0,      1950,        11,    489901,         0,     31982,       185,     -1407,    -14600,    -16007,    -23074,   -239441,   -262515,     14792,         0,      1194,        16,    167145,         0,     13488,       185,      -425,     -8545,     -8970,     -4802,    -96562,   -101364,         0,         0,         0,         0,     31279,     45879,     15217,     23762
       148,     43148,981.624852,      51.6,      79.5,     27964,      1913,      2380,        94,   1442926,     98686,    122787,      4856,     -1429,    -13555,    -14984,    -73752,   -699437,   -773189,     14840,       424,      1649,        59,   1179768,     33733,    131074,      4654,      -439,     -7227,     -7666,    -34864,   -574559,   -609423,         0,      1913,         0,       424,     29393,     42948,     15278,     22506
       149,     43149,222.556309,      54.8,      91.1,     28899,      3407,      2221,       488,   1583689,    186699,    121696,     26764,     -1418,    -11294,    -12713,    -77725,   -618920,   -696645,     15148,       813,      1711,       230,   1379949,     74062,    155862,     20971,      -433,     -6406,     -6840,    -39483,   -583600,   -623083,      3407,      2588,       813,       624,     30318,     41612,     15581,     21987
       150,     43150,345.847797,     289.6,     833.4,     27884,      2357,      2069,       957,   8075269,    682468,    599178,    277084,     -1420,    -10586,    -12006,   -411193,  -3065742,  -3476935,     14832,       564,      1740,       421,  12360919,    469895,   1450269,    350612,      -434,     -5977,     -6411,   -361654,  -4981035,  -5342689,      1224,      2357,       379,       564,     29304,     39890,     15266,     21243
       151,     43151, 72.484294,      17.7,         0,     24434,      2067,      1992,       443,    432488,     36594,     35259,      7834,     -1424,    -12499,    -13923,    -25206,   -221236,   -246442,     13077,       493,      1705,       173,         0,         0,         0,         0,      -431,     -7056,     -7487,         0,         0,         0,         0,      2067,         0,       493,     25858,     38358,     13508,     20564
       152,     43152,208.397902,      20.8,         0,     26784,      2146,      2169,       384,    557102,     44643,     45123,      7995,     -1422,    -11684,    -13106,    -29567,   -243032,   -272599,     14562,       479,      1746,       168,         0,         0,         0,         0,      -437,     -6309,     -6746,         0,         0,         0,         0,      2146,         0,       479,     28205,     39889,     14998,     21307
       153,     43153,742.236190,     310.3,      78.4,     27987,      1995,      2404,        78,   8684409,    618994,    745808,     24328,     -1444,    -13058,    -14503,   -448166,  -4052003,  -4500169,     15223,       444,      1620,       310,   1193468,     34782,    126978,     24328,      -444,     -6813,     -7257,    -34834,   -534112,   -568946,         0,      1995,         0,       444,     29431,     42490,     15667,     22480
       154,     43154,650.821852,     127.3,      73.1,     24610,         0,      2149,        73,   3132892,         0,    273523,      9306,     -1451,    -13813,    -15264,   -184776,  -1758357,  -1943132,     13790,         0,      1676,       130,   1008066,         0,    122526,      9484,      -447,     -7091,     -7538,    -32653,   -518351,   -551003,         0,         0,         0,         0,     26062,     39875,     14237,     21328
       155,     43155,1163.76624,      48.7,      10.2,     22823,         0,      1725,        11,   1111498,         0,     84029,       556,     -1451,    -13211,    -14662,    -70675,   -643378,   -714053,     12903,         0,      1511,        52,    131615,         0,     15413,       532,      -446,     -6923,     -7369,     -4550,    -70615,    -75165,         0,         0,         0,         0,     24275,     37486,     13350,     20273
       156,     43156,109.650810,      25.1,       9.0,     22419,         0,      1745,        11,    562707,         0,     43812,       266,     -1424,    -12809,    -14234,    -35752,   -321511,   -357263,     12085,         0,      1520,        34,    108761,         0,     13676,       306,      -430,     -7364,     -7794,     -3871,    -66274,    -70145,         0,         0,         0,         0,     23843,     36652,     12515,     19878
       157,     43157,239.535030,       3.0,         0,     26724,      1045,      2058,         1,     80173,      3136,      6173,         3,     -1449,    -13922,    -15371,     -4346,    -41767,    -46112,     14909,       470,      1420,        29,         0,         0,         0,         0,      -445,     -7027,     -7472,         0,         0,         0,      1045,         0,       470,         0,     28173,     42095,     15354,     22381
       158,     43158,174.204558,      25.8,       0.9,     26036,      2512,      2054,         2,    671734,     64822,     52994,        54,     -1452,    -14118,    -15569,    -37452,   -364237,   -401689,     14500,       833,      1464,        37,     13050,       749,      1318,        34,      -447,     -7231,     -7677,      -402,     -6508,     -6910,      2512,      1901,       833,       422,     27488,     41606,     14947,     22178
       159,     43159,659.568299,      76.6,      10.9,     25204,       944,      1823,        13,   1930659,     72338,    139679,      1010,     -1450,    -12913,    -14363,   -111098,   -989123,  -1100221,     14086,       442,      1447,        81,    153542,      4822,     15770,       882,      -446,     -6747,     -7193,     -4862,    -73541,    -78403,       944,         0,       442,         0,     26655,     39568,     14532,     21279
       160,     43160,687.078890,      57.4,         0,     19899,         0,      1350,         0,   1142204,         0,     77481,         0,     -1451,    -16507,    -17958,    -83280,   -947516,  -1030796,     11466,         0,      1225,        57,         0,         0,         0,         0,      -443,     -8620,     -9063,         0,         0,         0,         0,         0,         0,         0,     21350,     37857,     11909,     20529
       161,     43161,521.862197,      83.7,       9.9,     18181,         0,       625,        25,   1521740,         0,     52342,      2068,     -1451,    -15753,    -17204,   -121452,  -1318563,  -1440015,     10629,         0,       759,       126,    105230,         0,      7518,      1245,      -442,     -8376,     -8818,     -4379,    -82919,    -87298,         0,         0,         0,         0,     19632,     35385,     11072,     19447
       162,     43162,196.889008,       4.9,       7.3,     23811,         0,      1477,        11,    116675,         0,      7237,        52,     -1452,    -14344,    -15796,     -7117,    -70284,    -77401,     13396,         0,      1222,        28,     97794,         0,      8917,       203,      -447,     -7513,     -7960,     -3264,    -54845,    -58109,         0,         0,         0,         0,     25264,     39607,     13844,     21357
       163,     43163,613.234353,      57.7,      20.3,     21388,         0,       615,        28,   1234087,         0,     35496,      1588,     -1450,    -14966,    -16416,    -83676,   -863534,   -947210,     12010,         0,       721,       119,    243801,         0,     14631,      2411,      -445,     -8034,     -8479,     -9038,   -163091,   -172128,         0,         0,         0,         0,     22838,     37804,     12455,     20489
       164,     43164,14272.9952,      16.2,         0,      2017,         0,        19,         0,     32683,         0,       309,         0,       -42,    -24563,    -24605,      -679,   -397922,   -398601,      1256,         0,       180,        16,         0,         0,         0,         0,       -15,    -11631,    -11646,         0,         0,         0,         0,         0,         0,         0,      2059,     26622,      1271,     12902
       165,     43165,452.346376,       7.1,         0,      5144,         0,        25,         0,     36524,         0,       175,         0,      -425,    -14289,    -14714,     -3014,   -101452,   -104467,      2811,         0,       257,         7,         0,         0,         0,         0,      -113,     -6639,     -6752,         0,         0,         0,         0,         0,         0,         0,      5569,     19858,      2924,      9563
       166,     43166,968.535311,       8.6,         0,      4828,         0,        25,         0,     41520,         0,       218,         0,      -358,    -12007,    -12365,     -3077,   -103258,   -106335,      2651,         0,       262,         9,         0,         0,         0,         0,       -99,     -5594,     -5693,         0,         0,         0,         0,         0,         0,         0,      5186,     17192,      2750,      8344
       167,     43167,731.884799,      27.8,         0,      6186,         0,        33,         3,    171983,         0,       906,        75,      -602,    -13496,    -14098,    -16725,   -375196,   -391920,      3307,         0,       325,        52,         0,         0,         0,         0,      -148,     -6353,     -6501,         0,         0,         0,         0,         0,         0,         0,      6788,     20284,      3455,      9808
       168,     43168,392.860256,      70.1,       8.0,      7336,         0,        34,         8,    514264,         0,      2362,       561,      -716,    -13000,    -13716,    -50200,   -911325,   -961525,      3820,         0,       335,        80,     30562,         0,      2681,       636,      -158,     -6238,     -6396,     -1264,    -49902,    -51166,         0,         0,         0,         0,      8052,     21053,      3978,     10216
       169,     43169,439.543588,      13.3,         0,      8817,         0,        34,         0,    117271,         0,       448,         0,      -780,    -12740,    -13520,    -10376,   -169438,   -179814,      4450,         0,       335,        13,         0,         0,         0,         0,      -177,     -6263,     -6440,         0,         0,         0,         0,         0,         0,         0,      9598,     22337,      4628,     10890
       170,     43170,1728.80490,         0,         0,      6083,         0,        31,         0,         0,         0,         0,         0,      -585,    -12092,    -12677,         0,         0,         0,      3257,         0,       308,         0,         0,         0,         0,         0,      -145,     -5761,     -5906,         0,         0,         0,         0,         0,         0,         0,      6667,     18759,      3403,      9163
       171,     43171,714.171204,       7.3,         0,      5981,         0,        34,         0,     43661,         0,       246,         0,      -570,    -15730,    -16300,     -4160,   -114828,   -118989,      3212,         0,       336,         7,         0,         0,         0,         0,      -143,     -7405,     -7548,         0,         0,         0,         0,         0,         0,         0,      6551,     22281,      3355,     10760
       172,     43172,833.704243,     195.6,      25.7,      7632,         0,        34,        26,   1492904,         0,      6592,      5027,      -731,    -15058,    -15789,   -142936,  -2945378,  -3088314,      3945,         0,       335,       196,    101390,         0,      8616,      5027,      -161,     -7286,     -7447,     -4132,   -187253,   -191385,         0,         0,         0,         0,      8363,     23421,      4106,     11392
       173,     43173,308.534302,       1.4,         0,      5049,         0,        30,         0,      7069,         0,        41,         0,      -409,    -18301,    -18710,      -572,    -25622,    -26194,      2765,         0,       275,         1,         0,         0,         0,         0,      -109,     -8765,     -8874,         0,         0,         0,         0,         0,         0,         0,      5458,     23760,      2874,     11639
       174,     43174,12879.8339,      22.0,         0,      3113,         0,         0,         0,     68490,         0,         0,         0,      -117,     -8777,     -8894,     -2571,   -193087,   -195658,      1683,         0,        24,        22,         0,         0,         0,         0,       -49,     -4487,     -4535,         0,         0,         0,         0,         0,         0,         0,      3230,     12007,      1732,      6218
       175,     43175,144.382695,         0,         0,     10633,         0,       199,         0,         0,         0,         0,         0,      -796,    -12106,    -12902,         0,         0,         0,      5211,         0,        78,         0,         0,         0,         0,         0,      -185,     -6350,     -6535,         0,         0,         0,         0,         0,         0,         0,     11429,     23535,      5396,     11746
       176,     43176,20512.4583,         0,         0,       636,         0,         0,         0,         0,         0,         0,         0,        -2,     -5780,     -5782,         0,         0,         0,       405,         0,         0,         0,         0,         0,         0,         0,        -1,     -3442,     -3443,         0,         0,         0,         0,         0,         0,         0,       638,      6418,       406,      3848
       177,     43177,289.366735,         0,         0,     12258,         0,      1528,         0,         0,         0,         0,         0,      -833,    -14073,    -14906,         0,         0,         0,      5933,         0,       470,         0,         0,         0,         0,         0,      -197,     -7440,     -7637,         0,         0,         0,         0,         0,         0,         0,     13091,     27164,      6130,     13570
       178,     43178,5098.90728,       3.0,         0,      5605,         0,       149,         0,     16815,         0,       448,         0,      -504,    -14036,    -14540,     -1512,    -42107,    -43619,      2971,         0,        49,         3,         0,         0,         0,         0,      -132,     -7060,     -7192,         0,         0,         0,         0,         0,         0,         0,      6109,     20145,      3103,     10163
       179,     43179,82378.1308,      26.8,         0,       436,         0,         0,         0,     11689,         0,         0,         0,        -2,     -6278,     -6280,       -42,   -168263,   -168305,       260,         0,        27,        27,         0,         0,         0,         0,        -1,     -3785,     -3786,         0,         0,         0,         0,         0,         0,         0,       438,      6716,       260,      4045
       180,     43180,785.887644,     291.2,    1418.4,     19563,         0,      1846,      1418,   5696841,         0,    537660,    413038,      -951,    -10768,    -11719,   -276917,  -3135561,  -3412478,      9367,         0,       778,       291,  13285652,         0,   1104012,    413038,      -249,     -6111,     -6360,   -353181,  -8667790,  -9020972,         0,         0,         0,         0,     20514,     31282,      9616,     15727
       181,     43181,8256.66025,       9.3,       1.1,      7760,         0,       557,         1,     72170,         0,      5181,        10,      -757,    -13085,    -13842,     -7045,   -121688,   -128733,      3871,         0,       228,         9,      4258,         0,       251,        10,      -174,     -7029,     -7203,      -191,     -7732,     -7923,         0,         0,         0,         0,      8518,     21602,      4044,     11073
       182,     43182,6265.91272,       2.7,         0,     19694,         0,      1823,        20,     53173,         0,      4923,        53,      -905,    -12942,    -13846,     -2443,    -34942,    -37385,      9419,         0,       772,         3,         0,         0,         0,         0,      -226,     -7092,     -7318,         0,         0,         0,         0,         0,         0,         0,     20599,     33540,      9645,     16737
       183,     43183,343.240789,         0,     141.4,     21478,         0,      1877,       141,         0,         0,         0,         0,      -909,    -11533,    -12442,         0,         0,         0,     10306,         0,       834,         0,   1457314,         0,    117903,        53,      -231,     -6457,     -6688,    -32674,   -913024,   -945698,         0,         0,         0,         0,     22388,     33920,     10537,     16994
       184,     43184,948.640963,     256.1,     204.8,     19105,         0,      1909,       205,   4892758,         0,    488793,     52449,      -927,    -13685,    -14612,   -237530,  -3504633,  -3742163,      9163,         0,       890,       256,   1876639,         0,    182361,     52449,      -234,     -7437,     -7670,    -47827,  -1523004,  -1570831,         0,         0,         0,         0,     20032,     33717,      9397,     16833
       185,     43185,1617.89237,     101.4,      19.7,     10403,         0,      1743,        20,   1054902,         0,    176757,      1998,      -828,    -16817,    -17644,    -83911,  -1705201,  -1789112,      5031,         0,       761,       101,     99118,         0,     14994,      1998,      -200,     -8964,     -9164,     -3947,   -176594,   -180541,         0,         0,         0,         0,     11231,     28047,      5232,     14196
       186,     43186,854.602301,         0,         0,     14922,         0,      1714,         0,         0,         0,         0,         0,      -871,    -15446,    -16317,         0,         0,         0,      7160,         0,       835,         0,         0,         0,         0,         0,      -210,     -8310,     -8520,         0,         0,         0,         0,         0,         0,         0,     15792,     31238,      7371,     15681
       187,     43187,662.199239,         0,         0,      8186,         0,       599,         0,         0,         0,         0,         0,      -784,    -17931,    -18714,         0,         0,         0,      4059,         0,       350,         0,         0,         0,         0,         0,      -181,     -9523,     -9704,         0,         0,         0,         0,         0,         0,         0,      8970,     26900,      4240,     13763
       188,     43188,1355.83137,       5.8,         0,      4290,         0,        12,         0,     24882,         0,        69,         0,      -254,    -20095,    -20349,     -1473,   -116553,   -118026,      2211,         0,        70,         6,         0,         0,         0,         0,       -83,    -10407,    -10490,         0,         0,         0,         0,         0,         0,         0,      4544,     24639,      2294,     12701
       189,     43189,487.423274,       9.1,         0,      3967,         0,         0,         0,     36097,         0,         4,         0,      -230,    -14603,    -14834,     -2096,   -132891,   -134987,      2046,         0,        18,         9,         0,         0,         0,         0,       -78,     -7735,     -7813,         0,         0,         0,         0,         0,         0,         0,      4197,     18800,      2124,      9859
       190,     43190,10085.3168,         0,         0,       913,         0,         0,         0,         0,         0,         0,         0,        -1,    -16020,    -16021,         0,         0,         0,       468,         0,        18,         0,         0,         0,         0,         0,        -1,     -8576,     -8578,         0,         0,         0,         0,         0,         0,         0,       914,     16934,       470,      9046
       191,     43191,1827.42447,      15.5,         0,      1197,         0,         0,         0,     18553,         0,         0,         0,        -1,    -11710,    -11711,       -14,   -181511,   -181525,       688,         0,        16,        16,         0,         0,         0,         0,        -2,     -6453,     -6455,         0,         0,         0,         0,         0,         0,         0,      1198,     12908,       689,      7142
       192,     43192,550.359597,      42.3,       4.3,     19176,         0,      1589,        28,    811159,         0,     67216,      1184,      -920,    -10986,    -11906,    -38921,   -464688,   -503609,      9145,         0,       845,        74,     39322,         0,      3634,       317,      -232,     -6294,     -6526,      -997,    -27065,    -28062,         0,         0,         0,         0,     20096,     31082,      9377,     15671
       193,     43193,509.073894,      84.6,      63.8,     21194,         0,      1430,        65,   1793039,         0,    120969,      5533,      -936,    -10750,    -11687,    -79207,   -909488,   -988694,     10175,         0,       831,       100,    649186,         0,     52991,      6399,      -245,     -6195,     -6440,    -15654,   -395211,   -410865,         0,         0,         0,         0,     22131,     32881,     10421,     16615
       194,     43194,842.354852,       6.9,         0,     17146,         0,      1406,         0,    118306,         0,      9700,         0,      -923,    -11210,    -12133,     -6370,    -77347,    -83717,      8198,         0,       819,         7,         0,         0,         0,         0,      -233,     -6507,     -6740,         0,         0,         0,         0,         0,         0,         0,     18069,     29279,      8431,     14938
       195,     43195,2017.67412,       1.9,         0,     15588,         0,       296,         0,     29616,         0,       563,         0,      -892,    -18745,    -19638,     -1696,    -35616,    -37312,      7444,         0,       347,         2,         0,         0,         0,         0,      -213,     -9746,     -9959,         0,         0,         0,         0,         0,         0,         0,     16480,     35225,      7657,     17403
       196,     43196,1133.24208,      10.9,         0,     20938,         0,       962,         0,    228229,         0,     10485,         0,      -922,    -12609,    -13530,    -10047,   -137433,   -147480,      9993,         0,       664,        11,         0,         0,         0,         0,      -237,     -7028,     -7264,         0,         0,         0,         0,         0,         0,         0,     21860,     34469,     10230,     17257
       197,     43197,555.057435,      35.0,         0,     22689,         0,       831,         0,    794098,         0,     29072,         0,      -922,    -11690,    -12612,    -32258,   -409153,   -441411,     10855,         0,       676,        35,         0,         0,         0,         0,      -239,     -6679,     -6917,         0,         0,         0,         0,         0,         0,         0,     23610,     35300,     11094,     17772
       198,     43198,1034.86925,      76.4,      54.1,     22173,         0,      1018,        54,   1693992,         0,     77738,      4133,      -937,    -10684,    -11620,    -71553,   -816225,   -887778,     10636,         0,       727,        76,    575381,         0,     39331,      4133,      -246,     -6250,     -6496,    -13305,   -338138,   -351443,         0,         0,         0,         0,     23109,     33793,     10881,     17132
       199,     43199,2034.92383,      14.8,       3.3,     20439,         0,       333,         3,    302491,         0,      4926,        49,      -930,    -11557,    -12487,    -13768,   -171042,   -184809,      9739,         0,       440,        15,     32140,         0,      1453,        49,      -241,     -6848,     -7089,      -794,    -22598,    -23393,         0,         0,         0,         0,     21369,     32926,      9980,     16828
       200,     43200,695.545260,      12.6,         0,     26915,         0,       400,         0,    339127,         0,      5034,         0,      -923,    -10494,    -11417,    -11636,   -132221,   -143856,     12933,         0,       498,        13,         0,         0,         0,         0,      -241,     -6017,     -6258,         0,         0,         0,         0,         0,         0,         0,     27838,     38332,     13174,     19191
       201,     43201,1564.06813,       2.9,         0,     25457,         0,       137,         0,     73827,         0,       398,         0,      -916,     -9553,    -10469,     -2656,    -27705,    -30361,     11601,         0,       212,         3,         0,         0,         0,         0,      -239,     -6062,     -6301,         0,         0,         0,         0,         0,         0,         0,     26373,     35927,     11840,     17902
       202,     43202,1930.33520,      21.9,         0,     30564,         0,       278,         0,    669358,         0,      6093,         0,      -921,    -10824,    -11745,    -20168,   -237051,   -257219,     14732,         0,       399,        22,         0,         0,         0,         0,      -238,     -6081,     -6319,         0,         0,         0,         0,         0,         0,         0,     31485,     42309,     14970,     21051
       203,     43203,947.824885,      47.2,      64.4,     26084,         0,       316,       143,   1231144,         0,     14937,      6768,      -924,    -12380,    -13304,    -43592,   -584336,   -627927,     12518,         0,       438,        86,    806181,         0,     28222,      5533,      -241,     -7004,     -7245,    -15528,   -451030,   -466558,         0,         0,         0,         0,     27007,     39387,     12759,     19763
       204,     43204,539.120799,      42.3,      86.3,     29694,         0,       312,       145,   1256038,         0,     13196,      6144,      -932,     -9279,    -10211,    -39426,   -392481,   -431907,     14314,         0,       429,        86,   1235302,         0,     37051,      7379,      -244,     -5561,     -5805,    -21068,   -479871,   -500940,         0,         0,         0,         0,     30626,     39904,     14558,     20119
       205,     43205,1786.24933,       9.1,         0,     23728,         0,       239,         0,    215925,         0,      2175,         0,      -929,    -11661,    -12591,     -8458,   -106118,   -114576,     11331,         0,       303,         9,         0,         0,         0,         0,      -243,     -6976,     -7218,         0,         0,         0,         0,         0,         0,         0,     24658,     36319,     11574,     18550
       206,     43206,1310.72882,      17.5,      12.7,     23992,         0,       214,        13,    419865,         0,      3751,       222,      -928,    -14110,    -15038,    -16246,   -246924,   -263170,     11463,         0,       266,        18,    145583,         0,      3378,       222,      -243,     -8150,     -8393,     -3081,   -103511,   -106592,         0,         0,         0,         0,     24921,     39031,     11706,     19856
       207,     43207,4915.97867,     109.6,      63.6,     33903,         0,       231,        64,   3715760,         0,     25340,      6971,      -917,     -8670,     -9588,   -100556,   -950271,  -1050827,     15867,         0,       442,       110,   1009153,         0,     28105,      6971,      -241,     -5237,     -5478,    -15339,   -333089,   -348428,         0,         0,         0,         0,     34820,     43491,     16108,     21346
       208,     43208,168.839276,      48.0,      58.6,     33761,         0,       259,        68,   1620543,         0,     12426,      3245,      -917,     -9650,    -10567,    -44013,   -463203,   -507216,     16339,         0,       394,        56,    957453,         0,     23116,      3255,      -238,     -5523,     -5761,    -13954,   -323649,   -337602,         0,         0,         0,         0,     34678,     44328,     16577,     22100
       209,     43209,1092.72720,      14.6,         0,     28455,         0,       332,         0,    415436,         0,      4841,         0,      -915,    -16731,    -17647,    -13366,   -244279,   -257646,     13759,         0,       544,        15,         0,         0,         0,         0,      -233,     -8630,     -8863,         0,         0,         0,         0,         0,         0,         0,     29370,     46101,     13992,     22622
       210,     43210, 79.456169,       7.8,       9.3,     34309,         0,       249,        66,    267609,         0,      1945,       515,      -917,     -9750,    -10667,     -7155,    -76048,    -83203,     16621,         0,       386,        83,    154575,         0,      3587,       772,      -238,     -5572,     -5810,     -2209,    -51820,    -54030,         0,         0,         0,         0,     35226,     44976,     16859,     22431
       211,     43211,679.411979,      47.3,         0,     31480,         0,       240,         6,   1489013,         0,     11367,       267,      -915,    -11797,    -12713,    -43292,   -558018,   -601311,     15285,         0,       360,        52,         0,         0,         0,         0,      -234,     -6554,     -6788,         0,         0,         0,         0,         0,         0,         0,     32395,     44193,     15519,     22073
       212,     43212,2883.62077,       8.6,       5.6,     26931,         0,       176,         6,    231611,         0,      1514,        48,      -914,    -16723,    -17637,     -7862,   -143814,   -151676,     13124,         0,       274,         9,     73497,         0,      1537,        48,      -233,     -8977,     -9210,     -1306,    -50270,    -51576,         0,         0,         0,         0,     27846,     44568,     13358,     22334
       213,     43213,318.340274,         0,         0,     29671,         0,       991,         0,         0,         0,         0,         0,      -916,    -15447,    -16363,         0,         0,         0,     13735,         0,       927,         0,         0,         0,         0,         0,      -235,     -8645,     -8880,         0,         0,         0,         0,         0,         0,         0,     30587,     46035,     13970,     22615
       214,     43214,975.054828,      12.8,       1.7,     28684,         0,       454,         2,    367160,         0,      5814,        22,      -915,    -18192,    -19108,    -11718,   -232863,   -244580,     14006,         0,       596,        13,     23810,         0,      1013,        22,      -233,     -9281,     -9513,      -396,    -15777,    -16173,         0,         0,         0,         0,     29600,     47792,     14239,     23519
       215,     43215,1142.62370,      65.3,       2.8,     27048,         0,       698,         3,   1766225,         0,     45578,       183,      -766,    -20805,    -21571,    -50050,  -1358540,  -1408590,     13412,         0,       574,        65,     37552,         0,      1608,       183,      -203,    -10555,    -10759,      -570,    -29554,    -30124,         0,         0,         0,         0,     27814,     48619,     13615,     24170
       216,     43216,10080.2381,         0,         0,     13122,         0,        56,         0,         0,         0,         0,         0,      -843,    -15583,    -16426,         0,         0,         0,      6242,         0,        82,         0,         0,         0,         0,         0,      -204,     -8924,     -9128,         0,         0,         0,         0,         0,         0,         0,     13966,     29549,      6446,     15370
       217,     43217,27727.1019,         0,         0,       453,         0,         0,         0,         0,         0,         0,         0,        -0,    -17841,    -17841,         0,         0,         0,       197,         0,         0,         0,         0,         0,         0,         0,        -0,     -9794,     -9794,         0,         0,         0,         0,         0,         0,         0,       454,     18295,       197,      9991
       218,     43218,4547.91756,         0,         0,       507,         0,         0,         0,         0,         0,         0,         0,        -1,     -8186,     -8187,         0,         0,         0,       223,         0,         9,         0,         0,         0,         0,         0,        -1,     -4977,     -4978,         0,         0,         0,         0,         0,         0,         0,       508,      8694,       224,      5201
       219,     43219,54406.3431,         0,         0,         0,         0,         0,         0,         0,         0,         0,         0,         0,      -715,      -715,         0,         0,         0,         0,         0,         0,         0,         0,         0,         0,         0,         0,      -660,      -660,         0,         0,         0,         0,         0,         0,         0,         0,       715,         0,       660
       220,     43220,33738.1326,       1.9,         0,         0,         0,         0,         0,         0,         0,         0,         0,         0,      -832,      -832,         0,     -1581,     -1581,         2,         0,         2,         2,         0,         0,         0,         0,         0,      -926,      -926,         0,         0,         0,         0,         0,         0,         0,         0,       832,         2,       927
       221,     43221,319502.805,      18.2,         0,         0,         0,         0,         0,         0,         0,         0,         0,         0,         0,         0,         0,         0,         0,         0,         0,        18,        18,         0,         0,         0,         0,         0,       -19,       -19,         0,         0,         0,         0,         0,         0,         0,         0,         0,         0,        19
       222,     43222,8599.87056,      14.3,         0,     22032,         0,       127,         0,    315064,         0,      1810,         0,     -1402,    -13149,    -14551,    -20044,   -188034,   -208077,     10765,         0,       320,        14,         0,         0,         0,         0,      -443,     -7904,     -8346,         0,         0,         0,         0,         0,         0,         0,     23434,     36583,     11207,     19111
       223,     43223,4396.12960,       3.9,         0,      8278,         0,        21,         0,     32283,         0,        80,         0,     -1218,    -20340,    -21558,     -4751,    -79327,    -84078,      4688,         0,        75,         4,         0,         0,         0,         0,      -343,    -10746,    -11090,         0,         0,         0,         0,         0,         0,         0,      9496,     29836,      5031,     15777
       224,     43224,11000.4016,      22.2,         0,      1173,         0,         0,         0,     26045,         0,         0,         0,       -13,     -9994,    -10006,      -278,   -221866,   -222144,      1389,         0,        24,        22,         0,         0,         0,         0,        -4,     -5374,     -5378,         0,         0,         0,         0,         0,         0,         0,      1186,     11180,      1393,      6767
       225,     43225,5531.28058,       7.9,         0,     12795,         0,       139,         0,    101081,         0,      1094,         0,     -1341,    -19132,    -20474,    -10598,   -151144,   -161741,      6807,         0,       376,         8,         0,         0,         0,         0,      -387,    -10460,    -10846,         0,         0,         0,         0,         0,         0,         0,     14137,     33269,      7193,     17653
       226,     43226,6046.34577,      33.0,       3.6,       339,         0,         4,         4,     11202,         0,       119,       119,        -1,    -21715,    -21716,       -34,   -716609,   -716643,       529,         0,        34,        33,      1905,         0,       124,       119,        -1,    -11737,    -11738,        -3,    -42254,    -42257,         0,         0,         0,         0,       340,     22056,       530,     12267
       227,     43227,54410.6876,       6.7,         0,       422,         0,         0,         0,      2825,         0,         0,         0,        -1,     -7975,     -7976,        -6,    -53432,    -53438,       618,         0,        13,         7,         0,         0,         0,         0,        -1,     -4965,     -4966,         0,         0,         0,         0,         0,         0,         0,       423,      8398,       619,      5584
       228,     43228,638.113369,       2.8,         0,     23431,      1980,      1799,        31,     65606,      5544,      5038,        88,     -1422,    -12862,    -14284,     -3982,    -36012,    -39994,     12596,       472,      1626,        23,         0,         0,         0,         0,      -429,     -7077,     -7506,         0,         0,         0,         0,      1980,         0,       472,     24853,     37715,     13026,     20103
       229,     43229,2962.95230,      32.8,       3.2,     20071,         0,      1568,         4,    658323,         0,     51443,       125,     -1424,    -13968,    -15392,    -46722,   -458140,   -504862,     10933,         0,      1399,        35,     34986,         0,      4478,       110,      -429,     -7906,     -8335,     -1374,    -25299,    -26673,         0,         0,         0,         0,     21495,     35463,     11363,     19269
       230,     43230,717.040357,      64.2,      13.9,     15179,         0,       348,        14,    974514,         0,     22322,       892,     -1423,    -14566,    -15989,    -91369,   -935144,  -1026514,      8511,         0,       470,        64,    118301,         0,      6537,       892,      -427,     -8437,     -8863,     -5932,   -117270,   -123202,         0,         0,         0,         0,     16603,     31169,      8938,     17374
       231,     43231,1015.01620,         0,         0,      4777,         0,         5,         0,         0,         0,         0,         0,      -893,    -17321,    -18213,         0,         0,         0,      3454,         0,        43,         0,         0,         0,         0,         0,      -211,     -9823,    -10035,         0,         0,         0,         0,         0,         0,         0,      5669,     22990,      3665,     13488
       232,     43232,9026.77027,      25.9,         0,      7469,         0,        34,         0,    193436,         0,       892,         0,      -921,    -19425,    -20347,    -23866,   -503116,   -526982,      5367,         0,       190,        26,         0,         0,         0,         0,      -228,    -10246,    -10475,         0,         0,         0,         0,         0,         0,         0,      8390,     27815,      5595,     15841
       233,     43233, 10.654470,         0,      59.6,     42440,      4293,      9956,      1304,         0,         0,         0,         0,     -1285,     -5910,     -7195,         0,         0,         0,     19931,       695,      4060,       336,   1187912,     41434,    241992,     20048,      -449,     -3642,     -4091,    -26749,   -217047,   -243796,         0,      4293,         0,       695,     43725,     49635,     20380,     24022
       234,     43234, 14.220555,         0,      15.4,     44362,      4307,     12087,      1240,         0,         0,         0,         0,     -1215,     -4770,     -5985,         0,         0,         0,     20929,       698,      4638,       590,    322306,     10743,     71432,      9089,      -415,     -3068,     -3483,     -6394,    -47240,    -53634,         0,      4307,         0,       698,     45577,     50347,     21344,     24412
       235,     43235, 26.839507,       6.6,      37.6,     43442,      4256,     12350,      1399,    286715,     28086,     81512,      9233,     -1215,     -5330,     -6545,     -8019,    -35180,    -43200,     20445,       707,      4687,       590,    768746,     26566,    176240,     22171,      -413,     -3312,     -3725,    -15528,   -124534,   -140062,         0,      4256,         0,       707,     44657,     49987,     20858,     24170
       236,     43236, 29.218676,         0,     301.9,     43450,      4168,     11015,      1366,         0,         0,         0,         0,     -1242,     -5211,     -6453,         0,         0,         0,     20452,       707,      4343,       471,   6174415,    213397,   1311233,    142300,      -426,     -3282,     -3708,   -128743,   -990765,  -1119509,         0,      4168,         0,       707,     44691,     49903,     20878,     24160
       237,     43237, 73.576519,         0,         0,     43318,      5047,     12671,       188,         0,         0,         0,         0,      -946,     -5457,     -6402,         0,         0,         0,     20220,       783,      4933,       321,         0,         0,         0,         0,      -295,     -3485,     -3779,         0,         0,         0,         0,      5047,         0,       783,     44264,     49720,     20515,     23999
       238,     43238, 56.510442,         0,         0,     41812,      4474,     10394,       284,         0,         0,         0,         0,     -1221,     -6226,     -7447,         0,         0,         0,     19608,       732,      4243,       397,         0,         0,         0,         0,      -417,     -3765,     -4182,         0,         0,         0,         0,      4474,         0,       732,     43033,     49259,     20025,     23790
       239,     43239, 37.813200,       7.1,         0,     41415,      4434,      8805,       233,    294049,     31479,     62514,      1651,     -1222,     -6406,     -7627,     -8673,    -45481,    -54155,     19403,       726,      3726,       383,         0,         0,         0,         0,      -417,     -3916,     -4332,         0,         0,         0,         0,      4434,         0,       726,     42637,     49043,     19819,     23735
       240,     43240, 42.520381,         0,         0,     42768,      4160,     11385,       571,         0,         0,         0,         0,     -1221,     -5730,     -6951,         0,         0,         0,     20107,       688,      4491,       416,         0,         0,         0,         0,      -416,     -3516,     -3932,         0,         0,         0,         0,      4160,         0,       688,     43990,     49720,     20523,     24039
       241,     43241,  5.917203,       7.1,         0,     43290,      4209,     10855,       886,    307362,     29884,     77067,      6292,     -1221,     -5328,     -6549,     -8672,    -37827,    -46499,     20379,       696,      4317,       410,         0,         0,         0,         0,      -417,     -3339,     -3756,         0,         0,         0,         0,      4209,         0,       696,     44512,     49840,     20796,     24135
       242,     43242, 24.125694,       7.6,         0,     42216,      4274,      9994,       589,    320840,     32486,     75952,      4480,     -1222,     -6044,     -7266,     -9284,    -45938,    -55222,     19820,       680,      4084,       411,         0,         0,         0,         0,      -417,     -3702,     -4118,         0,         0,         0,         0,      4274,         0,       680,     43437,     49482,     20236,     23938
       243,     43243, 25.460153,      44.8,         0,     42401,      4292,      9602,       755,   1899560,    192287,    430155,     33803,     -1221,     -5916,     -7138,    -54717,   -265056,   -319773,     19917,       683,      3963,       383,         0,         0,         0,         0,      -416,     -3655,     -4071,         0,         0,         0,         0,      4292,         0,       683,     43622,     49539,     20333,     23988
       244,     43244, 10.588014,       5.0,         0,     44144,      4247,      8934,       623,    220720,     21234,     44672,      3113,     -1267,     -4877,     -6143,     -6334,    -24383,    -30717,     20698,       675,      3756,       375,         0,         0,         0,         0,      -438,     -3253,     -3691,         0,         0,         0,         0,      4247,         0,       675,     45411,     50288,     21136,     24389
       245,     43245, 21.466963,       7.1,         0,     43154,      4196,     11110,      1158,    306394,     29793,     78881,      8224,     -1222,     -5582,     -6804,     -8675,    -39635,    -48310,     20306,       694,      4381,       466,         0,         0,         0,         0,      -416,     -3470,     -3886,         0,         0,         0,         0,      4196,         0,       694,     44376,     49958,     20722,     24192
       246,     43246, 10.977752,      74.3,         0,     40812,      4139,      9985,      1050,   3032306,    307502,    741885,     78042,     -1224,     -6859,     -8084,    -90973,   -509636,   -600609,     19079,       684,      4072,       363,         0,         0,         0,         0,      -417,     -4089,     -4506,         0,         0,         0,         0,      4139,         0,       684,     42036,     48895,     19496,     23585
       247,     43247,  7.416598,     113.8,         0,     40296,      4261,     10369,      1183,   4585672,    484862,   1179971,    134636,     -1282,     -7311,     -8593,   -145861,   -831988,   -977848,     18813,       678,      4177,       389,         0,         0,         0,         0,      -446,     -4291,     -4737,         0,         0,         0,         0,      4261,         0,       678,     41578,     48889,     19260,     23551
       248,     43248,  6.095071,      36.0,         0,     40137,      4245,     10763,      1294,   1444937,    152824,    387473,     46595,     -1282,     -7582,     -8864,    -46159,   -272951,   -319111,     18731,       675,      4285,       450,         0,         0,         0,         0,      -447,     -4408,     -4855,         0,         0,         0,         0,      4245,         0,       675,     41419,     49001,     19178,     23586
       249,     43249, 12.415642,      20.4,         0,     40488,      4112,     10243,      1273,    825948,     83891,    208952,     25969,     -1281,     -7279,     -8560,    -26133,   -148498,   -174631,     18912,       680,      4142,       383,         0,         0,         0,         0,      -446,     -4286,     -4733,         0,         0,         0,         0,      4112,         0,       680,     41769,     49048,     19358,     23645
       250,     43250, 27.122640,       7.1,         0,     41589,      4216,      9491,      1204,    295283,     29931,     67385,      8550,     -1275,     -6319,     -7594,     -9050,    -44865,    -53915,     19483,       697,      3934,       334,         0,         0,         0,         0,      -444,     -3856,     -4300,         0,         0,         0,         0,      4216,         0,       697,     42864,     49183,     19927,     23783
       251,     43251,187.581312,         0,         0,     38747,      4658,     14255,       148,         0,         0,         0,         0,      -765,     -8869,     -9634,         0,         0,         0,     17346,      1248,      5586,       150,         0,         0,         0,         0,      -251,     -5503,     -5754,         0,         0,         0,         0,      4658,         0,      1248,     39512,     48381,     17597,     23101
       252,     43252, 27.311737,         0,     143.2,     45151,      4263,     12448,      1370,         0,         0,         0,         0,     -1073,     -4651,     -5723,         0,         0,         0,     21430,       708,      4705,       389,   3068714,    101368,    673714,     55681,      -342,     -3003,     -3345,    -49024,   -429997,   -479022,         0,      4263,         0,       708,     46224,     50874,     21772,     24775
       253,     43253, 16.877844,         0,         0,     43555,      4192,     11443,      1368,         0,         0,         0,         0,     -1147,     -5304,     -6451,         0,         0,         0,     20610,       711,      4452,       407,         0,         0,         0,         0,      -356,     -3293,     -3649,         0,         0,         0,         0,      4192,         0,       711,     44702,     50006,     20966,     24259
       254,     43254,  9.707361,         0,     199.4,     42866,      4331,     10452,      1337,         0,         0,         0,         0,     -1270,     -5775,     -7046,         0,         0,         0,     20149,       701,      4198,       333,   4017666,    139860,    837150,     66369,      -442,     -3569,     -4011,    -88096,   -711634,   -799730,         0,      4331,         0,       701,     44136,     49911,     20591,     24159
       255,     43255,  5.318840,         0,     124.0,     42510,      4299,      9971,      1315,         0,         0,         0,         0,     -1285,     -6012,     -7297,         0,         0,         0,     19965,       696,      4073,       264,   2475692,     86334,    505024,     32681,      -449,     -3697,     -4146,    -55661,   -458406,   -514068,         0,      4299,         0,       696,     43795,     49807,     20414,     24111
       256,     43256, 14.091406,         0,      72.8,     41748,      4227,     10338,      1270,         0,         0,         0,         0,     -1285,     -6721,     -8006,         0,         0,         0,     19568,       684,      4177,       213,   1424554,     49826,    304061,     15531,      -450,     -4025,     -4475,    -32754,   -293014,   -325767,         0,      4227,         0,       684,     43034,     49755,     20018,     24043
       257,     43257,143.845174,         0,         0,     44577,      3938,     11377,       940,         0,         0,         0,         0,     -1120,     -5256,     -6376,         0,         0,         0,     21083,       634,      4452,        97,         0,         0,         0,         0,      -343,     -3404,     -3747,         0,         0,         0,         0,      3938,         0,       634,     45697,     50953,     21426,     24830
       258,     43258,274.662363,         0,         0,     45391,      7789,     13113,         0,         0,         0,         0,         0,     -1085,     -4467,     -5552,         0,         0,         0,     21474,      2340,      4807,         0,         0,         0,         0,         0,      -330,     -3015,     -3345,         0,         0,         0,         0,      7789,         0,      2340,     46475,     50942,     21804,     24819
       259,     43259, 99.783355,      21.0,     279.8,     46347,      8260,     13671,      1010,    973289,    173466,    287095,     21211,     -1010,     -4206,     -5216,    -21205,    -88323,   -109527,     21959,      2329,      4764,        23,   6144123,    651595,   1333011,      6328,      -318,     -2973,     -3291,    -88884,   -831982,   -920866,         0,      8260,         0,      2329,     47357,     51563,     22277,     25250
       260,     43260,890.295836,         0,         0,     39763,      4972,      8591,         8,         0,         0,         0,         0,     -1426,    -10135,    -11562,         0,         0,         0,     18855,       884,      3202,         0,         0,         0,         0,         0,      -469,     -5824,     -6293,         0,         0,         0,         0,      4972,         0,       884,     41189,     51324,     19324,     25148
       261,     43261, 23.788433,     330.0,      35.0,     41800,     12361,     16041,      1193,  13793837,   4079198,   5293409,    393663,      -794,     -6735,     -7529,   -261866,  -2222673,  -2484538,     19073,      2936,      6374,       532,    667556,    102755,    223090,     18626,      -257,     -4390,     -4647,     -8998,   -153644,   -162642,     12361,      5748,      2936,      1847,     42593,     49328,     19330,     23720
       262,     43262, 49.529584,         0,     158.7,     41479,     11697,     16381,       254,         0,         0,         0,         0,      -733,     -6842,     -7575,         0,         0,         0,     18832,      3090,      6281,       461,   2988700,    490411,    996719,     73109,      -240,     -4375,     -4615,    -38068,   -694348,   -732416,     11697,      5686,      3090,      1827,     42211,     49054,     19072,     23447
       263,     43263, 11.564121,         0,         0,     41676,      5372,     13083,       982,         0,         0,         0,         0,      -703,     -5061,     -5764,         0,         0,         0,     19106,      1524,      5972,       236,         0,         0,         0,         0,      -194,     -3654,     -3847,         0,         0,         0,         0,      5372,         0,      1524,     42378,     47440,     19300,     22954
       264,     43264, 78.911158,      42.4,      80.4,     36247,      6322,      7382,       222,   1536871,    268032,    312980,      9421,      -945,     -8341,     -9286,    -40065,   -353673,   -393739,     16715,      1568,      4152,       268,   1343857,    126029,    333804,     21543,      -290,     -4997,     -5287,    -23319,   -401794,   -425113,         0,      6322,         0,      1568,     37192,     45533,     17005,     22002
       265,     43265,135.394524,         0,      86.5,     37848,      7450,      8026,       617,         0,         0,         0,         0,      -923,     -7148,     -8071,         0,         0,         0,     17493,      2261,      4399,       539,   1513119,    195611,    380557,     46612,      -286,     -4500,     -4786,    -24720,   -389239,   -413958,      7450,      6123,      2261,      1519,     38771,     45919,     17778,     22278
       266,     43266, 95.605831,     234.0,     115.3,     39561,     12172,      9054,       925,   9257336,   2848243,   2118532,    216523,      -897,     -6038,     -6934,   -209812,  -1412859,  -1622671,     18371,      3484,      4692,       494,   2118157,    401700,    540993,     56978,      -274,     -3987,     -4261,    -31615,   -459692,   -491307,     12172,      5139,      3484,      1570,     40458,     46496,     18645,     22632
       267,     43267, 26.615670,         0,     409.3,     40051,     13324,      9669,      1144,         0,         0,         0,         0,      -892,     -6005,     -6897,         0,         0,         0,     18623,      4036,      4893,       623,   7622452,   1652072,   2002587,    255158,      -272,     -3985,     -4257,   -111469,  -1630998,  -1742467,     13324,      5210,      4036,      1591,     40943,     46948,     18895,     22880
       268,     43268, 57.161785,     214.6,      84.4,     39816,     13963,     10585,      1389,   8544525,   2996562,   2271622,    298047,      -901,     -6214,     -7115,   -193450,  -1333431,  -1526880,     18326,      4009,      5155,       720,   1546684,    338320,    435042,     60748,      -265,     -4338,     -4603,    -22332,   -366167,   -388499,     13963,      5253,      4009,      1806,     40717,     46931,     18590,     22929
       269,     43269, 33.707777,      56.2,      14.9,     38745,      9455,     11224,      1102,   2177485,    531344,    630800,     61910,      -950,     -7084,     -8034,    -53384,   -398133,   -451516,     17632,      2652,      5317,       713,    262723,     39514,     79223,     10627,      -292,     -4836,     -5127,     -4345,    -72050,    -76395,      9455,      5264,      2652,      1930,     39695,     46779,     17924,     22760
       270,     43270, 17.882888,      82.9,      28.2,     38693,     13687,     11500,      1282,   3207616,   1134669,    953346,    106238,      -950,     -7246,     -8196,    -78754,   -600688,   -679442,     17605,      4044,      5409,       597,    496462,    114038,    152548,     16827,      -292,     -4926,     -5218,     -8235,   -138917,   -147152,     13687,      5384,      4044,      1927,     39643,     46889,     17897,     22823
       271,     43271, 13.388322,      10.9,         0,     39871,     14648,     11588,      1267,    434589,    159658,    126307,     13806,      -890,     -6574,     -7463,     -9700,    -71652,    -81352,     18217,      4313,      5445,       559,         0,         0,         0,         0,      -265,     -4628,     -4893,         0,         0,         0,     14648,      5401,      4313,      1956,     40760,     47334,     18482,     23110
       272,     43272, 33.869037,     148.3,       9.9,     39620,     14350,     12097,       979,   5875653,   2128125,   1794058,    145156,      -901,     -6879,     -7780,   -133618,  -1020174,  -1153793,     17971,      4097,      5581,       502,    177911,     40556,     55256,      4973,      -265,     -4885,     -5150,     -2620,    -48365,    -50985,     14350,      5433,      4097,      1839,     40521,     47400,     18235,     23121
       273,     43273, 75.770917,         0,     147.2,     39889,     13387,     12570,       811,         0,         0,         0,         0,     -1001,     -5863,     -6865,         0,         0,         0,     18042,      3921,      5711,       407,   2655762,    577169,    840711,     59947,      -351,     -4120,     -4471,    -51733,   -606402,   -658135,     13387,      5490,      3921,      1823,     40890,     46754,     18393,     22513
       274,     43274, 55.469185,         0,         0,     40373,     16142,     17295,      3377,         0,         0,         0,         0,     -1252,     -7078,     -8330,         0,         0,         0,     16518,      3711,      5244,       457,         0,         0,         0,         0,      -733,     -5678,     -6410,         0,         0,         0,     16142,       126,      3711,        20,     41625,     48703,     17251,     22929
       275,     43275, 21.871724,      49.2,      46.5,     42348,     18302,     18239,      3185,   2083541,    900462,    897336,    156695,     -1060,     -6405,     -7464,    -52148,   -315104,   -367251,     17625,      4348,      5354,       436,    819561,    202201,    248938,     20283,      -708,     -5355,     -6063,    -32915,   -248992,   -281907,     18302,       129,      4348,        21,     43408,     49813,     18333,     23687
       276,     43276, 53.702442,     131.6,       7.8,     43212,     13877,     17826,      1054,   5686701,   1826278,   2345898,    138702,      -751,     -6190,     -6941,    -98842,   -814581,   -913423,     18691,      3390,      6214,       739,    145790,     26440,     48469,      5761,      -413,     -5062,     -5475,     -3221,    -39487,    -42707,     13877,       819,      3390,       723,     43963,     50153,     19104,     24166
       277,     43277, 22.651013,      49.9,      22.1,     43853,     15147,     23249,       312,   2188270,    755821,   1160115,     15557,      -891,     -6318,     -7209,    -44463,   -315254,   -359717,     18582,      3425,      6262,       608,    410672,     75691,    138389,     13438,      -598,     -5515,     -6113,    -13218,   -121883,   -135101,     15147,      3574,      3425,      1432,     44744,     51062,     19181,     24696
       278,     43278, 73.337084,     166.2,      45.7,     44340,     15655,     22678,       902,   7369311,   2601853,   3769010,    149862,      -810,     -5949,     -6759,   -134636,   -988740,  -1123376,     19114,      3452,      6031,       785,    873492,    157744,    275632,     35859,      -528,     -5048,     -5576,    -24132,   -230712,   -254843,     15655,      6238,      3452,      1780,     45150,     51099,     19642,     24690
       300,     51001,542.848881,     230.4,       5.9,     43114,      8476,      5077,        63,   9933549,   1952874,   1169649,     14461,     -1438,     -7106,     -8544,   -331361,  -1637144,  -1968505,     20470,      1967,      2116,       371,    120775,     11606,     12485,      2189,      -488,     -4734,     -5222,     -2878,    -27932,    -30810,      8476,      4920,      1967,      1032,     44553,     51658,     20958,     25692
       301,     51002,180.441731,     184.7,      74.7,     44109,     10008,      7628,        79,   8146845,   1848422,   1408844,     14627,     -1310,     -6645,     -7955,   -242000,  -1227348,  -1469348,     20910,      2377,      2685,       360,   1561963,    177574,    200560,     26899,      -468,     -4532,     -5000,    -34936,   -338531,   -373467,     10008,      9427,      2377,      2355,     45419,     52064,     21377,     25909
       302,     51003,1076.94370,     150.9,      37.9,     38990,      6076,      1312,        38,   5883542,    916827,    198025,      5719,     -1464,    -10417,    -11881,   -220983,  -1571851,  -1792833,     18445,      1431,      1325,       151,    699058,     54229,     50226,      5719,      -497,     -6536,     -7034,    -18851,   -247730,   -266580,         0,      6076,         0,      1431,     40454,     50871,     18942,     25479
       303,     51004, 21.876469,     190.7,      12.9,     41629,     10099,      4038,        13,   7938663,   1925939,    770094,      2460,     -1463,     -8931,    -10394,   -278916,  -1703139,  -1982054,     19793,      2365,      1924,       191,    255325,     30514,     24824,      2460,      -497,     -5719,     -6217,     -6417,    -73777,    -80194,     10099,      7452,      2365,      1613,     43092,     52023,     20290,     26009
       304,     51005, 92.253578,         0,         0,     42376,      8788,      5228,        22,         0,         0,         0,         0,     -1459,     -8182,     -9641,         0,         0,         0,     20142,      2153,      2166,       213,         0,         0,         0,         0,      -495,     -5342,     -5838,         0,         0,         0,      8788,      7395,      2153,      1437,     43835,     52017,     20637,     25979
       305,     51006, 63.410203,         0,         0,     41449,      5874,      7646,        11,         0,         0,         0,         0,     -1314,     -8295,     -9609,         0,         0,         0,     19896,      1212,      2674,        62,         0,         0,         0,         0,      -424,     -4879,     -5302,         0,         0,         0,      4871,      5874,      1141,      1212,     42763,     51058,     20320,     25199
       306,     51007,134.292795,         0,         0,     41488,      7040,      5905,         6,         0,         0,         0,         0,     -1293,     -8083,     -9376,         0,         0,         0,     19939,      1661,      2306,        90,         0,         0,         0,         0,      -420,     -4877,     -5296,         0,         0,         0,      7040,      5102,      1661,       894,     42781,     50864,     20359,     25235
       307,     51008,267.449394,         0,         0,     40308,      6018,      3282,         0,         0,         0,         0,         0,     -1469,    -10270,    -11739,         0,         0,         0,     19156,      1402,      1771,         0,         0,         0,         0,         0,      -500,     -6481,     -6981,         0,         0,         0,      4279,      6018,       902,      1402,     41777,     52047,     19656,     26137
       308,     51009,746.155512,      72.3,         0,     36612,      4500,       840,         0,   2647081,    325373,     60745,         0,     -1497,    -12990,    -14487,   -108206,   -939207,  -1047413,     17421,       798,      1128,        72,         0,         0,         0,         0,      -507,     -7898,     -8405,         0,         0,         0,         0,      4500,         0,       798,     38109,     51100,     17927,     25825
       309,     51010,702.584977,     157.1,      18.0,     37540,      5246,      1397,        18,   5897592,    824079,    219505,      2828,     -1495,    -12865,    -14360,   -234839,  -2021077,  -2255916,     17885,      1136,      1231,       157,    321939,     20455,     22155,      2828,      -508,     -7784,     -8292,     -9142,   -140108,   -149250,         0,      5246,         0,      1136,     39035,     51900,     18393,     26177
       310,     51011,3687.38049,      44.7,     501.6,     31368,         0,       990,       502,   1402149,         0,     44266,     22422,     -1497,    -15179,    -16675,    -66895,   -678484,   -745379,     15066,         0,       659,        45,   7557251,         0,    330453,     22422,      -492,     -9287,     -9779,   -246799,  -4658310,  -4905109,         0,         0,         0,         0,     32865,     48043,     15558,     24845
       311,     51012,233.999524,         0,         0,     40023,      4728,      9713,         0,         0,         0,         0,         0,     -1315,    -10179,    -11495,         0,         0,         0,     19521,       840,      3056,         0,         0,         0,         0,         0,      -428,     -5503,     -5931,         0,         0,         0,         0,      4728,         0,       840,     41338,     51518,     19948,     25451
       312,     51013,300.352417,         0,         0,     40386,      4500,     12266,         3,         0,         0,         0,         0,     -1139,    -10982,    -12120,         0,         0,         0,     20038,       798,      3433,        21,         0,         0,         0,         0,      -325,     -5579,     -5904,         0,         0,         0,         0,      4500,         0,       798,     41525,     52507,     20363,     25942
       313,     51014,701.843407,     115.3,      16.1,     40947,      4541,      9096,        16,   4721212,    523568,   1048800,      1856,     -1137,    -10228,    -11365,   -131054,  -1179303,  -1310357,     20348,       805,      2724,       115,    327604,     12959,     43851,      1856,      -324,     -5303,     -5627,     -5222,    -85370,    -90592,         0,      4541,         0,       805,     42084,     52312,     20672,     25975
       314,     51015,186.289862,      52.9,      62.0,     43933,      4178,      6516,        62,   2324031,    221011,    344677,      3280,     -1124,     -7658,     -8782,    -59452,   -405116,   -464568,     21583,       703,      2018,        66,   1338163,     43606,    125111,      4065,      -321,     -4434,     -4756,    -19921,   -274928,   -294849,         0,      4178,         0,       703,     45056,     52715,     21905,     26339
       315,     51016,488.933594,      31.2,         0,     43160,      4102,      3850,        25,   1346596,    127989,    120130,       785,     -1124,     -8475,     -9599,    -35075,   -264424,   -299499,     21178,       688,      1455,        53,         0,         0,         0,         0,      -321,     -4971,     -5292,         0,         0,         0,         0,      4102,         0,       688,     44284,     52759,     21499,     26470
       316,     51017, 86.474304,         0,         0,     39842,         0,      1615,         0,         0,         0,         0,         0,     -1124,    -11188,    -12312,         0,         0,         0,     19468,         0,      1033,         0,         0,         0,         0,         0,      -321,     -6460,     -6781,         0,         0,         0,         0,         0,         0,         0,     40967,     52154,     19789,     26249
       317,     51018, 71.676921,       2.2,         0,     36791,     11627,     15372,      1706,     80939,     25579,     33819,      3753,     -1124,    -13678,    -14802,     -2473,    -30092,    -32565,     17890,      2128,      3711,        97,         0,         0,         0,         0,      -321,     -6910,     -7231,         0,         0,         0,     11627,         0,      2128,         0,     37915,     51593,     18211,     25121
       318,     51019,546.099683,      46.1,     106.2,     40229,         0,     12421,       106,   1854579,         0,    572598,      4896,     -1125,    -10815,    -11940,    -51859,   -498556,   -550415,     19646,         0,      3120,        47,   2086400,         0,    331389,      4948,      -321,     -5721,     -6042,    -34126,   -607555,   -641681,         0,         0,         0,         0,     41354,     52169,     19967,     25688
       319,     51020,484.430610,       7.7,         0,     38231,         0,     10017,         0,    294375,         0,     77132,         0,     -1124,    -12477,    -13602,     -8658,    -96074,   -104732,     18625,         0,      2117,         8,         0,         0,         0,         0,      -321,     -6606,     -6927,         0,         0,         0,         0,         0,         0,         0,     39355,     51832,     18946,     25552
       320,     51021,472.902317,      22.8,      39.9,     41024,         0,      3909,        40,    935359,         0,     89130,       910,     -1124,    -10142,    -11266,    -25631,   -231229,   -256860,     20053,         0,      1139,        23,    800103,         0,     45446,       910,      -321,     -5774,     -6096,    -12824,   -230399,   -243223,         0,         0,         0,         0,     42149,     52290,     20374,     26149
       321,     51022,2445.72430,         0,         0,     15318,         0,      1722,         0,         0,         0,         0,         0,      -749,    -30265,    -31014,         0,         0,         0,      7670,         0,      1238,         0,         0,         0,         0,         0,      -341,    -15120,    -15461,         0,         0,         0,         0,         0,         0,         0,     16066,     46332,      8011,     23131
       322,     51023,711.768783,      16.9,       9.3,     40735,         0,      4736,        12,    688415,         0,     80046,       208,     -1145,     -9582,    -10728,    -19358,   -161941,   -181299,     21189,         0,      3533,        20,    197062,         0,     32858,       189,      -326,     -4292,     -4618,     -3032,    -39919,    -42951,         0,         0,         0,         0,     41880,     51462,     21515,     25808
       323,     51024,144.306023,         0,         0,     28562,         0,      1390,         0,         0,         0,         0,         0,     -1157,    -20161,    -21317,         0,         0,         0,     16006,         0,       672,         0,         0,         0,         0,         0,      -333,     -9027,     -9360,         0,         0,         0,         0,         0,         0,         0,     29718,     49879,     16338,     25366
       324,     51025,207.407340,         0,         0,     30568,         0,       952,         0,         0,         0,         0,         0,     -1159,    -19642,    -20800,         0,         0,         0,     16812,         0,       425,         0,         0,         0,         0,         0,      -333,     -8853,     -9186,         0,         0,         0,         0,         0,         0,         0,     31726,     51368,     17145,     25998
       325,     51026,189.411721,         0,         0,     32628,         0,      1272,         0,         0,         0,         0,         0,     -1156,    -17222,    -18377,         0,         0,         0,     17846,         0,       568,         0,         0,         0,         0,         0,      -332,     -7732,     -8064,         0,         0,         0,         0,         0,         0,         0,     33783,     51005,     18179,     25911
       326,     51027,439.159479,         0,         0,     35351,         0,       757,         0,         0,         0,         0,         0,     -1157,    -16124,    -17281,         0,         0,         0,     18897,         0,       513,         0,         0,         0,         0,         0,      -334,     -7287,     -7621,         0,         0,         0,         0,         0,         0,         0,     36508,     52632,     19231,     26518
       327,     51028,268.966953,         0,         0,     35828,         0,       750,         0,         0,         0,         0,         0,     -1157,    -15743,    -16901,         0,         0,         0,     19088,         0,       594,         0,         0,         0,         0,         0,      -334,     -7118,     -7452,         0,         0,         0,         0,         0,         0,         0,     36985,     52729,     19421,     26539
       328,     51029,403.635931,         0,         0,     30194,         0,       916,         0,         0,         0,         0,         0,     -1158,    -19901,    -21059,         0,         0,         0,     16578,         0,       417,         0,         0,         0,         0,         0,      -333,     -9056,     -9389,         0,         0,         0,         0,         0,         0,         0,     31352,     51254,     16911,     25967
       329,     51030,882.757580,     112.5,      27.1,     37866,         0,      1047,        27,   4259901,         0,    117789,      3049,     -1153,    -13873,    -15026,   -129672,  -1560706,  -1690378,     19961,         0,       819,       113,    540939,         0,     22191,      3049,      -333,     -6222,     -6555,     -9022,   -168614,   -177636,         0,         0,         0,         0,     39018,     52891,     20294,     26516
       330,     51031,826.571978,         0,         0,     15538,         0,      1031,         0,         0,         0,         0,         0,     -1108,    -26507,    -27615,         0,         0,         0,      9188,         0,       444,         0,         0,         0,         0,         0,      -320,    -12851,    -13171,         0,         0,         0,         0,         0,         0,         0,     16646,     43153,      9508,     22359
       331,     51032,579.302245,       3.1,         0,     33311,         0,       897,         0,    103265,         0,      2782,         0,     -1158,    -17409,    -18566,     -3589,    -53967,    -57556,     17928,         0,       616,         3,         0,         0,         0,         0,      -334,     -7938,     -8272,         0,         0,         0,         0,         0,         0,         0,     34469,     51878,     18263,     26200
       332,     51033,955.131816,         0,         0,     20290,         0,       921,         0,         0,         0,         0,         0,     -1154,    -25508,    -26662,         0,         0,         0,     11602,         0,       396,         0,         0,         0,         0,         0,      -331,    -12057,    -12388,         0,         0,         0,         0,         0,         0,         0,     21444,     46952,     11933,     23990
       333,     51034,564.718367,         0,         0,     22667,         0,      1322,         0,         0,         0,         0,         0,     -1150,    -25179,    -26329,         0,         0,         0,     12548,         0,      1130,         0,         0,         0,         0,         0,      -325,    -11359,    -11685,         0,         0,         0,         0,         0,         0,         0,     23817,     48996,     12873,     24233
       334,     51035,758.294186,         0,         0,     12736,         0,      1081,         0,         0,         0,         0,         0,      -934,    -30637,    -31570,         0,         0,         0,      7783,         0,       752,         0,         0,         0,         0,         0,      -289,    -14381,    -14670,         0,         0,         0,         0,         0,         0,         0,     13669,     44306,      8073,     22453
       335,     51036,855.974154,         0,         0,      8598,         0,       739,         0,         0,         0,         0,         0,      -657,    -30260,    -30917,         0,         0,         0,      5979,         0,       370,         0,         0,         0,         0,         0,      -175,    -14644,    -14819,         0,         0,         0,         0,         0,         0,         0,      9256,     39516,      6154,     20798
       336,     51037,1316.41712,       6.1,         0,      9308,         0,      1877,         0,     56778,         0,     11451,         0,      -731,    -30865,    -31597,     -4462,   -188279,   -192741,      6164,         0,      1498,         6,         0,         0,         0,         0,      -188,    -14290,    -14478,         0,         0,         0,         0,         0,         0,         0,     10039,     40905,      6353,     20642
       337,     51038,939.975581,         0,         0,     35518,      4607,      6885,         0,         0,         0,         0,         0,     -1425,    -12146,    -13570,         0,         0,         0,     18887,      1416,      4664,       184,         0,         0,         0,         0,      -459,     -5709,     -6168,         0,         0,         0,      4607,         0,      1416,         0,     36942,     49088,     19346,     25055
       338,     51039,1393.63434,         0,         0,     21072,         0,      2093,         0,         0,         0,         0,         0,     -1633,    -22237,    -23870,         0,         0,         0,     12431,         0,      1952,         0,         0,         0,         0,         0,      -551,    -10444,    -10994,         0,         0,         0,         0,         0,         0,         0,     22705,     44942,     12981,     23425
       339,     51040,2207.84557,       2.0,         0,      7785,         0,       567,         0,     15569,         0,      1134,         0,      -176,    -26779,    -26955,      -351,    -53559,    -53910,      5681,         0,       693,         2,         0,         0,         0,         0,      -102,    -12475,    -12577,         0,         0,         0,         0,         0,         0,         0,      7960,     34740,      5783,     18258
       340,     51041,2208.69268,       9.8,     516.3,     22937,         0,      1556,       516,    224785,         0,     15247,      5060,     -1288,    -20320,    -21607,    -12621,   -199131,   -211752,     13428,         0,      1058,        10,   6933053,         0,    546235,      5060,      -358,     -9796,    -10154,   -184844,  -5057862,  -5242706,         0,         0,         0,         0,     24225,     44545,     13786,     23583
       341,     51042,7221.17466,      37.7,         0,      7573,         0,       449,         0,    285501,         0,     16924,         0,      -488,    -28042,    -28530,    -18387,  -1057198,  -1075584,      5502,         0,       421,        38,         0,         0,         0,         0,      -134,    -14161,    -14296,         0,         0,         0,         0,         0,         0,         0,      8061,     36103,      5636,     19798
       342,     51043,3703.92834,      12.9,      10.6,      7743,         0,        31,        11,     99887,         0,       403,       137,      -958,    -21726,    -22684,    -12354,   -280270,   -292625,      5500,         0,       162,        13,     58301,         0,      1716,       137,      -242,    -11495,    -11737,     -2567,   -121850,   -124417,         0,         0,         0,         0,      8701,     30427,      5742,     17238
       343,     51044,228.302944,       4.3,         0,     24449,         0,      1895,       110,    105132,         0,      8148,       474,     -1427,    -22650,    -24078,     -6137,    -97397,   -103533,     13405,         0,      2022,         4,         0,         0,         0,         0,      -523,     -9775,    -10298,         0,         0,         0,         0,         0,         0,         0,     25876,     48527,     13927,     23702
       344,     51045,212.642427,      10.0,         0,     39900,         0,      7128,         2,    398999,         0,     71280,        17,     -1156,     -9531,    -10687,    -11561,    -95313,   -106873,     20841,         0,      4910,        15,         0,         0,         0,         0,      -330,     -4252,     -4582,         0,         0,         0,         0,         0,         0,         0,     41056,     50587,     21171,     25423
       345,     51046,419.883679,         0,     117.4,     28803,         0,      2290,       118,         0,         0,         0,         0,     -1474,    -18778,    -20252,         0,         0,         0,     15613,         0,      2319,        10,   1832992,         0,    272299,      1173,      -535,     -7953,     -8488,    -62759,   -933717,   -996476,         0,         0,         0,         0,     30276,     49054,     16148,     24101
       346,     51047, 93.259176,      57.6,      13.0,     28130,         0,      4170,        48,   1620313,         0,    240198,      2760,     -1447,    -19612,    -21059,    -83357,  -1129642,  -1212998,     15259,         0,      3287,       213,    198368,         0,     42730,      2774,      -533,     -8603,     -9136,     -6932,   -111840,   -118772,         0,         0,         0,         0,     29578,     49189,     15792,     24395
       347,     51048, 77.368382,      18.7,      20.9,     27505,         0,      4940,        70,    514341,         0,     92376,      1316,     -1449,    -19827,    -21276,    -27091,   -370765,   -397856,     14957,         0,      3699,       364,    312591,         0,     77310,      7603,      -534,     -8772,     -9306,    -11153,   -183334,   -194487,         0,         0,         0,         0,     28954,     48781,     15490,     24262
       348,     51049,349.617318,     203.7,      29.1,     36039,         0,      7110,        75,   7341146,         0,   1448394,     15356,     -1211,    -12331,    -13542,   -246582,  -2511917,  -2758500,     19027,         0,      4885,       312,    553687,         0,    142145,      9088,      -353,     -5426,     -5780,    -10285,   -157905,   -168190,         0,         0,         0,         0,     37250,     49581,     19380,     24807
       349,     51050, 99.330031,      37.9,       1.1,     31423,         0,      4065,       283,   1190915,         0,    154081,     10726,     -1471,    -16031,    -17502,    -55734,   -607578,   -663312,     16881,         0,      3207,       343,     18569,         0,      3528,       377,      -531,     -6844,     -7374,      -584,     -7528,     -8112,         0,         0,         0,         0,     32893,     48924,     17412,     24255
       350,     51051,106.092975,      62.0,         0,     32977,         0,      5003,        96,   2044582,         0,    310167,      5962,     -1367,    -14693,    -16059,    -84725,   -910951,   -995676,     17623,         0,      3696,       368,         0,         0,         0,         0,      -476,     -6283,     -6759,         0,         0,         0,         0,         0,         0,         0,     34344,     49036,     18099,     24382
       351,     51052,146.815785,     174.4,      29.4,     33873,         0,      6015,        94,   5907368,         0,   1048973,     16392,     -1314,    -13884,    -15197,   -229096,  -2421302,  -2650398,     18048,         0,      4265,       452,    530605,         0,    125386,     13289,      -447,     -5966,     -6412,    -13134,   -175390,   -188524,         0,         0,         0,         0,     35186,     49070,     18495,     24460
       352,     51053,175.250641,       7.9,       3.3,     26684,         0,      1848,         3,    210801,         0,     14597,        26,     -1478,    -18748,    -20226,    -11680,   -148108,   -159787,     14578,         0,      2020,         8,     48107,         0,      6665,        26,      -538,     -7899,     -8437,     -1776,    -26066,    -27842,         0,         0,         0,         0,     28162,     46910,     15116,     23015
       353,     51054,182.309855,     206.1,     273.2,     31114,         0,      3316,       347,   6412678,         0,    683352,     71434,     -1467,    -15652,    -17119,   -302399,  -3225832,  -3528231,     16734,         0,      2836,       337,   4571809,         0,    774795,     91993,      -530,     -6607,     -7137,   -144803,  -1805160,  -1949963,         0,         0,         0,         0,     32582,     48233,     17264,     23872
       354,     51055,257.854034,      13.8,      46.3,     36613,         0,      8994,        69,    505258,         0,    124116,       950,     -1270,    -10799,    -12069,    -17523,   -149026,   -166549,     19351,         0,      5909,       147,    895959,         0,    273602,      6829,      -413,     -4691,     -5104,    -19121,   -217176,   -236297,         0,         0,         0,         0,     37883,     48682,     19764,     24455
       355,     51056,179.322392,      65.7,      22.9,     35135,         0,      7390,       211,   2308389,         0,    485553,     13851,     -1268,    -11912,    -13180,    -83294,   -782603,   -865896,     18685,         0,      4997,       420,    427891,         0,    114433,      9627,      -430,     -5100,     -5530,     -9838,   -116788,   -126626,         0,         0,         0,         0,     36403,     48315,     19115,     24215
       356,     51057,274.318532,     160.2,     269.6,     31645,         0,      5351,       456,   5069503,         0,    857243,     73070,     -1409,    -14392,    -15801,   -225698,  -2305629,  -2531327,     17125,         0,      3833,       475,   4616778,         0,   1033492,    128047,      -511,     -6050,     -6561,   -137744,  -1631084,  -1768828,         0,         0,         0,         0,     33054,     47446,     17635,     23685
       357,     51058,207.411981,     116.1,      74.4,     33010,         0,      6531,       593,   3832484,         0,    758257,     68885,     -1357,    -13164,    -14521,   -157523,  -1528316,  -1685839,     17790,         0,      4489,       518,   1323539,         0,    333955,     38532,      -486,     -5535,     -6021,    -36185,   -411806,   -447990,         0,         0,         0,         0,     34367,     47531,     18276,     23811
       358,     51059,220.877576,     151.0,      10.1,     29236,         0,      4051,       307,   4414621,         0,    611660,     46344,     -1455,    -16116,    -17571,   -219655,  -2433572,  -2653227,     16053,         0,      3139,       384,    162135,         0,     31701,      3880,      -538,     -6698,     -7236,     -5436,    -67652,    -73088,         0,         0,         0,         0,     30691,     46807,     16591,     23289
       359,     51060,180.085652,      13.1,         0,     34511,         0,      9651,       339,    452097,         0,    126433,      4438,     -1249,    -11491,    -12740,    -16364,   -150528,   -166892,     18561,         0,      6218,       319,         0,         0,         0,         0,      -406,     -4869,     -5275,         0,         0,         0,         0,         0,         0,         0,     35760,     47251,     18966,     23835
       360,     51061,138.969843,      45.7,       2.6,     27707,         0,      2990,        11,   1266193,         0,    136634,       521,     -1482,    -16748,    -18231,    -67748,   -765401,   -833149,     15317,         0,      2678,       177,     39823,         0,      6962,       461,      -542,     -6937,     -7479,     -1408,    -18036,    -19445,         0,         0,         0,         0,     29189,     45937,     15858,     22795
       361,     51062,206.878310,     164.4,     150.2,     33584,         0,      8283,       849,   5521176,         0,   1361650,    139611,     -1250,    -12019,    -13269,   -205545,  -1975921,  -2181466,     18176,         0,      5436,       550,   2729978,         0,    816496,     82626,      -408,     -4990,     -5398,    -61292,   -749494,   -810786,         0,         0,         0,         0,     34834,     46853,     18584,     23574
       362,     51063, 37.103321,      20.5,     167.1,     31699,         0,      7445,       999,    649833,         0,    152613,     20476,     -1299,    -13073,    -14372,    -26625,   -267992,   -294617,     17380,         0,      4942,       610,   2904160,         0,    825867,    101886,      -439,     -5406,     -5846,    -73436,   -903395,   -976831,         0,         0,         0,         0,     32998,     46071,     17819,     23226
       363,     51064, 39.521744,      85.9,      28.6,     31282,         0,      6803,       760,   2687085,         0,    584404,     65312,     -1422,    -13704,    -15126,   -122129,  -1177202,  -1299332,     17110,         0,      4572,       494,    489354,         0,    130771,     14132,      -517,     -5719,     -6236,    -14788,   -163550,   -178338,         0,         0,         0,         0,     32703,     46408,     17627,     23346
       364,     51065, 32.967345,      19.6,      40.9,     32934,         0,      9650,       886,    645502,         0,    189141,     17366,     -1185,    -11880,    -13065,    -23227,   -232842,   -256070,     17967,         0,      6167,       631,    734843,         0,    252228,     25795,      -393,     -4959,     -5352,    -16077,   -202833,   -218910,         0,         0,         0,         0,     34119,     45999,     18360,     23319
       365,     51066, 43.285079,      19.4,      89.5,     32118,         0,     10566,       410,    623087,         0,    204977,      7962,     -1310,    -12515,    -13825,    -25416,   -242782,   -268198,     17692,         0,      6685,       392,   1583392,         0,    598295,     35111,      -421,     -5224,     -5645,    -37695,   -467543,   -505238,         0,         0,         0,         0,     33428,     45942,     18113,     23337
       366,     51067, 40.883448,       6.4,       2.6,     31957,         0,     11210,       194,    204527,         0,     71742,      1240,     -1316,    -12372,    -13687,     -8422,    -79178,    -87600,     17616,         0,      7039,       288,     45802,         0,     18301,       748,      -425,     -5200,     -5625,     -1105,    -13520,    -14625,         0,         0,         0,         0,     33273,     45645,     18041,     23241
       367,     51068,116.543362,     137.2,     443.8,     32460,         0,      8852,      1082,   4453493,         0,   1214555,    148442,     -1249,    -11852,    -13102,   -171412,  -1626116,  -1797528,     17745,         0,      5689,       682,   7875339,         0,   2524881,    302602,      -422,     -4924,     -5346,   -187414,  -2185054,  -2372468,         0,         0,         0,         0,     33709,     45561,     18168,     23091
       368,     51069, 93.448746,     235.9,      70.9,     31672,         0,     10415,       642,   7471325,         0,   2456996,    151502,     -1322,    -12363,    -13685,   -311792,  -2916396,  -3228189,     17481,         0,      6549,       482,   1239371,         0,    464298,     34176,      -431,     -5157,     -5588,    -30526,   -365644,   -396170,         0,         0,         0,         0,     32993,     45356,     17911,     23068
       369,     51070,305.884017,      63.8,       7.8,     29947,         0,      5977,       222,   1910635,         0,    381362,     14191,     -1435,    -14223,    -15658,    -91552,   -907442,   -998994,     16405,         0,      4062,       217,    127957,         0,     31687,      1690,      -531,     -6008,     -6539,     -4146,    -46861,    -51006,         0,         0,         0,         0,     31382,     45605,     16936,     22944
       370,     51071, 96.491717,      61.7,     148.9,     31039,         0,      7652,       908,   1915091,         0,    472153,     56004,     -1308,    -12798,    -14106,    -80707,   -789641,   -870348,     17072,         0,      4985,       521,   2541965,         0,    742235,     77551,      -447,     -5321,     -5768,    -66558,   -792266,   -858823,         0,         0,         0,         0,     32347,     45145,     17519,     22839
       371,     51072, 86.749182,      80.4,      85.9,     31039,         0,      8984,       826,   2495547,         0,    722292,     66424,     -1219,    -12534,    -13753,    -98005,  -1007744,  -1105749,     17121,         0,      5694,       514,   1470670,         0,    489156,     44144,      -384,     -5240,     -5624,    -32979,   -450151,   -483130,         0,         0,         0,         0,     32258,     44792,     17505,     22745
       372,     51073,160.659328,      79.6,       6.3,     29225,         0,      7408,       165,   2326284,         0,    589645,     13132,     -1240,    -13598,    -14838,    -98720,  -1082390,  -1181109,     16266,         0,      4726,       243,    102478,         0,     29772,      1534,      -405,     -5723,     -6128,     -2552,    -36056,    -38608,         0,         0,         0,         0,     30465,     44063,     16672,     22395
       373,     51074,247.509665,      21.9,      23.1,     29269,         0,      9228,       249,    640985,         0,    202096,      5454,     -1240,    -13465,    -14706,    -27163,   -294891,   -322054,     16288,         0,      5713,       200,    376259,         0,    131974,      4625,      -405,     -5752,     -6156,     -9344,   -132862,   -142206,         0,         0,         0,         0,     30509,     43974,     16693,     22444
       374,     51075,415.423871,         0,         0,     27445,         0,     10869,        37,         0,         0,         0,         0,     -1251,    -14737,    -15989,         0,         0,         0,     15400,         0,      6591,        67,         0,         0,         0,         0,      -407,     -6460,     -6867,         0,         0,         0,         0,         0,         0,         0,     28696,     43433,     15807,     22267
       375,     51076,401.486297,      87.6,         0,     24697,         0,      5437,         5,   2163445,         0,    476325,       478,     -1213,    -17940,    -19153,   -106289,  -1571531,  -1677820,     14135,         0,      3582,       133,         0,         0,         0,         0,      -367,     -7709,     -8076,         0,         0,         0,         0,         0,         0,         0,     25910,     43850,     14502,     22211
       376,     51077,150.294086,         0,         0,     22184,         0,      3478,        12,         0,         0,         0,         0,     -1217,    -20241,    -21458,         0,         0,         0,     12887,         0,      2634,        45,         0,         0,         0,         0,      -369,     -8761,     -9131,         0,         0,         0,         0,         0,         0,         0,     23401,     43642,     13256,     22018
       377,     51078,103.574048,      11.2,         0,     29095,         0,      7409,        16,    325865,         0,     82985,       184,     -1231,    -13173,    -14403,    -13782,   -147534,   -161317,     16231,         0,      4600,       149,         0,         0,         0,         0,      -391,     -5565,     -5956,         0,         0,         0,         0,         0,         0,         0,     30326,     43498,     16622,     22187
       378,     51079,201.766026,         0,         0,     28664,         0,      8800,        16,         0,         0,         0,         0,     -1228,    -13117,    -14345,         0,         0,         0,     16021,         0,      5311,        50,         0,         0,         0,         0,      -391,     -5634,     -6025,         0,         0,         0,         0,         0,         0,         0,     29892,     43010,     16412,     22046
       379,     51080,128.103503,      22.2,         0,     28029,         0,      6854,         1,    622243,         0,    152155,        25,     -1194,    -13810,    -15004,    -26509,   -306590,   -333099,     15769,         0,      4189,        62,         0,         0,         0,         0,      -360,     -5851,     -6211,         0,         0,         0,         0,         0,         0,         0,     29223,     43033,     16129,     21980
       380,     51081,543.521951,         0,      65.1,     25657,         0,      3835,        65,         0,         0,         0,         0,     -1212,    -15477,    -16688,         0,         0,         0,     14606,         0,      2589,         3,    950833,         0,    168543,       216,      -365,     -6565,     -6931,    -23785,   -427414,   -451198,         0,         0,         0,         0,     26869,     42346,     14971,     21537
       381,     51082, 73.495561,       1.0,         0,     28240,         0,      7908,        20,     28240,         0,      7908,        20,     -1189,    -12984,    -14173,     -1189,    -12984,    -14173,     15917,         0,      4654,        52,         0,         0,         0,         0,      -356,     -5514,     -5870,         0,         0,         0,         0,         0,         0,         0,     29430,     42413,     16273,     21787
       382,     51083, 77.125168,         0,         0,     28165,         0,      6773,         3,         0,         0,         0,         0,     -1190,    -13085,    -14275,         0,         0,         0,     15879,         0,      4032,        35,         0,         0,         0,         0,      -356,     -5513,     -5868,         0,         0,         0,         0,         0,         0,         0,     29355,     42440,     16235,     21748
       383,     51084,361.583925,       8.8,      16.6,     40483,         0,      6229,       247,    356250,         0,     54817,      2176,     -1192,     -9193,    -10385,    -10489,    -80901,    -91390,     21120,         0,      4346,        27,    350586,         0,     72147,       446,      -357,     -4154,     -4511,     -5926,    -68964,    -74890,         0,         0,         0,         0,     41675,     50868,     21477,     25631
       384,     51085,327.431568,       2.0,         0,     37171,         0,      8252,         7,     74342,         0,     16504,        13,     -1308,    -11352,    -12660,     -2615,    -22704,    -25319,     19590,         0,      5553,        13,         0,         0,         0,         0,      -407,     -5126,     -5532,         0,         0,         0,         0,         0,         0,         0,     38479,     49831,     19997,     25123
       385,     51086,148.460759,       1.0,         0,     40477,     12195,      8497,        91,     40477,     12195,      8497,        91,     -1248,     -8283,     -9531,     -1248,     -8283,     -9531,     21186,      3587,      5636,        58,         0,         0,         0,         0,      -374,     -3788,     -4163,         0,         0,         0,     12195,         0,      3587,         0,     41725,     50008,     21561,     25349
       386,     51087,254.194311,       1.0,         0,     34633,         0,      9478,         0,     34633,         0,      9478,         0,     -1376,    -13074,    -14450,     -1376,    -13074,    -14450,     18432,         0,      6244,         5,         0,         0,         0,         0,      -440,     -5853,     -6294,         0,         0,         0,         0,         0,         0,         0,     36009,     49083,     18872,     24725
       387,     51088,168.734823,         0,         0,     37911,         0,     10017,         6,         0,         0,         0,         0,     -1291,     -9930,    -11221,         0,         0,         0,     19953,         0,      6527,         3,         0,         0,         0,         0,      -403,     -4529,     -4931,         0,         0,         0,         0,         0,         0,         0,     39202,     49132,     20355,     24884
       388,     51089,230.630104,       1.0,         0,     38755,         0,     10041,        74,     38755,         0,     10041,        74,     -1324,     -9181,    -10505,     -1324,     -9181,    -10505,     20448,         0,      6510,       116,         0,         0,         0,         0,      -415,     -4174,     -4589,         0,         0,         0,         0,         0,         0,         0,     40078,     49260,     20863,     25037
       389,     51090,169.860143,         0,         0,     34857,         0,     11020,         0,         0,         0,         0,         0,     -1384,    -12227,    -13611,         0,         0,         0,     18599,         0,      7065,         1,         0,         0,         0,         0,      -450,     -5454,     -5904,         0,         0,         0,         0,         0,         0,         0,     36241,     48467,     19050,     24503
       390,     51091,167.915471,         0,         0,     36420,         0,     11327,        27,         0,         0,         0,         0,     -1372,    -10784,    -12155,         0,         0,         0,     19385,         0,      7285,         3,         0,         0,         0,         0,      -437,     -4821,     -5258,         0,         0,         0,         0,         0,         0,         0,     37792,     48575,     19821,     24643
       391,     51092,220.025124,       2.0,      47.4,     38493,         0,     11281,       259,     76985,         0,     22562,       517,     -1339,     -8831,    -10169,     -2677,    -17662,    -20339,     20368,         0,      7219,       224,    965446,         0,    342183,     10609,      -422,     -3998,     -4420,    -19998,   -189491,   -209489,         0,         0,         0,         0,     39831,     48662,     20790,     24788
       392,     51093, 97.688323,       1.5,         0,     37769,      7512,     11985,       908,     56654,     11268,     17977,      1362,     -1358,     -8810,    -10168,     -2037,    -13215,    -15251,     20046,      1936,      7632,       602,         0,         0,         0,         0,      -431,     -3990,     -4421,         0,         0,         0,      7512,         0,      1936,         0,     39127,     47937,     20477,     24467
       393,     51094, 34.286597,         0,         0,     36982,         0,     12070,       454,         0,         0,         0,         0,     -1367,     -9665,    -11032,         0,         0,         0,     19660,         0,      7731,       459,         0,         0,         0,         0,      -436,     -4349,     -4785,         0,         0,         0,         0,         0,         0,         0,     38349,     48014,     20096,     24445
       394,     51095,426.629075,       1.0,         0,     30200,         0,     11220,        71,     30200,         0,     11220,        71,     -2027,    -15330,    -17358,     -2027,    -15330,    -17358,     16824,         0,      7114,        34,         0,         0,         0,         0,      -727,     -6491,     -7218,         0,         0,         0,         0,         0,         0,         0,     32227,     47558,     17552,     24043
       395,     51096,137.197218,         0,         0,     34261,         0,     12244,       327,         0,         0,         0,         0,     -1422,    -11480,    -12902,         0,         0,         0,     18567,         0,      7826,       250,         0,         0,         0,         0,      -460,     -4980,     -5441,         0,         0,         0,         0,         0,         0,         0,     35683,     47163,     19027,     24008
       396,     51097, 92.180413,     345.2,     254.1,     37436,      9314,     12237,      2174,  12922899,   3215075,   4224206,    750312,     -1375,     -8688,    -10063,   -474691,  -2999177,  -3473867,     19974,      2476,      7815,       916,   5075364,    629217,   1985917,    232806,      -437,     -3872,     -4309,   -110985,   -983983,  -1094968,      9314,         0,      2476,         0,     38811,     47499,     20411,     24283
       397,     51098, 21.557171,       3.4,         0,     35079,      5792,     12368,      1006,    119270,     19694,     42050,      3420,     -1418,    -10647,    -12065,     -4821,    -36200,    -41021,     18965,      1540,      7913,       682,         0,         0,         0,         0,      -454,     -4634,     -5089,         0,         0,         0,      5792,         0,      1540,         0,     36497,     47144,     19419,     24054
       398,     51099,283.480838,         0,         0,     31680,         0,     12164,        32,         0,         0,         0,         0,     -1879,    -13640,    -15519,         0,         0,         0,     17519,         0,      7675,         7,         0,         0,         0,         0,      -647,     -5796,     -6443,         0,         0,         0,         0,         0,         0,         0,     33559,     47199,     18166,     23963
       399,     51100, 40.581352,     111.1,      13.7,     35601,      7432,     12521,      2768,   3955235,    825652,   1391097,    307532,     -1414,     -9808,    -11222,   -157127,  -1089685,  -1246811,     19215,      2030,      7988,      1052,    263252,     27815,    109435,     14409,      -450,     -4289,     -4739,     -6162,    -58758,    -64921,      7432,         0,      2030,         0,     37015,     46823,     19665,     23954
       400,     51101, 31.416181,      93.1,      26.1,     36770,      9408,     12456,      3265,   3423309,    875911,   1159651,    304001,     -1414,     -8877,    -10291,   -131607,   -826440,   -958047,     19713,      2454,      7928,      1291,    514515,     64042,    206923,     33693,      -450,     -3935,     -4384,    -11739,   -102696,   -114435,      9408,         0,      2454,         0,     38184,     47061,     20163,     24098
       401,     51102, 15.753791,      20.9,     114.3,     36058,      9280,     12392,      3303,    753622,    193955,    258997,     69042,     -1444,     -8759,    -10202,    -30172,   -183053,   -213225,     19357,      2666,      7879,      1407,   2212456,    304761,    900587,    160807,      -471,     -3921,     -4391,    -53787,   -448141,   -501928,      9280,         0,      2666,         0,     37502,     46261,     19827,     23748
       402,     51103, 56.800698,      17.0,     266.0,     35648,      4920,     12639,      2043,    606012,     83632,    214866,     34737,     -1410,     -9684,    -11093,    -23969,   -164620,   -188589,     19259,      1407,      8065,       798,   5122823,    374359,   2145340,    212146,      -443,     -4193,     -4636,   -117763,  -1115451,  -1233214,      4920,         0,      1407,         0,     37058,     46741,     19701,     23895
       403,     51104,146.811041,       3.1,         0,     33429,         0,     12658,       742,    103629,         0,     39238,      2301,     -1756,    -11455,    -13211,     -5444,    -35510,    -40954,     18325,         0,      8010,       193,         0,         0,         0,         0,      -588,     -4883,     -5471,         0,         0,         0,         0,         0,         0,         0,     35185,     46640,     18913,     23796
       404,     51105, 40.536810,      71.6,     131.3,     35455,      4972,     12658,      3479,   2538580,    356028,    906323,    249076,     -1410,     -9429,    -10839,   -100922,   -675144,   -776067,     19201,      1370,      8063,      1116,   2521058,    179918,   1058735,    146469,      -441,     -4093,     -4535,    -57929,   -537455,   -595384,      4972,         0,      1370,         0,     36865,     46294,     19642,     23735
       405,     51106, 31.544987,      71.0,      62.9,     34553,      6161,     12577,      3777,   2453296,    437463,    892949,    268148,     -1514,     -9346,    -10860,   -107480,   -663574,   -771054,     18743,      1783,      8011,      1448,   1178916,    112177,    503867,     91098,      -497,     -4115,     -4611,    -31256,   -258803,   -290058,      6161,         0,      1783,         0,     36067,     45413,     19240,     23354
       406,     51107, 15.738090,      24.3,     794.5,     36863,      6894,     12509,      3603,    895767,    167523,    303980,     87561,     -1503,     -8260,     -9763,    -36533,   -200719,   -237252,     20030,      2298,      7965,      1564,  15913455,   1825980,   6327878,   1242435,      -483,     -3673,     -4155,   -383433,  -2917962,  -3301395,      6894,         0,      2298,         0,     38366,     46626,     20512,     24185
       407,     51108, 27.668124,      69.7,      69.6,     35190,      5171,     12725,      4124,   2452763,    360422,    886906,    287470,     -1588,     -9348,    -10937,   -110693,   -651583,   -762276,     19093,      2051,      8095,      1003,   1328845,    142769,    563442,     69841,      -517,     -4058,     -4575,    -36014,   -282426,   -318440,      5171,         0,      2051,         0,     36778,     46127,     19610,     23668
       408,     51109, 21.354747,      48.2,      87.2,     35287,      6172,     12642,      4379,   1700843,    297509,    609354,    211067,     -1589,     -9188,    -10777,    -76606,   -442864,   -519469,     19125,      2365,      8042,      1290,   1667743,    206261,    701255,    112509,      -522,     -4024,     -4546,    -45516,   -350929,   -396444,      6172,         0,      2365,         0,     36877,     46065,     19647,     23672
       409,     51110, 10.731433,       7.7,     126.1,     34772,      6339,     12580,      4213,    267745,     48811,     96866,     32437,     -1568,     -8865,    -10432,    -12071,    -68257,    -80329,     18847,      2422,      7998,      1389,   2376633,    305397,   1008518,    175177,      -520,     -3929,     -4449,    -65581,   -495459,   -561040,      6339,         0,      2422,         0,     36340,     45204,     19367,     23296
       410,     51111,109.851006,       6.0,         0,     31753,         0,     12166,        26,    190519,         0,     72999,       154,     -1991,    -12524,    -14515,    -11946,    -75144,    -87090,     17560,         0,      7445,        84,         0,         0,         0,         0,      -700,     -5290,     -5990,         0,         0,         0,         0,         0,         0,         0,     33744,     46268,     18260,     23550
       411,     51112,153.868017,       3.0,     380.2,     33710,         0,     12804,      1792,    101129,         0,     38411,      5377,     -1696,    -10358,    -12054,     -5089,    -31073,    -36163,     18444,         0,      8102,       511,   7012486,         0,   3080227,    194374,      -563,     -4443,     -5006,   -214040,  -1689416,  -1903456,         0,         0,         0,         0,     35406,     45764,     19007,     23451
       412,     51113,139.420820,       3.8,         0,     32447,         0,     12663,       299,    123299,         0,     48118,      1136,     -1873,    -11617,    -13491,     -7119,    -44146,    -51265,     17880,         0,      7814,        58,         0,         0,         0,         0,      -641,     -4933,     -5573,         0,         0,         0,         0,         0,         0,         0,     34320,     45938,     18520,     23453
       413,     51114, 27.891239,      69.0,      21.4,     32988,      8825,     12632,      4772,   2276158,    608940,    871623,    329238,     -1608,     -9792,    -11400,   -110977,   -675615,   -786592,     18054,      3040,      8034,      1152,    386363,     65049,    171937,     24662,      -538,     -4321,     -4859,    -11515,    -92466,   -103981,      8825,         0,      3040,         0,     34596,     44388,     18592,     22913
       414,     51115, 13.887322,      31.5,     115.4,     34170,      8866,     12572,      4748,   1076365,    279284,    396007,    149546,     -1628,     -8947,    -10575,    -51280,   -281845,   -333126,     18576,      3186,      7995,      1167,   2143659,    367674,    922618,    134636,      -548,     -3977,     -4525,    -63194,   -458935,   -522130,      8866,         0,      3186,         0,     35798,     44746,     19124,     23100
       415,     51116, 54.214325,      36.3,         0,     32583,      6536,     12724,      3903,   1182759,    237265,    461885,    141664,     -1607,    -10096,    -11703,    -58325,   -366484,   -424808,     17871,      2502,      8084,      1009,         0,         0,         0,         0,      -535,     -4422,     -4957,         0,         0,         0,      6536,         0,      2502,         0,     34190,     44286,     18407,     22828
       416,     51117, 43.446216,      33.6,     744.8,     31952,      7689,     12655,      3502,   1073589,    258359,    425205,    117664,     -1701,    -10105,    -11806,    -57154,   -339539,   -396694,     17578,      2676,      8003,       991,  13092409,   1993144,   5960756,    737740,      -574,     -4457,     -5032,   -427715,  -3319884,  -3747599,      7689,         0,      2676,         0,     33653,     43758,     18153,     22610
       417,     51118, 34.307517,         0,     165.6,     33016,      4101,     12703,      2464,         0,         0,         0,         0,     -1641,    -10175,    -11817,         0,         0,         0,     18133,      1712,      8005,       800,   3002906,    283534,   1325583,    132504,      -543,     -4401,     -4943,    -89858,   -728744,   -818601,      4101,         0,      1712,         0,     34657,     44832,     18676,     23077
       418,     51119, 68.366399,     196.1,     424.3,     32467,      9559,     12545,      4142,   6366809,   1874552,   2460041,    812245,     -1694,     -9514,    -11209,   -332290,  -1865703,  -2197994,     17810,      3326,      7941,       989,   7556704,   1411194,   3369510,    419507,      -574,     -4217,     -4791,   -243363,  -1789401,  -2032764,      9559,         0,      3326,         0,     34162,     43676,     18383,     22601
       419,     51120,128.684573,       7.6,         0,     29351,         0,     12578,       199,    223069,         0,     95590,      1512,     -1650,    -13233,    -14882,    -12540,   -100567,   -113107,     16441,         0,      7650,       207,         0,         0,         0,         0,      -550,     -5715,     -6265,         0,         0,         0,         0,         0,         0,         0,     31001,     44234,     16990,     22706
       420,     51121,109.597317,       6.1,         0,     29147,         0,     11999,         5,    177796,         0,     73196,        31,     -1644,    -13604,    -15248,    -10028,    -82983,    -93011,     16353,         0,      7199,        33,         0,         0,         0,         0,      -542,     -5829,     -6370,         0,         0,         0,         0,         0,         0,         0,     30791,     44395,     16895,     22723
       421,     51122, 15.813034,         0,     237.9,     30611,      3368,     12595,      3008,         0,         0,         0,         0,     -1725,    -10732,    -12457,         0,         0,         0,     16991,      1392,      7922,       887,   4042263,    331110,   1884561,    210920,      -584,     -4718,     -5302,   -138914,  -1122489,  -1261402,      3368,         0,      1392,         0,     32337,     43069,     17575,     22294
       422,     51123,151.057202,     252.5,      83.3,     31440,      2036,     12650,      1773,   7938632,    513984,   3194167,    447726,     -1713,    -10810,    -12523,   -432453,  -2729499,  -3161952,     17433,       949,      7895,       562,   1452181,     79076,    657651,     46849,      -574,     -4651,     -5224,    -47775,   -387406,   -435181,      2036,         0,       949,         0,     33153,     43963,     18007,     22657
       423,     51124, 40.936237,         0,     394.9,     32040,      9898,     12449,      3668,         0,         0,         0,         0,     -1721,     -9393,    -11113,         0,         0,         0,     17619,      3516,      7808,       821,   6957802,   1388318,   3083235,    324044,      -586,     -4178,     -4764,   -231388,  -1649816,  -1881204,      9898,         0,      3516,         0,     33761,     43154,     18205,     22383
       424,     51125, 29.253540,     170.0,      10.5,     30781,      3779,     12529,      2853,   5232769,    642441,   2129938,    485055,     -1744,    -10544,    -12288,   -296503,  -1792507,  -2089010,     17071,      1666,      7840,       820,    179247,     17490,     82316,      8615,      -590,     -4643,     -5232,     -6190,    -48749,    -54939,      3779,         0,      1666,         0,     32525,     43069,     17661,     22303
       425,     51126, 62.150053,       3.0,         0,     29686,         0,     12204,        54,     89058,         0,     36611,       161,     -1648,    -12353,    -14001,     -4943,    -37058,    -42002,     16606,         0,      7286,       131,         0,         0,         0,         0,      -549,     -5318,     -5867,         0,         0,         0,         0,         0,         0,         0,     31334,     43686,     17155,     22473
       426,     51127,185.826066,      11.9,         0,     28933,         0,     11334,         4,    344299,         0,    134879,        50,     -1641,    -12893,    -14534,    -19524,   -153428,   -172952,     16271,         0,      6656,        48,         0,         0,         0,         0,      -538,     -5516,     -6054,         0,         0,         0,         0,         0,         0,         0,     30573,     43466,     16809,     22325
       427,     51128,219.710923,       5.0,      26.6,     31617,      2220,     12277,       879,    158085,     11102,     61383,      4394,     -1718,    -10338,    -12056,     -8588,    -51689,    -60278,     17484,      1326,      7442,       326,    465084,     35258,    197958,      8684,      -568,     -4509,     -5078,    -15122,   -119945,   -135067,      2220,         0,      1326,         0,     33335,     43673,     18053,     22562
       428,     51129, 90.763794,      12.5,         0,     28272,         0,     10182,         7,    353401,         0,    127276,        89,     -1613,    -13571,    -15184,    -20166,   -169634,   -189800,     15972,         0,      5975,        53,         0,         0,         0,         0,      -530,     -5774,     -6304,         0,         0,         0,         0,         0,         0,         0,     29885,     43456,     16502,     22276
       429,     51130,252.709919,       2.0,         0,     29999,         0,     11691,        36,     59997,         0,     23383,        72,     -1729,    -11843,    -13572,     -3458,    -23686,    -27144,     16791,         0,      6858,        26,         0,         0,         0,         0,      -580,     -5087,     -5667,         0,         0,         0,         0,         0,         0,         0,     31728,     43571,     17371,     22458
       430,     51131,166.512817,      15.9,       5.2,     29063,         0,     10379,        15,    462105,         0,    165029,       243,     -1722,    -12671,    -14393,    -27381,   -201476,   -228856,     16399,         0,      5980,        66,     85274,         0,     31098,       342,      -570,     -5378,     -5948,     -2962,    -27965,    -30927,         0,         0,         0,         0,     30785,     43457,     16969,     22346
       431,     51132,214.077062,      24.8,       5.2,     28130,         0,      8489,        38,    697624,         0,    210524,       948,     -1674,    -13638,    -15312,    -41512,   -338234,   -379746,     15972,         0,      4910,        65,     83054,         0,     25534,       337,      -564,     -5756,     -6320,     -2932,    -29933,    -32865,         0,         0,         0,         0,     29804,     43442,     16536,     22292
       432,     51133,111.541512,       1.0,       5.3,     29699,         0,      9787,        59,     29699,         0,      9787,        59,     -1729,    -11318,    -13047,     -1729,    -11318,    -13047,     16684,         0,      5540,        70,     88424,         0,     29361,       369,      -573,     -4816,     -5390,     -3038,    -25527,    -28564,         0,         0,         0,         0,     31427,     42746,     17257,     22073
       433,     51134,149.232428,      26.4,       5.2,     28945,         0,      8820,       105,    764148,         0,    232838,      2780,     -1719,    -12081,    -13800,    -45392,   -318936,   -364328,     16341,         0,      4949,        80,     84972,         0,     25734,       417,      -569,     -5107,     -5676,     -2957,    -26556,    -29513,         0,         0,         0,         0,     30664,     42745,     16909,     22016
       434,     51135, 81.141532,         0,         0,     27735,         0,      7886,       129,         0,         0,         0,         0,     -1679,    -13493,    -15172,         0,         0,         0,     15784,         0,      4428,       110,         0,         0,         0,         0,      -567,     -5749,     -6317,         0,         0,         0,         0,         0,         0,         0,     29414,     42907,     16352,     22101
       435,     51136,157.038990,      20.2,      39.2,     27417,         0,      6900,        93,    553832,         0,    139380,      1869,     -1679,    -13769,    -15447,    -33914,   -278125,   -312038,     15638,         0,      3886,        89,    612998,         0,    152340,      3474,      -565,     -5832,     -6398,    -22167,   -228633,   -250800,         0,         0,         0,         0,     29096,     42865,     16203,     22036
       436,     51137, 60.910933,      18.9,      65.0,     29031,         0,      7617,       129,    548680,         0,    143962,      2440,     -1723,    -11668,    -13391,    -32560,   -220534,   -253094,     16394,         0,      4162,        71,   1065600,         0,    270506,      4606,      -571,     -4923,     -5494,    -37087,   -320022,   -357110,         0,         0,         0,         0,     30753,     42422,     16964,     21888
       437,     51138, 59.517477,         0,         0,     27865,         0,      6701,       146,         0,         0,         0,         0,     -1690,    -12631,    -14322,         0,         0,         0,     15846,         0,      3620,       102,         0,         0,         0,         0,      -568,     -5337,     -5905,         0,         0,         0,         0,         0,         0,         0,     29555,     42186,     16414,     21751
       438,     51139,113.024265,      28.6,      28.6,     27738,         0,      6049,       132,    793321,         0,    173005,      3783,     -1681,    -12651,    -14331,    -48064,   -361807,   -409871,     15789,         0,      3269,       112,    451562,         0,     93491,      3197,      -567,     -5362,     -5929,    -16222,   -153342,   -169564,         0,         0,         0,         0,     29419,     42070,     16356,     21718
       439,     51140, 63.735215,      17.3,      18.5,     26951,         0,      5358,        83,    466249,         0,     92693,      1436,     -1682,    -13713,    -15395,    -29099,   -237239,   -266338,     15407,         0,      2914,        99,    285036,         0,     53903,      1827,      -568,     -5842,     -6409,    -10500,   -108072,   -118572,         0,         0,         0,         0,     28633,     42346,     15975,     21817
       440,     51141,105.280760,       8.5,         0,     27040,         0,      4824,        65,    229841,         0,     41008,       554,     -1683,    -13587,    -15270,    -14305,   -115493,   -129798,     15454,         0,      2633,        88,         0,         0,         0,         0,      -567,     -5761,     -6328,         0,         0,         0,         0,         0,         0,         0,     28723,     42310,     16021,     21781
       441,     51142, 92.615731,      28.8,         0,     27464,         0,      4491,        83,    790972,         0,    129340,      2382,     -1682,    -12391,    -14074,    -48455,   -356872,   -405328,     15656,         0,      2351,        89,         0,         0,         0,         0,      -568,     -5253,     -5821,         0,         0,         0,         0,         0,         0,         0,     29147,     41538,     16224,     21478
       442,     51143,455.313143,      21.4,     345.8,     41125,         0,      5973,       357,    880078,         0,    127823,      7635,     -1187,     -8486,     -9673,    -25402,   -181601,   -207003,     21431,         0,      4150,        27,   7410910,         0,   1435053,      9505,      -351,     -3909,     -4260,   -121499,  -1351699,  -1473198,         0,         0,         0,         0,     42312,     50798,     21783,     25691
       443,     51144,337.132321,       5.6,         0,     34859,         0,      6001,         0,    195210,         0,     33607,         0,     -1431,    -11810,    -13241,     -8015,    -66137,    -74152,     18567,         0,      4212,         6,         0,         0,         0,         0,      -461,     -5716,     -6176,         0,         0,         0,         0,         0,         0,         0,     36290,     48100,     19028,     24743
       444,     51145,319.316905,     262.2,         0,     39482,         0,      8720,        30,  10352087,         0,   2286322,      7788,     -1254,     -8247,     -9501,   -328907,  -2162279,  -2491186,     20762,         0,      5742,       278,         0,         0,         0,         0,      -376,     -3863,     -4239,         0,         0,         0,         0,         0,         0,         0,     40736,     48983,     21138,     25002
       445,     51146,119.682629,      31.6,      63.5,     39233,         0,     10605,       246,   1239777,         0,    335106,      7776,     -1322,     -8091,     -9413,    -41774,   -255668,   -297442,     20702,         0,      6797,       434,   1314553,         0,    431602,     27530,      -414,     -3742,     -4156,    -26287,   -237622,   -263908,         0,         0,         0,         0,     40555,     48646,     21116,     24858
       446,     51147,376.839616,      58.6,      44.1,     34971,         0,     10188,       170,   2049314,         0,    596994,      9968,     -1474,    -10113,    -11587,    -86385,   -592629,   -679015,     18801,         0,      6584,       372,    829103,         0,    290335,     16408,      -480,     -4759,     -5238,    -21154,   -209851,   -231005,         0,         0,         0,         0,     36445,     46559,     19280,     24039
       447,     51148,201.707400,     276.1,     140.6,     37436,      2950,     10829,       398,  10335993,    814411,   2989957,    109877,     -1448,     -8835,    -10283,   -399827,  -2439294,  -2839121,     19890,       862,      6910,       418,   2796577,    121250,    971508,     58813,      -471,     -4125,     -4596,    -66231,   -579991,   -646221,      2950,         0,       862,         0,     38884,     47719,     20361,     24486
       448,     51149,955.514379,      42.8,         0,     27099,         0,      7127,         0,   1159850,         0,    305018,         0,     -1642,    -16343,    -17985,    -70287,   -699490,   -769777,     15332,         0,      5073,        43,         0,         0,         0,         0,      -557,     -7595,     -8152,         0,         0,         0,         0,         0,         0,         0,     28742,     45085,     15888,     23484
       449,     51150, 78.193181,       1.5,      10.9,     38147,      6759,     11680,      1052,     57221,     10139,     17520,      1577,     -1353,     -8181,     -9534,     -2029,    -12271,    -14301,     20258,      1758,      7387,       877,    220812,     19161,     80515,      9564,      -425,     -3751,     -4176,     -4638,    -40885,    -45523,      6759,         0,      1758,         0,     39500,     47681,     20684,     24434
       450,     51151,1037.37327,      43.1,       5.2,     26884,         0,      4745,         5,   1158705,         0,    204493,       224,     -1642,    -14948,    -16590,    -70772,   -644241,   -715014,     15253,         0,      3849,        43,     79314,         0,     20014,       224,      -557,     -7041,     -7598,     -2894,    -36614,    -39508,         0,         0,         0,         0,     28526,     43474,     15809,     22850
       451,     51152, 85.403351,      92.7,      64.2,     35167,         0,     11540,       631,   3259988,         0,   1069791,     58519,     -1483,     -9639,    -11122,   -137484,   -893504,  -1030988,     18936,         0,      7276,      1071,   1215699,         0,    467100,     68760,      -480,     -4455,     -4936,    -30847,   -286023,   -316870,         0,         0,         0,         0,     36650,     46289,     19417,     23872
       452,     51153, 68.734177,      12.0,     291.1,     36904,      8701,     12038,      2048,    442853,    104407,    144456,     24581,     -1434,     -8902,    -10336,    -17203,   -106828,   -124031,     19748,      2338,      7617,      1273,   5748662,    680546,   2217182,    370586,      -461,     -4024,     -4485,   -134325,  -1171401,  -1305726,      8701,         0,      2338,         0,     38338,     47240,     20210,     24234
       453,     51154,416.858168,      72.5,     266.1,     29417,         0,      9430,       276,   2132715,         0,    683643,     20036,     -1654,    -13552,    -15205,   -119900,   -982494,  -1102394,     16403,         0,      6311,       120,   4364957,         0,   1679424,     32029,      -559,     -6291,     -6850,   -148882,  -1674028,  -1822909,         0,         0,         0,         0,     31071,     44622,     16963,     23254
       454,     51155,145.088052,     202.7,       8.9,     34294,         0,     11418,       234,   6951304,         0,   2314509,     47469,     -1512,     -9628,    -11139,   -306400,  -1951536,  -2257936,     18587,         0,      7210,       893,    165427,         0,     64167,      7947,      -498,     -4454,     -4952,     -4429,    -39642,    -44072,         0,         0,         0,         0,     35805,     45433,     19085,     23539
       455,     51156, 16.569633,      22.1,     158.2,     36058,      9401,     12344,      3230,    796872,    207753,    272804,     71384,     -1444,     -8703,    -10146,    -31902,   -192332,   -224234,     19356,      2860,      7843,      1485,   3062154,    452525,   1240724,    234964,      -471,     -3910,     -4381,    -74456,   -618559,   -693015,      9401,         0,      2860,         0,     37501,     46204,     19827,     23737
       456,     51157, 31.554383,      87.0,     270.3,     35183,      9646,     12265,      3024,   3060943,    839196,   1067047,    263082,     -1453,     -9148,    -10600,   -126387,   -795840,   -922227,     18911,      2831,      7784,      1515,   5111552,    765252,   2103936,    409585,      -473,     -4178,     -4651,   -127830,  -1129414,  -1257244,      9646,         0,      2831,         0,     36636,     45784,     19384,     23562
       457,     51158, 31.387847,      82.1,         0,     35624,      8113,     12160,      2625,   2924741,    666088,    998338,    215540,     -1445,     -9422,    -10867,   -118635,   -773576,   -892211,     19202,      2176,      7704,      1468,         0,         0,         0,         0,      -470,     -4241,     -4712,         0,         0,         0,      8113,         0,      2176,         0,     37069,     46492,     19672,     23913
       458,     51159,185.114592,      66.5,       8.6,     31941,         0,     10911,       293,   2124053,         0,    725560,     19489,     -1626,    -11663,    -13289,   -108129,   -775599,   -883728,     17568,         0,      6955,       530,    151088,         0,     59816,      4560,      -547,     -5360,     -5907,     -4705,    -46098,    -50803,         0,         0,         0,         0,     33567,     45230,     18116,     23476
       459,     51160, 73.222518,     217.5,       9.3,     34857,         0,     11864,       701,   7581443,         0,   2580385,    152412,     -1448,     -9512,    -10961,   -314983,  -2068958,  -2383941,     18873,         0,      7462,      1345,    175516,         0,     69394,     12508,      -473,     -4335,     -4807,     -4398,    -40311,    -44708,         0,         0,         0,         0,     36305,     45818,     19346,     23680
       460,     51161, 69.296865,     163.6,       5.9,     35686,      5175,     12045,      1840,   5838155,    846649,   1970549,    300975,     -1445,     -9054,    -10499,   -236323,  -1481244,  -1717567,     19241,      1438,      7608,      1474,    113519,      8484,     44886,      8698,      -470,     -4106,     -4576,     -2771,    -24228,    -26998,      5175,         0,      1438,         0,     37130,     46184,     19710,     23817
       461,     51162, 16.755901,      16.2,     401.1,     35146,      6886,     12460,      3472,    569364,    111557,    201845,     56244,     -1514,     -8903,    -10416,    -24525,   -144222,   -168747,     19002,      2297,      7929,      1612,   7621695,    921191,   3180345,    646525,      -497,     -3961,     -4457,   -199172,  -1588560,  -1787732,      6886,         0,      2297,         0,     36660,     45562,     19499,     23459
       462,     51163,488.809710,       1.3,         0,     20791,         0,      2316,         1,     27028,         0,      3010,         1,     -1626,    -17916,    -19542,     -2114,    -23291,    -25405,     12339,         0,      2535,         7,         0,         0,         0,         0,      -549,     -8571,     -9120,         0,         0,         0,         0,         0,         0,         0,     22417,     40333,     12887,     21459
       463,     51164, 31.978552,      77.9,      96.0,     34661,      6613,     12383,      3343,   2700124,    515114,    964646,    260424,     -1553,     -9168,    -10721,   -120969,   -714197,   -835165,     18787,      2246,      7872,      1668,   1803550,    215657,    755712,    160156,      -516,     -4094,     -4609,    -49500,   -392977,   -442477,      6613,         0,      2246,         0,     36214,     45382,     19303,     23396
       464,     51165, 31.812865,      81.0,       1.1,     35553,      5555,     12272,      3044,   2879799,    449922,    994057,    246525,     -1570,     -9107,    -10677,   -127180,   -737676,   -864857,     19224,      1551,      7786,      1626,     21146,      1706,      8565,      1788,      -521,     -4067,     -4588,      -573,     -4473,     -5046,      5555,         0,      1551,         0,     37123,     46230,     19745,     23812
       465,     51166, 11.041878,       6.4,     260.9,     34770,      6352,     12533,      4024,    222529,     40654,     80212,     25755,     -1569,     -8811,    -10379,    -10040,    -56389,    -66429,     18846,      2426,      7965,      1457,   4917030,    632828,   2077997,    380105,      -520,     -3918,     -4438,   -135739,  -1022246,  -1157985,      6352,         0,      2426,         0,     36339,     45150,     19367,     23285
       466,     51167, 21.003551,      72.6,       3.8,     34073,      6466,     12460,      3768,   2473707,    469427,    904569,    273549,     -1569,     -9101,    -10670,   -113933,   -660712,   -774645,     18524,      2404,      7909,      1580,     70391,      9135,     30055,      6004,      -520,     -4069,     -4589,     -1977,    -15461,    -17438,      6466,         0,      2404,         0,     35642,     44743,     19044,     23113
       467,     51168, 20.594265,      56.6,       7.8,     34667,      6589,     12353,      3273,   1962149,    372965,    699201,    185236,     -1579,     -9371,    -10950,    -89352,   -530427,   -619779,     18818,      2117,      7827,      1720,    146777,     16511,     61052,     13417,      -525,     -4200,     -4725,     -4096,    -32760,    -36857,      6589,         0,      2117,         0,     36246,     45617,     19343,     23543
       468,     51169,161.976319,     367.0,     194.5,     34075,         0,     12099,       862,  12505353,         0,   4440376,    316468,     -1613,     -9441,    -11053,   -591810,  -3464671,  -4056481,     18551,         0,      7635,      1582,   3608145,         0,   1485101,    307727,      -542,     -4286,     -4828,   -105350,   -833670,   -939020,         0,         0,         0,         0,     35687,     45128,     19093,     23379
       469,     51170,181.238918,      91.1,     134.9,     32179,         0,     11664,       519,   2931473,         0,   1062555,     47240,     -1621,    -10509,    -12130,   -147659,   -957387,  -1105046,     17698,         0,      7339,       870,   2387484,         0,    990048,    117339,      -543,     -4817,     -5361,    -73314,   -649867,   -723181,         0,         0,         0,         0,     33799,     44309,     18242,     23059
       470,     51171,144.935839,      29.0,      29.7,     31715,         0,     10728,       254,    919730,         0,    311115,      7366,     -1630,    -10763,    -12393,    -47272,   -312115,   -359386,     17472,         0,      6845,       257,    518931,         0,    203291,      7625,      -549,     -4999,     -5548,    -16316,   -148462,   -164777,         0,         0,         0,         0,     33345,     44107,     18022,     23020
       471,     51172,396.339757,     104.7,      25.3,     29657,         0,      8458,        33,   3105106,         0,    885599,      3477,     -1654,    -11869,    -13522,   -173134,  -1242656,  -1415789,     16524,         0,      5891,       168,    418068,         0,    149033,      4253,      -559,     -5575,     -6134,    -14147,   -141044,   -155191,         0,         0,         0,         0,     31311,     43180,     17084,     22658
       472,     51173, 14.281052,      21.9,     126.9,     34180,      8853,     12530,      4543,    748550,    193871,    274405,     99501,     -1627,     -8892,    -10520,    -35639,   -194745,   -230384,     18581,      3182,      7963,      1313,   2357897,    403778,   1010486,    166667,      -548,     -3964,     -4512,    -69500,   -503040,   -572540,      8853,         0,      3182,         0,     35808,     44700,     19128,     23092
       473,     51174, 27.565032,      66.3,      89.9,     34315,      9379,     12464,      4039,   2275071,    621853,    826359,    267773,     -1685,     -9268,    -10953,   -111739,   -614440,   -726179,     18668,      3146,      7907,      1507,   1678259,    282791,    710842,    135510,      -570,     -4134,     -4704,    -51233,   -371679,   -422912,      9379,         0,      3146,         0,     36000,     45268,     19238,     23372
       474,     51175, 26.995308,      68.4,       2.2,     34349,      7333,     12355,      2857,   2349486,    501570,    845116,    195423,     -1578,     -9249,    -10827,   -107923,   -632642,   -740565,     18681,      2535,      7812,      1680,     41099,      5576,     17186,      3695,      -524,     -4155,     -4679,     -1152,     -9142,    -10294,      7333,         0,      2535,         0,     35927,     45176,     19205,     23360
       475,     51176,514.799032,      51.4,      55.0,     23051,         0,       532,        65,   1184820,         0,     27349,      3328,     -1646,    -15341,    -16987,    -84599,   -788529,   -873128,     13485,         0,      1118,        53,    741688,         0,     61495,      2893,      -556,     -7402,     -7958,    -30581,   -407093,   -437674,         0,         0,         0,         0,     24697,     40038,     14041,     21443
       476,     51177,207.057573,      13.7,       1.2,     26631,         0,      2529,        31,    364849,         0,     34645,       425,     -1642,    -13210,    -14853,    -22502,   -180983,   -203485,     15155,         0,      2669,        53,     18187,         0,      3202,        63,      -557,     -6296,     -6853,      -669,     -7555,     -8224,         0,         0,         0,         0,     28274,     41484,     15713,     22009
       477,     51178,279.393889,      38.9,         0,     28314,         0,      6245,        19,   1101420,         0,    242936,       742,     -1640,    -12217,    -13857,    -63779,   -475240,   -539019,     15943,         0,      4718,        77,         0,         0,         0,         0,      -551,     -5761,     -6312,         0,         0,         0,         0,         0,         0,         0,     29954,     42171,     16494,     22254
       478,     51179,110.746179,      31.5,     121.6,     31769,         0,     11690,       509,   1000734,         0,    368236,     16018,     -1622,    -10186,    -11808,    -51103,   -320856,   -371959,     17494,         0,      7326,       839,   2127321,         0,    890819,    101974,      -544,     -4705,     -5249,    -66129,   -572114,   -638244,         0,         0,         0,         0,     33392,     43578,     18038,     22743
       479,     51180,215.897388,      18.1,      18.8,     27301,         0,      4656,        44,    494143,         0,     84282,       798,     -1633,    -12905,    -14538,    -29557,   -233575,   -263132,     15477,         0,      3856,       104,    290963,         0,     72491,      1947,      -552,     -6110,     -6662,    -10378,   -114864,   -125242,         0,         0,         0,         0,     28934,     41838,     16029,     22139
       480,     51181,149.770175,      15.5,     805.4,     32076,      8714,     12369,      3525,    497182,    135074,    191723,     54640,     -1704,     -9426,    -11131,    -26419,   -146107,   -172527,     17626,      3209,      7803,      1257,  14196102,   2584836,   6284650,   1012055,      -579,     -4234,     -4813,   -466462,  -3410226,  -3876689,      8714,         0,      3209,         0,     33781,     43207,     18205,     22440
       481,     51182,161.024420,     550.4,      36.0,     32419,      4810,     12149,      1619,  17843183,   2647472,   6686941,    890836,     -1633,     -9745,    -11378,   -898944,  -5363778,  -6262722,     17812,      1723,      7618,      1047,    641222,     62029,    274262,     37695,      -549,     -4419,     -4968,    -19749,   -159094,   -178844,      4810,         0,      1723,         0,     34052,     43797,     18360,     22780
       482,     51183,147.492516,     122.3,      15.8,     29428,         0,     10702,       248,   3598985,         0,   1308814,     30310,     -1642,    -11878,    -13521,   -200877,  -1452740,  -1653617,     16455,         0,      6840,       289,    259996,         0,    108077,      4571,      -555,     -5485,     -6041,     -8777,    -86667,    -95444,         0,         0,         0,         0,     31070,     42949,     17011,     22496
       483,     51184,267.226285,      67.8,       3.3,     27764,         0,      8704,        40,   1882387,         0,    590134,      2694,     -1627,    -12843,    -14470,   -110326,   -870732,   -981058,     15687,         0,      5971,       283,     51765,         0,     19705,       934,      -552,     -5991,     -6544,     -1823,    -19772,    -21594,         0,         0,         0,         0,     29391,     42234,     16239,     22230
       484,     51185,134.789755,      17.2,       3.3,     26945,         0,      2783,        76,    463446,         0,     47861,      1306,     -1639,    -12553,    -14192,    -28190,   -215906,   -244096,     15309,         0,      2795,       121,     50520,         0,      9225,       399,      -553,     -5977,     -6531,     -1825,    -19726,    -21551,         0,         0,         0,         0,     28583,     41136,     15862,     21840
       485,     51186, 62.626372,      19.4,      88.4,     31365,         0,     11691,       360,    608473,         0,    226796,      6990,     -1624,    -10208,    -11832,    -31507,   -198029,   -229536,     17315,         0,      7275,       711,   1530619,         0,    643083,     62844,      -546,     -4703,     -5249,    -48274,   -415780,   -464054,         0,         0,         0,         0,     32989,     43196,     17861,     22564
       486,     51187, 59.099620,       6.6,      53.2,     25720,         0,      1030,        79,    169755,         0,      6797,       522,     -1639,    -12934,    -14574,    -10820,    -85367,    -96187,     14748,         0,      1684,        52,    784618,         0,     89591,      2778,      -554,     -6209,     -6763,    -29450,   -330335,   -359785,         0,         0,         0,         0,     27360,     40294,     15302,     21511
       487,     51188,119.287455,      54.0,      11.7,     30336,         0,      9002,        29,   1638149,         0,    486103,      1551,     -1643,    -11177,    -12821,    -88745,   -603570,   -692315,     16731,         0,      6046,       265,    195748,         0,     70736,      3097,      -556,     -5236,     -5792,     -6504,    -61265,    -67769,         0,         0,         0,         0,     31980,     43157,     17286,     22523
       488,     51189,116.717617,       5.2,     750.0,     32627,      9800,     12101,      2290,    169658,     50962,     62923,     11909,     -1785,     -9123,    -10907,     -9280,    -47438,    -56718,     17901,      3302,      7519,       905,  13425686,   2476317,   5639080,    679108,      -617,     -4126,     -4742,   -462566,  -3094279,  -3556845,      9800,         0,      3302,         0,     34411,     43534,     18518,     22643
       489,     51190,117.122660,      51.8,         0,     26367,         0,      7524,        20,   1365793,         0,    389719,      1043,     -1632,    -13241,    -14873,    -84520,   -685908,   -770428,     15033,         0,      5296,       212,         0,         0,         0,         0,      -552,     -6219,     -6771,         0,         0,         0,         0,         0,         0,         0,     27998,     41240,     15585,     21804
       490,     51191,129.918835,       4.5,         0,     26401,         0,      6016,        41,    118805,         0,     27072,       182,     -1630,    -12833,    -14463,     -7335,    -57748,    -65083,     15049,         0,      4519,       171,         0,         0,         0,         0,      -552,     -6056,     -6608,         0,         0,         0,         0,         0,         0,         0,     28031,     40864,     15601,     21657
       491,     51192,145.082144,      61.9,      37.4,     25465,         0,      4359,        73,   1576305,         0,    269844,      4516,     -1641,    -13352,    -14994,   -101587,   -826517,   -928104,     14630,         0,      3636,       146,    547154,         0,    135969,      5469,      -555,     -6314,     -6869,    -20764,   -236145,   -256908,         0,         0,         0,         0,     27107,     40459,     15185,     21499
       492,     51193,163.439772,      23.4,      26.4,     30494,         0,     11399,       245,    713557,         0,    266746,      5722,     -1636,    -10521,    -12157,    -38279,   -246191,   -284470,     16940,         0,      7084,       346,    447226,         0,    187028,      9124,      -552,     -4831,     -5384,    -14583,   -127549,   -142132,         0,         0,         0,         0,     32130,     42651,     17493,     22324
       493,     51194,161.360205,      35.2,         0,     29439,         0,     10352,       122,   1036263,         0,    364396,      4286,     -1641,    -11090,    -12731,    -57759,   -390360,   -448119,     16461,         0,      6646,       228,         0,         0,         0,         0,      -555,     -5135,     -5690,         0,         0,         0,         0,         0,         0,         0,     31080,     42170,     17016,     22151
       494,     51195,218.360842,      54.9,      29.1,     23388,         0,      2231,        74,   1283980,         0,    122493,      4086,     -1648,    -14205,    -15853,    -90467,   -779841,   -870308,     13664,         0,      2437,       105,    397611,         0,     70924,      3058,      -556,     -6759,     -7315,    -16181,   -196690,   -212872,         0,         0,         0,         0,     25035,     39240,     14220,     20979
       495,     51196,143.143381,      24.1,         0,     30884,      6069,     11765,      1258,    744314,    146263,    283525,     30323,     -1764,     -9889,    -11654,    -42523,   -238329,   -280852,     17123,      2110,      7290,       562,         0,         0,         0,         0,      -607,     -4507,     -5113,         0,         0,         0,      6069,         0,      2110,         0,     32649,     42538,     17729,     22236
       496,     51197,267.683675,      22.2,       5.2,     26808,         0,      8360,        33,    595134,         0,    185586,       734,     -1881,    -12479,    -14360,    -41748,   -277041,   -318789,     15219,         0,      5612,       159,     79138,         0,     29184,       828,      -665,     -5866,     -6531,     -3457,    -30504,    -33961,         0,         0,         0,         0,     28688,     41168,     15884,     21750
       497,     51198,141.793105,      42.0,       5.6,     25649,         0,      6910,        15,   1077265,         0,    290225,       644,     -1776,    -13366,    -15142,    -74597,   -561352,   -635949,     14703,         0,      4885,       171,     82338,         0,     27358,       956,      -619,     -6291,     -6910,     -3465,    -35232,    -38697,         0,         0,         0,         0,     27425,     40791,     15322,     21613
       498,     51199,196.080295,      32.8,       3.3,     25443,         0,      5702,        31,    834518,         0,    187018,      1004,     -1776,    -13230,    -15007,    -58265,   -433956,   -492221,     14605,         0,      4280,       154,     48196,         0,     14123,       508,      -619,     -6255,     -6874,     -2041,    -20642,    -22683,         0,         0,         0,         0,     27219,     40449,     15223,     21478
       499,     51200,231.133485,      37.8,      13.2,     23859,         0,      3817,        48,    901869,         0,    144273,      1799,     -1660,    -13781,    -15441,    -62741,   -520928,   -583669,     13875,         0,      3262,       126,    183153,         0,     43056,      1657,      -566,     -6549,     -7115,     -7467,    -86450,    -93917,         0,         0,         0,         0,     25519,     39300,     14441,     20990
       500,     51201, 87.938727,       3.4,      82.7,     31074,         0,     11219,       854,    105652,         0,     38143,      2904,     -1875,     -9539,    -11415,     -6376,    -32433,    -38810,     17204,         0,      6863,       577,   1422754,         0,    567551,     47693,      -657,     -4365,     -5022,    -54337,   -360986,   -415323,         0,         0,         0,         0,     32950,     42489,     17861,     22226
       501,     51202,157.750240,      16.5,         0,     29588,         0,     10620,       382,    488199,         0,    175235,      6308,     -1840,    -10530,    -12370,    -30353,   -173751,   -204104,     16518,         0,      6592,       250,         0,         0,         0,         0,      -643,     -4865,     -5508,         0,         0,         0,         0,         0,         0,         0,     31427,     41958,     17161,     22026
       502,     51203,157.500422,      15.1,      22.7,     27364,         0,      9644,       127,    413189,         0,    145625,      1910,     -1871,    -12277,    -14148,    -28254,   -185376,   -213630,     15486,         0,      6195,       157,    351534,         0,    140632,      3560,      -662,     -5713,     -6375,    -15026,   -129696,   -144722,         0,         0,         0,         0,     29235,     41511,     16148,     21862
       503,     51204,165.063345,         0,         0,     21860,         0,      1998,        29,         0,         0,         0,         0,     -1637,    -14762,    -16398,         0,         0,         0,     12943,         0,      2264,        63,         0,         0,         0,         0,      -552,     -7033,     -7586,         0,         0,         0,         0,         0,         0,         0,     23497,     38259,     13496,     20529
       504,     51205, 62.071252,       6.7,         0,     28514,         0,      8536,       119,    191047,         0,     57190,       801,     -1881,    -10491,    -12372,    -12603,    -70292,    -82895,     16027,         0,      5553,       119,         0,         0,         0,         0,      -662,     -4908,     -5570,         0,         0,         0,         0,         0,         0,         0,     30395,     40887,     16688,     21597
       505,     51206,121.179169,      29.2,         0,     27175,         0,      6757,         8,    793499,         0,    197301,       245,     -1878,    -11179,    -13056,    -54834,   -326415,   -381250,     15394,         0,      4687,        85,         0,         0,         0,         0,      -665,     -5285,     -5950,         0,         0,         0,         0,         0,         0,         0,     29053,     40231,     16059,     21344
       506,     51207, 41.623370,         0,         0,     27905,         0,      7841,        17,         0,         0,         0,         0,     -1864,    -10847,    -12711,         0,         0,         0,     15739,         0,      5208,        68,         0,         0,         0,         0,      -660,     -5093,     -5753,         0,         0,         0,         0,         0,         0,         0,     29769,     40616,     16399,     21492
       507,     51208,194.234423,     128.3,     172.2,     29204,         0,      9609,       315,   3746849,         0,   1232887,     40387,     -1894,    -10135,    -12030,   -243029,  -1300381,  -1543410,     16337,         0,      5955,       267,   2813198,         0,   1025374,     46051,      -669,     -4702,     -5371,   -115193,   -809654,   -924846,         0,         0,         0,         0,     31098,     41234,     17006,     21708
       508,     51209,294.667295,      23.9,         0,     24670,         0,      3621,         8,    589608,         0,     86534,       183,     -1891,    -12412,    -14304,    -45204,   -296659,   -341862,     14207,         0,      3054,        49,         0,         0,         0,         0,      -667,     -5953,     -6620,         0,         0,         0,         0,         0,         0,         0,     26561,     38974,     14874,     20827
       509,     51210, 57.896081,         0,         0,     26694,         0,      6594,         2,         0,         0,         0,         0,     -1881,    -11234,    -13114,         0,         0,         0,     15164,         0,      4529,        46,         0,         0,         0,         0,      -664,     -5316,     -5980,         0,         0,         0,         0,         0,         0,         0,     28574,     39808,     15828,     21145
       510,     51211, 99.472862,         0,         0,     27496,         0,      7733,        53,         0,         0,         0,         0,     -1871,    -10730,    -12602,         0,         0,         0,     15534,         0,      5050,        63,         0,         0,         0,         0,      -662,     -5044,     -5707,         0,         0,         0,         0,         0,         0,         0,     29367,     40097,     16196,     21240
       511,     51212,437.370278,       7.0,         0,     22092,         0,      1347,         0,    154643,         0,      9428,         0,     -1887,    -13083,    -14970,    -13210,    -91581,   -104791,     12972,         0,      1754,         8,         0,         0,         0,         0,      -661,     -6358,     -7019,         0,         0,         0,         0,         0,         0,         0,     23979,     37062,     13633,     19991
       512,     51213,148.939042,       7.0,         0,     28765,         0,      8068,       161,    201357,         0,     56478,      1128,     -1895,     -9568,    -11463,    -13266,    -66975,    -80242,     16103,         0,      5086,       159,         0,         0,         0,         0,      -668,     -4502,     -5170,         0,         0,         0,         0,         0,         0,         0,     30660,     40228,     16771,     21273
       513,     51214,956.731696,         0,         0,     23420,         0,      3200,         0,         0,         0,         0,         0,     -1900,    -12298,    -14198,         0,         0,         0,     13612,         0,      2671,         8,         0,         0,         0,         0,      -664,     -5912,     -6577,         0,         0,         0,         0,         0,         0,         0,     25320,     37618,     14276,     20189
       514,     51215,513.446130,         0,         0,     26514,         0,      5209,        22,         0,         0,         0,         0,     -1888,    -10643,    -12531,         0,         0,         0,     15026,         0,      3589,        17,         0,         0,         0,         0,      -667,     -5100,     -5767,         0,         0,         0,         0,         0,         0,         0,     28402,     39045,     15692,     20792
       515,     51216,100.403607,       7.9,         0,     27800,         0,      5814,        28,    219622,         0,     45933,       219,     -1872,     -9824,    -11696,    -14790,    -77610,    -92400,     15650,         0,      3800,        52,         0,         0,         0,         0,      -663,     -4660,     -5323,         0,         0,         0,         0,         0,         0,         0,     29672,     39496,     16313,     20973
       516,     51217,329.094165,         0,       3.0,     19244,         0,       618,         3,         0,         0,         0,         0,     -1840,    -13294,    -15134,         0,         0,         0,     11581,         0,       994,         0,     34743,         0,      2982,         0,      -640,     -6545,     -7186,     -1921,    -19636,    -21557,         0,         0,         0,         0,     21084,     34378,     12221,     18767
       517,     51218, 54.068428,       3.0,      40.0,     27124,         0,      4027,        50,     81371,         0,     12081,       151,     -1888,     -9507,    -11395,     -5665,    -28521,    -34186,     15321,         0,      2779,        47,    612824,         0,    111147,      1865,      -669,     -4550,     -5218,    -26746,   -181991,   -208738,         0,         0,         0,         0,     29012,     38519,     15989,     20539
       518,     51219,480.604030,         0,         0,     17264,         0,       430,         0,         0,         0,         0,         0,     -1724,    -13806,    -15530,         0,         0,         0,     10570,         0,       686,         0,         0,         0,         0,         0,      -627,     -6797,     -7424,         0,         0,         0,         0,         0,         0,         0,     18988,     32795,     11197,     17994
       519,     51220,355.510151,         0,         0,     23389,         0,       620,         0,         0,         0,         0,         0,     -1915,    -10616,    -12531,         0,         0,         0,     13488,         0,       760,         0,         0,         0,         0,         0,      -672,     -5241,     -5913,         0,         0,         0,         0,         0,         0,         0,     25304,     35920,     14160,     19401
       520,     51221, 34.468237,         0,      60.7,     32481,      8575,     12290,      3125,         0,         0,         0,         0,     -1735,     -9483,    -11218,         0,         0,         0,     17861,      3013,      7616,       794,   1084137,    182864,    462320,     48224,      -578,     -4215,     -4793,    -35100,   -255844,   -290944,      8575,         0,      3013,         0,     34216,     43700,     18439,     22654
       521,     51222, 36.432212,     254.7,      23.9,     31343,      6117,     11896,      2109,   7983161,   1558036,   3029811,    537195,     -1785,     -9524,    -11309,   -454627,  -2425852,  -2880479,     17319,      2170,      7238,       815,    413922,     51856,    172997,     19480,      -607,     -4306,     -4914,    -14516,   -102918,   -117434,      6117,         0,      2170,         0,     33128,     42653,     17926,     22232
       522,     51223,219.947333,       8.6,     775.4,     30234,      5582,     11700,      1086,    260016,     48003,    100624,      9337,     -1798,    -10134,    -11933,    -15467,    -87154,   -102621,     16777,      1806,      6986,       564,  13009256,   1400109,   5417165,    437377,      -621,     -4556,     -5177,   -481634,  -3532492,  -4014126,      5582,         0,      1806,         0,     32033,     42167,     17399,     21954
       523,     51224,188.281316,         0,      41.0,     29544,      4376,     11838,       929,         0,         0,         0,         0,     -1799,    -10955,    -12754,         0,         0,         0,     16438,      1584,      7070,       162,    673973,     64948,    289889,      6662,      -622,     -4913,     -5535,    -25503,   -201444,   -226947,      4376,         0,      1584,         0,     31343,     42298,     17060,     21974
       524,     51225, 61.517023,      33.5,     158.6,     30826,      4933,     11249,       944,   1032663,    165264,    376845,     31621,     -1877,     -9619,    -11496,    -62889,   -322227,   -385115,     17076,      1743,      6841,       793,   2708281,    276413,   1084921,    125826,      -658,     -4397,     -5056,   -104434,   -697380,   -801814,      4933,         0,      1743,         0,     32703,     42322,     17735,     22132
       525,     51226,155.809770,     400.6,      60.6,     30318,      5087,     11345,      1356,  12145565,   2037765,   4544650,    543188,     -1869,     -9745,    -11614,   -748591,  -3903927,  -4652518,     16825,      1803,      6822,       794,   1019621,    109238,    413385,     48122,      -655,     -4438,     -5093,    -39710,   -268940,   -308650,      5087,         0,      1803,         0,     32187,     41932,     17481,     21919
       526,     51227, 61.916719,      98.3,     103.7,     30358,         0,     10222,       605,   2984205,         0,   1004871,     59474,     -1887,     -9414,    -11301,   -185499,   -925390,  -1110889,     16865,         0,      6170,       468,   1748850,         0,    639857,     48526,      -665,     -4334,     -4999,    -68972,   -449430,   -518402,         0,         0,         0,         0,     32245,     41659,     17530,     21864
       527,     51228,273.751161,      53.4,         0,     26727,      2493,     10731,       565,   1427197,    133138,    573032,     30188,     -1721,    -13609,    -15330,    -91875,   -726738,   -818613,     15245,       890,      6136,        99,         0,         0,         0,         0,      -574,     -6064,     -6638,         0,         0,         0,      2493,         0,       890,         0,     28447,     42056,     15818,     21882
       528,     51229,206.698172,      44.7,     114.9,     28116,         0,     10274,       401,   1256785,         0,    459244,     17922,     -1821,    -11109,    -12930,    -81395,   -496567,   -577961,     15874,         0,      6072,       527,   1823899,         0,    697645,     60593,      -617,     -5066,     -5683,    -70940,   -582059,   -652999,         0,         0,         0,         0,     29937,     41046,     16491,     21557
       529,     51230,110.998273,      16.7,         0,     27661,         0,      9866,        50,    461932,         0,    164764,       832,     -1720,    -13104,    -14823,    -28717,   -218830,   -247547,     15682,         0,      5563,        44,         0,         0,         0,         0,      -577,     -5736,     -6313,         0,         0,         0,         0,         0,         0,         0,     29380,     42484,     16260,     21996
       530,     51231, 63.950997,      23.2,         0,     28389,         0,      9927,        48,    658621,         0,    230303,      1125,     -1752,    -10397,    -12149,    -40639,   -241216,   -281854,     16030,         0,      5632,       107,         0,         0,         0,         0,      -584,     -4655,     -5239,         0,         0,         0,         0,         0,         0,         0,     30140,     40538,     16614,     21270
       531,     51232, 93.826780,       4.5,         0,     28660,         0,      9098,       142,    128970,         0,     40942,       638,     -1720,    -11630,    -13350,     -7739,    -52336,    -60074,     16190,         0,      5047,        41,         0,         0,         0,         0,      -569,     -5042,     -5611,         0,         0,         0,         0,         0,         0,         0,     30380,     42010,     16759,     21801
       532,     51233,240.909156,      48.1,      19.5,     27984,         0,      9336,       218,   1346006,         0,    449055,     10493,     -1819,    -10623,    -12442,    -87504,   -510974,   -598478,     15808,         0,      5470,       196,    308262,         0,    106668,      3828,      -618,     -4867,     -5486,    -12055,    -94915,   -106970,         0,         0,         0,         0,     29803,     40426,     16427,     21294
       533,     51234,139.532925,      17.0,       4.4,     27300,         0,      9448,       137,    464101,         0,    160618,      2327,     -1721,    -12580,    -14301,    -29257,   -213853,   -243110,     15523,         0,      5253,        95,     68301,         0,     23113,       418,      -576,     -5567,     -6143,     -2535,    -24494,    -27029,         0,         0,         0,         0,     29021,     41601,     16099,     21666
       534,     51235,165.126588,      36.9,      32.5,     29324,         0,      8492,       206,   1082070,         0,    313355,      7612,     -1888,     -9308,    -11196,    -69655,   -343462,   -413117,     16381,         0,      5166,       220,    532373,         0,    167894,      7149,      -662,     -4332,     -4995,    -21520,   -140806,   -162326,         0,         0,         0,         0,     31212,     40520,     17043,     21375
       535,     51236,226.910949,       2.6,      34.1,     28797,         0,      7951,       124,     74871,         0,     20673,       322,     -1726,    -11360,    -13086,     -4487,    -29536,    -34023,     16258,         0,      4305,        44,    554404,         0,    146804,      1514,      -570,     -4873,     -5443,    -19444,   -166160,   -185604,         0,         0,         0,         0,     30522,     41882,     16828,     21701
       536,     51237, 45.519834,       2.3,         0,     27708,         0,      9364,        27,     63728,         0,     21536,        62,     -1753,    -10612,    -12365,     -4033,    -24407,    -28440,     15655,         0,      5274,        86,         0,         0,         0,         0,      -590,     -4825,     -5415,         0,         0,         0,         0,         0,         0,         0,     29461,     40073,     16245,     21070
       537,     51238,114.667868,      20.1,         0,     27166,         0,      8654,        90,    546028,         0,    173951,      1815,     -1821,    -11129,    -12950,    -36596,   -223689,   -260285,     15430,         0,      5001,       102,         0,         0,         0,         0,      -617,     -5102,     -5719,         0,         0,         0,         0,         0,         0,         0,     28986,     40115,     16047,     21149
       538,     51239, 63.515586,       4.5,     132.5,     27096,         0,      8159,       144,    121933,         0,     36718,       647,     -1720,    -12471,    -14192,     -7741,    -56121,    -63862,     15391,         0,      4463,        28,   2039290,         0,    591338,      3756,      -576,     -5544,     -6120,    -76283,   -734609,   -810892,         0,         0,         0,         0,     28817,     41288,     15967,     21511
       539,     51240, 77.349700,         0,         0,     26232,         0,      8139,        57,         0,         0,         0,         0,     -1758,    -10932,    -12691,         0,         0,         0,     14898,         0,      4533,        26,         0,         0,         0,         0,      -590,     -5055,     -5645,         0,         0,         0,         0,         0,         0,         0,     27990,     38922,     15488,     20544
       540,     51241,157.634753,      23.5,         0,     27872,         0,      6909,        26,    655003,         0,    162352,       611,     -1869,     -9972,    -11842,    -43925,   -234351,   -278276,     15685,         0,      4271,        77,         0,         0,         0,         0,      -662,     -4679,     -5340,         0,         0,         0,         0,         0,         0,         0,     29742,     39714,     16347,     21026
       541,     51242, 65.602924,         0,         0,     26211,         0,      7793,        11,         0,         0,         0,         0,     -1825,    -11381,    -13206,         0,         0,         0,     14959,         0,      4463,        47,         0,         0,         0,         0,      -617,     -5248,     -5865,         0,         0,         0,         0,         0,         0,         0,     28035,     39416,     15576,     20824
       542,     51243,191.306400,         0,         0,     26552,         0,      6101,        23,         0,         0,         0,         0,     -1711,    -12197,    -13907,         0,         0,         0,     15116,         0,      3182,         2,         0,         0,         0,         0,      -574,     -5372,     -5946,         0,         0,         0,         0,         0,         0,         0,     28263,     40460,     15690,     21062
       543,     51244, 60.599740,         0,         0,     27798,         0,      6872,        14,         0,         0,         0,         0,     -1838,     -9504,    -11342,         0,         0,         0,     15659,         0,      4134,        48,         0,         0,         0,         0,      -635,     -4434,     -5069,         0,         0,         0,         0,         0,         0,         0,     29636,     39140,     16295,     20729
       544,     51245, 52.539581,      18.2,         0,     27892,         0,      5536,        32,    507628,         0,    100752,       577,     -1871,     -9524,    -11395,    -34048,   -173337,   -207385,     15695,         0,      3567,        60,         0,         0,         0,         0,      -662,     -4508,     -5170,         0,         0,         0,         0,         0,         0,         0,     29762,     39286,     16357,     20865
       545,     51246,160.334893,      11.9,      40.6,     27416,         0,      4230,        51,    326252,         0,     50339,       607,     -1705,    -11983,    -13688,    -20288,   -142594,   -162882,     15604,         0,      2171,        51,    633522,         0,     88157,      2077,      -573,     -5086,     -5660,    -23283,   -206502,   -229785,         0,         0,         0,         0,     29121,     41104,     16177,     21264
       546,     51247, 33.626400,       8.7,         0,     27159,         0,      4303,        50,    236285,         0,     37439,       438,     -1887,     -9572,    -11459,    -16420,    -83276,    -99696,     15338,         0,      2886,        52,         0,         0,         0,         0,      -668,     -4568,     -5237,         0,         0,         0,         0,         0,         0,         0,     29047,     38619,     16006,     20575
       547,     51248, 36.297933,      16.0,      10.4,     26058,         0,      3137,        50,    416934,         0,     50197,       806,     -1895,     -9966,    -11861,    -30318,   -159461,   -189779,     14805,         0,      2256,        31,    153970,         0,     23463,       327,      -670,     -4791,     -5460,     -6966,    -49821,    -56788,         0,         0,         0,         0,     27953,     37920,     15475,     20265
       548,     51249,4212.82359,         0,         0,     10879,         0,      1445,         0,         0,         0,         0,         0,      -930,    -25305,    -26235,         0,         0,         0,      7418,         0,       899,         0,         0,         0,         0,         0,      -334,    -11982,    -12316,         0,         0,         0,         0,         0,         0,         0,     11809,     37114,      7751,     19734
       549,     51250,1145.66453,         0,      77.2,     21893,         0,       395,        77,         0,         0,         0,         0,     -2002,    -14697,    -16699,         0,         0,         0,     12884,         0,       260,         0,    994660,         0,     20095,         0,      -714,     -6483,     -7197,    -55140,   -500468,   -555608,         0,         0,         0,         0,     23895,     38592,     13598,     20081
       550,     51251,572.742451,         0,         0,     13457,         0,       575,         0,         0,         0,         0,         0,     -1565,    -21967,    -23532,         0,         0,         0,      8729,         0,       453,         0,         0,         0,         0,         0,      -529,    -10334,    -10864,         0,         0,         0,         0,         0,         0,         0,     15022,     36988,      9258,     19592
       551,     51252,398.524861,       3.0,         0,     18073,         0,       235,         0,     54220,         0,       704,         0,     -1904,    -16632,    -18537,     -5713,    -49896,    -55610,     10966,         0,       209,         3,         0,         0,         0,         0,      -699,     -7605,     -8304,         0,         0,         0,         0,         0,         0,         0,     19978,     36610,     11665,     19269
       552,     51253,497.823617,      16.9,       4.4,     16013,         0,       210,         4,    270618,         0,      3556,        74,     -1765,    -18341,    -20106,    -29833,   -309956,   -339789,      9953,         0,       232,        17,     43792,         0,      1020,        74,      -641,     -8550,     -9191,     -2822,    -37621,    -40442,         0,         0,         0,         0,     17778,     36119,     10594,     19144
       553,     51254,497.983439,       9.0,         0,     17903,         0,        98,         0,    161129,         0,       881,         0,     -1899,    -16568,    -18467,    -17090,   -149108,   -166199,     10879,         0,        85,         9,         0,         0,         0,         0,      -699,     -7366,     -8065,         0,         0,         0,         0,         0,         0,         0,     19802,     36370,     11578,     18944
       554,     51255,527.640878,         0,         0,     17587,         0,       140,         0,         0,         0,         0,         0,     -1875,    -15788,    -17662,         0,         0,         0,     10723,         0,       161,         0,         0,         0,         0,         0,      -691,     -7173,     -7864,         0,         0,         0,         0,         0,         0,         0,     19461,     35249,     11414,     18587
       555,     51256,654.362118,       7.0,         0,     13262,         0,       129,         0,     92836,         0,       901,         0,     -1548,    -19785,    -21333,    -10837,   -138492,   -149329,      8640,         0,       237,         7,         0,         0,         0,         0,      -518,     -9368,     -9886,         0,         0,         0,         0,         0,         0,         0,     14810,     34595,      9159,     18527
       556,     51257,908.462054,       8.4,         0,     14437,         0,       101,         0,    121275,         0,       849,         0,     -1662,    -17836,    -19499,    -13962,   -149826,   -163788,      9199,         0,       197,         8,         0,         0,         0,         0,      -587,     -8310,     -8897,         0,         0,         0,         0,         0,         0,         0,     16100,     33936,      9786,     18096
       557,     51258,285.959454,      79.2,       8.2,     12474,         0,        56,         8,    987977,         0,      4432,       649,     -1434,    -18908,    -20341,   -113536,  -1497507,  -1611043,      8263,         0,       217,        81,     67755,         0,      1777,       666,      -465,     -8960,     -9424,     -3811,    -73470,    -77281,         0,         0,         0,         0,     13908,     32816,      8727,     17687
       558,     51259,1618.13974,      34.6,         0,      9772,         0,        56,         0,    338107,         0,      1934,         0,      -559,    -20736,    -21296,    -19350,   -717476,   -736826,      6766,         0,       215,        36,         0,         0,         0,         0,      -234,     -9942,    -10175,         0,         0,         0,         0,         0,         0,         0,     10331,     31067,      6999,     16941
       559,     51260,426.510433,       3.7,         0,     11646,         0,        52,         4,     43092,         0,       194,        13,     -1232,    -18495,    -19727,     -4559,    -68431,    -72991,      7850,         0,       217,        39,         0,         0,         0,         0,      -407,     -8677,     -9084,         0,         0,         0,         0,         0,         0,         0,     12879,     31374,      8257,     16934
       560,     51261, 24.350458,       4.6,         0,     10941,         0,        47,        13,     50330,         0,       217,        58,      -966,    -19437,    -20403,     -4445,    -89411,    -93856,      7461,         0,       217,        36,         0,         0,         0,         0,      -342,     -9213,     -9555,         0,         0,         0,         0,         0,         0,         0,     11908,     31345,      7803,     17015
       561,     51262,931.942557,      39.8,      28.7,     10040,         0,        44,        29,    399579,         0,      1770,      1142,      -613,    -18832,    -19445,    -24383,   -749514,   -773897,      6927,         0,       216,        42,    198802,         0,      6194,      1197,      -252,     -8890,     -9142,     -7238,   -255132,   -262370,         0,         0,         0,         0,     10652,     29484,      7179,     16069
       562,     51263,5563.02605,       2.0,         0,     11658,         0,        60,         0,     23316,         0,       121,         0,     -1233,    -17609,    -18843,     -2466,    -35219,    -37685,      7849,         0,       145,         2,         0,         0,         0,         0,      -406,     -7992,     -8398,         0,         0,         0,         0,         0,         0,         0,     12891,     30501,      8255,     16247
       563,     51264,834.003699,      15.9,         0,      7954,         0,        53,         0,    126462,         0,       850,         0,      -189,    -18565,    -18753,     -3000,   -295178,   -298178,      5573,         0,       167,        17,         0,         0,         0,         0,      -121,     -9116,     -9237,         0,         0,         0,         0,         0,         0,         0,      8142,     26707,      5694,     14810
       564,     51265,883.792060,      15.9,         0,      8038,         0,        44,         0,    127802,         0,       698,         0,      -198,    -17367,    -17565,     -3153,   -276128,   -279281,      5631,         0,       156,        17,         0,         0,         0,         0,      -126,     -8451,     -8577,         0,         0,         0,         0,         0,         0,         0,      8236,     25603,      5756,     14207
       565,     51266,832.706408,         0,         0,      7097,         0,        36,         0,         0,         0,         0,         0,      -170,    -17584,    -17753,         0,         0,         0,      4994,         0,       161,         0,         0,         0,         0,         0,      -106,     -8661,     -8767,         0,         0,         0,         0,         0,         0,         0,      7266,     24850,      5100,     13761
       566,     51267,2147.81309,       7.7,       3.3,     23658,         0,      3746,         3,    182164,         0,     28846,        25,     -1134,    -18796,    -19929,     -8729,   -144727,   -153456,      8645,         0,       508,         8,     28529,         0,      1675,        25,      -604,    -11004,    -11607,     -1993,    -36312,    -38305,         0,         0,         0,         0,     24791,     43587,      9249,     20253
       567,     51268,1274.95128,      16.8,         0,     14864,         0,       666,         0,    249716,         0,     11189,         0,      -747,    -28474,    -29221,    -12551,   -478355,   -490906,      7464,         0,       342,        17,         0,         0,         0,         0,      -340,    -13426,    -13766,         0,         0,         0,         0,         0,         0,         0,     15611,     44085,      7804,     21229
       568,     51269,1492.12522,         0,         0,     21841,         0,       429,         0,         0,         0,         0,         0,     -1474,    -24511,    -25985,         0,         0,         0,     12012,         0,       470,         0,         0,         0,         0,         0,      -537,    -10275,    -10812,         0,         0,         0,         0,         0,         0,         0,     23315,     47826,     12549,     22824
       569,     51270,3954.90605,         0,         0,     16482,         0,       696,         0,         0,         0,         0,         0,     -1050,    -23811,    -24861,         0,         0,         0,     10023,         0,       733,         0,         0,         0,         0,         0,      -341,    -10069,    -10410,         0,         0,         0,         0,         0,         0,         0,     17532,     41343,     10364,     20433
       570,     51271,102.332438,         0,         0,     23691,         0,       534,         0,         0,         0,         0,         0,     -1778,    -13667,    -15445,         0,         0,         0,     13744,         0,       366,         0,         0,         0,         0,         0,      -610,     -5818,     -6427,         0,         0,         0,         0,         0,         0,         0,     25469,     39136,     14354,     20172
       571,     51272,6463.21188,         0,         0,      8519,         0,        55,         0,         0,         0,         0,         0,      -308,    -29325,    -29633,         0,         0,         0,      5913,         0,        29,         0,         0,         0,         0,         0,      -165,    -13254,    -13419,         0,         0,         0,         0,         0,         0,         0,      8827,     38152,      6077,     19332
       572,     51273,122.129988,         0,         0,     13763,         0,        38,         0,         0,         0,         0,         0,     -1606,    -20140,    -21746,         0,         0,         0,      8857,         0,        36,         9,         0,         0,         0,         0,      -555,     -8920,     -9475,         0,         0,         0,         0,         0,         0,         0,     15369,     35509,      9411,     18331
       573,     51274,516.024140,      22.9,         0,     12376,         0,        22,         0,    283406,         0,       502,         0,     -1427,    -20616,    -22043,    -32677,   -472110,   -504788,      8190,         0,        31,        23,         0,         0,         0,         0,      -463,     -9090,     -9553,         0,         0,         0,         0,         0,         0,         0,     13803,     34419,      8653,     17743
       574,     51275,141.789667,         0,         0,     14185,         0,        35,         0,         0,         0,         0,         0,     -1648,    -19168,    -20816,         0,         0,         0,      9060,         0,        37,        11,         0,         0,         0,         0,      -580,     -8463,     -9044,         0,         0,         0,         0,         0,         0,         0,     15832,     35000,      9640,     18104
       575,     51276, 97.436673,         0,         0,     12631,         0,        14,         0,         0,         0,         0,         0,     -1474,    -18991,    -20465,         0,         0,         0,      8316,         0,        30,         6,         0,         0,         0,         0,      -481,     -8334,     -8815,         0,         0,         0,         0,         0,         0,         0,     14104,     33096,      8797,     17131
       576,     51277,322.251432,         0,         0,     11079,         0,         1,         0,         0,         0,         0,         0,     -1052,    -20510,    -21562,         0,         0,         0,      7511,         0,        28,         0,         0,         0,         0,         0,      -364,     -8968,     -9333,         0,         0,         0,         0,         0,         0,         0,     12131,     32641,      7875,     16844
       577,     51278,6760.29904,      15.9,         0,     10008,         0,        55,         0,    159121,         0,       873,         0,      -745,    -22541,    -23286,    -11845,   -358405,   -370250,      7086,         0,       298,        16,         0,         0,         0,         0,      -254,    -11010,    -11264,         0,         0,         0,         0,         0,         0,         0,     10753,     33294,      7339,     18350
       578,     51279,940.320649,       4.0,         0,     19087,         0,       180,         0,     76347,         0,       718,         0,     -1619,    -16736,    -18355,     -6476,    -66943,    -73419,     11575,         0,       541,         4,         0,         0,         0,         0,      -542,     -8203,     -8745,         0,         0,         0,         0,         0,         0,         0,     20706,     37441,     12116,     20320
       579,     51280,429.635092,       3.0,         0,     12630,         0,        54,         0,     37890,         0,       162,         0,     -1245,    -18786,    -20031,     -3736,    -56358,    -60094,      8395,         0,       346,         3,         0,         0,         0,         0,      -407,     -9262,     -9670,         0,         0,         0,         0,         0,         0,         0,     13875,     32661,      8802,     18064
       580,     51281,376.255091,       4.0,         0,     15274,         0,       110,         0,     61096,         0,       438,         0,     -1398,    -17796,    -19194,     -5593,    -71185,    -76778,      9659,         0,       420,         4,         0,         0,         0,         0,      -494,     -8773,     -9268,         0,         0,         0,         0,         0,         0,         0,     16672,     34468,     10153,     18926
       581,     51282,655.270531,      49.7,      16.6,     21273,         0,       284,        17,   1057275,         0,     14093,       825,     -1639,    -14418,    -16056,    -81434,   -716568,   -798002,     12629,         0,       787,        50,    209643,         0,     13069,       825,      -553,     -7056,     -7609,     -9176,   -117134,   -126310,         0,         0,         0,         0,     22912,     37330,     13182,     20238
       582,     51283,1108.43117,     191.7,       6.6,     16856,         0,       147,         7,   3231214,         0,     28181,      1265,     -1508,    -15966,    -17474,   -289067,  -3060753,  -3349820,     10437,         0,       492,       192,     68883,         0,      3248,      1265,      -535,     -7877,     -8412,     -3531,    -51985,    -55516,         0,         0,         0,         0,     18363,     34330,     10972,     18848
       583,     51284,937.722738,         0,         0,     21945,         0,       650,         0,         0,         0,         0,         0,     -1632,    -14562,    -16194,         0,         0,         0,     12970,         0,      1237,         0,         0,         0,         0,         0,      -549,     -7043,     -7592,         0,         0,         0,         0,         0,         0,         0,     23577,     38139,     13519,     20562
       584,     51285,301.969051,         0,         0,     12890,         0,        47,         0,         0,         0,         0,         0,     -1266,    -17569,    -18836,         0,         0,         0,      8517,         0,       363,         1,         0,         0,         0,         0,      -421,     -8688,     -9108,         0,         0,         0,         0,         0,         0,         0,     14157,     31726,      8938,     17626
       585,     51286,630.858186,         0,         0,     13232,         0,        74,         0,         0,         0,         0,         0,     -1272,    -14323,    -15595,         0,         0,         0,      8640,         0,       401,         0,         0,         0,         0,         0,      -424,     -7105,     -7529,         0,         0,         0,         0,         0,         0,         0,     14503,     28826,      9064,     16169
       586,     51287,3070.67821,         0,         0,     15826,         0,       154,         0,         0,         0,         0,         0,     -1416,    -14552,    -15969,         0,         0,         0,      9900,         0,       497,         0,         0,         0,         0,         0,      -499,     -7213,     -7712,         0,         0,         0,         0,         0,         0,         0,     17243,     31795,     10399,     17612
       587,     51288,2124.33928,      97.3,         0,      9339,         0,         9,         0,    908654,         0,       884,         0,      -502,    -15301,    -15803,    -48872,  -1488789,  -1537661,      6706,         0,       250,        97,         0,         0,         0,         0,      -198,     -7490,     -7688,         0,         0,         0,         0,         0,         0,         0,      9841,     25142,      6904,     14394
       588,     51289,3697.46112,         0,         0,      4058,         0,         1,         0,         0,         0,         0,         0,       -82,    -18726,    -18809,         0,         0,         0,      3086,         0,       100,         0,         0,         0,         0,         0,       -65,    -10186,    -10250,         0,         0,         0,         0,         0,         0,         0,      4140,     22866,      3151,     13337
       589,     51290,6444.14402,       3.0,         0,     11683,         0,        25,         0,     35049,         0,        75,         0,     -1241,    -13494,    -14735,     -3723,    -40483,    -44206,      7681,         0,         7,         3,         0,         0,         0,         0,      -398,     -6907,     -7305,         0,         0,         0,         0,         0,         0,         0,     12924,     26418,      8079,     14986
       590,     51291,10051.9630,       3.0,      39.7,     12093,         0,        44,        40,     36278,         0,       131,       119,     -1322,    -14592,    -15914,     -3965,    -43776,    -47741,      7884,         0,        38,         3,    312988,         0,      1505,       119,      -421,     -7327,     -7748,    -16733,   -290873,   -307606,         0,         0,         0,         0,     13414,     28006,      8305,     15632
       591,     51292,7694.28847,         0,         0,      6166,         0,        35,         0,         0,         0,         0,         0,      -137,    -15242,    -15379,         0,         0,         0,      4322,         0,        50,         0,         0,         0,         0,         0,      -104,     -7935,     -8038,         0,         0,         0,         0,         0,         0,         0,      6303,     21545,      4426,     12361
       592,     51293,3980.87163,         0,         0,      5354,         0,         6,         0,         0,         0,         0,         0,      -133,    -11498,    -11631,         0,         0,         0,      3724,         0,        26,         0,         0,         0,         0,         0,       -99,     -6030,     -6129,         0,         0,         0,         0,         0,         0,         0,      5487,     16985,      3823,      9853
       593,     51294,12010.3982,         0,         0,      4546,         0,         0,         0,         0,         0,         0,         0,      -122,     -5464,     -5585,         0,         0,         0,      3002,         0,         0,         0,         0,         0,         0,         0,       -86,     -3666,     -3753,         0,         0,         0,         0,         0,         0,         0,      4668,     10132,      3089,      6755
       594,     51295,43003.0581,      13.9,         0,       123,         0,         0,         0,      1714,         0,         0,         0,        -0,     -4728,     -4728,        -4,    -65716,    -65720,       208,         0,        14,        14,         0,         0,         0,         0,        -0,     -4049,     -4050,         0,         0,         0,         0,         0,         0,         0,       124,      4851,       208,      4257
       595,     51296,22437.1821,       2.0,         0,       835,         0,         0,         0,      1669,         0,         0,         0,        -2,    -16816,    -16818,        -3,    -33632,    -33635,       824,         0,         2,         2,         0,         0,         0,         0,        -2,     -9928,     -9930,         0,         0,         0,         0,         0,         0,         0,       836,     17652,       826,     10754
       596,     51297,40245.4339,         0,         0,         0,         0,         0,         0,         0,         0,         0,         0,         0,     -1420,     -1420,         0,         0,         0,         3,         0,         0,         0,         0,         0,         0,         0,         0,     -1581,     -1581,         0,         0,         0,         0,         0,         0,         0,         0,      1420,         3,      1584
       597,     51298,1378.90442,         0,         0,         1,         0,         0,         0,         0,         0,         0,         0,        -0,     -4724,     -4724,         0,         0,         0,        15,         0,         0,         0,         0,         0,         0,         0,        -0,     -3839,     -3839,         0,         0,         0,         0,         0,         0,         0,         1,      4726,        15,      3854
       598,     51299,22622.7377,         0,         0,      2439,         0,         0,         0,         0,         0,         0,         0,       -95,    -11047,    -11142,         0,         0,         0,      1561,         0,         0,         0,         0,         0,         0,         0,       -45,     -7100,     -7144,         0,         0,         0,         0,         0,         0,         0,      2534,     13581,      1606,      8706
       599,     51300,37380.8087,         0,         0,         0,         0,         0,         0,         0,         0,         0,         0,         0,      -982,      -982,         0,         0,         0,         2,         0,         0,         0,         0,         0,         0,         0,        -0,     -1107,     -1107,         0,         0,         0,         0,         0,         0,         0,         0,       982,         2,      1109
       600,     51301,26571.2662,         0,         0,         0,         0,         0,         0,         0,         0,         0,         0,         0,     -4240,     -4240,         0,         0,         0,         8,         0,         0,         0,         0,         0,         0,         0,        -0,     -3225,     -3225,         0,         0,         0,         0,         0,         0,         0,         0,      4240,         8,      3234
       601,     51302,4479.66025,         0,         0,       172,         0,         0,         0,         0,         0,         0,         0,        -9,     -3194,     -3204,         0,         0,         0,       143,         0,         7,         0,         0,         0,         0,         0,        -4,     -2446,     -2450,         0,         0,         0,         0,         0,         0,         0,       182,      3376,       146,      2593
       602,     51303,2776.90233,         0,         0,      3767,         0,         0,         0,         0,         0,         0,         0,      -113,     -1982,     -2094,         0,         0,         0,      2445,         0,         0,         0,         0,         0,         0,         0,       -79,     -1941,     -2020,         0,         0,         0,         0,         0,         0,         0,      3880,      5862,      2524,      4466
       603,     51304,1082.63550,         0,         0,         0,         0,         0,         0,         0,         0,         0,         0,         0,      -316,      -316,         0,         0,         0,         1,         0,         9,         0,         0,         0,         0,         0,        -0,      -457,      -457,         0,         0,         0,         0,         0,         0,         0,         0,       316,         1,       458
       604,     51305,9670.32081,         0,         0,         0,         0,         0,         0,         0,         0,         0,         0,         0,      -137,      -137,         0,         0,         0,         8,         0,         1,         0,         0,         0,         0,         0,        -0,      -261,      -261,         0,         0,         0,         0,         0,         0,         0,         0,       137,         8,       269
       605,     51306,8761.79843,      11.9,         0,        84,         0,         0,         0,      1000,         0,         0,         0,        -4,     -1901,     -1906,       -51,    -22626,    -22678,        72,         0,        12,        12,         0,         0,         0,         0,        -2,     -1508,     -1510,         0,         0,         0,         0,         0,         0,         0,        88,      1990,        74,      1582
       606,     51307,4852.01932,       1.0,         0,        14,         0,         0,         0,        14,         0,         0,         0,        -0,      -572,      -573,        -0,      -572,      -573,        19,         0,         4,         1,         0,         0,         0,         0,        -0,      -623,      -623,         0,         0,         0,         0,         0,         0,         0,        14,       587,        20,       643
       607,     51308,24121.7946,         0,         0,        24,         0,         0,         0,         0,         0,         0,         0,        -1,     -1779,     -1779,         0,         0,         0,        20,         0,         0,         0,         0,         0,         0,         0,        -0,     -1422,     -1423,         0,         0,         0,         0,         0,         0,         0,        24,      1803,        20,      1442
       608,     51309,41897.7849,         0,         0,         0,         0,         0,         0,         0,         0,         0,         0,         0,         0,         0,         0,         0,         0,         0,         0,         0,         0,         0,         0,         0,         0,         0,       -13,       -13,         0,         0,         0,         0,         0,         0,         0,         0,         0,         0,        13
       609,     51310,38227.5936,         0,         0,         0,         0,         0,         0,         0,         0,         0,         0,         0,         0,         0,         0,         0,         0,         1,         0,         0,         0,         0,         0,         0,         0,         0,        -4,        -4,         0,         0,         0,         0,         0,         0,         0,         0,         0,         1,         5
       610,     51311, 52.908520,         0,     182.6,     31874,      9499,     12020,      2308,         0,         0,         0,         0,     -1833,     -9474,    -11307,         0,         0,         0,     17546,      3082,      7389,       796,   3203924,    562733,   1349227,    145391,      -638,     -4283,     -4921,   -116488,   -782033,   -898521,      9499,         0,      3082,         0,     33707,     43181,     18184,     22467
       611,     51312, 38.230256,      94.7,     114.2,     32882,      9251,     12232,      3067,   3113888,    876031,   1158359,    290417,     -1774,     -9121,    -10894,   -167958,   -863718,  -1031676,     18029,      3020,      7602,       806,   2058900,    344891,    868151,     92012,      -609,     -4077,     -4686,    -69534,   -465600,   -535134,      9251,         0,      3020,         0,     34655,     43776,     18638,     22715
       612,     51313, 14.198787,       2.0,      62.9,     30955,      3690,     12401,      3032,     61911,      7381,     24802,      6064,     -1738,    -10154,    -11891,     -3475,    -20308,    -23783,     17151,      1948,      7710,       763,   1078810,    122542,    484957,     47996,      -581,     -4491,     -5073,    -36559,   -282503,   -319062,      3690,         0,      1948,         0,     32693,     42847,     17732,     22224
       613,     51314, 30.861979,       3.1,         0,     33214,         0,     12796,       780,    102963,         0,     39669,      2419,     -1757,    -10950,    -12707,     -5447,    -33946,    -39393,     18230,         0,      7987,       202,         0,         0,         0,         0,      -588,     -4666,     -5254,         0,         0,         0,         0,         0,         0,         0,     34971,     45921,     18818,     23484
       614,     51315, 30.304373,       3.1,      13.2,     31740,         0,     12660,       792,     98394,         0,     39245,      2457,     -1641,    -11085,    -12726,     -5088,    -34364,    -39452,     17563,         0,      7828,       345,    231832,         0,    103331,      4558,      -543,     -4748,     -5291,     -7168,    -62670,    -69838,         0,         0,         0,         0,     33381,     44466,     18106,     22854
