TAZID,CO_TAZID,DevAcres,HH,Job,Job_byAuto,Job_byTran,Job_byBike,Job_byWalk,act_Job_byAuto,act_Job_byTran,act_Job_byBike,act_Job_byWalk,Loss_Job_Cong,Loss_Job_Net,Loss_Job_Abs,act_Loss_Job_Cong,act_Loss_Job_Net,act_Loss_Job_Abs,HH_byAuto,HH_byTran,HH_byBike,HH_byWalk,act_HH_byAuto,act_HH_byTran,act_HH_byBike,act_HH_byWalk,Loss_HH_Cong,Loss_HH_Net,Loss_HH_Abs,act_Loss_HH_Cong,act_Loss_HH_Net,act_Loss_HH_Abs,tmp_Job_byTran_wk,tmp_Job_byTran_dr,tmp_HH_byTran_wk,tmp_HH_byTran_dr,tmp_Job_byAuto_FF,tmp_Job_byAuto_SL,tmp_HH_byAuto_FF,tmp_HH_byAuto_SL
         1,     43001,1725.62693,         0,         0,     28503,         0,      1382,         0,         0,         0,         0,         0,      -685,     -9394,    -10079,         0,         0,         0,     12460,         0,      1637,         0,         0,         0,         0,         0,      -186,     -5304,     -5490,         0,         0,         0,         0,         0,         0,         0,     29188,     38582,     12646,     17950
         2,     43002,714.346992,         0,         0,     30029,      3620,      3517,         0,         0,         0,         0,         0,     -1191,     -8112,     -9303,         0,         0,         0,     13355,       732,      2507,         0,         0,         0,         0,         0,      -320,     -4835,     -5155,         0,         0,         0,         0,      3620,         0,       732,     31219,     39332,     13676,     18511
         3,     43003,409.738922,      33.1,       3.8,     34066,      3999,      4566,         4,   1127584,    132368,    151129,       126,      -682,     -8247,     -8928,    -22563,   -272964,   -295527,     15081,       822,      3190,        33,     57309,      3124,     12122,       126,      -184,     -4700,     -4884,      -698,    -17861,    -18559,         0,      3999,         0,       822,     34748,     42994,     15265,     19965
         4,     43004,577.140402,     444.0,     344.6,     33921,      5970,      6529,       398,  15060969,   2650639,   2899038,    176638,     -1255,     -7107,     -8362,   -557304,  -3155394,  -3712698,     15197,      1648,      3785,       448,   5236935,    567877,   1304427,    154307,      -346,     -4192,     -4538,   -119153,  -1444651,  -1563804,      5970,      4195,      1648,      1168,     35176,     42283,     15543,     19735
         5,     43005,1788.62809,     517.8,     156.3,     35395,      6370,      8079,       346,  18327340,   3298266,   4183550,    179139,     -1273,     -6729,     -8002,   -659246,  -3484176,  -4143422,     15869,      1656,      4132,       518,   2480273,    258778,    645829,     80932,      -359,     -4139,     -4498,    -56114,   -646850,   -702964,        98,      6370,       280,      1656,     36668,     43397,     16228,     20366
         6,     43006, 91.960244,         0,     348.4,     37237,      6640,      9366,      1055,         0,         0,         0,         0,     -1040,     -5893,     -6933,         0,         0,         0,     16726,      1718,      4612,       623,   5827366,    598558,   1606764,    217165,      -298,     -3693,     -3991,   -103803,  -1286756,  -1390559,       129,      6640,       336,      1718,     38277,     44170,     17024,     20717
         7,     43007, 45.904394,         0,         0,     37528,      4987,     10463,      1520,         0,         0,         0,         0,      -607,     -5758,     -6364,         0,         0,         0,     16679,      1339,      4925,       602,         0,         0,         0,         0,      -179,     -3906,     -4085,         0,         0,         0,       155,      4987,       454,      1339,     38134,     43892,     16859,     20765
         8,     43008, 73.247052,         0,     612.0,     38280,      5998,     12136,      1016,         0,         0,         0,         0,      -552,     -4943,     -5496,         0,         0,         0,     16884,      1599,      5382,       430,  10332803,    978822,   3294086,    262946,      -146,     -3395,     -3541,    -89090,  -2077750,  -2166840,         0,      5998,         0,      1599,     38833,     43776,     17029,     20424
         9,     43009,660.510269,     603.0,     225.2,     32674,      3855,      5802,       225,  19702385,   2324622,   3498472,    135796,      -687,    -10400,    -11088,   -414490,  -6271297,  -6685788,     14432,      1277,      3404,       603,   3250123,    287628,    766580,    135796,      -187,     -5619,     -5806,    -42201,  -1265292,  -1307493,      3855,      3835,      1277,       783,     33361,     43761,     14620,     20238
        10,     43010,1103.25972,     730.8,     212.4,     31683,      3944,      9906,       237,  23153954,   2882066,   7239184,    173486,     -1393,    -10218,    -11611,  -1017787,  -7467648,  -8485435,     13949,      1104,      4671,       745,   2962790,    234422,    992155,    158157,      -496,     -5705,     -6201,   -105300,  -1211816,  -1317116,      3044,      3944,      1104,       809,     33076,     43294,     14445,     20150
        11,     43011,2219.83992,      57.7,       4.0,     26693,         0,      6538,         4,   1540199,         0,    377256,       231,      -641,    -12055,    -12696,    -36988,   -695555,   -732543,     10919,         0,      3073,        58,     43676,         0,     12290,       231,      -206,     -7034,     -7240,      -824,    -28137,    -28961,         0,         0,         0,         0,     27334,     39389,     11125,     18159
        12,     43012,631.035682,      21.8,       5.9,     33828,         0,      2704,         6,    737442,         0,     58937,       129,      -695,     -8072,     -8767,    -15161,   -175968,   -191129,     14958,         0,      1506,        22,     88252,         0,      8885,       129,      -204,     -4803,     -5006,     -1202,    -28337,    -29538,         0,         0,         0,         0,     34523,     42595,     15162,     19964
        13,     43013,593.438544,      58.7,       2.1,     37551,      3657,      5941,         9,   2204239,    214663,    348754,       519,      -695,     -6933,     -7628,    -40795,   -406959,   -447754,     16770,       724,      2566,        72,     35217,      1521,      5389,       152,      -206,     -4174,     -4380,      -432,     -8766,     -9198,         0,      3657,         0,       724,     38246,     45179,     16976,     21150
        14,     43014,496.524149,      25.6,      62.9,     36643,      3564,      3113,        63,    938071,     91239,     79689,      1610,      -695,     -7145,     -7840,    -17789,   -182912,   -200702,     16326,       703,      1622,        26,   1026885,     44191,    102000,      1610,      -205,     -4452,     -4658,    -12901,   -280056,   -292957,         0,      3564,         0,       703,     37338,     44483,     16531,     20983
        15,     43015,578.499435,      38.8,       4.1,     38752,      3782,      5251,         4,   1503589,    146745,    203738,       159,      -694,     -6650,     -7344,    -26921,   -258037,   -284958,     17360,       754,      2201,        39,     71176,      3092,      9022,       159,      -206,     -4115,     -4321,      -845,    -16870,    -17715,         0,      3782,         0,       754,     39446,     46097,     17566,     21681
        16,     43016,369.873297,      69.1,      34.6,     40800,      3854,      8277,        35,   2819298,    266312,    571956,      2419,      -674,     -4623,     -5298,    -46593,   -319473,   -366067,     18384,       787,      3385,        81,    636070,     27235,    117116,      2787,      -204,     -2971,     -3176,     -7074,   -102808,   -109882,         0,      3854,         0,       787,     41475,     46098,     18588,     21559
        17,     43017,1377.12976,      59.6,     389.0,     37934,      6213,     13242,       389,   2260879,    370273,    789253,     23184,      -632,     -6817,     -7449,    -37648,   -406320,   -443968,     16554,      1817,      5439,        60,   6439344,    706977,   2115869,     23184,      -214,     -4437,     -4651,    -83077,  -1726063,  -1809140,      3067,      6213,       665,      1817,     38566,     45383,     16767,     21204
        18,     43018,464.795362,      72.9,      38.3,     42987,      2258,     11238,        50,   3133729,    164631,    819262,      3661,      -632,     -3676,     -4308,    -46039,   -267984,   -314023,     19583,       878,      4361,        82,    750024,     33633,    167045,      3130,      -188,     -2362,     -2549,     -7190,    -90450,    -97640,         0,      2258,         0,       878,     43618,     47294,     19771,     22132
        19,     43019,467.654668,     113.6,     153.4,     40713,      3845,      8442,       156,   4624980,    436836,    958954,     17764,      -675,     -5494,     -6169,    -76651,   -624155,   -700807,     18337,       785,      3294,       123,   2812881,    120420,    505330,     18915,      -205,     -3412,     -3616,    -31409,   -523331,   -554740,         0,      3845,         0,       785,     41388,     46882,     18542,     21953
        20,     43020, 46.520611,         0,      83.9,     40105,      5631,     13362,      1195,         0,         0,         0,         0,      -536,     -4663,     -5198,         0,         0,         0,     17758,      1652,      5815,       254,   1489933,    138597,    487854,     21309,      -145,     -3247,     -3392,    -12142,   -272427,   -284569,         0,      5631,         0,      1652,     40640,     45303,     17903,     21150
        21,     43021, 94.912065,      83.3,      73.5,     39100,      9048,     14284,      5549,   3257039,    753698,   1189831,    462205,      -541,     -5707,     -6248,    -45052,   -475390,   -520442,     17153,      2014,      6000,       509,   1260736,    148058,    441006,     37393,      -151,     -3806,     -3957,    -11085,   -279729,   -290813,      9048,      5425,      2014,      1561,     39641,     45348,     17304,     21110
        22,     43022, 51.967097,     145.8,      60.3,     38828,     11024,     15069,      3748,   5661133,   1607227,   2197040,    546424,      -625,     -6560,     -7185,    -91063,   -956515,  -1047579,     17010,      2565,      5988,       652,   1025714,    154676,    361106,     39307,      -210,     -4189,     -4399,    -12663,   -252570,   -265233,     11024,      5280,      2565,      1506,     39453,     46013,     17220,     21409
        23,     43023, 87.797784,         0,         0,     39073,     13069,     13729,      1367,         0,         0,         0,         0,      -573,     -5494,     -6067,         0,         0,         0,     17046,      4023,      5901,       318,         0,         0,         0,         0,      -170,     -3744,     -3914,         0,         0,         0,     13069,      5374,      4023,      1756,     39645,     45139,     17216,     20960
        24,     43024, 22.423837,     156.2,       3.8,     39035,     14706,     13720,      2087,   6097239,   2297001,   2143064,    325943,      -754,     -5629,     -6383,   -117742,   -879265,   -997008,     17115,      4246,      5908,       357,     65038,     16133,     22450,      1358,      -252,     -3744,     -3995,      -956,    -14226,    -15182,     14706,      5441,      4246,      1725,     39789,     45418,     17367,     21110
        25,     43025, 55.897763,         0,     609.2,     39009,     13482,     13895,      3405,         0,         0,         0,         0,      -683,     -5283,     -5967,         0,         0,         0,     17060,      4703,      5959,       391,  10392917,   2864841,   3630248,    237929,      -222,     -3627,     -3848,   -134942,  -2209272,  -2344214,     13482,      5042,      4703,      1540,     39692,     44975,     17281,     20908
        26,     43026, 19.183164,      18.9,     182.9,     39820,     16293,     14075,      5134,    752596,    307946,    266011,     97031,      -618,     -4947,     -5566,    -11686,    -93505,   -105192,     17448,      4867,      5999,       501,   3191256,    890203,   1097274,     91555,      -195,     -3487,     -3681,    -35631,   -637696,   -673327,     16293,      4616,      4867,      1497,     40438,     45386,     17643,     21129
        27,     43027, 21.155020,     146.7,       4.1,     39948,     15803,     14072,      3083,   5860429,   2318285,   2064358,    452304,      -555,     -5366,     -5921,    -81421,   -787146,   -868567,     17508,      4521,      5983,       373,     71784,     18537,     24529,      1528,      -166,     -3633,     -3799,      -680,    -14894,    -15574,     15803,      4790,      4521,      1584,     40503,     45869,     17674,     21307
        28,     43028, 59.722067,         0,      60.0,     41264,     15574,     14455,      4674,         0,         0,         0,         0,      -537,     -4679,     -5216,         0,         0,         0,     18119,      4468,      6012,       490,   1087159,    268103,    360717,     29405,      -172,     -3341,     -3513,    -10301,   -200450,   -210751,     15574,      3633,      4468,      1235,     41801,     46480,     18291,     21632
        29,     43029, 25.158242,         0,     199.5,     40175,     17084,     14247,      5455,         0,         0,         0,         0,      -554,     -4820,     -5374,         0,         0,         0,     17614,      5023,      6023,       518,   3514072,   1002038,   1201517,    103411,      -172,     -3410,     -3581,    -34220,   -680279,   -714498,     17084,      3754,      5023,      1276,     40729,     45549,     17786,     21196
        30,     43030, 17.736186,         0,     313.9,     40619,     17651,     14416,      6014,         0,         0,         0,         0,      -540,     -4608,     -5148,         0,         0,         0,     17846,      4722,      6033,       561,   5601769,   1482099,   1893850,    175942,      -169,     -3308,     -3477,    -53049,  -1038445,  -1091494,     17651,      3862,      4722,      1247,     41159,     45767,     18015,     21323
        31,     43031, 15.786212,         0,     463.4,     40683,     17819,     14826,      6048,         0,         0,         0,         0,      -535,     -4749,     -5284,         0,         0,         0,     17840,      4994,      6064,       576,   8266872,   2314035,   2810082,    266771,      -174,     -3385,     -3559,    -80497,  -1568719,  -1649216,     17819,      3690,      4994,      1269,     41218,     45967,     18013,     21399
        32,     43032, 16.715941,         0,    1412.7,     40495,     16208,     14632,      6011,         0,         0,         0,         0,      -557,     -4841,     -5397,         0,         0,         0,     17756,      5263,      6045,       567,  25083648,   7435386,   8540257,    801526,      -191,     -3435,     -3626,   -269175,  -4852837,  -5122013,     16208,      3604,      5263,      1256,     41052,     45892,     17946,     21382
        33,     43033, 55.702348,      19.9,    1531.7,     40400,     15272,     15141,      5710,    803960,    303922,    301300,    113639,      -566,     -5099,     -5666,    -11273,   -101471,   -112744,     17657,      4983,      6083,       591,  27045171,   7632883,   9318027,    904563,      -198,     -3592,     -3790,   -303149,  -5502038,  -5805187,     15272,      3800,      4983,      1234,     40966,     46065,     17855,     21447
        34,     43034,180.531115,         0,         0,     39971,     11184,     14356,       741,         0,         0,         0,         0,      -562,     -5716,     -6278,         0,         0,         0,     17360,      3216,      5923,       258,         0,         0,         0,         0,      -194,     -3875,     -4069,         0,         0,         0,     11184,      3739,      3216,      1230,     40533,     46249,     17554,     21429
        35,     43035,202.679905,     154.3,      86.6,     41263,     13001,     15804,      1205,   6366838,   2005977,   2438494,    185925,      -534,     -5069,     -5602,    -82325,   -782103,   -864428,     17700,      3676,      5998,       355,   1532801,    318342,    519413,     30736,      -241,     -3862,     -4103,    -20857,   -334488,   -355345,     13001,      3374,      3676,      1203,     41796,     46865,     17941,     21803
        36,     43036, 61.122869,     159.0,    1281.0,     40033,     14503,     15693,      5335,   6365193,   2305920,   2495151,    848220,      -614,     -5621,     -6235,    -97699,   -893707,   -991406,     17370,      4500,      6124,       482,  22250909,   5765082,   7844878,    617552,      -235,     -3886,     -4120,   -300883,  -4977410,  -5278293,     14503,      3584,      4500,      1233,     40647,     46268,     17605,     21490
        37,     43037,659.114905,         0,      15.8,     38266,      7690,     17255,       513,         0,         0,         0,         0,      -610,     -7333,     -7943,         0,         0,         0,     16657,      2293,      6145,       316,    263186,     36232,     97097,      4998,      -183,     -4377,     -4560,     -2892,    -69157,    -72049,      7690,      6234,      2293,      1677,     38876,     46209,     16840,     21217
        38,     43038, 55.230490,       8.5,       4.1,     39777,      4666,     18176,        52,    338107,     39662,    154500,       438,      -388,     -6847,     -7235,     -3295,    -58201,    -61495,     17213,      1126,      5989,       129,     70572,      4616,     24556,       530,      -132,     -4379,     -4511,      -540,    -17955,    -18495,      4666,      3906,      1126,       607,     40165,     47012,     17344,     21724
        39,     43039,231.249227,         0,     529.2,     36297,      4083,     13496,       529,         0,         0,         0,         0,      -615,     -9125,     -9740,         0,         0,         0,     15384,       718,      5125,         0,   8141201,    380015,   2712099,         0,      -207,     -5533,     -5740,   -109557,  -2927995,  -3037552,         0,      4083,         0,       718,     36912,     46037,     15591,     21124
        40,     43040,281.620299,     193.1,     477.0,     39308,     10943,     16148,       998,   7590290,   2113189,   3118105,    192704,      -745,     -6432,     -7177,   -143870,  -1242056,  -1385926,     15962,      2451,      5316,       361,   7613789,   1168905,   2535504,    172062,      -426,     -4960,     -5386,   -203236,  -2365954,  -2569189,     10943,      1763,      2451,       195,     40053,     46485,     16388,     21348
        41,     43041,312.745070,     522.5,    1144.3,     40444,     15260,     18088,      1189,  21131748,   7973504,   9450825,    621050,      -648,     -6289,     -6937,   -338532,  -3285824,  -3624356,     16790,      3941,      5996,       802,  19213034,   4509703,   6861747,    917681,      -338,     -4822,     -5160,   -386631,  -5517408,  -5904039,     15260,      3748,      3941,      1159,     41091,     47380,     17128,     21950
        42,     43042, 65.553398,     106.0,      23.7,     38944,      8774,     18823,       399,   4128016,    930002,   1995211,     42342,      -594,     -7942,     -8536,    -63000,   -841862,   -904862,     16128,      1924,      6189,       331,    382235,     45596,    146688,      7856,      -307,     -5674,     -5981,     -7275,   -134464,   -141739,      8774,      3640,      1924,      1197,     39538,     47480,     16435,     22109
        43,     43043, 92.306554,      14.2,       3.8,     38502,      3469,     19237,        37,    546723,     49260,    273166,       518,      -384,     -8004,     -8388,     -5453,   -113653,   -119106,     16284,       505,      6169,       142,     61879,      1919,     23440,       540,      -133,     -5186,     -5319,      -505,    -19706,    -20211,         0,      3469,         0,       505,     38886,     46889,     16417,     21603
        44,     43044, 54.488364,     153.4,      10.2,     40424,     15570,     18870,      1169,   6201024,   2388390,   2894730,    179282,      -752,     -5801,     -6553,   -115342,   -889920,  -1005261,     16548,      3791,      5805,       651,    168786,     38664,     59207,      6642,      -479,     -4624,     -5103,     -4883,    -47168,    -52051,     15570,      2832,      3791,      1150,     41176,     46977,     17026,     21651
        45,     43045,156.887397,      56.8,      12.0,     38908,     11196,     19577,       777,   2209973,    635933,   1111965,     44155,      -670,     -7901,     -8571,    -38060,   -448768,   -486828,     15867,      2734,      6108,       610,    190403,     32811,     73293,      7316,      -352,     -5765,     -6117,     -4223,    -69179,    -73402,     11196,      1724,      2734,       190,     39578,     47479,     16219,     21984
        46,     43046,188.864399,       7.6,         0,     38354,      6112,     19933,        42,    291490,     46451,    151488,       316,      -567,     -8105,     -8671,     -4307,    -61596,    -65903,     15492,      1285,      6237,       197,         0,         0,         0,         0,      -288,     -5927,     -6215,         0,         0,         0,      6112,      1711,      1285,       189,     38921,     47025,     15780,     21707
        47,     43047,177.389070,      23.7,       6.7,     38443,      1667,     19922,        11,    911093,     39511,    472146,       272,      -461,     -8369,     -8829,    -10916,   -198343,   -209259,     15818,       184,      6161,        47,    105980,      1231,     41280,       315,      -184,     -5879,     -6063,     -1232,    -39392,    -40624,         0,      1667,         0,       184,     38903,     47272,     16002,     21881
        48,     43048,233.257463,         0,         0,     34760,      1641,     11664,         0,         0,         0,         0,         0,     -1261,     -8779,    -10039,         0,         0,         0,     13603,       181,      3851,         0,         0,         0,         0,         0,      -659,     -5977,     -6635,         0,         0,         0,         0,      1641,         0,       181,     36021,     44800,     14262,     20239
        49,     43049, 56.709939,      89.9,     574.0,     40408,     15263,     16943,      1744,   3632637,   1372149,   1523160,    156769,      -809,     -5561,     -6370,    -72765,   -499927,   -572692,     16491,      3650,      5251,       489,   9465586,   2095026,   3014173,    280740,      -512,     -4470,     -4981,   -293618,  -2565753,  -2859371,     15263,       906,      3650,       168,     41217,     46778,     17002,     21472
        50,     43050, 62.083765,       5.7,      89.3,     40909,     17146,     18628,       732,    233182,     97733,    106181,      4173,      -769,     -5475,     -6243,     -4381,    -31206,    -35587,     16845,      4336,      5628,       406,   1504289,    387245,    502536,     36213,      -482,     -4424,     -4906,    -43061,   -395056,   -438117,     17146,      2848,      4336,      1165,     41678,     47152,     17328,     21751
        51,     43051,107.990485,       8.5,       3.8,     39368,     14664,     19517,       242,    334627,    124644,    165895,      2058,      -840,     -6919,     -7759,     -7140,    -58815,    -65955,     15968,      3332,      5782,       288,     60678,     12662,     21973,      1093,      -496,     -5266,     -5762,     -1884,    -20010,    -21894,     14664,      1779,      3332,       197,     40208,     47127,     16464,     21729
        52,     43052,296.247525,      29.3,       2.1,     38728,      7810,     20771,        12,   1134741,    228841,    608603,       359,      -859,     -7707,     -8566,    -25175,   -225817,   -250992,     15617,      1568,      6072,        69,     32796,      3292,     12752,       146,      -498,     -5767,     -6264,     -1045,    -12110,    -13155,      7810,      1752,      1568,       194,     39588,     47295,     16115,     21882
        53,     43053,161.482196,         0,         0,     38471,      1668,     20861,        12,         0,         0,         0,         0,      -461,     -8559,     -9020,         0,         0,         0,     15831,       184,      6165,        57,         0,         0,         0,         0,      -184,     -5983,     -6167,         0,         0,         0,         0,      1668,         0,       184,     38932,     47491,     16015,     21998
        54,     43054,187.947395,       9.5,         0,     37835,      1604,     20907,        28,    359432,     15238,    198616,       266,      -374,     -9253,     -9627,     -3551,    -87904,    -91456,     15702,       176,      6096,        99,         0,         0,         0,         0,      -129,     -6084,     -6214,         0,         0,         0,         0,      1604,         0,       176,     38209,     47462,     15831,     21915
        55,     43055,112.230726,      36.9,    1307.4,     39043,     12998,     15041,      1619,   1440670,    479621,    555024,     59753,     -1094,     -6594,     -7688,    -40367,   -243314,   -283681,     15695,      3330,      4562,       159,  20519679,   4354061,   5964900,    208303,      -640,     -5029,     -5670,   -837384,  -6575431,  -7412815,     12998,       879,      3330,       163,     40137,     46730,     16336,     21365
        56,     43056, 12.457065,      22.7,       2.1,     40408,     17867,     16742,      2096,    917267,    405592,    380045,     47569,      -887,     -5719,     -6606,    -20145,   -129816,   -149962,     16470,      4453,      5089,       353,     34587,      9352,     10687,       741,      -568,     -4572,     -5140,     -1194,     -9601,    -10795,     17867,       911,      4453,       169,     41296,     47014,     17038,     21610
        57,     43057, 11.504439,       3.8,         0,     40749,     18456,     17360,      1618,    154844,     70133,     65968,      6147,      -836,     -5475,     -6311,     -3176,    -20805,    -23981,     16681,      4613,      5266,       408,         0,         0,         0,         0,      -538,     -4437,     -4975,         0,         0,         0,     18456,      2355,      4613,       696,     41584,     47059,     17219,     21656
        58,     43058, 20.839807,      13.3,         0,     40977,     17442,     17139,      1792,    544991,    231975,    227944,     23831,      -720,     -5475,     -6196,     -9580,    -72822,    -82401,     16804,      4271,      5102,       276,         0,         0,         0,         0,      -475,     -4426,     -4900,         0,         0,         0,     17442,      1889,      4271,       620,     41697,     47172,     17279,     21705
        59,     43059, 42.712718,         0,         0,     40491,     18756,     17779,      1297,         0,         0,         0,         0,      -839,     -5863,     -6702,         0,         0,         0,     16521,      4635,      5272,       297,         0,         0,         0,         0,      -540,     -4671,     -5210,         0,         0,         0,     18756,       912,      4635,       169,     41331,     47193,     17060,     21731
        60,     43060, 32.878731,      67.2,      34.3,     41317,     19129,     18493,       640,   2776520,   1285438,   1242729,     43037,      -706,     -5278,     -5983,    -47414,   -354652,   -402065,     17035,      4705,      5497,       336,    584306,    161371,    188544,     11532,      -474,     -4324,     -4799,    -16274,   -148321,   -164595,     19129,      3865,      4705,      1608,     42023,     47300,     17510,     21834
        61,     43061, 40.155740,       2.8,         0,     41704,     17418,     19327,       173,    116772,     48771,     54114,       485,      -670,     -5148,     -5819,     -1877,    -14416,    -16292,     17251,      4108,      5589,       156,         0,         0,         0,         0,      -466,     -4282,     -4747,         0,         0,         0,     17418,      1660,      4108,       450,     42374,     47523,     17717,     21998
        62,     43062, 37.133481,       1.9,         0,     40425,     13985,     16402,      1596,     76808,     26571,     31163,      3032,      -748,     -5927,     -6675,     -1420,    -11262,    -12682,     16440,      3379,      4817,       185,         0,         0,         0,         0,      -488,     -4688,     -5176,         0,         0,         0,     13985,       916,      3379,       169,     41173,     47100,     16928,     21616
        63,     43063,197.834349,       0.9,      26.7,     41278,     14857,     18576,        84,     37150,     13371,     16719,        76,      -678,     -5548,     -6227,      -611,     -4993,     -5604,     16962,      3329,      5260,       100,    452891,     88890,    140429,      2675,      -471,     -4518,     -4989,    -12565,   -120634,   -133199,     14857,      1918,      3329,       584,     41957,     47505,     17433,     21951
        64,     43064,2823.35794,      68.2,     108.1,     33556,      1607,     10190,       108,   2288533,    109616,    694977,      7372,      -949,    -11141,    -12090,    -64704,   -759815,   -824518,     13001,       177,      2571,        68,   1405406,     19117,    277910,      7372,      -507,     -7173,     -7680,    -54771,   -775423,   -830193,         0,      1607,         0,       177,     34505,     45646,     13508,     20681
        65,     43065,354.902207,      86.1,         0,     41255,     12798,     20565,         6,   3552069,   1101891,   1770659,       481,      -729,     -5820,     -6549,    -62807,   -501080,   -563887,     16960,      2664,      5428,       156,         0,         0,         0,         0,      -460,     -4741,     -5200,         0,         0,         0,     12798,      2406,      2664,       505,     41985,     47804,     17420,     22161
        66,     43066,225.299718,      81.4,      75.8,     40525,     11486,     21656,       123,   3298726,    934954,   1762804,     10018,      -758,     -6544,     -7301,    -61664,   -532677,   -594341,     16533,      2440,      5929,       289,   1253188,    184987,    449394,     21937,      -465,     -5244,     -5709,    -35250,   -397461,   -432712,     11486,      2382,      2440,       530,     41282,     47826,     16998,     22241
        67,     43067,222.353024,     159.0,      20.1,     39885,      6356,     21004,       630,   6341717,   1010583,   3339656,    100133,      -685,     -7137,     -7822,   -108925,  -1134773,  -1243698,     16250,      1245,      5858,       526,    326622,     25024,    117743,     10575,      -397,     -5499,     -5896,     -7984,   -110531,   -118515,      6356,         0,      1245,         0,     40570,     47707,     16647,     22146
        68,     43068, 97.754819,     137.3,       7.7,     41246,     15879,     20830,       464,   5663042,   2180135,   2859896,     63757,      -693,     -6130,     -6824,    -95173,   -841702,   -936875,     17025,      3423,      5499,       546,    131091,     26358,     42345,      4205,      -438,     -4891,     -5329,     -3374,    -37661,    -41036,     15879,      3178,      3423,       775,     41939,     48069,     17463,     22354
        69,     43069,332.298115,     356.9,     732.0,     40946,     10470,     20379,      1357,  14613678,   3736745,   7273200,    484243,      -661,     -6393,     -7054,   -235948,  -2281537,  -2517485,     16986,      2041,      5540,       784,  12433642,   1493786,   4055450,    573782,      -403,     -4921,     -5325,   -295259,  -3602329,  -3897587,     10470,      3400,      2041,      1016,     41607,     48000,     17389,     22310
        70,     43070,162.997742,     114.5,      24.2,     40069,      5417,     19048,       575,   4587940,    620243,   2181019,     65869,      -672,     -7396,     -8069,    -76993,   -846853,   -923845,     16489,       956,      5408,       302,    399032,     23135,    130865,      7306,      -393,     -5547,     -5940,     -9508,   -134246,   -143755,      5417,      3286,       956,       943,     40742,     48138,     16882,     22429
        71,     43071,324.286414,         0,         0,     43966,      7383,     17490,       168,         0,         0,         0,         0,      -505,     -4759,     -5264,         0,         0,         0,     19533,      1444,      4994,       133,         0,         0,         0,         0,      -218,     -3555,     -3774,         0,         0,         0,      7383,      3551,      1444,      1328,     44471,     49229,     19752,     23307
        72,     43072,124.765897,     107.0,      11.3,     41988,     17440,     19844,      1336,   4492691,   1866066,   2123273,    143003,      -625,     -5499,     -6124,    -66874,   -588414,   -655288,     17514,      3638,      5101,       385,    197909,     41110,     57644,      4352,      -392,     -4432,     -4824,     -4432,    -50083,    -54515,     17440,      3425,      3638,       860,     42613,     48112,     17906,     22338
        73,     43073, 75.628008,      68.2,     647.4,     42814,     19098,     19581,      3977,   2919918,   1302495,   1335439,    271217,      -599,     -5067,     -5666,    -40819,   -345597,   -386416,     18122,      4268,      5032,       685,  11732415,   2762870,   3257406,    443769,      -373,     -4113,     -4485,   -241211,  -2662569,  -2903780,     19098,      4103,      4268,      1192,     43413,     48480,     18495,     22608
        74,     43074, 71.367392,      25.6,       6.2,     41503,     16936,     19830,      4803,   1062484,    433551,    507654,    122963,      -609,     -6115,     -6724,    -15587,   -156545,   -172131,     17211,      3766,      5155,       963,    106705,     23351,     31964,      5971,      -379,     -4845,     -5225,     -2351,    -30041,    -32392,     16936,      3049,      3766,       752,     42112,     48227,     17590,     22435
        75,     43075, 57.299350,      36.9,       5.9,     42430,     11039,     20054,      4108,   1565657,    407329,    739984,    151597,      -612,     -5424,     -6036,    -22572,   -200154,   -222725,     17969,      3063,      5274,      1074,    106017,     18070,     31114,      6335,      -385,     -4263,     -4647,     -2269,    -25150,    -27419,     11039,      3826,      3063,      1136,     43041,     48466,     18353,     22616
        76,     43076, 44.918354,      36.9,      18.0,     40899,     10659,     19779,      4632,   1509172,    393315,    729831,    170938,      -654,     -6356,     -7010,    -24131,   -234543,   -258673,     17043,      2826,      5245,      1196,    306773,     50875,     94403,     21527,      -402,     -4765,     -5167,     -7234,    -85778,    -93012,     10659,      3840,      2826,      1131,     41553,     47909,     17445,     22210
        77,     43077, 64.783154,         0,     359.2,     41990,     11289,     19133,      3229,         0,         0,         0,         0,      -663,     -5870,     -6533,         0,         0,         0,     18213,      2529,      5150,       952,   6542246,    908249,   1849748,    341926,      -284,     -4306,     -4589,   -101852,  -1546605,  -1648457,     11289,      3904,      2529,      1359,     42653,     48523,     18497,     22803
        78,     43078, 15.842050,         0,         0,     42000,     12916,     19122,      6342,         0,         0,         0,         0,      -634,     -5560,     -6193,         0,         0,         0,     17739,      3529,      4949,       926,         0,         0,         0,         0,      -396,     -4276,     -4672,         0,         0,         0,     12916,      3948,      3529,      1127,     42634,     48193,     18134,     22410
        79,     43079, 51.416551,     110.8,     408.9,     42122,     14725,     19379,      5098,   4667090,   1631550,   2147181,    564821,      -624,     -5717,     -6341,    -69184,   -633421,   -702606,     18038,      2976,      5088,      1142,   7375686,   1216930,   2080669,    466843,      -312,     -4351,     -4663,   -127538,  -1779081,  -1906619,     14725,      3928,      2976,      1132,     42746,     48463,     18350,     22701
        80,     43080,222.018201,      88.0,    1019.0,     40725,     17318,     18833,      3582,   3583770,   1524015,   1657300,    315220,      -665,     -6339,     -7004,    -58524,   -557816,   -616340,     16836,      4024,      4755,       403,  17155854,   4100858,   4845687,    410311,      -401,     -4844,     -5245,   -408194,  -4936154,  -5344349,     17318,      4138,      4024,      1242,     41390,     47729,     17237,     22081
        81,     43081, 25.558816,      56.8,     484.2,     41824,     18878,     18757,      6228,   2375619,   1072267,   1065381,    353776,      -618,     -5636,     -6254,    -35125,   -320129,   -355254,     17558,      4271,      4800,       774,   8501558,   2068073,   2324168,    374747,      -386,     -4403,     -4789,   -186941,  -2131854,  -2318796,     18878,      4313,      4271,      1292,     42443,     48079,     17944,     22347
        82,     43082, 24.842906,      13.3,     531.0,     43475,     12781,     18737,      6811,    578220,    169991,    249200,     90583,      -608,     -4670,     -5278,     -8086,    -62112,    -70198,     18940,      3553,      4828,       952,  10057288,   1886470,   2563645,    505644,      -374,     -3840,     -4214,   -198621,  -2038783,  -2237403,     12781,      3982,      3553,      1131,     44083,     48753,     19314,     23154
        83,     43083, 27.643352,      59.6,     965.0,     41925,     11007,     18777,      5503,   2498735,    656015,   1119102,    327959,      -480,     -5880,     -6359,    -28588,   -350421,   -379009,     17817,      3097,      4884,      1010,  17192941,   2988988,   4713015,    974757,      -228,     -4512,     -4741,   -220500,  -4354166,  -4574666,     11007,      3951,      3097,      1136,     42405,     48284,     18045,     22557
        84,     43084, 30.114407,     127.8,    1262.1,     42248,     14450,     18999,      4999,   5399291,   1846752,   2428052,    638920,      -621,     -5652,     -6273,    -79384,   -722301,   -801685,     18115,      3161,      4973,      1039,  22862549,   3989615,   6276422,   1311164,      -310,     -4336,     -4646,   -391194,  -5471941,  -5863135,     14450,      3943,      3161,      1137,     42869,     48521,     18425,     22760
        85,     43085, 32.581527,     203.5,     605.3,     42142,     13800,     18825,      4261,   8575868,   2808392,   3830915,    867013,      -572,     -5917,     -6489,   -116328,  -1204158,  -1320486,     18269,      2967,      4955,       981,  11058283,   1796185,   2999256,    594039,      -264,     -4355,     -4619,   -159876,  -2636188,  -2796064,     13800,      3912,      2967,      1362,     42713,     48631,     18533,     22888
        86,     43086, 63.941769,     165.7,     117.0,     42742,      8674,     18706,      2985,   7082333,   1437271,   3099644,    494630,      -554,     -5533,     -6087,    -91806,   -916766,  -1008572,     18713,      2154,      4978,       721,   2189460,    252041,    582388,     84343,      -260,     -4037,     -4296,    -30389,   -472274,   -502663,      8674,      3933,      2154,      1400,     43296,     48829,     18973,     23010
        87,     43087,  6.220923,         0,     301.5,     41240,     17168,     18396,      6282,         0,         0,         0,         0,      -652,     -6139,     -6791,         0,         0,         0,     17140,      3972,      4658,       758,   5167642,   1197465,   1404274,    228592,      -405,     -4792,     -5197,   -122093,  -1444721,  -1566814,     17168,      4286,      3972,      1279,     41892,     48031,     17545,     22337
        88,     43088, 13.820473,         0,     267.1,     41152,     17493,     18400,      6753,         0,         0,         0,         0,      -698,     -6100,     -6798,         0,         0,         0,     17114,      3945,      4683,       865,   4571208,   1053761,   1250748,    230957,      -428,     -4737,     -5166,   -114401,  -1265386,  -1379788,     17493,      4258,      3945,      1247,     41850,     47950,     17543,     22280
        89,     43089, 18.647811,     149.6,      96.6,     41295,     12683,     18488,      6354,   6177747,   1897382,   2765880,    950496,      -676,     -6030,     -6706,   -101122,   -902031,  -1003153,     17307,      3151,      4756,      1000,   1671898,    304399,    459465,     96599,      -401,     -4633,     -5034,    -38720,   -447576,   -486295,     12683,      4181,      3151,      1249,     41971,     48001,     17708,     22342
        90,     43090,940.735849,         0,         0,     36481,      1780,     13956,         0,         0,         0,         0,         0,      -745,     -9562,    -10307,         0,         0,         0,     14376,       261,      2784,         0,         0,         0,         0,         0,      -414,     -6848,     -7262,         0,         0,         0,         0,      1780,         0,       261,     37226,     46788,     14790,     21638
        91,     43091, 52.469138,      14.2,     271.5,     40094,     17482,     17790,      4006,    569341,    248240,    252625,     56878,      -698,     -6828,     -7526,     -9917,    -96954,   -106871,     16451,      3670,      4316,       459,   4466426,    996528,   1171797,    124581,      -409,     -5259,     -5669,   -111119,  -1427905,  -1539024,     17482,      4279,      3670,      1282,     40793,     47621,     16860,     22120
        92,     43092, 56.973078,     213.0,    1272.3,     39912,     13836,     17612,      4111,   8501204,   2946982,   3751306,    875552,      -753,     -7022,     -7775,   -160328,  -1495708,  -1656036,     16317,      2778,      4221,       472,  20759963,   3533880,   5370801,    600110,      -443,     -5443,     -5886,   -563853,  -6924821,  -7488674,     13836,      4130,      2778,      1277,     40664,     47687,     16760,     22203
        93,     43093, 65.905370,      90.9,     715.3,     40297,     13203,     17864,      4619,   3663025,   1200112,   1623864,    419835,      -738,     -6622,     -7361,    -67104,   -601985,   -669088,     16557,      2721,      4383,       591,  11843455,   1946304,   3135447,    422720,      -436,     -5147,     -5583,   -311665,  -3681855,  -3993520,     13203,      4010,      2721,      1207,     41036,     47658,     16993,     22140
        94,     43094,220.302307,      64.4,         0,     39386,     13917,     17843,      3370,   2536481,    896232,   1149115,    217014,      -762,     -8039,     -8801,    -49070,   -517707,   -566778,     16049,      2758,      4481,       669,         0,         0,         0,         0,      -450,     -5974,     -6424,         0,         0,         0,     13917,      4030,      2758,      1234,     40148,     48187,     16499,     22473
        95,     43095, 59.095247,      70.1,      17.8,     41824,     11214,     18236,      2503,   2931833,    786127,   1278323,    175478,      -477,     -6399,     -6875,    -33403,   -448537,   -481940,     18223,      2300,      4768,       685,    324373,     40948,     84877,     12186,      -236,     -4449,     -4685,     -4202,    -79195,    -83397,     11214,      3569,      2300,      1329,     42300,     48699,     18459,     22908
        96,     43096,626.926917,     137.3,      24.3,     36401,      4592,     16740,        26,   4997816,    630487,   2298351,      3516,      -908,    -10829,    -11737,   -124657,  -1486833,  -1611490,     14272,      1263,      4216,       142,    346814,     30688,    102442,      3461,      -527,     -7729,     -8256,    -12797,   -187825,   -200623,      3556,      4592,       737,      1263,     37309,     48138,     14799,     22528
        97,     43097, 77.353573,     187.4,     220.2,     37085,     13388,     16255,      2580,   6949755,   2508980,   3046142,    483457,      -814,     -9299,    -10113,   -152573,  -1742649,  -1895221,     14646,      2246,      3473,       294,   3225105,    494581,    764770,     64646,      -476,     -6865,     -7341,   -104907,  -1511642,  -1616550,     13388,      3913,      2246,      1204,     37899,     47198,     15123,     21988
        98,     43098, 57.179862,      86.1,    2264.5,     39096,     13359,     16724,      3158,   3366153,   1150208,   1439934,    271925,      -834,     -7807,     -8640,    -71782,   -672156,   -743938,     15854,      2822,      3777,       432,  35901963,   6390681,   8552781,    978256,      -495,     -5971,     -6466,  -1121764, -13521122, -14642887,     13359,      3994,      2822,      1235,     39930,     47736,     16350,     22321
        99,     43099,176.317268,      70.1,       7.0,     37383,     14402,     16968,      1547,   2620572,   1009554,   1189432,    108415,      -849,     -9201,    -10050,    -59515,   -644990,   -704505,     14839,      2414,      4055,       170,    103872,     16896,     28384,      1192,      -498,     -6770,     -7268,     -3486,    -47391,    -50877,     14402,      3910,      2414,      1166,     38232,     47433,     15337,     22107
       100,     43100,174.466602,      84.2,    1900.8,     37789,     12762,     15158,      1905,   3181835,   1074585,   1276286,    160434,      -924,     -9273,    -10197,    -77807,   -780796,   -858603,     15086,      2397,      3430,       125,  28674562,   4556765,   6520435,    237415,      -546,     -6963,     -7509,  -1037194, -13235067, -14272261,     12762,      4303,      2397,      1427,     38713,     47986,     15631,     22594
       101,     43101,205.546134,      47.3,       5.6,     30454,      9460,     14805,      1941,   1440473,    447481,    700270,     91829,      -990,    -14754,    -15744,    -46822,   -697879,   -744701,     11089,      1428,      3180,       165,     62097,      7999,     17807,       922,      -545,     -9857,    -10402,     -3052,    -55198,    -58250,      9460,      2100,      1428,       408,     31444,     46198,     11634,     21491
       102,     43102,256.913830,         0,     501.8,     29940,      3905,     10132,       502,         0,         0,         0,         0,     -1013,    -15031,    -16043,         0,         0,         0,     10922,       637,      1774,         0,   5480550,    319839,    890086,         0,      -537,     -9637,    -10174,   -269499,  -4835689,  -5105188,      3905,      2827,       496,       637,     30953,     45983,     11459,     21096
       103,     43103,605.424130,      24.6,      10.3,     29069,      7775,     10456,        10,    715085,    191268,    257215,       253,     -1012,    -15850,    -16862,    -24885,   -389909,   -414794,     10501,      1117,      1841,        25,    108159,     11510,     18963,       253,      -536,    -10197,    -10733,     -5524,   -105029,   -110554,      7775,      2762,      1117,       617,     30080,     45930,     11037,     21234
       104,     43104,208.656447,      63.4,     532.2,     33748,      9805,     13070,       535,   2139628,    621661,    828644,     33890,      -959,    -12930,    -13889,    -60800,   -819742,   -880542,     12767,      1526,      2570,        83,   6794422,    812372,   1367741,     44293,      -542,     -9058,     -9600,   -288358,  -4820783,  -5109141,      9805,      1984,      1526,       422,     34707,     47637,     13308,     22367
       105,     43105,199.682526,     185.5,     102.3,     39933,      6252,     15047,       234,   7407536,   1159731,   2791287,     43487,      -603,     -6274,     -6877,   -111944,  -1163765,  -1275709,     17845,      1699,      5284,       301,   1825581,    173811,    540584,     30755,      -181,     -3696,     -3877,    -18539,   -378104,   -396643,      6252,      6149,      1474,      1699,     40536,     46810,     18027,     21723
       106,     43106,185.077468,      92.8,      46.5,     41762,      4042,     13339,       576,   3875479,    375138,   1237896,     53409,      -639,     -4921,     -5559,    -59264,   -456647,   -515911,     18775,       790,      4731,       448,    873038,     36740,    219991,     20810,      -199,     -3105,     -3304,     -9271,   -144374,   -153644,      1501,      4042,       645,       790,     42400,     47321,     18974,     22079
       107,     43107, 10.930745,         0,         0,     42089,      4263,     11652,       877,         0,         0,         0,         0,      -780,     -4460,     -5240,         0,         0,         0,     19016,      1041,      4238,       336,         0,         0,         0,         0,      -278,     -2831,     -3109,         0,         0,         0,         0,      4263,         0,      1041,     42868,     47329,     19294,     22125
       108,     43108,321.697035,         0,         0,     40200,      4597,      8060,       424,         0,         0,         0,         0,      -833,     -5663,     -6496,         0,         0,         0,     18076,      1090,      3185,       154,         0,         0,         0,         0,      -298,     -3495,     -3793,         0,         0,         0,         0,      4597,         0,      1090,     41032,     46695,     18374,     21869
       109,     43109,1477.48643,     178.9,     215.3,     35387,         0,      4062,       215,   6330652,         0,    726669,     38517,      -902,     -9336,    -10238,   -161422,  -1670220,  -1831642,     15695,         0,      1765,       179,   3379225,         0,    379973,     38517,      -330,     -5428,     -5757,    -70967,  -1168557,  -1239524,         0,         0,         0,         0,     36289,     45625,     16025,     21453
       110,     43110,918.138127,      71.9,      10.8,     30537,         0,      1788,        11,   2195631,         0,    128573,       777,      -634,    -14365,    -14998,    -45551,  -1032812,  -1078362,     13649,         0,      1195,        72,    147405,         0,     12901,       777,      -164,     -7655,     -7819,     -1775,    -82670,    -84445,         0,         0,         0,         0,     31171,     45535,     13813,     21468
       111,     43111,271.171840,      18.0,       1.9,     28934,         0,      1703,         2,    520815,         0,     30656,        34,      -748,    -13764,    -14512,    -13462,   -247748,   -261210,     12809,         0,       946,        18,     24338,         0,      1796,        34,      -237,     -7531,     -7767,      -450,    -14308,    -14758,         0,         0,         0,         0,     29682,     43446,     13046,     20577
       112,     43112,296.419379,      90.9,      27.5,     39378,      6425,     17112,       180,   3579432,    584046,   1555517,     16391,      -412,     -7296,     -7709,    -37485,   -663237,   -700723,     17445,      1535,      5708,       218,    479726,     42208,    156960,      6003,      -142,     -4203,     -4346,     -3915,   -115589,   -119504,      6425,      3950,      1535,       795,     39790,     47086,     17587,     21790
       113,     43113, 90.898021,      22.7,      97.4,     41237,      7827,     15509,       267,    936090,    177669,    352054,      6063,      -623,     -5697,     -6319,    -14133,   -129313,   -143446,     18480,      1940,      5282,       478,   1799911,    188949,    514487,     46521,      -189,     -3493,     -3683,    -18435,   -340264,   -358699,      7827,      4301,      1940,       936,     41860,     47557,     18669,     22162
       114,     43114,152.317089,     175.1,      40.8,     41870,      5331,     13888,       762,   7331420,    933524,   2431828,    133487,      -642,     -5237,     -5879,   -112453,   -916998,  -1029452,     18923,      1354,      4807,       368,    772058,     55228,    196113,     15034,      -212,     -3186,     -3398,     -8650,   -129999,   -138648,      5331,      4523,      1354,       860,     42512,     47749,     19135,     22321
       115,     43115, 18.768704,         0,     260.4,     42732,      4319,     11097,      1269,         0,         0,         0,         0,      -758,     -4098,     -4856,         0,         0,         0,     19337,       998,      4080,       356,   5035393,    259980,   1062533,     92595,      -277,     -2677,     -2954,    -72124,   -697149,   -769273,         0,      4319,         0,       998,     43490,     47588,     19614,     22291
       116,     43116, 64.172296,      81.4,      26.6,     43219,      5285,     13392,       760,   3518044,    430180,   1090093,     61854,      -704,     -4260,     -4964,    -57303,   -346769,   -404072,     19662,      1507,      4656,       279,    523010,     40098,    123862,      7412,      -220,     -2749,     -2968,     -5851,    -73111,    -78962,      5285,      4436,      1507,       840,     43923,     48183,     19882,     22631
       117,     43117, 18.494271,         0,         0,     43125,      4342,     12418,       905,         0,         0,         0,         0,      -686,     -4298,     -4984,         0,         0,         0,     19547,      1000,      4421,       216,         0,         0,         0,         0,      -215,     -2845,     -3060,         0,         0,         0,         0,      4342,         0,      1000,     43811,     48109,     19762,     22607
       118,     43118,396.035312,         0,         0,     42157,      5119,     10405,         0,         0,         0,         0,         0,      -709,     -4916,     -5625,         0,         0,         0,     19056,      1212,      3890,         0,         0,         0,         0,         0,      -210,     -3130,     -3340,         0,         0,         0,         0,      5119,         0,      1212,     42866,     47783,     19267,     22397
       119,     43119,501.771249,       9.5,     309.8,     39509,      2881,      5487,       310,    375336,     27365,     52129,      2943,      -865,     -7238,     -8103,     -8215,    -68765,    -76980,     17738,       562,      2433,        10,   5495115,    174135,    753820,      2943,      -314,     -4330,     -4644,    -97263,  -1341420,  -1438683,         0,      2881,         0,       562,     40374,     47612,     18052,     22382
       120,     43120,895.598806,      24.6,         0,     31731,         0,      3215,         0,    780578,         0,     79079,         0,      -895,    -13589,    -14485,    -22026,   -334298,   -356324,     13921,         0,      1616,        25,         0,         0,         0,         0,      -321,     -7433,     -7754,         0,         0,         0,         0,         0,         0,         0,     32626,     46216,     14242,     21675
       121,     43121,1716.02276,         0,         0,     39891,      4010,     17643,         0,         0,         0,         0,         0,      -741,     -7795,     -8535,         0,         0,         0,     18007,      1083,      5523,         0,         0,         0,         0,         0,      -224,     -4503,     -4727,         0,         0,         0,         0,      4010,         0,      1083,     40632,     48426,     18230,     22734
       122,     43122,301.470394,       1.9,     769.1,     44483,      8686,     14733,      1030,     84517,     16503,     27994,      1956,      -634,     -3743,     -4377,     -1205,     -7111,     -8317,     20090,      1819,      4680,         2,  15451190,   1399109,   3599693,      1461,      -213,     -2791,     -3004,   -163855,  -2146372,  -2310227,      8686,      5355,      1819,      1207,     45117,     48860,     20303,     23094
       123,     43123,103.988228,         0,     192.8,     45230,      3161,     11819,       836,         0,         0,         0,         0,      -624,     -3234,     -3858,         0,         0,         0,     20598,      1017,      3969,         1,   3971326,    196098,    765230,       254,      -205,     -2460,     -2665,    -39516,   -474380,   -513895,         0,      3161,         0,      1017,     45854,     49088,     20803,     23264
       124,     43124,1054.54938,         0,         0,     29005,         0,      6818,         0,         0,         0,         0,         0,      -896,    -17159,    -18056,         0,         0,         0,     12593,         0,      2906,         0,         0,         0,         0,         0,      -321,     -8926,     -9247,         0,         0,         0,         0,         0,         0,         0,     29901,     47061,     12913,     21840
       125,     43125,120.958959,         0,         0,     45269,     11397,     14102,       462,         0,         0,         0,         0,      -586,     -3502,     -4088,         0,         0,         0,     20513,      2461,      4328,        42,         0,         0,         0,         0,      -198,     -2694,     -2893,         0,         0,         0,     11397,      5383,      2461,      1572,     45855,     49356,     20711,     23405
       126,     43126,1244.91035,         0,         0,     42346,      3992,     11321,         0,         0,         0,         0,         0,      -708,     -6335,     -7043,         0,         0,         0,     18968,       919,      3380,         0,         0,         0,         0,         0,      -243,     -4223,     -4466,         0,         0,         0,         0,      3992,         0,       919,     43055,     49389,     19211,     23434
       127,     43127,183.975261,      55.9,       1.0,     44395,      5848,     15285,         1,   2481660,    326890,    854425,        56,      -574,     -4560,     -5134,    -32094,   -254878,   -286971,     19944,      1570,      4319,        56,     19944,      1570,      4319,        56,      -200,     -3337,     -3537,      -200,     -3337,     -3537,      5848,      5389,      1181,      1570,     44969,     49528,     20144,     23481
       128,     43128,170.533507,         0,         0,     42257,      3642,     14945,        12,         0,         0,         0,         0,      -694,     -6595,     -7289,         0,         0,         0,     18803,       881,      3928,        76,         0,         0,         0,         0,      -237,     -4412,     -4648,         0,         0,         0,         0,      3642,         0,       881,     42951,     49546,     19040,     23452
       129,     43129,4074.97630,       2.8,      71.3,     31815,         0,       841,        71,     89082,         0,      2354,       200,     -1053,    -11816,    -12869,     -2949,    -33084,    -36034,     14516,         0,       488,         3,   1035000,         0,     34777,       200,      -350,     -6534,     -6885,    -24975,   -465901,   -490876,         0,         0,         0,         0,     32868,     44684,     14866,     21401
       130,     43130,765.730222,      14.2,       5.2,     27592,         0,       188,         5,    391813,         0,      2674,        74,     -1092,    -14219,    -15311,    -15499,   -201912,   -217412,     13021,         0,       408,        14,     67712,         0,      2122,        74,      -362,     -7503,     -7865,     -1884,    -39015,    -40899,         0,         0,         0,         0,     28684,     42903,     13384,     20887
       131,     43131,11529.3808,      47.3,      16.3,     25883,         0,       958,        16,   1224273,         0,     45296,       771,     -1008,    -17389,    -18396,    -47661,   -822490,   -870151,     12283,         0,       920,        47,    200221,         0,     14988,       771,      -310,     -8877,     -9188,     -5060,   -144699,   -149759,         0,         0,         0,         0,     26891,     44280,     12594,     21471
       132,     43132,1381.97165,      36.9,      13.5,     24936,         0,       283,        14,    920142,         0,     10426,       498,     -1093,    -17429,    -18523,    -40347,   -643145,   -683492,     11839,         0,       709,        37,    159823,         0,      9566,       498,      -361,     -9031,     -9392,     -4869,   -121925,   -126793,         0,         0,         0,         0,     26029,     43459,     12199,     21231
       133,     43133,2501.70911,      64.4,         0,     27152,         0,       286,         0,   1748607,         0,     18397,         0,     -1093,    -13591,    -14685,    -70415,   -875288,   -945703,     12892,         0,       720,        64,         0,         0,         0,         0,      -362,     -7345,     -7707,         0,         0,         0,         0,         0,         0,         0,     28246,     41837,     13254,     20599
       134,     43134,1398.93405,      42.6,      34.2,     18441,         0,       259,        34,    785605,         0,     11047,      1457,     -1031,    -16388,    -17419,    -43930,   -698119,   -742049,      9045,         0,       665,        43,    309324,         0,     22740,      1457,      -318,     -8493,     -8811,    -10883,   -290465,   -301348,         0,         0,         0,         0,     19473,     35860,      9363,     17856
       135,     43135,1041.98860,     403.3,     204.5,     23104,         0,       335,       205,   9317983,         0,    134928,     82475,     -1033,    -15014,    -16047,   -416721,  -6055142,  -6471863,     11244,         0,       859,       403,   2299490,         0,    175758,     82475,      -318,     -7815,     -8133,    -65118,  -1598174,  -1663292,         0,         0,         0,         0,     24138,     39152,     11563,     19378
       136,     43136,1060.43246,      46.4,       9.6,     19441,         0,       304,        10,    902060,         0,     14116,       445,     -1032,    -16050,    -17081,    -47872,   -744706,   -792578,      9517,         0,       798,        46,     91361,         0,      7661,       445,      -319,     -8434,     -8752,     -3058,    -80966,    -84024,         0,         0,         0,         0,     20473,     36522,      9835,     18269
       137,     43137,291.193075,      25.6,       6.2,     17575,         0,       232,         6,    449922,         0,      5935,       159,     -1031,    -15806,    -16837,    -26383,   -404633,   -431016,      8638,         0,       603,        26,     53557,         0,      3737,       159,      -318,     -8385,     -8703,     -1973,    -51988,    -53961,         0,         0,         0,         0,     18606,     34412,      8956,     17342
       138,     43138,633.670519,      24.6,       1.0,     22536,         0,       537,         1,    554376,         0,     13210,        25,     -1018,    -16061,    -17079,    -25042,   -395108,   -420150,     11209,         0,       995,        25,     11209,         0,       995,        25,      -313,     -8078,     -8391,      -313,     -8078,     -8391,         0,         0,         0,         0,     23554,     39615,     11523,     19601
       139,     43139,1057.95552,      61.5,      16.5,     21462,         0,       827,        17,   1319902,         0,     50833,      1015,     -1021,    -15215,    -16236,    -62804,   -935708,   -998512,     10904,         0,      1095,        62,    179921,         0,     18073,      1015,      -314,     -7614,     -7928,     -5188,   -125630,   -130818,         0,         0,         0,         0,     22483,     37698,     11219,     18833
       140,     43140,2320.00371,      75.7,       3.2,     20040,         0,       997,         3,   1517001,         0,     75450,       242,     -1022,    -18830,    -19852,    -77371,  -1425459,  -1502829,     10463,         0,      1220,        76,     33482,         0,      3903,       242,      -312,     -8946,     -9259,     -1000,    -28628,    -29628,         0,         0,         0,         0,     21062,     39892,     10776,     19722
       141,     43141,1045.92022,      91.8,       6.1,     21631,         0,      1272,         6,   1985726,         0,    116726,       560,     -1021,    -14532,    -15553,    -93745,  -1334033,  -1427778,     11218,         0,      1283,        92,     68431,         0,      7829,       560,      -312,     -7204,     -7517,     -1905,    -43946,    -45851,         0,         0,         0,         0,     22652,     37184,     11531,     18735
       142,     43142,2146.69408,      14.2,      21.4,     22539,      1617,      1743,        21,    320052,     22962,     24749,       304,     -1021,    -16896,    -17916,    -14491,   -239917,   -254408,     11571,       271,      1472,        14,    247622,      5792,     31501,       304,      -312,     -8260,     -8573,     -6686,   -176767,   -183453,         0,      1617,         0,       271,     23559,     40455,     11884,     20144
       143,     43143,257.184683,      17.0,      40.1,     25241,      1860,      1663,        40,    429089,     31612,     28275,       686,     -1021,    -12336,    -13357,    -17354,   -209713,   -227067,     12841,       318,      1497,        18,    514910,     12769,     60039,       736,      -315,     -6292,     -6606,    -12612,   -252305,   -264917,         0,      1860,         0,       318,     26261,     38597,     13155,     19447
       144,     43144,136.097191,         0,      36.7,     28592,      2047,      2034,       252,         0,         0,         0,         0,     -1017,    -10542,    -11559,         0,         0,         0,     14001,       355,      1484,       148,    513819,     13039,     54465,      5442,      -315,     -5865,     -6180,    -11557,   -215237,   -226793,      1287,      2047,       224,       355,     29609,     40151,     14315,     20180
       145,     43145,168.311244,     201.6,     259.6,     26926,      1967,      1891,       557,   5428202,    396535,    381263,    112365,     -1017,    -10774,    -11791,   -205054,  -2171944,  -2376998,     13502,       340,      1505,       401,   3505063,     88155,    390586,    104147,      -314,     -5771,     -6085,    -81563,  -1498112,  -1579676,      1770,      1967,       293,       340,     27943,     38716,     13816,     19587
       146,     43146,144.932070,     151.5,     141.9,     26394,      1978,      1801,       774,   3998670,    299619,    272846,    117275,     -1020,    -10863,    -11883,   -154566,  -1645746,  -1800312,     13328,       342,      1502,       484,   1891294,     48487,    213201,     68677,      -314,     -5747,     -6061,    -44552,   -815484,   -860035,       750,      1978,       149,       342,     27414,     38277,     13642,     19389
       147,     43147,1635.88871,      16.1,       6.2,     28527,         0,      1886,         6,    459287,         0,     30364,       100,     -1009,    -13749,    -14758,    -16249,   -221351,   -237600,     13448,         0,      1040,        16,     83377,         0,      6448,       100,      -309,     -7674,     -7983,     -1917,    -47580,    -49497,         0,         0,         0,         0,     29536,     43285,     13757,     21431
       148,     43148,981.624852,      41.7,      51.8,     26712,      1586,      2255,        62,   1113905,     66150,     94045,      2584,     -1024,    -12796,    -13820,    -42695,   -533591,   -576287,     13420,       265,      1464,        45,    695166,     13707,     75843,      2328,      -318,     -6558,     -6876,    -16458,   -339724,   -356182,         0,      1586,         0,       265,     27736,     40532,     13738,     20296
       149,     43149,222.556309,      25.6,      63.9,     27762,      2780,      2073,       437,    710720,     71176,     53075,     11187,     -1018,    -10625,    -11643,    -26071,   -271989,   -298061,     13828,       455,      1518,       197,    883616,     29100,     97006,     12596,      -315,     -5766,     -6081,    -20155,   -368443,   -388598,      2780,      2209,       455,       387,     28781,     39405,     14144,     19909
       150,     43150,345.847797,     285.9,     813.9,     26803,      1998,      1913,       930,   7662997,    571123,    547029,    265927,     -1019,     -9980,    -11000,   -291464,  -2853360,  -3144824,     13531,       346,      1547,       404,  11012569,    281305,   1259224,    328701,      -316,     -5397,     -5714,   -257485,  -4392789,  -4650274,       927,      1998,       174,       346,     27823,     37803,     13847,     19244
       151,     43151, 72.484294,      17.0,         0,     23553,      1729,      1847,       432,    400403,     29394,     31407,      7348,     -1024,    -11772,    -12796,    -17407,   -200126,   -217533,     11944,       293,      1519,       170,         0,         0,         0,         0,      -317,     -6354,     -6670,         0,         0,         0,         0,      1729,         0,       293,     24577,     36349,     12261,     18615
       152,     43152,208.397902,      14.2,         0,     25741,      1806,      2037,       375,    365525,     25642,     28925,      5331,     -1020,    -11013,    -12033,    -14488,   -156386,   -170874,     13265,       308,      1554,       157,         0,         0,         0,         0,      -317,     -5698,     -6015,         0,         0,         0,         0,      1806,         0,       308,     26761,     37775,     13582,     19281
       153,     43153,742.236190,     296.3,      70.0,     26734,      1689,      2311,        70,   7921206,    500498,    684776,     20741,     -1030,    -12334,    -13363,   -305128,  -3654456,  -3959584,     13760,       285,      1442,       296,    963213,     19941,    100933,     20741,      -320,     -6188,     -6508,    -22421,   -433152,   -455574,         0,      1689,         0,       285,     27764,     40097,     14080,     20268
       154,     43154,650.821852,     105.1,      71.6,     23953,         0,      2046,        72,   2517461,         0,    215015,      7525,     -1033,    -12940,    -13974,   -108597,  -1360021,  -1468618,     12651,         0,      1498,       107,    905810,         0,    107234,      7644,      -323,     -6389,     -6711,    -23112,   -457425,   -480537,         0,         0,         0,         0,     24986,     37927,     12974,     19362
       155,     43155,1163.76624,      31.2,       6.8,     21880,         0,      1651,         8,    682670,         0,     51508,       256,     -1034,    -12497,    -13531,    -32264,   -389909,   -422173,     11660,         0,      1358,        35,     79289,         0,      9238,       235,      -322,     -6292,     -6613,     -2188,    -42783,    -44972,         0,         0,         0,         0,     22915,     35412,     11982,     18274
       156,     43156,109.650810,      24.6,      10.3,     21653,         0,      1651,        11,    532669,         0,     40609,       282,     -1024,    -12054,    -13078,    -25180,   -296535,   -321716,     11049,         0,      1365,        31,    113809,         0,     14056,       320,      -315,     -6615,     -6930,     -3245,    -68134,    -71379,         0,         0,         0,         0,     22677,     34731,     11364,     17979
       157,     43157,239.535030,       2.8,         0,     25542,         0,      2002,         1,     71517,         0,      5605,         3,     -1033,    -13145,    -14178,     -2892,    -36807,    -39698,     13467,         0,      1265,        21,         0,         0,         0,         0,      -322,     -6382,     -6703,         0,         0,         0,         0,         0,         0,         0,     26574,     39720,     13788,     20170
       158,     43158,174.204558,      18.0,       1.1,     24902,      1629,      1994,         2,    448240,     29327,     35894,        43,     -1034,    -13325,    -14359,    -18616,   -239842,   -258458,     13107,       273,      1305,        27,     14417,       300,      1436,        30,      -323,     -6559,     -6881,      -355,     -7215,     -7570,         0,      1629,         0,       273,     25936,     39261,     13429,     19988
       159,     43159,659.568299,      59.6,      11.7,     24119,         0,      1772,        14,   1437499,         0,    105602,       852,     -1033,    -12199,    -13232,    -61574,   -727071,   -788644,     12731,         0,      1297,        63,    148948,         0,     15169,       737,      -322,     -6120,     -6442,     -3768,    -71603,    -75371,         0,         0,         0,         0,     25152,     37351,     13053,     19173
       160,     43160,687.078890,      51.1,         0,     19134,         0,      1330,         0,    977737,         0,     67952,         0,     -1035,    -15563,    -16598,    -52894,   -795257,   -848150,     10364,         0,      1103,        51,         0,         0,         0,         0,      -320,     -7799,     -8119,         0,         0,         0,         0,         0,         0,         0,     20169,     35732,     10683,     18483
       161,     43161,521.862197,      82.4,      11.3,     17525,         0,       631,        25,   1444070,         0,     52035,      2049,     -1034,    -14846,    -15880,    -85230,  -1223277,  -1308507,      9610,         0,       685,       122,    108591,         0,      7735,      1384,      -319,     -7569,     -7888,     -3607,    -85531,    -89138,         0,         0,         0,         0,     18559,     33405,      9929,     17498
       162,     43162,196.889008,       4.7,       8.3,     22809,         0,      1461,        12,    107203,         0,      6866,        55,     -1036,    -13529,    -14565,     -4870,    -63586,    -68456,     12107,         0,      1097,        23,    100485,         0,      9107,       187,      -323,     -6801,     -7124,     -2680,    -56448,    -59127,         0,         0,         0,         0,     23845,     37374,     12429,     19230
       163,     43163,613.234353,      54.9,      18.6,     20513,         0,       627,        27,   1126145,         0,     34432,      1474,     -1033,    -14108,    -15141,    -56712,   -774547,   -831259,     10852,         0,       648,       115,    201856,         0,     12048,      2139,      -321,     -7260,     -7582,     -5978,   -135044,   -141021,         0,         0,         0,         0,     21546,     35654,     11174,     18434
       164,     43164,14272.9952,      16.1,         0,      1964,         0,        18,         0,     31623,         0,       292,         0,       -38,    -23367,    -23405,      -608,   -376215,   -376823,      1186,         0,       170,        16,         0,         0,         0,         0,       -13,    -10704,    -10717,         0,         0,         0,         0,         0,         0,         0,      2002,     25369,      1198,     11902
       165,     43165,452.346376,       6.6,         0,      5191,         0,        23,         0,     34259,         0,       153,         0,      -286,    -13538,    -13824,     -1888,    -89352,    -91240,      2654,         0,       237,         7,         0,         0,         0,         0,       -88,     -6143,     -6232,         0,         0,         0,         0,         0,         0,         0,      5477,     19015,      2742,      8885
       166,     43166,968.535311,       7.6,         0,      4869,         0,        24,         0,     37002,         0,       180,         0,      -252,    -11374,    -11626,     -1916,    -86445,    -88361,      2502,         0,       242,         8,         0,         0,         0,         0,       -78,     -5194,     -5272,         0,         0,         0,         0,         0,         0,         0,      5121,     16495,      2580,      7774
       167,     43167,731.884799,      26.5,         0,      6206,         0,        31,         2,    164448,         0,       815,        64,      -410,    -12808,    -13218,    -10864,   -339417,   -350281,      3125,         0,       303,        47,         0,         0,         0,         0,      -110,     -5872,     -5982,         0,         0,         0,         0,         0,         0,         0,      6616,     19424,      3235,      9107
       168,     43168,392.860256,      59.6,       7.1,      7304,         0,        32,         7,    435326,         0,      1895,       423,      -492,    -12353,    -12846,    -29336,   -736262,   -765598,      3603,         0,       312,        69,     25582,         0,      2215,       487,      -114,     -5756,     -5870,      -813,    -40865,    -41678,         0,         0,         0,         0,      7796,     20150,      3718,      9473
       169,     43169,439.543588,      11.4,         0,      8702,         0,        32,         0,     99204,         0,       363,         0,      -539,    -12119,    -12658,     -6147,   -138159,   -144307,      4186,         0,       312,        11,         0,         0,         0,         0,      -130,     -5764,     -5894,         0,         0,         0,         0,         0,         0,         0,      9241,     21361,      4315,     10079
       170,     43170,1728.80490,         0,         0,      6102,         0,        29,         0,         0,         0,         0,         0,      -401,    -11486,    -11887,         0,         0,         0,      3077,         0,       286,         0,         0,         0,         0,         0,      -109,     -5330,     -5439,         0,         0,         0,         0,         0,         0,         0,      6503,     17989,      3187,      8517
       171,     43171,714.171204,       6.6,         0,      6004,         0,        32,         0,     39626,         0,       210,         0,      -390,    -14906,    -15296,     -2574,    -98380,   -100954,      3034,         0,       314,         7,         0,         0,         0,         0,      -108,     -6825,     -6933,         0,         0,         0,         0,         0,         0,         0,      6394,     21300,      3142,      9967
       172,     43172,833.704243,     189.3,      24.7,      7578,         0,        32,        25,   1434608,         0,      6020,      4676,      -509,    -14289,    -14798,    -96440,  -2704910,  -2801350,      3718,         0,       312,       189,     91825,         0,      7712,      4676,      -118,     -6698,     -6816,     -2920,   -165441,   -168361,         0,         0,         0,         0,      8088,     22377,      3836,     10534
       173,     43173,308.534302,         0,         0,      5098,         0,        28,         0,         0,         0,         0,         0,      -277,    -17311,    -17589,         0,         0,         0,      2610,         0,       258,         0,         0,         0,         0,         0,       -86,     -8058,     -8143,         0,         0,         0,         0,         0,         0,         0,      5375,     22687,      2696,     10753
       174,     43174,12879.8339,      21.8,         0,      3062,         0,         0,         0,     66760,         0,         0,         0,      -103,     -8420,     -8523,     -2256,   -183549,   -185805,      1593,         0,        24,        22,         0,         0,         0,         0,       -37,     -4180,     -4217,         0,         0,         0,         0,         0,         0,         0,      3166,     11586,      1631,      5810
       175,     43175,144.382695,         0,         0,     10411,         0,       215,         0,         0,         0,         0,         0,      -545,    -11529,    -12074,         0,         0,         0,      4891,         0,        72,         0,         0,         0,         0,         0,      -133,     -5814,     -5947,         0,         0,         0,         0,         0,         0,         0,     10956,     22485,      5024,     10838
       176,     43176,20512.4583,         0,         0,       607,         0,         0,         0,         0,         0,         0,         0,        -2,     -5695,     -5696,         0,         0,         0,       381,         0,         0,         0,         0,         0,         0,         0,        -1,     -3223,     -3223,         0,         0,         0,         0,         0,         0,         0,       608,      6303,       382,      3605
       177,     43177,289.366735,         0,         0,     11955,         0,      1513,         0,         0,         0,         0,         0,      -579,    -13366,    -13945,         0,         0,         0,      5559,         0,       436,         0,         0,         0,         0,         0,      -143,     -6783,     -6926,         0,         0,         0,         0,         0,         0,         0,     12534,     25900,      5701,     12485
       178,     43178,5098.90728,       2.8,         0,      5640,         0,       162,         0,     15793,         0,       453,         0,      -338,    -13313,    -13652,      -948,    -37277,    -38225,      2809,         0,        45,         3,         0,         0,         0,         0,      -100,     -6490,     -6590,         0,         0,         0,         0,         0,         0,         0,      5979,     19292,      2909,      9399
       179,     43179,82378.1308,      26.5,         0,       412,         0,         0,         0,     10929,         0,         0,         0,        -2,     -6148,     -6150,       -43,   -162925,   -162968,       243,         0,        27,        27,         0,         0,         0,         0,        -0,     -3523,     -3524,         0,         0,         0,         0,         0,         0,         0,       414,      6562,       244,      3767
       180,     43180,785.887644,     267.9,    1536.8,     18909,         0,      1756,      1537,   5065774,         0,    470324,    411709,      -660,    -10201,    -10861,   -176865,  -2732836,  -2909700,      8708,         0,       730,       268,  13382000,         0,   1122152,    411709,      -177,     -5536,     -5713,   -272236,  -8507691,  -8779927,         0,         0,         0,         0,     19569,     29770,      8885,     14421
       181,     43181,8256.66025,       8.5,       1.2,      7728,         0,       585,         1,     65687,         0,      4971,        10,      -528,    -12407,    -12936,     -4489,   -105463,   -109952,      3652,         0,       214,         9,      4383,         0,       257,        10,      -127,     -6424,     -6551,      -153,     -7708,     -7861,         0,         0,         0,         0,      8256,     20663,      3780,     10203
       182,     43182,6265.91272,       1.9,         0,     19023,         0,      1732,         3,     36144,         0,      3290,         6,      -625,    -12244,    -12869,     -1188,    -23264,    -24452,      8750,         0,       725,         2,         0,         0,         0,         0,      -160,     -6429,     -6589,         0,         0,         0,         0,         0,         0,         0,     19648,     31893,      8910,     15340
       183,     43183,343.240789,         0,      21.6,     20703,         0,      1790,        22,         0,         0,         0,         0,      -626,    -10919,    -11545,         0,         0,         0,      9557,         0,       785,         0,    206429,         0,     16950,         6,      -162,     -5847,     -6009,     -3499,   -126297,   -129797,         0,         0,         0,         0,     21329,     32248,      9719,     15566
       184,     43184,948.640963,     237.6,     108.6,     18485,         0,      1825,       109,   4392064,         0,    433616,     25803,      -634,    -12930,    -13565,   -150707,  -3072286,  -3222993,      8522,         0,       840,       238,    925448,         0,     91178,     25803,      -164,     -6728,     -6892,    -17845,   -730653,   -748498,         0,         0,         0,         0,     19119,     32050,      8686,     15414
       185,     43185,1617.89237,      98.4,      19.7,     10213,         0,      1685,        20,   1004939,         0,    165761,      1938,      -568,    -15938,    -16506,    -55896,  -1568309,  -1624205,      4729,         0,       715,        98,     93158,         0,     14080,      1938,      -144,     -8152,     -8297,     -2847,   -160600,   -163447,         0,         0,         0,         0,     10781,     26719,      4873,     13026
       186,     43186,854.602301,         0,         0,     14506,         0,      1631,         0,         0,         0,         0,         0,      -601,    -14608,    -15210,         0,         0,         0,      6688,         0,       787,         0,         0,         0,         0,         0,      -150,     -7526,     -7676,         0,         0,         0,         0,         0,         0,         0,     15108,     29716,      6838,     14364
       187,     43187,662.199239,         0,         0,      8124,         0,       583,         0,         0,         0,         0,         0,      -553,    -16951,    -17504,         0,         0,         0,      3827,         0,       331,         0,         0,         0,         0,         0,      -133,     -8656,     -8789,         0,         0,         0,         0,         0,         0,         0,      8677,     25628,      3960,     12616
       188,     43188,1355.83137,       5.7,         0,      4300,         0,        11,         0,     24510,         0,        63,         0,      -224,    -18971,    -19195,     -1277,   -108133,   -109410,      2093,         0,        68,         6,         0,         0,         0,         0,       -64,     -9491,     -9555,         0,         0,         0,         0,         0,         0,         0,      4524,     23495,      2157,     11648
       189,     43189,487.423274,       8.5,         0,      3957,         0,         1,         0,     33637,         0,         4,         0,      -206,    -13845,    -14052,     -1753,   -117685,   -119438,      1938,         0,        17,         9,         0,         0,         0,         0,       -59,     -7081,     -7140,         0,         0,         0,         0,         0,         0,         0,      4164,     18009,      1996,      9077
       190,     43190,10085.3168,         0,         0,       892,         0,         0,         0,         0,         0,         0,         0,        -0,    -15327,    -15327,         0,         0,         0,       442,         0,        17,         0,         0,         0,         0,         0,        -1,     -7871,     -7872,         0,         0,         0,         0,         0,         0,         0,       893,     16219,       443,      8315
       191,     43191,1827.42447,      15.1,         0,      1168,         0,         0,         0,     17641,         0,         0,         0,        -1,    -11261,    -11261,        -9,   -170036,   -170045,       650,         0,        16,        15,         0,         0,         0,         0,        -1,     -5929,     -5930,         0,         0,         0,         0,         0,         0,         0,      1169,     12430,       651,      6580
       192,     43192,550.359597,      41.7,       2.8,     18539,         0,      1482,        30,    773058,         0,     61798,      1235,      -637,    -10415,    -11052,    -26563,   -434291,   -460854,      8499,         0,       800,        73,     23797,         0,      2239,       203,      -164,     -5706,     -5870,      -460,    -15976,    -16436,         0,         0,         0,         0,     19176,     29590,      8663,     14369
       193,     43193,509.073894,      83.3,      72.2,     20439,         0,      1321,        73,   1702556,         0,    110021,      6101,      -651,    -10185,    -10836,    -54266,   -848378,   -902644,      9437,         0,       787,        99,    681383,         0,     56823,      7132,      -174,     -5603,     -5777,    -12572,   -404519,   -417091,         0,         0,         0,         0,     21090,     31275,      9612,     15214
       194,     43194,842.354852,       6.6,         0,     16628,         0,      1315,         0,    109742,         0,      8678,         0,      -647,    -10613,    -11260,     -4268,    -70046,    -74314,      7638,         0,       775,         7,         0,         0,         0,         0,      -168,     -5885,     -6053,         0,         0,         0,         0,         0,         0,         0,     17274,     27887,      7805,     13690
       195,     43195,2017.67412,       1.9,         0,     15131,         0,       240,         0,     28748,         0,       456,         0,      -627,    -17722,    -18349,     -1191,    -33672,    -34863,      6942,         0,       335,         2,         0,         0,         0,         0,      -154,     -8852,     -9006,         0,         0,         0,         0,         0,         0,         0,     15758,     33480,      7096,     15948
       196,     43196,1133.24208,      10.4,         0,     20193,         0,       876,         0,    210003,         0,      9106,         0,      -639,    -11938,    -12577,     -6643,   -124154,   -130797,      9269,         0,       634,        10,         0,         0,         0,         0,      -167,     -6368,     -6534,         0,         0,         0,         0,         0,         0,         0,     20831,     32769,      9435,     15803
       197,     43197,555.057435,      34.1,         0,     21842,         0,       760,         0,    744806,         0,     25926,         0,      -639,    -11064,    -11702,    -21785,   -377268,   -399052,     10049,         0,       647,        34,         0,         0,         0,         0,      -168,     -6039,     -6207,         0,         0,         0,         0,         0,         0,         0,     22481,     33544,     10218,     16256
       198,     43198,1034.86925,      74.8,      61.5,     21358,         0,       936,        62,   1597568,         0,     69988,      4600,      -652,    -10116,    -10768,    -48760,   -756700,   -805460,      9853,         0,       692,        75,    605952,         0,     42574,      4600,      -174,     -5644,     -5818,    -10710,   -347089,   -357799,         0,         0,         0,         0,     22010,     32126,     10027,     15671
       199,     43199,2034.92383,      13.3,       1.9,     19717,         0,       297,         2,    262236,         0,      3948,        25,      -647,    -10939,    -11585,     -8601,   -145484,   -154085,      9037,         0,       424,        13,     17170,         0,       805,        25,      -171,     -6172,     -6343,      -324,    -11727,    -12051,         0,         0,         0,         0,     20364,     31302,      9208,     15380
       200,     43200,695.545260,      12.3,         0,     25805,         0,       375,         0,    317402,         0,      4609,         0,      -642,     -9947,    -10589,     -7898,   -122351,   -130249,     11923,         0,       481,        12,         0,         0,         0,         0,      -170,     -5447,     -5617,         0,         0,         0,         0,         0,         0,         0,     26447,     36394,     12093,     17540
       201,     43201,1564.06813,       2.8,         0,     24411,         0,       151,         0,     68349,         0,       424,         0,      -634,     -9134,     -9767,     -1774,    -25574,    -27349,     10695,         0,       205,         3,         0,         0,         0,         0,      -167,     -5546,     -5713,         0,         0,         0,         0,         0,         0,         0,     25044,     34178,     10862,     16408
       202,     43202,1930.33520,      20.8,         0,     29238,         0,       311,         0,    608157,         0,      6466,         0,      -638,    -10244,    -10882,    -13271,   -213074,   -226345,     13543,         0,       387,        21,         0,         0,         0,         0,      -167,     -5505,     -5672,         0,         0,         0,         0,         0,         0,         0,     29876,     40120,     13709,     19215
       203,     43203,947.824885,      46.4,      73.0,     25026,         0,       345,       163,   1161188,         0,     16008,      7550,      -639,    -11704,    -12343,    -29667,   -543043,   -572710,     11549,         0,       426,        84,    843062,         0,     31079,      6107,      -169,     -6325,     -6495,    -12362,   -461746,   -474108,         0,         0,         0,         0,     25665,     37368,     11718,     18043
       204,     43204,539.120799,      40.7,      98.0,     28422,         0,       341,       165,   1156782,         0,     13884,      6708,      -646,     -8790,     -9437,    -26310,   -357764,   -384074,     13169,         0,       417,        83,   1290570,         0,     40876,      8151,      -172,     -5020,     -5191,    -16827,   -491924,   -508751,         0,         0,         0,         0,     29069,     37859,     13341,     18360
       205,     43205,1786.24933,       8.5,         0,     22809,         0,       268,         0,    193877,         0,      2282,         0,      -645,    -11019,    -11665,     -5487,    -93663,    -99150,     10475,         0,       294,         9,         0,         0,         0,         0,      -171,     -6279,     -6450,         0,         0,         0,         0,         0,         0,         0,     23455,     34474,     10646,     16925
       206,     43206,1310.72882,      17.0,      14.6,     23057,         0,       241,        15,    391969,         0,      4098,       248,      -645,    -13303,    -13948,    -10960,   -226147,   -237108,     10594,         0,       258,        17,    154666,         0,      3772,       248,      -171,     -7332,     -7503,     -2498,   -107044,   -109542,         0,         0,         0,         0,     23702,     37004,     10765,     18096
       207,     43207,4915.97867,     105.1,      67.5,     32362,         0,       250,        68,   3401292,         0,     26319,      7094,      -635,     -8230,     -8864,    -66699,   -864925,   -931624,     14553,         0,       427,       105,    982299,         0,     28842,      7094,      -169,     -4775,     -4943,    -11377,   -322294,   -333671,         0,         0,         0,         0,     32997,     41227,     14721,     19496
       208,     43208,168.839276,      47.3,      66.3,     32247,         0,       289,        75,   1525289,         0,     13667,      3552,      -633,     -9116,     -9749,    -29964,   -431166,   -461130,     14995,         0,       380,        55,    994176,         0,     25217,      3623,      -166,     -4986,     -5152,    -11028,   -330541,   -341569,         0,         0,         0,         0,     32881,     41996,     15161,     20147
       209,     43209,1092.72720,      14.2,         0,     27258,         0,       367,         0,    387070,         0,      5211,         0,      -632,    -15735,    -16367,     -8978,   -223440,   -232418,     12663,         0,       524,        14,         0,         0,         0,         0,      -162,     -7801,     -7964,         0,         0,         0,         0,         0,         0,         0,     27891,     43626,     12825,     20626
       210,     43210, 79.456169,       7.6,       9.1,     32763,         0,       278,        73,    249000,         0,      2116,       557,      -634,     -9199,     -9833,     -4819,    -69914,    -74733,     15250,         0,       371,        82,    138771,         0,      3378,       742,      -166,     -5024,     -5190,     -1509,    -45721,    -47230,         0,         0,         0,         0,     33397,     42596,     15415,     20440
       211,     43211,679.411979,      46.4,         0,     30105,         0,       269,         6,   1396893,         0,     12482,       257,      -632,    -11115,    -11747,    -29303,   -515750,   -545054,     14042,         0,       347,        51,         0,         0,         0,         0,      -163,     -5909,     -6073,         0,         0,         0,         0,         0,         0,         0,     30737,     41852,     14205,     20115
       212,     43212,2883.62077,       8.5,       6.1,     25829,         0,       196,         6,    219546,         0,      1664,        52,      -632,    -15716,    -16348,     -5370,   -133588,   -138959,     12085,         0,       263,         9,     73718,         0,      1605,        52,      -163,     -8085,     -8248,      -992,    -49319,    -50311,         0,         0,         0,         0,     26461,     42177,     12247,     20333
       213,     43213,318.340274,         0,         0,     28389,         0,      1002,         0,         0,         0,         0,         0,      -633,    -14554,    -15186,         0,         0,         0,     12620,         0,       831,         0,         0,         0,         0,         0,      -163,     -7828,     -7991,         0,         0,         0,         0,         0,         0,         0,     29022,     43575,     12784,     20612
       214,     43214,975.054828,      12.3,       1.9,     27479,         0,       492,         2,    337994,         0,      6048,        23,      -632,    -17080,    -17712,     -7777,   -210081,   -217859,     12881,         0,       560,        12,     24474,         0,      1064,        23,      -162,     -8382,     -8544,      -309,    -15925,    -16234,         0,         0,         0,         0,     28112,     45191,     13044,     21425
       215,     43215,1142.62370,      58.7,       3.1,     25738,         0,       716,         3,   1510846,         0,     42052,       182,      -690,    -19505,    -20195,    -40480,  -1144958,  -1185437,     12294,         0,       516,        59,     38111,         0,      1600,       182,      -173,     -9518,     -9691,      -537,    -29507,    -30044,         0,         0,         0,         0,     26428,     45933,     12467,     21985
       216,     43216,10080.2381,         0,         0,     12767,         0,        62,         0,         0,         0,         0,         0,      -589,    -14745,    -15334,         0,         0,         0,      5835,         0,        78,         0,         0,         0,         0,         0,      -148,     -8053,     -8201,         0,         0,         0,         0,         0,         0,         0,     13356,     28101,      5983,     14035
       217,     43217,27727.1019,         0,         0,       446,         0,         0,         0,         0,         0,         0,         0,        -0,    -17000,    -17000,         0,         0,         0,       185,         0,         0,         0,         0,         0,         0,         0,        -0,     -8928,     -8929,         0,         0,         0,         0,         0,         0,         0,       446,     17446,       186,      9114
       218,     43218,4547.91756,         0,         0,       497,         0,         0,         0,         0,         0,         0,         0,        -1,     -7909,     -7909,         0,         0,         0,       210,         0,         9,         0,         0,         0,         0,         0,        -0,     -4575,     -4576,         0,         0,         0,         0,         0,         0,         0,       498,      8407,       211,      4786
       219,     43219,54406.3431,         0,         0,         0,         0,         0,         0,         0,         0,         0,         0,         0,      -695,      -695,         0,         0,         0,         0,         0,         0,         0,         0,         0,         0,         0,         0,      -614,      -614,         0,         0,         0,         0,         0,         0,         0,         0,       695,         0,       615
       220,     43220,33738.1326,       1.9,         0,         0,         0,         0,         0,         0,         0,         0,         0,         0,      -796,      -796,         0,     -1512,     -1512,         2,         0,         2,         2,         0,         0,         0,         0,         0,      -849,      -849,         0,         0,         0,         0,         0,         0,         0,         0,       796,         2,       850
       221,     43221,319502.805,      18.0,         0,         0,         0,         0,         0,         0,         0,         0,         0,         0,         0,         0,         0,         0,         0,         0,         0,        18,        18,         0,         0,         0,         0,         0,       -18,       -18,         0,         0,         0,         0,         0,         0,         0,         0,         0,         0,        18
       222,     43222,8599.87056,      14.2,         0,     21088,         0,       119,         0,    299445,         0,      1687,         0,     -1088,    -12552,    -13640,    -15452,   -178240,   -193693,      9844,         0,       285,        14,         0,         0,         0,         0,      -360,     -7187,     -7547,         0,         0,         0,         0,         0,         0,         0,     22176,     34728,     10204,     17391
       223,     43223,4396.12960,       3.8,         0,      8128,         0,        23,         0,     30886,         0,        87,         0,      -962,    -19377,    -20339,     -3656,    -73633,    -77288,      4318,         0,        57,         4,         0,         0,         0,         0,      -278,     -9846,    -10125,         0,         0,         0,         0,         0,         0,         0,      9090,     28467,      4596,     14443
       224,     43224,11000.4016,      20.8,         0,      1102,         0,         0,         0,     22920,         0,         0,         0,       -10,     -9811,     -9821,      -211,   -204063,   -204274,      1252,         0,        23,        21,         0,         0,         0,         0,        -3,     -5014,     -5017,         0,         0,         0,         0,         0,         0,         0,      1112,     10923,      1255,      6269
       225,     43225,5531.28058,       7.6,         0,     12547,         0,       133,         0,     95361,         0,      1012,         0,     -1027,    -18080,    -19107,     -7802,   -137411,   -145213,      6306,         0,       319,         8,         0,         0,         0,         0,      -313,     -9475,     -9789,         0,         0,         0,         0,         0,         0,         0,     13574,     31654,      6619,     16095
       226,     43226,6046.34577,      32.2,       4.1,       313,         0,         4,         4,     10075,         0,       132,       132,        -1,    -20740,    -20741,       -24,   -667843,   -667868,       479,         0,        33,        32,      1965,         0,       137,       132,        -1,    -10701,    -10702,        -3,    -43876,    -43878,         0,         0,         0,         0,       314,     21054,       480,     11181
       227,     43227,54410.6876,       6.6,         0,       388,         0,         0,         0,      2559,         0,         0,         0,        -1,     -7847,     -7848,        -4,    -51793,    -51797,       559,         0,        13,         7,         0,         0,         0,         0,        -1,     -4582,     -4583,         0,         0,         0,         0,         0,         0,         0,       388,      8236,       559,      5141
       228,     43228,638.113369,       1.9,         0,     22616,      1648,      1625,        23,     42971,      3131,      3088,        44,     -1022,    -12145,    -13167,     -1941,    -23075,    -25016,     11514,       277,      1449,        12,         0,         0,         0,         0,      -315,     -6404,     -6719,         0,         0,         0,         0,      1648,         0,       277,     23638,     35783,     11829,     18233
       229,     43229,2962.95230,      32.2,       3.7,     19453,         0,      1466,         4,    626387,         0,     47209,       142,     -1024,    -13156,    -14179,    -32960,   -423609,   -456569,     10014,         0,      1257,        34,     37052,         0,      4652,       125,      -315,     -7114,     -7429,     -1164,    -26322,    -27487,         0,         0,         0,         0,     20477,     33632,     10329,     17443
       230,     43230,717.040357,      63.4,      15.9,     14849,         0,       341,        16,    941442,         0,     21626,      1008,     -1024,    -13707,    -14731,    -64920,   -869054,   -933974,      7826,         0,       431,        63,    124426,         0,      6858,      1008,      -312,     -7573,     -7885,     -4961,   -120405,   -125366,         0,         0,         0,         0,     15873,     29581,      8138,     15710
       231,     43231,1015.01620,         0,         0,      4810,         0,         6,         0,         0,         0,         0,         0,      -665,    -16402,    -17067,         0,         0,         0,      3204,         0,        42,         0,         0,         0,         0,         0,      -157,     -8823,     -8979,         0,         0,         0,         0,         0,         0,         0,      5475,     21877,      3361,     12184
       232,     43232,9026.77027,      25.6,         0,      7196,         0,        36,         0,    184209,         0,       919,         0,      -676,    -18438,    -19114,    -17318,   -472008,   -489326,      4830,         0,       181,        26,         0,         0,         0,         0,      -163,     -9250,     -9413,         0,         0,         0,         0,         0,         0,         0,      7872,     26310,      4993,     14243
       233,     43233, 10.654470,         0,      34.6,     40526,      4263,      9752,      1194,         0,         0,         0,         0,      -843,     -5426,     -6268,         0,         0,         0,     18247,       984,      3715,       170,    631356,     34049,    128549,      5897,      -303,     -3299,     -3602,    -10485,   -114150,   -124635,         0,      4263,         0,       984,     41369,     46795,     18550,     21849
       234,     43234, 14.220555,         0,      12.4,     42427,      4288,     11760,      1138,         0,         0,         0,         0,      -789,     -4276,     -5065,         0,         0,         0,     19197,       990,      4260,       414,    238044,     12281,     52826,      5137,      -279,     -2745,     -3023,     -3454,    -34033,    -37487,         0,      4288,         0,       990,     43216,     47492,     19476,     22220
       235,     43235, 26.839507,         0,      22.6,     43123,      4338,     11930,      1301,         0,         0,         0,         0,      -754,     -3947,     -4701,         0,         0,         0,     19552,       943,      4297,       445,    441876,     21306,     97116,     10065,      -273,     -2586,     -2860,     -6175,    -58455,    -64630,         0,      4338,         0,       943,     43877,     47824,     19825,     22412
       236,     43236, 29.218676,         0,     323.6,     41466,      4333,     10719,      1263,         0,         0,         0,         0,      -815,     -4754,     -5569,         0,         0,         0,     18714,       942,      3978,       308,   6055689,    304684,   1287274,     99647,      -288,     -2970,     -3258,    -93215,   -961061,  -1054275,         0,      4333,         0,       942,     42281,     47035,     19002,     21971
       237,     43237, 73.576519,         0,         0,     41191,      4189,     12428,       173,         0,         0,         0,         0,      -652,     -5026,     -5677,         0,         0,         0,     18477,       865,      4560,       268,         0,         0,         0,         0,      -198,     -3157,     -3356,         0,         0,         0,      1142,      4189,       726,       865,     41843,     46869,     18675,     21833
       238,     43238, 56.510442,         0,         0,     40486,      4868,     10320,       241,         0,         0,         0,         0,      -795,     -5541,     -6336,         0,         0,         0,     18232,      1138,      3912,       246,         0,         0,         0,         0,      -279,     -3354,     -3634,         0,         0,         0,         0,      4868,         0,      1138,     41281,     46821,     18511,     21865
       239,     43239, 37.813200,         0,         0,     40173,      4593,      8794,       208,         0,         0,         0,         0,      -796,     -5567,     -6363,         0,         0,         0,     18076,      1088,      3422,       237,         0,         0,         0,         0,      -279,     -3409,     -3688,         0,         0,         0,         0,      4593,         0,      1088,     40969,     46536,     18355,     21764
       240,     43240, 42.520381,         0,         0,     41111,      4630,     11196,       473,         0,         0,         0,         0,      -795,     -5081,     -5876,         0,         0,         0,     18546,      1118,      4137,       237,         0,         0,         0,         0,      -279,     -3116,     -3394,         0,         0,         0,         0,      4630,         0,      1118,     41906,     46987,     18824,     21940
       241,     43241,  5.917203,         0,         0,     41603,      4214,     10682,       770,         0,         0,         0,         0,      -794,     -4705,     -5499,         0,         0,         0,     18791,      1028,      3969,       222,         0,         0,         0,         0,      -278,     -2957,     -3235,         0,         0,         0,         0,      4214,         0,      1028,     42397,     47102,     19069,     22025
       242,     43242, 24.125694,         0,         0,     40776,      4665,      9914,       502,         0,         0,         0,         0,      -795,     -5255,     -6050,         0,         0,         0,     18378,      1107,      3756,       226,         0,         0,         0,         0,      -279,     -3229,     -3508,         0,         0,         0,         0,      4665,         0,      1107,     41571,     46826,     18656,     21886
       243,     43243, 25.460153,      12.3,         0,     40913,      4682,      9531,       652,    503235,     57590,    117236,      8015,      -795,     -5182,     -5977,     -9777,    -63739,    -73516,     18448,      1112,      3639,       198,         0,         0,         0,         0,      -279,     -3207,     -3487,         0,         0,         0,         0,      4682,         0,      1112,     41708,     46890,     18727,     21934
       244,     43244, 10.588014,         0,         0,     42459,      4621,      8897,       543,         0,         0,         0,         0,      -797,     -4304,     -5101,         0,         0,         0,     19122,      1096,      3446,       193,         0,         0,         0,         0,      -291,     -2856,     -3147,         0,         0,         0,         0,      4621,         0,      1096,     43257,     47560,     19413,     22269
       245,     43245, 21.466963,         0,         0,     41543,      4208,     10887,      1044,         0,         0,         0,         0,      -795,     -4903,     -5697,         0,         0,         0,     18759,      1027,      4024,       277,         0,         0,         0,         0,      -278,     -3053,     -3332,         0,         0,         0,         0,      4208,         0,      1027,     42338,     47241,     19037,     22091
       246,     43246, 10.977752,      52.1,         0,     40993,      4615,      9859,       931,   2135734,    240459,    513661,     48530,      -795,     -5234,     -6028,    -41400,   -272681,   -314081,     18487,      1114,      3737,       176,         0,         0,         0,         0,      -279,     -3228,     -3507,         0,         0,         0,         0,      4615,         0,      1114,     41788,     47021,     18766,     21993
       247,     43247,  7.416598,      75.7,         0,     40482,      4632,     10197,      1066,   3064450,    350613,    771935,     80726,      -808,     -5673,     -6481,    -61152,   -429451,   -490603,     18231,      1098,      3833,       202,         0,         0,         0,         0,      -285,     -3427,     -3712,         0,         0,         0,         0,      4632,         0,      1098,     41289,     46962,     18515,     21943
       248,     43248,  6.095071,       4.7,         0,     40399,      4620,     10542,      1184,    189874,     21713,     49547,      5565,      -795,     -5939,     -6733,     -3735,    -27911,    -31647,     18189,      1095,      3931,       262,         0,         0,         0,         0,      -278,     -3552,     -3830,         0,         0,         0,         0,      4620,         0,      1095,     41194,     47132,     18468,     22020
       249,     43249, 12.415642,       4.7,         0,     40607,      4574,     10058,      1160,    190851,     21500,     47271,      5450,      -833,     -5653,     -6486,     -3914,    -26571,    -30484,     18293,      1103,      3797,       196,         0,         0,         0,         0,      -298,     -3427,     -3725,         0,         0,         0,         0,      4574,         0,      1103,     41439,     47093,     18591,     22018
       250,     43250, 27.122640,         0,         0,     41492,      4206,      9368,      1089,         0,         0,         0,         0,      -833,     -4871,     -5704,         0,         0,         0,     18737,      1026,      3604,       150,         0,         0,         0,         0,      -296,     -3077,     -3373,         0,         0,         0,         0,      4206,         0,      1026,     42325,     47196,     19033,     22110
       251,     43251,187.581312,         0,         0,     36828,      6466,     13982,       142,         0,         0,         0,         0,      -632,     -8168,     -8800,         0,         0,         0,     15917,      1888,      5193,       147,         0,         0,         0,         0,      -203,     -4920,     -5123,         0,         0,         0,         0,      6466,         0,      1888,     37460,     45627,     16120,     21040
       252,     43252, 27.311737,         0,     158.8,     43030,      4339,     11950,      1274,         0,         0,         0,         0,      -681,     -4237,     -4918,         0,         0,         0,     19591,       943,      4305,       316,   3111000,    149768,    683634,     50173,      -218,     -2704,     -2922,    -34602,   -429426,   -464028,         0,      4339,         0,       943,     43711,     47947,     19809,     22513
       253,     43253, 16.877844,         0,         0,     41546,      4360,     11063,      1266,         0,         0,         0,         0,      -732,     -4846,     -5579,         0,         0,         0,     18850,       948,      4074,       288,         0,         0,         0,         0,      -227,     -2980,     -3207,         0,         0,         0,         0,      4360,         0,       948,     42279,     47125,     19077,     22057
       254,     43254,  9.707361,         0,     183.4,     40925,      4305,     10180,      1231,         0,         0,         0,         0,      -833,     -5285,     -6117,         0,         0,         0,     18444,       995,      3840,       197,   3382540,    182437,    704316,     36148,      -298,     -3229,     -3526,    -54562,   -592134,   -646696,         0,      4305,         0,       995,     41758,     47043,     18741,     21970
       255,     43255,  5.318840,         0,     140.5,     40592,      4270,      9738,      1209,         0,         0,         0,         0,      -843,     -5521,     -6364,         0,         0,         0,     18278,       986,      3724,       137,   2568060,    138515,    523160,     19217,      -303,     -3346,     -3649,    -42589,   -470079,   -512668,         0,      4270,         0,       986,     41435,     46956,     18581,     21927
       256,     43256, 14.091406,         0,      75.8,     39874,      4208,     10048,      1182,         0,         0,         0,         0,      -844,     -6187,     -7031,         0,         0,         0,     17917,      1027,      3817,       127,   1358122,     77831,    289327,      9652,      -303,     -3643,     -3946,    -22990,   -276153,   -299143,         0,      4208,         0,      1027,     40718,     46905,     18220,     21864
       257,     43257,143.845174,         0,         0,     42505,      4282,     10921,       918,         0,         0,         0,         0,      -716,     -4801,     -5517,         0,         0,         0,     19279,       987,      4064,        85,         0,         0,         0,         0,      -218,     -3063,     -3281,         0,         0,         0,         0,      4282,         0,       987,     43222,     48022,     19498,     22560
       258,     43258,274.662363,         0,         0,     43260,      6976,     12424,         0,         0,         0,         0,         0,      -670,     -4073,     -4744,         0,         0,         0,     19605,      1757,      4378,         0,         0,         0,         0,         0,      -204,     -2733,     -2937,         0,         0,         0,         0,      6976,         0,      1757,     43930,     48004,     19809,     22542
       259,     43259, 99.783355,         0,     179.9,     44034,      4057,     12875,       838,         0,         0,         0,         0,      -656,     -3896,     -4553,         0,         0,         0,     20000,      1099,      4348,         1,   3598032,    197687,    782137,       240,      -208,     -2707,     -2915,    -37506,   -486956,   -524462,         0,      4057,         0,      1099,     44690,     48586,     20209,     22915
       260,     43260,890.295836,         0,         0,     37816,         0,      7997,         6,         0,         0,         0,         0,     -1046,     -9563,    -10609,         0,         0,         0,     17158,         0,      2906,         0,         0,         0,         0,         0,      -354,     -5300,     -5654,         0,         0,         0,         0,         0,         0,         0,     38862,     48426,     17512,     22813
       261,     43261, 23.788433,     327.5,      39.8,     39665,     11791,     15516,      1264,  12990226,   3861645,   5081539,    414026,      -610,     -6219,     -6829,   -199901,  -2036698,  -2236599,     17463,      2700,      5955,       522,    695045,    107443,    237026,     20764,      -199,     -3912,     -4111,     -7915,   -155709,   -163624,     11791,      5215,      2700,      1598,     40275,     46494,     17662,     21575
       262,     43262, 49.529584,         0,     145.8,     39347,      8494,     15801,       252,         0,         0,         0,         0,      -597,     -6308,     -6905,         0,         0,         0,     17248,      1785,      5843,       456,   2514799,    260204,    851917,     66473,      -193,     -3902,     -4095,    -28139,   -568911,   -597050,      8494,      5261,      1785,      1596,     39944,     46252,     17441,     21343
       263,     43263, 11.564121,         0,         0,     39570,      6195,     12982,      1019,         0,         0,         0,         0,      -536,     -4649,     -5185,         0,         0,         0,     17508,      1637,      5703,       228,         0,         0,         0,         0,      -144,     -3248,     -3392,         0,         0,         0,         0,      6195,         0,      1637,     40106,     44755,     17652,     20900
       264,     43264, 78.911158,      36.9,      89.4,     34163,      7773,      7611,       239,   1260614,    286832,    280830,      8826,      -747,     -7777,     -8524,    -27571,   -286970,   -314542,     15199,      2281,      4051,       258,   1358749,    203915,    362137,     23105,      -221,     -4504,     -4725,    -19724,   -402673,   -422397,      7773,      4104,      2281,       847,     34910,     42687,     15419,     19923
       265,     43265,135.394524,         0,      82.7,     35506,      6323,      8271,       682,         0,         0,         0,         0,      -739,     -6709,     -7449,         0,         0,         0,     15814,      2147,      4293,       523,   1307849,    177597,    355045,     43216,      -220,     -4082,     -4303,    -18233,   -337590,   -355823,      5934,      6323,      2147,      1480,     36246,     42955,     16035,     20117
       266,     43266, 95.605831,     231.0,     131.1,     37648,      9277,      9247,      1002,   8696679,   2142950,   2136148,    231530,      -694,     -5492,     -6186,   -160404,  -1268617,  -1429021,     16846,      2613,      4569,       488,   2208540,    342571,    598978,     63953,      -214,     -3543,     -3757,    -28104,   -464473,   -492577,      9277,      5721,      2613,      1876,     38342,     43834,     17061,     20603
       267,     43267, 26.615670,         0,     465.1,     38097,     10201,      9837,      1246,         0,         0,         0,         0,      -694,     -5463,     -6158,         0,         0,         0,     17070,      3156,      4748,       613,   7939408,   1467735,   2208518,    284991,      -213,     -3544,     -3757,    -99170,  -1648396,  -1747565,     10201,      5226,      3156,      1900,     38792,     44255,     17284,     20828
       268,     43268, 57.161785,     213.0,      79.6,     37861,     10955,     10675,      1533,   8064482,   2333418,   2273763,    326525,      -735,     -5699,     -6434,   -156604,  -1213853,  -1370457,     16810,      3341,      4984,       704,   1338097,    265906,    396730,     56061,      -213,     -3856,     -4069,    -16941,   -306950,   -323891,     10955,      5320,      3341,      1935,     38597,     44295,     17023,     20879
       269,     43269, 33.707777,      54.0,      17.1,     36857,      9054,     11231,      1226,   1990292,    488921,    606473,     66203,      -787,     -6485,     -7271,    -42476,   -350165,   -392641,     16193,      3154,      5132,       698,    276898,     53936,     87754,     11928,      -236,     -4291,     -4527,     -4040,    -73374,    -77414,      9054,      5308,      3154,      2045,     37644,     44128,     16429,     20720
       270,     43270, 17.882888,      81.4,      32.3,     36808,     11011,     11517,      1423,   2996144,    896295,    937504,    115820,      -789,     -6636,     -7425,    -64213,   -540190,   -604403,     16168,      3548,      5212,       583,    522236,    114599,    168354,     18815,      -237,     -4373,     -4610,     -7651,   -141249,   -148900,     11011,      5302,      3548,      2042,     37597,     44233,     16405,     20778
       271,     43271, 13.388322,      10.4,         0,     37901,     11798,     11620,      1403,    394172,    122701,    120845,     14593,      -726,     -6030,     -6756,     -7555,    -62710,    -70265,     16716,      3798,      5242,       546,         0,         0,         0,         0,      -212,     -4113,     -4325,         0,         0,         0,     11798,      5430,      3798,      2099,     38628,     44657,     16927,     21040
       272,     43272, 33.869037,     141.0,      11.4,     37660,     11312,     12086,      1086,   5310030,   1594963,   1704067,    153179,      -739,     -6313,     -7053,   -104225,   -890180,   -994405,     16501,      3612,      5364,       489,    188107,     41176,     61150,      5578,      -209,     -4335,     -4544,     -2386,    -49415,    -51801,     11312,      5498,      3612,      2111,     38399,     44712,     16710,     21045
       273,     43273, 75.770917,         0,     163.7,     37902,     12088,     12499,       900,         0,         0,         0,         0,      -834,     -5373,     -6207,         0,         0,         0,     16566,      3825,      5480,       395,   2711888,    626139,    897028,     64664,      -288,     -3654,     -3941,    -47077,   -598139,   -645215,     12088,      5597,      3825,      2154,     38737,     44109,     16854,     20508
       274,     43274, 55.469185,         0,         0,     38336,     15114,     15770,      2195,         0,         0,         0,         0,     -1098,     -6576,     -7674,         0,         0,         0,     15339,      3672,      4879,       333,         0,         0,         0,         0,      -602,     -4998,     -5599,         0,         0,         0,     15114,       894,      3672,       166,     39434,     46010,     15940,     20938
       275,     43275, 21.871724,      44.5,      45.5,     40258,     16814,     16585,      1977,   1791479,    748207,    738055,     87956,      -897,     -5928,     -6825,    -39909,   -263818,   -303727,     16379,      4119,      4967,       266,    745251,    187395,    226020,     12101,      -571,     -4682,     -5253,    -25981,   -213052,   -239033,     16814,       907,      4119,       168,     41155,     47083,     16950,     21633
       276,     43276, 53.702442,     130.6,       8.9,     40813,     15686,     16580,      1195,   5330127,   2048530,   2165379,    156107,      -662,     -5784,     -6446,    -86440,   -755362,   -841802,     17139,      4103,      5810,       729,    152541,     36517,     51706,      6484,      -340,     -4473,     -4814,     -3030,    -39812,    -42841,     15686,      3771,      4103,      1177,     41474,     47258,     17480,     21953
       277,     43277, 22.651013,      49.2,      23.3,     41415,     13287,     21266,       328,   2037597,    653730,   1046305,     16161,      -727,     -5968,     -6695,    -35775,   -293616,   -329391,     17054,      2918,      5729,       599,    397369,     67989,    133487,     13947,      -462,     -4900,     -5362,    -10753,   -114174,   -124927,     13287,      2419,      2918,       508,     42142,     48110,     17516,     22416
       278,     43278, 73.337084,     163.8,      47.6,     41961,     14779,     20772,       941,   6873247,   2420731,   3402469,    154113,      -612,     -5606,     -6219,   -100295,   -918339,  -1018634,     17574,      3090,      5516,       765,    836505,    147088,    262564,     36423,      -385,     -4481,     -4866,    -18324,   -213305,   -231629,     14779,      3090,      3090,       794,     42574,     48180,     17959,     22440
       300,     51001,542.848881,     225.4,       6.5,     40983,      3723,      4720,        69,   9237659,    839161,   1063975,     15483,     -1059,     -6733,     -7793,   -238733,  -1517726,  -1756458,     18625,       646,      1906,       363,    121060,      4200,     12391,      2359,      -374,     -4281,     -4655,     -2430,    -27828,    -30259,         0,      3723,         0,       646,     42043,     48776,     18999,     23280
       301,     51002,180.441731,     180.7,      81.7,     41920,      4590,      7096,        87,   7574911,    829375,   1282175,     15657,      -933,     -6315,     -7248,   -168665,  -1141048,  -1309713,     19026,       962,      2425,       352,   1554455,     78558,    198153,     28782,      -351,     -4095,     -4446,    -28665,   -334582,   -363247,         0,      4590,         0,       962,     42853,     49168,     19377,     23472
       302,     51003,1076.94370,     147.7,      28.8,     37097,      4713,      1196,        29,   5479258,    696091,    176679,      4254,     -1079,     -9867,    -10947,   -159412,  -1457387,  -1616800,     16784,       969,      1174,       148,    483367,     27909,     33809,      4254,      -381,     -5907,     -6288,    -10961,   -170133,   -181095,         0,      4713,         0,       969,     38177,     48044,     17164,     23072
       303,     51004, 21.876469,     176.8,      14.5,     39587,      8424,      3782,        15,   6998937,   1489336,    668672,      2564,     -1078,     -8435,     -9513,   -190529,  -1491372,  -1681900,     18007,      1627,      1709,       177,    261104,     23588,     24776,      2564,      -381,     -5164,     -5544,     -5520,    -74873,    -80393,      8424,      6491,      1627,      1164,     40664,     49100,     18388,     23552
       304,     51005, 92.253578,         0,         0,     40291,      7416,      4882,        25,         0,         0,         0,         0,     -1075,     -7730,     -8805,         0,         0,         0,     18325,      1407,      1932,       199,         0,         0,         0,         0,      -379,     -4822,     -5201,         0,         0,         0,      7416,      6467,      1407,      1146,     41365,     49096,     18704,     23526
       305,     51006, 63.410203,         0,         0,     38355,      4389,      7135,        12,         0,         0,         0,         0,     -1076,     -9569,    -10646,         0,         0,         0,     17376,       880,      2400,        59,         0,         0,         0,         0,      -380,     -5631,     -6012,         0,         0,         0,      4141,      4389,       679,       880,     39431,     49001,     17756,     23387
       306,     51007,134.292795,         0,         0,     38306,      6093,      5531,         7,         0,         0,         0,         0,     -1079,     -9667,    -10746,         0,         0,         0,     17329,      1102,      2048,        83,         0,         0,         0,         0,      -381,     -5790,     -6171,         0,         0,         0,      6093,         0,      1102,         0,     39385,     49052,     17710,     23500
       307,     51008,267.449394,         0,         0,     38342,      4566,      3135,         0,         0,         0,         0,         0,     -1082,     -9684,    -10767,         0,         0,         0,     17429,       929,      1550,         0,         0,         0,         0,         0,      -382,     -5837,     -6219,         0,         0,         0,      3595,      4566,       564,       929,     39425,     49109,     17811,     23648
       308,     51009,746.155512,      41.8,         0,     34868,         0,       799,         0,   1457492,         0,     33399,         0,     -1100,    -12254,    -13354,    -45980,   -512197,   -558176,     15857,         0,       970,        42,         0,         0,         0,         0,      -385,     -7106,     -7491,         0,         0,         0,         0,         0,         0,         0,     35968,     48222,     16241,     23347
       309,     51010,702.584977,     112.7,      14.3,     35742,      3976,      1353,        14,   4028149,    448104,    152472,      1612,     -1098,    -12106,    -13204,   -123720,  -1364354,  -1488073,     16277,       705,      1042,       113,    232767,     10076,     14904,      1612,      -386,     -6997,     -7384,     -5524,   -100062,   -105586,         0,      3976,         0,       705,     36840,     48946,     16664,     23661
       310,     51011,3687.38049,      43.7,     549.6,     29940,         0,       987,       550,   1308392,         0,     43112,     24018,     -1097,    -14278,    -15375,    -47932,   -623948,   -671880,     13720,         0,       543,        44,   7540587,         0,    298496,     24018,      -371,     -8311,     -8682,   -204104,  -4567474,  -4771578,         0,         0,         0,         0,     31037,     45315,     14092,     22402
       311,     51012,233.999524,         0,         0,         0,         0,      9078,         0,         0,         0,         0,         0,         0,         0,         0,         0,         0,         0,         0,         0,      2746,         0,         0,         0,         0,         0,         0,         0,         0,         0,         0,         0,         0,         0,         0,         0,         0,         0,         0,         0
       312,     51013,300.352417,         0,         0,         0,         0,     11492,         3,         0,         0,         0,         0,         0,         0,         0,         0,         0,         0,         0,         0,      3096,        15,         0,         0,         0,         0,         0,         0,         0,         0,         0,         0,         0,         0,         0,         0,         0,         0,         0,         0
       313,     51014,701.843407,      83.6,      17.6,     38775,         0,      8564,        18,   3241561,         0,    715967,      1471,      -725,    -10095,    -10820,    -60646,   -843942,   -904588,     18087,         0,      2416,        84,    318331,         0,     42528,      1471,      -213,     -5354,     -5568,     -3751,    -94238,    -97989,         0,         0,         0,         0,     39500,     49595,     18300,     23655
       314,     51015,186.289862,      48.6,      22.1,     41778,         0,      6193,        22,   2030417,         0,    300968,      1074,      -724,     -7295,     -8019,    -35203,   -354522,   -389725,     19583,         0,      1746,        60,    432778,         0,     38585,      1318,      -213,     -4093,     -4306,     -4702,    -90463,    -95165,         0,         0,         0,         0,     42502,     49797,     19795,     23889
       315,     51016,488.933594,      27.2,         0,     41044,         0,      3728,         9,   1116405,         0,    101391,       244,      -725,     -8064,     -8789,    -19729,   -219344,   -239073,     19214,         0,      1221,        47,         0,         0,         0,         0,      -213,     -4563,     -4776,         0,         0,         0,         0,         0,         0,         0,     41770,     49834,     19427,     23990
       316,     51017, 86.474304,         0,         0,     37908,         0,      1564,         0,         0,         0,         0,         0,      -725,    -10592,    -11317,         0,         0,         0,     17661,         0,       838,         0,         0,         0,         0,         0,      -213,     -5887,     -6099,         0,         0,         0,         0,         0,         0,         0,     38633,     49225,     17873,     23760
       317,     51018, 71.676921,       1.9,         0,     35057,      9182,     14384,      1783,     66608,     17446,     27329,      3388,      -724,    -12882,    -13606,     -1376,    -24475,    -25851,     16262,      1415,      3364,        84,         0,         0,         0,         0,      -210,     -6354,     -6563,         0,         0,         0,      9182,         0,      1415,         0,     35781,     48663,     16472,     22826
       318,     51019,546.099683,      15.5,      52.1,     38303,         0,     11685,        52,    593702,         0,    181118,       808,      -724,    -10222,    -10946,    -11219,   -158445,   -169664,     17857,         0,      2795,        16,    930365,         0,    145612,       830,      -210,     -5256,     -5466,    -10928,   -273859,   -284787,         0,         0,         0,         0,     39027,     49249,     18067,     23323
       319,     51020,484.430610,       2.9,         0,     37746,         0,      9499,         0,    109464,         0,     27548,         0,      -724,    -11022,    -11746,     -2100,    -31963,    -34063,     17584,         0,      1863,         3,         0,         0,         0,         0,      -210,     -5731,     -5941,         0,         0,         0,         0,         0,         0,         0,     38470,     49492,     17794,     23524
       320,     51021,472.902317,         0,         0,     39053,         0,      3753,         0,         0,         0,         0,         0,      -724,     -9588,    -10313,         0,         0,         0,     18226,         0,       935,         0,         0,         0,         0,         0,      -210,     -5255,     -5465,         0,         0,         0,         0,         0,         0,         0,     39778,     49366,     18436,     23692
       321,     51022,2445.72430,         0,         0,     14614,         0,      1585,         0,         0,         0,         0,         0,      -590,    -28557,    -29147,         0,         0,         0,      6855,         0,      1055,         0,         0,         0,         0,         0,      -275,    -13734,    -14009,         0,         0,         0,         0,         0,         0,         0,     15203,     43760,      7130,     20864
       322,     51023,711.768783,       8.7,      10.2,     38728,         0,      4504,        14,    336931,         0,     39186,       118,      -729,     -8989,     -9718,     -6339,    -78207,    -84546,     19155,         0,      3082,        11,    195386,         0,     31436,       112,      -206,     -3925,     -4131,     -2100,    -40034,    -42134,         0,         0,         0,         0,     39456,     48446,     19361,     23286
       323,     51024,144.306023,         0,         0,     27311,         0,      1418,         0,         0,         0,         0,         0,      -738,    -18995,    -19733,         0,         0,         0,     14444,         0,       583,         0,         0,         0,         0,         0,      -212,     -8253,     -8465,         0,         0,         0,         0,         0,         0,         0,     28049,     47044,     14656,     22909
       324,     51025,207.407340,         0,         0,     29181,         0,       953,         0,         0,         0,         0,         0,      -739,    -18478,    -19217,         0,         0,         0,     15169,         0,       348,         0,         0,         0,         0,         0,      -212,     -8070,     -8283,         0,         0,         0,         0,         0,         0,         0,     29920,     48398,     15382,     23452
       325,     51026,189.411721,         0,         0,     31093,         0,      1315,         0,         0,         0,         0,         0,      -738,    -16242,    -16980,         0,         0,         0,     16100,         0,       495,         0,         0,         0,         0,         0,      -212,     -7086,     -7298,         0,         0,         0,         0,         0,         0,         0,     31831,     48072,     16312,     23398
       326,     51027,439.159479,         0,         0,     33687,         0,       636,         0,         0,         0,         0,         0,      -738,    -15181,    -15919,         0,         0,         0,     17067,         0,       379,         0,         0,         0,         0,         0,      -213,     -6689,     -6902,         0,         0,         0,         0,         0,         0,         0,     34425,     49606,     17280,     23969
       327,     51028,268.966953,         0,         0,     34136,         0,       571,         0,         0,         0,         0,         0,      -739,    -14807,    -15546,         0,         0,         0,     17241,         0,       449,         0,         0,         0,         0,         0,      -213,     -6529,     -6742,         0,         0,         0,         0,         0,         0,         0,     34875,     49682,     17454,     23984
       328,     51029,403.635931,         0,         0,     28827,         0,       874,         0,         0,         0,         0,         0,      -740,    -18710,    -19450,         0,         0,         0,     14955,         0,       338,         0,         0,         0,         0,         0,      -213,     -8256,     -8468,         0,         0,         0,         0,         0,         0,         0,     29567,     48277,     15168,     23424
       329,     51030,882.757580,      87.4,      29.5,     36050,         0,       835,        30,   3150813,         0,     72977,      2578,      -736,    -13035,    -13771,    -64301,  -1139294,  -1203596,     18038,         0,       654,        87,    532119,         0,     19293,      2578,      -213,     -5711,     -5924,     -6271,   -168481,   -174752,         0,         0,         0,         0,     36786,     49822,     18251,     23962
       330,     51031,826.571978,         0,         0,     15021,         0,      1082,         0,         0,         0,         0,         0,      -710,    -24931,    -25642,         0,         0,         0,      8269,         0,       393,         0,         0,         0,         0,         0,      -203,    -11631,    -11835,         0,         0,         0,         0,         0,         0,         0,     15732,     40663,      8473,     20104
       331,     51032,579.302245,       1.9,         0,     31761,         0,       764,         0,     60346,         0,      1451,         0,      -739,    -16368,    -17106,     -1404,    -31098,    -32502,     16186,         0,       493,         2,         0,         0,         0,         0,      -213,     -7261,     -7474,         0,         0,         0,         0,         0,         0,         0,     32500,     48867,     16399,     23660
       332,     51033,955.131816,         0,         0,     19511,         0,       908,         0,         0,         0,         0,         0,      -736,    -23988,    -24724,         0,         0,         0,     10453,         0,       338,         0,         0,         0,         0,         0,      -211,    -10927,    -11138,         0,         0,         0,         0,         0,         0,         0,     20247,     44235,     10664,     21590
       333,     51034,564.718367,         0,         0,     21737,         0,      1134,         0,         0,         0,         0,         0,      -734,    -23645,    -24378,         0,         0,         0,     11311,         0,       944,         0,         0,         0,         0,         0,      -208,    -10347,    -10555,         0,         0,         0,         0,         0,         0,         0,     22471,     46115,     11519,     21866
       334,     51035,758.294186,         0,         0,     12256,         0,      1031,         0,         0,         0,         0,         0,      -686,    -28763,    -29449,         0,         0,         0,      6990,         0,       640,         0,         0,         0,         0,         0,      -186,    -12990,    -13176,         0,         0,         0,         0,         0,         0,         0,     12941,     41704,      7176,     20166
       335,     51036,855.974154,         0,         0,      8251,         0,       779,         0,         0,         0,         0,         0,      -433,    -28578,    -29012,         0,         0,         0,      5342,         0,       324,         0,         0,         0,         0,         0,      -115,    -13238,    -13353,         0,         0,         0,         0,         0,         0,         0,      8684,     37263,      5457,     18695
       336,     51037,1316.41712,       3.9,         0,      8904,         0,      1784,         0,     34725,         0,      6957,         0,      -484,    -29210,    -29694,     -1888,   -113919,   -115806,      5490,         0,      1284,         4,         0,         0,         0,         0,      -122,    -12960,    -13082,         0,         0,         0,         0,         0,         0,         0,      9388,     38598,      5612,     18572
       337,     51038,939.975581,         0,         0,     33890,         0,      6596,         0,         0,         0,         0,         0,      -879,    -11456,    -12334,         0,         0,         0,     17082,         0,      4083,       150,         0,         0,         0,         0,      -281,     -5219,     -5499,         0,         0,         0,         0,         0,         0,         0,     34768,     46224,     17363,     22582
       338,     51039,1393.63434,         0,         0,     20313,         0,      2107,         0,         0,         0,         0,         0,     -1081,    -20926,    -22006,         0,         0,         0,     11186,         0,      1691,         0,         0,         0,         0,         0,      -367,     -9523,     -9890,         0,         0,         0,         0,         0,         0,         0,     21393,     42319,     11553,     21076
       339,     51040,2207.84557,       1.9,         0,      7353,         0,       617,         0,     13970,         0,      1173,         0,      -138,    -25259,    -25397,      -263,    -47991,    -48254,      5025,         0,       594,         2,         0,         0,         0,         0,       -77,    -11293,    -11370,         0,         0,         0,         0,         0,         0,         0,      7491,     32750,      5102,     16394
       340,     51041,2208.69268,       8.7,     565.1,     22047,         0,      1552,       565,    191805,         0,     13506,      4916,      -858,    -19212,    -20070,     -7465,   -167140,   -174605,     12114,         0,       947,         9,   6845670,         0,    534925,      4916,      -238,     -8922,     -9161,   -134680,  -5042013,  -5176693,         0,         0,         0,         0,     22905,     42116,     12352,     21275
       341,     51042,7221.17466,      36.9,         0,      7219,         0,       481,         0,    266392,         0,     17735,         0,      -347,    -26601,    -26948,    -12821,   -981568,   -994389,      4901,         0,       378,        37,         0,         0,         0,         0,       -96,    -12809,    -12905,         0,         0,         0,         0,         0,         0,         0,      7567,     34167,      4997,     17806
       342,     51043,3703.92834,      12.6,      11.6,      7453,         0,        32,        12,     93906,         0,       405,       146,      -718,    -20550,    -21268,     -9045,   -258926,   -267971,      4951,         0,       156,        13,     57435,         0,      1811,       146,      -174,    -10340,    -10513,     -2017,   -119940,   -121956,         0,         0,         0,         0,      8171,     28720,      5125,     15465
       343,     51044,228.302944,       3.9,         0,     23467,         0,      1787,       121,     91519,         0,      6971,       471,      -991,    -21179,    -22170,     -3866,    -82598,    -86465,     12093,         0,      1775,         4,         0,         0,         0,         0,      -377,     -8925,     -9302,         0,         0,         0,         0,         0,         0,         0,     24458,     45637,     12471,     21396
       344,     51045,212.642427,       6.8,         0,     37955,         0,      6765,         2,    258096,         0,     46002,        12,      -734,     -8947,     -9681,     -4990,    -60839,    -65830,     18838,         0,      4304,        10,         0,         0,         0,         0,      -208,     -3896,     -4104,         0,         0,         0,         0,         0,         0,         0,     38689,     47636,     19046,     22942
       345,     51046,419.883679,         0,     128.6,     27548,         0,      2151,       129,         0,         0,         0,         0,     -1024,    -17587,    -18612,         0,         0,         0,     14097,         0,      2032,         8,   1812831,         0,    261338,      1079,      -385,     -7282,     -7667,    -49464,   -936499,   -985962,         0,         0,         0,         0,     28572,     46160,     14481,     21764
       346,     51047, 93.259176,      56.4,      14.1,     26914,         0,      3979,        53,   1517941,         0,    224420,      2979,     -1005,    -18332,    -19337,    -56700,  -1033899,  -1090599,     13774,         0,      2876,       200,    194211,         0,     40554,      2824,      -385,     -7847,     -8233,     -5433,   -110649,   -116082,         0,         0,         0,         0,     27919,     46251,     14159,     22007
       347,     51048, 77.368382,      16.5,      23.1,     26324,         0,      4709,        78,    434350,         0,     77699,      1284,     -1007,    -18526,    -19533,    -16615,   -305678,   -322293,     13500,         0,      3238,       344,    311840,         0,     74792,      7943,      -386,     -7992,     -8378,     -8913,   -184626,   -193539,         0,         0,         0,         0,     27331,     45857,     13885,     21878
       348,     51049,349.617318,     189.5,      32.3,     34387,         0,      6737,        83,   6516312,         0,   1276721,     15799,      -810,    -11463,    -12273,   -153555,  -2172167,  -2325722,     17211,         0,      4284,       293,    555915,         0,    138374,      9456,      -247,     -4881,     -5127,     -7968,   -157645,   -165613,         0,         0,         0,         0,     35197,     46660,     17458,     22338
       349,     51050, 99.330031,      30.1,       1.3,     30011,         0,      3884,       313,    903341,         0,    116903,      9432,     -1024,    -14983,    -16007,    -30823,   -451001,   -481824,     15245,         0,      2810,       313,     19818,         0,      3653,       407,      -383,     -6259,     -6642,      -498,     -8136,     -8635,         0,         0,         0,         0,     31035,     46019,     15628,     21887
       350,     51051,106.092975,      55.4,         0,     31506,         0,      4761,       106,   1745407,         0,    263735,      5897,      -902,    -13705,    -14607,    -49997,   -759245,   -809242,     15939,         0,      3239,       340,         0,         0,         0,         0,      -322,     -5718,     -6040,         0,         0,         0,         0,         0,         0,         0,     32408,     46113,     16261,     21979
       351,     51052,146.815785,     169.1,      32.7,     32364,         0,      5706,       104,   5472775,         0,    964815,     17596,      -885,    -12925,    -13810,   -149668,  -2185554,  -2335222,     16334,         0,      3740,       424,    534125,         0,    122305,     13860,      -319,     -5423,     -5743,    -10446,   -177346,   -187792,         0,         0,         0,         0,     33249,     46174,     16654,     22077
       352,     51053,175.250641,       7.8,       3.6,     25558,         0,      1775,         4,    199350,         0,     13846,        28,     -1026,    -17541,    -18567,     -8006,   -136820,   -144826,     13160,         0,      1770,         8,     47375,         0,      6372,        28,      -388,     -7231,     -7619,     -1397,    -26031,    -27427,         0,         0,         0,         0,     26584,     44125,     13548,     20778
       353,     51054,182.309855,     196.3,     302.8,     29720,         0,      3162,       384,   5833985,         0,    620612,     75405,     -1022,    -14642,    -15664,   -200671,  -2874253,  -3074925,     15112,         0,      2485,       304,   4575910,         0,    752391,     91918,      -383,     -6052,     -6435,   -115911,  -1832551,  -1948461,         0,         0,         0,         0,     30742,     45384,     15495,     21547
       354,     51055,257.854034,      10.7,      50.8,     35224,         0,      8490,        76,    376898,         0,     90845,       811,      -849,     -9917,    -10766,     -9087,   -106115,   -115201,     17657,         0,      5189,       133,    896999,         0,    263615,      6738,      -290,     -4187,     -4476,    -14717,   -212687,   -227404,         0,         0,         0,         0,     36073,     45991,     17947,     22134
       355,     51056,179.322392,      61.2,      25.3,     33587,         0,      6985,       206,   2055548,         0,    427502,     12627,      -853,    -11062,    -11915,    -52200,   -676995,   -729195,     16932,         0,      4389,       374,    428374,         0,    111034,      9455,      -306,     -4626,     -4932,     -7732,   -117043,   -124775,         0,         0,         0,         0,     34440,     45502,     17237,     21864
       356,     51057,274.318532,     127.3,     298.5,     30215,         0,      5075,       492,   3846373,         0,    645994,     62570,      -963,    -13444,    -14408,   -122648,  -1711431,  -1834079,     15454,         0,      3367,       404,   4613085,         0,   1005098,    120578,      -365,     -5540,     -5905,   -109081,  -1653600,  -1762681,         0,         0,         0,         0,     31178,     44623,     15820,     21359
       357,     51058,207.411981,     102.0,      82.3,     31485,         0,      6175,       579,   3211437,         0,    629870,     59015,      -925,    -12299,    -13224,    -94328,  -1254474,  -1348801,     16056,         0,      3944,       433,   1321420,         0,    324625,     35622,      -343,     -5069,     -5412,    -28222,   -417212,   -445434,         0,         0,         0,         0,     32409,     44708,     16399,     21468
       358,     51059,220.877576,     128.3,      11.2,     27955,         0,      3863,       340,   3586566,         0,    495661,     43619,     -1003,    -15058,    -16061,   -128683,  -1931959,  -2060642,     14477,         0,      2752,       334,    162146,         0,     30823,      3746,      -387,     -6143,     -6530,     -4335,    -68798,    -73133,         0,         0,         0,         0,     28958,     44016,     14864,     21007
       359,     51060,180.085652,       7.8,         0,     32936,         0,      9086,       261,    256899,         0,     70873,      2039,      -815,    -10757,    -11572,     -6353,    -83907,    -90260,     16768,         0,      5463,       268,         0,         0,         0,         0,      -280,     -4450,     -4730,         0,         0,         0,         0,         0,         0,         0,     33750,     44508,     17048,     21498
       360,     51061,138.969843,      44.7,       2.9,     26516,         0,      2869,        13,   1185268,         0,    128229,       566,     -1033,    -15656,    -16689,    -46156,   -699841,   -745997,     13809,         0,      2344,       157,     40047,         0,      6797,       454,      -391,     -6366,     -6757,     -1135,    -18461,    -19596,         0,         0,         0,         0,     27549,     43205,     14200,     20566
       361,     51062,206.878310,     127.3,     120.8,     32428,         0,      7802,       716,   4128026,         0,    993206,     91183,      -811,    -11118,    -11929,   -103262,  -1415305,  -1518567,     16579,         0,      4779,       462,   2002770,         0,    577318,     55786,      -277,     -4514,     -4790,    -33408,   -545256,   -578664,         0,         0,         0,         0,     33239,     44357,     16856,     21369
       362,     51063, 37.103321,      15.5,     123.5,     30794,         0,      7012,       863,    477302,         0,    108684,     13382,      -836,    -12056,    -12892,    -12951,   -186872,   -199824,     15896,         0,      4346,       508,   1963131,         0,    536768,     62698,      -296,     -4896,     -5193,    -36587,   -604695,   -641282,         0,         0,         0,         0,     31629,     43686,     16192,     21088
       363,     51064, 39.521744,      75.8,      20.1,     29865,         0,      6414,       659,   2263790,         0,    486171,     49959,      -968,    -12809,    -13777,    -73354,   -970941,  -1044295,     15429,         0,      4021,       411,    310117,         0,     80831,      8271,      -367,     -5243,     -5610,     -7378,   -105391,   -112769,         0,         0,         0,         0,     30833,     43642,     15796,     21039
       364,     51065, 32.967345,      13.6,      20.3,     31749,         0,      9066,       747,    431789,         0,    123291,     10154,      -764,    -11099,    -11864,    -10396,   -150950,   -161346,     16341,         0,      5420,       546,    331731,         0,    110025,     11078,      -268,     -4519,     -4787,     -5446,    -91735,    -97180,         0,         0,         0,         0,     32514,     43613,     16610,     21129
       365,     51066, 43.285079,      14.6,      64.4,     30957,         0,      9926,       320,    451972,         0,    144917,      4675,      -886,    -11709,    -12596,    -12942,   -170957,   -183899,     16079,         0,      5874,       349,   1035457,         0,    378293,     22485,      -299,     -4761,     -5059,    -19238,   -306580,   -325819,         0,         0,         0,         0,     31843,     43553,     16377,     21138
       366,     51067, 40.883448,       5.8,       2.9,     30808,         0,     10528,       128,    178688,         0,     61061,       743,      -889,    -11580,    -12469,     -5159,    -67164,    -72323,     16010,         0,      6185,       265,     46429,         0,     17936,       769,      -302,     -4737,     -5039,      -875,    -13739,    -14614,         0,         0,         0,         0,     31698,     43278,     16312,     21049
       367,     51068,116.543362,     119.5,     413.4,     31381,         0,      8308,       908,   3750062,         0,    992773,    108458,      -803,    -10979,    -11783,    -95974,  -1312050,  -1408024,     16173,         0,      5001,       590,   6685960,         0,   2067473,    244044,      -286,     -4478,     -4763,   -118104,  -1851024,  -1969129,         0,         0,         0,         0,     32184,     43164,     16459,     20936
       368,     51069, 93.448746,     226.4,      45.6,     30542,         0,      9767,       547,   6914672,         0,   2211219,    123780,      -895,    -11566,    -12462,   -202679,  -2618655,  -2821334,     15886,         0,      5754,       431,    724424,         0,    262384,     19650,      -307,     -4701,     -5008,    -13985,   -214364,   -228349,         0,         0,         0,         0,     31437,     43004,     16193,     20894
       369,     51070,305.884017,      51.5,       8.6,     28619,         0,      5635,       168,   1473890,         0,    290184,      8669,      -985,    -13276,    -14261,    -50716,   -683727,   -734443,     14795,         0,      3573,       181,    127240,         0,     30724,      1561,      -382,     -5496,     -5878,     -3286,    -47261,    -50548,         0,         0,         0,         0,     29604,     42880,     15177,     20673
       370,     51071, 96.491717,      51.5,     112.2,     30182,         0,      7186,       791,   1554353,         0,    370073,     40748,      -847,    -11792,    -12639,    -43629,   -607288,   -650917,     15618,         0,      4383,       439,   1752324,         0,    491763,     49265,      -302,     -4817,     -5119,    -33871,   -540494,   -574365,         0,         0,         0,         0,     31029,     42821,     15920,     20737
       371,     51072, 86.749182,      70.9,      95.2,     30138,         0,      8411,       714,   2136816,         0,    596311,     50636,      -796,    -11563,    -12359,    -56417,   -819819,   -876237,     15649,         0,      5004,       450,   1489797,         0,    476341,     42822,      -260,     -4739,     -4999,    -24750,   -451154,   -475904,         0,         0,         0,         0,     30934,     42497,     15909,     20648
       372,     51073,160.659328,      62.2,       7.0,     28529,         0,      6926,       136,   1774526,         0,    430793,      8474,      -815,    -12524,    -13339,    -50698,   -779003,   -829701,     14926,         0,      4151,       199,    104482,         0,     29057,      1394,      -274,     -5158,     -5432,     -1916,    -36106,    -38022,         0,         0,         0,         0,     29344,     41869,     15200,     20358
       373,     51074,247.509665,      16.5,       8.1,     28571,         0,      8602,       229,    471428,         0,    141934,      3773,      -814,    -12406,    -13220,    -13424,   -204704,   -218128,     14946,         0,      5017,       167,    121062,         0,     40637,      1355,      -273,     -5178,     -5451,     -2212,    -41944,    -44156,         0,         0,         0,         0,     29385,     41791,     15219,     20397
       374,     51075,415.423871,         0,         0,     26829,         0,     10118,        24,         0,         0,         0,         0,      -825,    -13620,    -14445,         0,         0,         0,     14133,         0,      5788,        59,         0,         0,         0,         0,      -277,     -5814,     -6090,         0,         0,         0,         0,         0,         0,         0,     27654,     41274,     14410,     20223
       375,     51076,401.486297,      74.8,         0,     24208,         0,      5082,         6,   1810728,         0,    380141,       450,      -773,    -16629,    -17402,    -57851,  -1243828,  -1301678,     12967,         0,      3143,       110,         0,         0,         0,         0,      -237,     -6967,     -7204,         0,         0,         0,         0,         0,         0,         0,     24981,     41610,     13203,     20170
       376,     51077,150.294086,         0,         0,     21838,         0,      3249,        13,         0,         0,         0,         0,      -777,    -18771,    -19548,         0,         0,         0,     11832,         0,      2300,        38,         0,         0,         0,         0,      -239,     -7920,     -8159,         0,         0,         0,         0,         0,         0,         0,     22615,     41386,     12071,     19991
       377,     51078,103.574048,       8.7,         0,     28392,         0,      6890,        10,    247007,         0,     59940,        89,      -797,    -12156,    -12953,     -6938,   -105755,   -112693,     14889,         0,      4039,       117,         0,         0,         0,         0,      -263,     -5017,     -5280,         0,         0,         0,         0,         0,         0,         0,     29189,     41345,     15152,     20169
       378,     51079,201.766026,         0,         0,     27982,         0,      8148,         7,         0,         0,         0,         0,      -798,    -12111,    -12909,         0,         0,         0,     14696,         0,      4661,        39,         0,         0,         0,         0,      -264,     -5076,     -5339,         0,         0,         0,         0,         0,         0,         0,     28780,     40891,     14959,     20035
       379,     51080,128.103503,      16.5,         0,     27345,         0,      6339,         1,    451196,         0,    104591,        21,      -759,    -12793,    -13552,    -12524,   -211080,   -223604,     14450,         0,      3676,        48,         0,         0,         0,         0,      -231,     -5294,     -5525,         0,         0,         0,         0,         0,         0,         0,     28104,     40897,     14682,     19975
       380,     51081,543.521951,         0,      71.1,     25112,         0,      3534,        71,         0,         0,         0,         0,      -772,    -14344,    -15117,         0,         0,         0,     13395,         0,      2260,         3,    952357,         0,    160697,       202,      -236,     -5940,     -6176,    -16775,   -422348,   -439123,         0,         0,         0,         0,     25885,     40229,     13631,     19571
       381,     51082, 73.495561,       1.0,         0,     27551,         0,      7274,        22,     27551,         0,      7274,        22,      -751,    -12028,    -12778,      -751,    -12028,    -12778,     14581,         0,      4084,        42,         0,         0,         0,         0,      -225,     -4993,     -5218,         0,         0,         0,         0,         0,         0,         0,     28302,     40330,     14806,     19799
       382,     51083, 77.125168,         0,         0,     27478,         0,      6228,         3,         0,         0,         0,         0,      -751,    -12121,    -12872,         0,         0,         0,     14546,         0,      3536,        27,         0,         0,         0,         0,      -225,     -4995,     -5220,         0,         0,         0,         0,         0,         0,         0,     28229,     40350,     14771,     19766
       383,     51084,361.583925,       5.8,      18.2,     38512,         0,      5951,       111,    223370,         0,     34515,       641,      -754,     -8641,     -9395,     -4372,    -50118,    -54490,     19097,         0,      3802,        17,    347557,         0,     69195,       312,      -226,     -3807,     -4032,     -4105,    -69285,    -73390,         0,         0,         0,         0,     39266,     47907,     19322,     23129
       384,     51085,327.431568,       1.9,         0,     35398,         0,      7834,         7,     67256,         0,     14884,        14,      -823,    -10697,    -11520,     -1564,    -20324,    -21889,     17708,         0,      4872,        10,         0,         0,         0,         0,      -255,     -4692,     -4948,         0,         0,         0,         0,         0,         0,         0,     36221,     46918,     17963,     22655
       385,     51086,148.460759,       1.0,         0,     38493,         0,      8091,        36,     38493,         0,      8091,        36,      -785,     -7831,     -8616,      -785,     -7831,     -8616,     19156,         0,      4943,        47,         0,         0,         0,         0,      -233,     -3476,     -3710,         0,         0,         0,         0,         0,         0,         0,     39278,     47109,     19390,     22866
       386,     51087,254.194311,       1.0,         0,     33023,         0,      8949,         0,     33023,         0,      8949,         0,      -863,    -12316,    -13179,      -863,    -12316,    -13179,     16656,         0,      5482,         4,         0,         0,         0,         0,      -275,     -5356,     -5631,         0,         0,         0,         0,         0,         0,         0,     33886,     46202,     16932,     22287
       387,     51088,168.734823,         0,         0,     36089,         0,      9481,         6,         0,         0,         0,         0,      -812,     -9369,    -10181,         0,         0,         0,     18036,         0,      5729,         3,         0,         0,         0,         0,      -253,     -4146,     -4399,         0,         0,         0,         0,         0,         0,         0,     36901,     46270,     18289,     22436
       388,     51089,230.630104,       1.0,         0,     36886,         0,      9517,        54,     36886,         0,      9517,        54,      -831,     -8682,     -9512,      -831,     -8682,     -9512,     18488,         0,      5710,        87,         0,         0,         0,         0,      -258,     -3829,     -4087,         0,         0,         0,         0,         0,         0,         0,     37716,     46398,     18746,     22575
       389,     51090,169.860143,         0,         0,     33224,         0,     10386,         0,         0,         0,         0,         0,      -870,    -11530,    -12401,         0,         0,         0,     16805,         0,      6203,         1,         0,         0,         0,         0,      -282,     -4995,     -5278,         0,         0,         0,         0,         0,         0,         0,     34094,     45625,     17088,     22083
       390,     51091,167.915471,         0,         0,     34688,         0,     10663,        29,         0,         0,         0,         0,      -862,    -10186,    -11048,         0,         0,         0,     17518,         0,      6393,         2,         0,         0,         0,         0,      -273,     -4420,     -4693,         0,         0,         0,         0,         0,         0,         0,     35550,     45736,     17791,     22211
       391,     51092,220.025124,       1.9,      51.8,     36643,         0,     10613,       245,     69622,         0,     20164,       465,      -840,     -8350,     -9189,     -1595,    -15864,    -17459,     18413,         0,      6331,       191,    953806,         0,    327956,      9880,      -263,     -3669,     -3932,    -13619,   -190041,   -203660,         0,         0,         0,         0,     37483,     45832,     18676,     22345
       392,     51093, 97.688323,       1.0,         0,     35963,         0,     11240,       946,     35963,         0,     11240,       946,      -853,     -8331,     -9184,      -853,     -8331,     -9184,     18120,         0,      6693,       538,         0,         0,         0,         0,      -269,     -3660,     -3930,         0,         0,         0,         0,         0,         0,         0,     36816,     45147,     18389,     22049
       393,     51094, 34.286597,         0,         0,     35218,         0,     11323,       475,         0,         0,         0,         0,      -861,     -9134,     -9995,         0,         0,         0,     17768,         0,      6782,       412,         0,         0,         0,         0,      -273,     -3988,     -4261,         0,         0,         0,         0,         0,         0,         0,     36079,     45213,     18041,     22029
       394,     51095,426.629075,       1.0,         0,     28845,         0,     10560,        55,     28845,         0,     10560,        55,     -1467,    -14435,    -15902,     -1467,    -14435,    -15902,     15159,         0,      6249,        26,         0,         0,         0,         0,      -538,     -5962,     -6500,         0,         0,         0,         0,         0,         0,         0,     30312,     44747,     15697,     21659
       395,     51096,137.197218,         0,         0,     32669,         0,     11476,       339,         0,         0,         0,         0,      -897,    -10832,    -11729,         0,         0,         0,     16767,         0,      6869,       222,         0,         0,         0,         0,      -291,     -4568,     -4859,         0,         0,         0,         0,         0,         0,         0,     33566,     44398,     17058,     21626
       396,     51097, 92.180413,     310.9,     279.7,     35655,         0,     11438,      2305,  11085177,         0,   3555961,    716741,      -867,     -8213,     -9080,   -269479,  -2553385,  -2822865,     18048,         0,      6854,       821,   5048102,         0,   1916949,    229528,      -275,     -3557,     -3832,    -76937,   -994828,  -1071764,         0,         0,         0,         0,     36522,     44735,     18323,     21880
       397,     51098, 21.557171,       1.9,         0,     33445,         0,     11563,      1043,     63546,         0,     21970,      1982,      -894,    -10048,    -10942,     -1698,    -19092,    -20789,     17128,         0,      6942,       612,         0,         0,         0,         0,      -286,     -4254,     -4540,         0,         0,         0,         0,         0,         0,         0,     34339,     44387,     17415,     21668
       398,     51099,283.480838,         0,         0,     30240,         0,     11420,        32,         0,         0,         0,         0,     -1322,    -12857,    -14179,         0,         0,         0,     15797,         0,      6741,         5,         0,         0,         0,         0,      -462,     -5325,     -5787,         0,         0,         0,         0,         0,         0,         0,     31562,     44419,     16259,     21584
       399,     51100, 40.581352,     103.0,      15.2,     33940,         0,     11661,      2883,   3495778,         0,   1201047,    296992,      -889,     -9261,    -10150,    -91577,   -953874,  -1045451,     17356,         0,      7006,       942,    263815,         0,    106494,     14319,      -283,     -3938,     -4221,     -4298,    -59864,    -64162,         0,         0,         0,         0,     34829,     44090,     17639,     21577
       400,     51101, 31.416181,      86.5,      13.8,     35041,         0,     11597,      3468,   3031065,         0,   1003141,    300015,      -890,     -8389,     -9278,    -76946,   -725616,   -802562,     17811,         0,      6951,      1159,    245787,         0,     95927,     16000,      -282,     -3617,     -3898,     -3890,    -49909,    -53799,         0,         0,         0,         0,     35931,     44319,     18093,     21709
       401,     51102, 15.753791,      16.5,     101.1,     34365,         0,     11538,      3516,    567025,         0,    190381,     58014,      -913,     -8286,     -9199,    -15071,   -136719,   -151790,     17488,         0,      6907,      1266,   1768067,         0,    698277,    128004,      -297,     -3599,     -3897,    -30064,   -363893,   -393957,         0,         0,         0,         0,     35279,     43565,     17786,     21385
       402,     51103, 56.800698,      10.7,     267.4,     33984,         0,     11760,      1996,    363627,         0,    125835,     21362,      -886,     -9142,    -10028,     -9475,    -97820,   -107295,     17393,         0,      7077,       713,   4650989,         0,   1892262,    190641,      -276,     -3855,     -4131,    -73762,  -1030802,  -1104564,         0,         0,         0,         0,     34869,     44011,     17669,     21524
       403,     51104,146.811041,       1.9,         0,     31903,         0,     11795,       588,     60615,         0,     22411,      1118,     -1197,    -10803,    -12000,     -2274,    -20526,    -22800,     16538,         0,      7031,       169,         0,         0,         0,         0,      -404,     -4490,     -4894,         0,         0,         0,         0,         0,         0,         0,     33100,     43903,     16942,     21432
       404,     51105, 40.536810,      65.1,     144.5,     33802,         0,     11756,      3527,   2200538,         0,    765326,    229577,      -885,     -8904,     -9789,    -57593,   -579643,   -637236,     17339,         0,      7072,       996,   2505448,         0,   1021938,    143963,      -274,     -3760,     -4034,    -39596,   -543388,   -582985,         0,         0,         0,         0,     34687,     43591,     17613,     21373
       405,     51106, 31.544987,      65.1,      58.5,     32961,         0,     11679,      3925,   2145759,         0,    760329,    255543,      -964,     -8835,     -9800,    -62764,   -575184,   -637948,     16928,         0,      7023,      1302,    990312,         0,    410868,     76147,      -317,     -3777,     -4094,    -18543,   -220956,   -239499,         0,         0,         0,         0,     33925,     42760,     17245,     21022
       406,     51107, 15.738090,      19.4,     874.3,     34982,         0,     11617,      3803,    678647,         0,    225371,     73786,      -954,     -7818,     -8771,    -18499,   -151666,   -170165,     18105,         0,      6982,      1409,  15829567,         0,   6103977,   1232237,      -304,     -3380,     -3684,   -265625,  -2955067,  -3220692,         0,         0,         0,         0,     35935,     43753,     18409,     21789
       407,     51108, 27.668124,      65.1,      67.8,     33576,         0,     11799,      4178,   2185812,         0,    768091,    271980,     -1030,     -8828,     -9858,    -67060,   -574684,   -641744,     17250,         0,      7099,       896,   1169537,         0,    481339,     60769,      -334,     -3731,     -4065,    -22667,   -252968,   -275635,         0,         0,         0,         0,     34606,     43434,     17584,     21315
       408,     51109, 21.354747,      44.7,      85.1,     33666,         0,     11719,      4532,   1504880,         0,    523833,    202585,     -1032,     -8680,     -9711,    -46108,   -387990,   -434099,     17279,         0,      7050,      1161,   1470408,         0,    599931,     98807,      -339,     -3699,     -4039,    -28891,   -314809,   -343700,         0,         0,         0,         0,     34698,     43378,     17618,     21317
       409,     51110, 10.731433,       5.8,     135.0,     33178,         0,     11660,      4412,    192432,         0,     67628,     25589,     -1005,     -8383,     -9388,     -5831,    -48621,    -54452,     17029,         0,      7009,      1252,   2298867,         0,    946258,    168998,      -334,     -3607,     -3942,    -45146,   -486965,   -532111,         0,         0,         0,         0,     34183,     42566,     17363,     20970
       410,     51111,109.851006,       5.8,         0,     30292,         0,     11365,        18,    175692,         0,     65915,       102,     -1445,    -11803,    -13248,     -8384,    -68457,    -76841,     15826,         0,      6540,        78,         0,         0,         0,         0,      -517,     -4866,     -5383,         0,         0,         0,         0,         0,         0,         0,     31737,     43540,     16343,     21209
       411,     51112,153.868017,       2.9,     201.1,     32335,         0,     11878,      1704,     93772,         0,     34445,      4942,     -1138,     -9724,    -10862,     -3299,    -28200,    -31499,     16725,         0,      7110,       440,   3363312,         0,   1429895,     88471,      -377,     -4065,     -4443,    -75880,   -817551,   -893431,         0,         0,         0,         0,     33473,     43197,     17102,     21167
       412,     51113,139.420820,       2.9,         0,     31143,         0,     11787,       177,     90315,         0,     34181,       514,     -1312,    -10896,    -12208,     -3805,    -31599,    -35404,     16205,         0,      6862,        47,         0,         0,         0,         0,      -453,     -4513,     -4966,         0,         0,         0,         0,         0,         0,         0,     32455,     43352,     16658,     21172
       413,     51114, 27.891239,      64.1,       8.6,     31482,         0,     11712,      4945,   2018026,         0,    750710,    316970,     -1050,     -9257,    -10307,    -67287,   -593400,   -660687,     16297,         0,      7042,      1039,    140158,         0,     60563,      8939,      -353,     -3966,     -4320,     -3039,    -34110,    -37148,         0,         0,         0,         0,     32532,     41790,     16651,     20617
       414,     51115, 13.887322,      26.2,     110.6,     32621,         0,     11656,      4980,    854660,         0,    305384,    130484,     -1049,     -8463,     -9512,    -27494,   -221733,   -249226,     16784,         0,      7007,      1053,   1856356,         0,    774931,    116476,      -354,     -3652,     -4006,    -39175,   -403867,   -443042,         0,         0,         0,         0,     33670,     42133,     17139,     20790
       415,     51116, 54.214325,      24.3,         0,     31102,         0,     11801,      3941,    755770,         0,    286765,     95770,     -1049,     -9538,    -10588,    -25496,   -231784,   -257279,     16134,         0,      7088,       900,         0,         0,         0,         0,      -352,     -4054,     -4405,         0,         0,         0,         0,         0,         0,         0,     32151,     41689,     16486,     20539
       416,     51117, 43.446216,      29.1,     819.6,     30544,         0,     11740,      3495,    888826,         0,    341648,    101698,     -1104,     -9546,    -10650,    -32123,   -277790,   -309914,     15891,         0,      7016,       881,  13023886,         0,   5750062,    722063,      -373,     -4077,     -4450,   -305733,  -3341555,  -3647287,         0,         0,         0,         0,     31648,     41194,     16264,     20341
       417,     51118, 34.307517,         0,     182.3,     31666,         0,     11785,      2405,         0,         0,         0,         0,     -1079,     -9562,    -10641,         0,         0,         0,     16438,         0,      7021,       710,   2996669,         0,   1279969,    129423,      -357,     -4021,     -4378,    -65171,   -732987,   -798159,         0,         0,         0,         0,     32745,     42307,     16796,     20816
       418,     51119, 68.366399,     183.6,     456.7,     31020,         0,     11640,      4187,   5695324,         0,   2137100,    768702,     -1101,     -8998,    -10099,   -202143,  -1651962,  -1854105,     16090,         0,      6958,       884,   7348097,         0,   3177717,    403801,      -374,     -3870,     -4244,   -170678,  -1767650,  -1938328,         0,         0,         0,         0,     32121,     41119,     16463,     20334
       419,     51120,128.684573,       5.8,         0,     28345,         0,     11675,       173,    164403,         0,     67715,      1006,     -1091,    -12373,    -13464,     -6325,    -71765,    -78091,     14954,         0,      6718,       170,         0,         0,         0,         0,      -368,     -5191,     -5559,         0,         0,         0,         0,         0,         0,         0,     29436,     41809,     15322,     20513
       420,     51121,109.597317,       4.9,         0,     28150,         0,     11140,         6,    137937,         0,     54584,        27,     -1082,    -12721,    -13803,     -5303,    -62332,    -67635,     14870,         0,      6322,        29,         0,         0,         0,         0,      -359,     -5301,     -5660,         0,         0,         0,         0,         0,         0,         0,     29233,     41954,     15229,     20530
       421,     51122, 15.813034,         0,     258.1,     29290,         0,     11690,      3001,         0,         0,         0,         0,     -1117,    -10134,    -11251,         0,         0,         0,     15361,         0,      6944,       781,   3964633,         0,   1792365,    201694,      -378,     -4314,     -4692,    -97507,  -1113467,  -1210974,         0,         0,         0,         0,     30407,     40541,     15739,     20053
       422,     51123,151.057202,     207.0,      91.6,     30069,         0,     11737,      1766,   6224248,         0,   2429614,    365622,     -1111,    -10201,    -11312,   -229998,  -2111528,  -2341526,     15753,         0,      6928,       494,   1442994,         0,    634561,     45241,      -372,     -4263,     -4634,    -34051,   -390454,   -424505,         0,         0,         0,         0,     31180,     41381,     16125,     20388
       423,     51124, 40.936237,         0,     401.9,     30627,         0,     11560,      3547,         0,         0,         0,         0,     -1115,     -8884,     -9999,         0,         0,         0,     15921,         0,      6841,       737,   6398667,         0,   2749558,    296178,      -381,     -3833,     -4213,   -152984,  -1540357,  -1693342,         0,         0,         0,         0,     31742,     40626,     16302,     20134
       424,     51125, 29.253540,     166.2,       9.4,     29466,         0,     11633,      2837,   4897285,         0,   1933325,    471563,     -1122,     -9953,    -11075,   -186559,  -1654169,  -1840728,     15440,         0,      6872,       724,    145139,         0,     64601,      6810,      -379,     -4244,     -4623,     -3567,    -39890,    -43457,         0,         0,         0,         0,     30589,     40542,     15820,     20063
       425,     51126, 62.150053,       2.9,         0,     28660,         0,     11306,        56,     83114,         0,     32788,       161,     -1090,    -11551,    -12642,     -3162,    -33499,    -36661,     15104,         0,      6399,       110,         0,         0,         0,         0,      -367,     -4833,     -5200,         0,         0,         0,         0,         0,         0,         0,     29750,     41302,     15471,     20304
       426,     51127,185.826066,      11.7,         0,     27948,         0,     10469,         5,    326988,         0,    122483,        54,     -1081,    -12056,    -13138,    -12653,   -141056,   -153709,     14791,         0,      5845,        43,         0,         0,         0,         0,      -357,     -5021,     -5379,         0,         0,         0,         0,         0,         0,         0,     29029,     41085,     15148,     20169
       427,     51128,219.710923,       4.9,      20.3,     30242,         0,     11384,       651,    148184,         0,     55784,      3191,     -1102,     -9764,    -10867,     -5401,    -47845,    -53246,     15801,         0,      6529,       287,    320764,         0,    132546,      5835,      -364,     -4136,     -4500,     -7387,    -83957,    -91344,         0,         0,         0,         0,     31344,     41108,     16165,     20301
       428,     51129, 90.763794,       9.7,         0,     27304,         0,      9392,         8,    264846,         0,     91106,        77,     -1072,    -12691,    -13763,    -10397,   -123103,   -133500,     14517,         0,      5246,        47,         0,         0,         0,         0,      -349,     -5259,     -5608,         0,         0,         0,         0,         0,         0,         0,     28376,     41067,     14866,     20125
       429,     51130,252.709919,       1.9,         0,     28719,         0,     10796,        33,     54566,         0,     20513,        62,     -1113,    -11169,    -12282,     -2116,    -21220,    -23336,     15170,         0,      6021,        25,         0,         0,         0,         0,      -374,     -4661,     -5035,         0,         0,         0,         0,         0,         0,         0,     29833,     41001,     15545,     20206
       430,     51131,166.512817,      15.5,       5.8,     27834,         0,      9535,        15,    431429,         0,    147792,       234,     -1106,    -11945,    -13051,    -17142,   -185143,   -202286,     14803,         0,      5251,        58,     85855,         0,     30455,       338,      -363,     -4939,     -5302,     -2105,    -28649,    -30754,         0,         0,         0,         0,     28940,     40885,     15166,     20105
       431,     51132,214.077062,      20.4,       5.8,     26948,         0,      7785,        43,    549746,         0,    158816,       874,     -1067,    -12834,    -13901,    -21761,   -261819,   -283580,     14413,         0,      4308,        54,     83594,         0,     24989,       312,      -359,     -5288,     -5647,     -2080,    -30673,    -32752,         0,         0,         0,         0,     28015,     40849,     14771,     20060
       432,     51133,111.541512,       1.0,       3.7,     28439,         0,      8938,        53,     28439,         0,      8938,        53,     -1108,    -10674,    -11782,     -1108,    -10674,    -11782,     15065,         0,      4862,        60,     55742,         0,     17989,       221,      -365,     -4425,     -4790,     -1349,    -16373,    -17722,         0,         0,         0,         0,     29547,     40221,     15430,     19855
       433,     51134,149.232428,      22.3,       5.8,     27720,         0,      8027,       100,    618149,         0,    179011,      2227,     -1106,    -11388,    -12494,    -24670,   -253943,   -278613,     14749,         0,      4341,        70,     85547,         0,     25180,       408,      -362,     -4693,     -5055,     -2102,    -27218,    -29320,         0,         0,         0,         0,     28826,     40214,     15112,     19805
       434,     51135, 81.141532,         0,         0,     26576,         0,      7175,       135,         0,         0,         0,         0,     -1072,    -12698,    -13769,         0,         0,         0,     14243,         0,      3882,        95,         0,         0,         0,         0,      -361,     -5279,     -5640,         0,         0,         0,         0,         0,         0,         0,     27648,     40345,     14604,     19883
       435,     51136,157.038990,      16.5,      44.0,     26552,         0,      6273,       102,    438115,         0,    103498,      1679,      -797,    -12951,    -13748,    -13155,   -213689,   -226845,     14225,         0,      3404,        76,    625881,         0,    149797,      3327,      -244,     -5357,     -5601,    -10723,   -235712,   -246435,         0,         0,         0,         0,     27350,     40301,     14468,     19825
       436,     51137, 60.910933,      17.5,      61.8,     27804,         0,      6878,       121,    486562,         0,    120372,      2113,     -1107,    -11000,    -12106,    -19365,   -192493,   -211858,     14800,         0,      3647,        62,    914616,         0,    225409,      3822,      -363,     -4524,     -4888,    -22454,   -279607,   -302061,         0,         0,         0,         0,     28910,     39910,     15163,     19687
       437,     51138, 59.517477,         0,         0,     26697,         0,      6034,       147,         0,         0,         0,         0,     -1081,    -11902,    -12984,         0,         0,         0,     14300,         0,      3170,        90,         0,         0,         0,         0,      -361,     -4900,     -5262,         0,         0,         0,         0,         0,         0,         0,     27778,     39680,     14661,     19562
       438,     51139,113.024265,      25.3,      32.1,     26580,         0,      5441,       137,    672467,         0,    137657,      3468,     -1072,    -11904,    -12976,    -27117,   -301173,   -328290,     14248,         0,      2861,        98,    457350,         0,     91823,      3160,      -361,     -4925,     -5286,    -11585,   -158101,   -169686,         0,         0,         0,         0,     27652,     39556,     14609,     19534
       439,     51140, 63.735215,      15.5,      20.7,     26119,         0,      4808,        91,    404839,         0,     74529,      1409,      -794,    -12898,    -13691,    -12303,   -199914,   -212217,     14020,         0,      2547,        87,    290214,         0,     52726,      1791,      -243,     -5362,     -5605,     -5033,   -110993,   -116026,         0,         0,         0,         0,     26912,     39810,     14263,     19625
       440,     51141,105.280760,       6.8,         0,     26203,         0,      4316,        73,    178180,         0,     29352,       494,      -794,    -12778,    -13573,     -5401,    -86894,    -92295,     14062,         0,      2299,        77,         0,         0,         0,         0,      -242,     -5290,     -5533,         0,         0,         0,         0,         0,         0,         0,     26997,     39776,     14305,     19595
       441,     51142, 92.615731,      26.2,         0,     26321,         0,      3975,        78,    689609,         0,    104141,      2049,     -1074,    -11661,    -12735,    -28142,   -305508,   -333650,     14129,         0,      2051,        79,         0,         0,         0,         0,      -362,     -4826,     -5187,         0,         0,         0,         0,         0,         0,         0,     27395,     39056,     14491,     19316
       442,     51143,455.313143,      13.6,     136.7,     39097,         0,      5724,       149,    531722,         0,     77844,      2023,      -752,     -8001,     -8753,    -10224,   -108813,   -119038,     19377,         0,      3627,        18,   2648836,         0,    495853,      2420,      -223,     -3583,     -3806,    -30424,   -489848,   -520273,         0,         0,         0,         0,     39849,     47850,     19600,     23183
       443,     51144,337.132321,       3.9,         0,     33274,         0,      5784,         0,    129767,         0,     22558,         0,      -883,    -11137,    -12020,     -3444,    -43432,    -46877,     16792,         0,      3677,         4,         0,         0,         0,         0,      -282,     -5219,     -5500,         0,         0,         0,         0,         0,         0,         0,     34157,     45293,     17073,     22292
       444,     51145,319.316905,     213.8,         0,     37554,         0,      8304,        10,   8029006,         0,   1775394,      2180,      -789,     -7800,     -8589,   -168640,  -1667701,  -1836341,     18766,         0,      5032,       220,         0,         0,         0,         0,      -236,     -3539,     -3774,         0,         0,         0,         0,         0,         0,         0,     38343,     46143,     19002,     22540
       445,     51146,119.682629,      11.7,      21.8,     37341,         0,     10014,       216,    436889,         0,    117170,      2531,      -828,     -7655,     -8483,     -9683,    -89568,    -99251,     18718,         0,      5959,       385,    408045,         0,    129905,      8383,      -257,     -3434,     -3691,     -5602,    -74869,    -80471,         0,         0,         0,         0,     38169,     45824,     18975,     22409
       446,     51147,376.839616,      46.6,      48.4,     33391,         0,      9656,       187,   1556033,         0,    449951,      8717,      -898,     -9559,    -10457,    -41862,   -445428,   -487291,     17006,         0,      5767,       326,    823071,         0,    279116,     15774,      -288,     -4354,     -4642,    -13941,   -210713,   -224653,         0,         0,         0,         0,     34290,     43848,     17294,     21647
       447,     51148,201.707400,     270.1,     154.7,     35709,         0,     10215,       381,   9645038,         0,   2759015,    102808,      -883,     -8354,     -9238,   -238603,  -2256486,  -2495089,     18003,         0,      6056,       364,   2785068,         0,    936845,     56260,      -283,     -3778,     -4061,    -43768,   -584451,   -628219,         0,         0,         0,         0,     36593,     44947,     18286,     22064
       448,     51149,955.514379,      41.8,         0,     25965,         0,      6853,         0,   1085347,         0,    286458,         0,     -1082,    -15388,    -16470,    -45234,   -643219,   -688453,     13820,         0,      4426,        42,         0,         0,         0,         0,      -371,     -6940,     -7311,         0,         0,         0,         0,         0,         0,         0,     27047,     42435,     14191,     21131
       449,     51150, 78.193181,       1.0,       2.9,     36322,         0,     10963,      1093,     36322,         0,     10963,      1093,      -848,     -7743,     -8591,      -848,     -7743,     -8591,     18311,         0,      6475,       782,     53101,         0,     18777,      2268,      -265,     -3443,     -3707,      -767,     -9984,    -10751,         0,         0,         0,         0,     37170,     44913,     18575,     22018
       450,     51151,1037.37327,      30.1,       5.8,     25785,         0,      4634,         6,    776119,         0,    139473,       175,     -1080,    -14064,    -15145,    -32516,   -423334,   -455850,     13764,         0,      3351,        30,     79833,         0,     19434,       175,      -370,     -6414,     -6784,     -2145,    -37204,    -39349,         0,         0,         0,         0,     26865,     40929,     14134,     20549
       451,     51152, 85.403351,      67.0,      70.6,     33571,         0,     10828,       684,   2249270,         0,    725446,     45827,      -902,     -9118,    -10020,    -60406,   -610908,   -671314,     17126,         0,      6374,       937,   1209075,         0,    449996,     66170,      -287,     -4081,     -4368,    -20292,   -288087,   -308380,         0,         0,         0,         0,     34473,     43591,     17413,     21494
       452,     51153, 68.734177,       6.8,     320.4,     35164,         0,     11253,      2188,    239113,         0,     76520,     14878,      -909,     -8419,     -9328,     -6183,    -57250,    -63433,     17846,         0,      6675,      1137,   5717706,         0,   2138648,    364325,      -293,     -3694,     -3987,    -93902,  -1183506,  -1277408,         0,         0,         0,         0,     36073,     44492,     18139,     21832
       453,     51154,416.858168,      70.9,     292.9,     28130,         0,      8957,       304,   1994422,         0,    635028,     21564,     -1090,    -12788,    -13878,    -77282,   -906673,   -983955,     14797,         0,      5519,       117,   4334175,         0,   1616547,     34211,      -373,     -5752,     -6125,   -109141,  -1684882,  -1794022,         0,         0,         0,         0,     29220,     42008,     15170,     20922
       454,     51155,145.088052,     157.4,      10.0,     32758,         0,     10719,       258,   5156099,         0,   1687146,     40545,      -919,     -9112,    -10031,   -144607,  -1434196,  -1578803,     16808,         0,      6313,       763,    168085,         0,     63127,      7626,      -300,     -4081,     -4381,     -3000,    -40809,    -43809,         0,         0,         0,         0,     33677,     42788,     17109,     21189
       455,     51156, 16.569633,      17.5,     159.6,     34365,         0,     11494,      3442,    601381,         0,    201153,     60237,      -913,     -8234,     -9147,    -15978,   -144100,   -160078,     17488,         0,      6874,      1335,   2791108,         0,   1097074,    213114,      -297,     -3589,     -3886,    -47448,   -572805,   -620253,         0,         0,         0,         0,     35278,     43512,     17785,     21374
       456,     51157, 31.554383,      80.6,     297.6,     33532,         0,     11424,      3231,   2702712,         0,    920757,    260437,      -924,     -8658,     -9582,    -74484,   -697809,   -772293,     17083,         0,      6821,      1358,   5083969,         0,   2029838,    404082,      -302,     -3827,     -4129,    -89790,  -1138991,  -1228781,         0,         0,         0,         0,     34457,     43114,     17385,     21212
       457,     51158, 31.387847,      75.8,         0,     33954,         0,     11334,      2814,   2573685,         0,    859125,    213283,      -919,     -8911,     -9830,    -69690,   -675428,   -745117,     17343,         0,      6750,      1302,         0,         0,         0,         0,      -300,     -3893,     -4193,         0,         0,         0,         0,         0,         0,         0,     34873,     43784,     17644,     21537
       458,     51159,185.114592,      65.1,       9.4,     30486,         0,     10285,       323,   1984617,         0,    669522,     20999,     -1074,    -11028,    -12102,    -69885,   -717938,   -787823,     15855,         0,      6088,       454,    149037,         0,     57227,      4264,      -364,     -4909,     -5273,     -3422,    -46143,    -49565,         0,         0,         0,         0,     31559,     42587,     16219,     21128
       459,     51160, 73.222518,     199.2,      10.2,     33228,         0,     11079,       766,   6619074,         0,   2206876,    152594,      -922,     -9001,     -9923,   -183628,  -1792942,  -1976570,     17042,         0,      6534,      1166,    173828,         0,     66647,     11891,      -302,     -3977,     -4279,     -3079,    -40566,    -43645,         0,         0,         0,         0,     34150,     43151,     17344,     21321
       460,     51161, 69.296865,     144.8,       6.4,     34012,         0,     11224,      1989,   4924997,         0,   1625220,    287952,      -919,     -8566,     -9485,   -133046,  -1240420,  -1373466,     17379,         0,      6663,      1288,    111223,         0,     42643,      8242,      -300,     -3769,     -4069,     -1919,    -24124,    -26043,         0,         0,         0,         0,     34931,     43498,     17678,     21448
       461,     51162, 16.755901,      12.6,     441.6,     33520,         0,     11572,      3674,    422357,         0,    145803,     46289,      -965,     -8420,     -9385,    -12155,   -106091,   -118247,     17166,         0,      6949,      1453,   7580689,         0,   3068843,    641456,      -316,     -3636,     -3952,   -139632,  -1605719,  -1745351,         0,         0,         0,         0,     34485,     42905,     17483,     21119
       462,     51163,488.809710,       1.0,         0,     20074,         0,      2324,         1,     20074,         0,      2324,         1,     -1076,    -16827,    -17903,     -1076,    -16827,    -17903,     11119,         0,      2200,         5,         0,         0,         0,         0,      -366,     -7788,     -8154,         0,         0,         0,         0,         0,         0,         0,     21150,     37977,     11485,     19272
       463,     51164, 31.978552,      71.9,     102.5,     33058,         0,     11504,      3547,   2376890,         0,    827132,    254997,     -1004,     -8673,     -9677,    -72194,   -623594,   -695788,     16968,         0,      6898,      1500,   1739224,         0,    707045,    153730,      -335,     -3758,     -4093,    -34311,   -385194,   -419504,         0,         0,         0,         0,     34062,     42735,     17303,     21061
       464,     51165, 31.812865,      74.8,       1.3,     33908,         0,     11410,      3256,   2536287,         0,    853495,    243513,     -1022,     -8610,     -9631,    -76409,   -644015,   -720424,     17369,         0,      6821,      1449,     22579,         0,      8868,      1884,      -340,     -3736,     -4075,      -442,     -4856,     -5298,         0,         0,         0,         0,     34929,     43539,     17708,     21444
       465,     51166, 11.041878,       4.9,     287.1,     33176,         0,     11618,      4248,    162564,         0,     56926,     20814,     -1006,     -8334,     -9340,     -4929,    -40836,    -45765,     17028,         0,      6979,      1311,   4888693,         0,   2003753,    376480,      -335,     -3597,     -3932,    -96050,  -1032799,  -1128850,         0,         0,         0,         0,     34182,     42516,     17362,     20960
       466,     51167, 21.003551,      68.0,       1.2,     32515,         0,     11553,      3974,   2211022,         0,    785607,    270237,     -1006,     -8610,     -9616,    -68434,   -585487,   -653921,     16733,         0,      6929,      1420,     20079,         0,      8315,      1703,      -335,     -3733,     -4068,      -402,     -4479,     -4881,         0,         0,         0,         0,     33521,     42132,     17068,     20801
       467,     51168, 20.594265,      52.5,       8.7,     33066,         0,     11463,      3460,   1735978,         0,    601814,    181644,     -1031,     -8862,     -9893,    -54138,   -465247,   -519385,     16995,         0,      6856,      1542,    147860,         0,     59644,     13413,      -345,     -3856,     -4201,     -3002,    -33545,    -36548,         0,         0,         0,         0,     34097,     42959,     17340,     21196
       468,     51169,161.976319,     318.7,     214.0,     32508,         0,     11251,       905,  10360195,         0,   3585841,    288528,     -1060,     -8931,     -9992,   -337918,  -2846404,  -3184322,     16752,         0,      6685,      1412,   3584850,         0,   1430658,    302200,      -358,     -3935,     -4293,    -76703,   -842023,   -918726,         0,         0,         0,         0,     33568,     42499,     17110,     21045
       469,     51170,181.238918,      78.7,     148.3,     30710,         0,     10907,       563,   2416903,         0,    858391,     44343,     -1072,     -9941,    -11013,    -84371,   -782336,   -866707,     15971,         0,      6426,       761,   2368481,         0,    953039,    112804,      -363,     -4414,     -4777,    -53770,   -654661,   -708431,         0,         0,         0,         0,     31782,     41723,     16333,     20748
       470,     51171,144.935839,      22.3,      32.7,     30276,         0,     10099,       279,    675154,         0,    225212,      6229,     -1075,    -10183,    -11258,    -23963,   -227089,   -251052,     15771,         0,      5989,       231,    515698,         0,    195833,      7544,      -365,     -4578,     -4943,    -11939,   -149701,   -161640,         0,         0,         0,         0,     31351,     41534,     16136,     20714
       471,     51172,396.339757,      87.4,      27.8,     28356,         0,      8016,        36,   2478323,         0,    700594,      3189,     -1089,    -11212,    -12301,    -95152,   -979932,  -1075084,     14909,         0,      5144,       139,    414472,         0,    142992,      3873,      -372,     -5097,     -5468,    -10333,   -141690,   -152023,         0,         0,         0,         0,     29445,     40657,     15281,     20378
       472,     51173, 14.281052,      17.5,     125.8,     32630,         0,     11618,      4794,    571025,         0,    203313,     83903,     -1049,     -8412,     -9461,    -18361,   -147212,   -165574,     16789,         0,      6977,      1183,   2112019,         0,    877766,    148862,      -354,     -3640,     -3994,    -44594,   -457896,   -502489,         0,         0,         0,         0,     33679,     42091,     17143,     20783
       473,     51174, 27.565032,      61.2,      97.2,     32766,         0,     11558,      4247,   2005285,         0,    707352,    259888,     -1100,     -8762,     -9862,    -67314,   -536224,   -603539,     16871,         0,      6927,      1355,   1639850,         0,    673293,    131729,      -374,     -3796,     -4170,    -36319,   -368962,   -405281,         0,         0,         0,         0,     33866,     42628,     17245,     21040
       474,     51175, 26.995308,      63.2,       2.5,     32766,         0,     11460,      2982,   2070812,         0,    724286,    188440,     -1030,     -8748,     -9778,    -65094,   -552882,   -617976,     16870,         0,      6841,      1508,     42175,         0,     17104,      3770,      -344,     -3816,     -4160,      -860,     -9540,    -10400,         0,         0,         0,         0,     33796,     42544,     17214,     21030
       475,     51176,514.799032,      42.8,      60.0,     22200,         0,       572,        71,    950163,         0,     24460,      3024,     -1086,    -14445,    -15531,    -46464,   -618252,   -664717,     12168,         0,       970,        44,    730076,         0,     58224,      2622,      -371,     -6733,     -7103,    -22238,   -403956,   -426195,         0,         0,         0,         0,     23286,     37731,     12539,     19271
       476,     51177,207.057573,       9.7,       1.2,     25549,         0,      2480,        34,    247828,         0,     24060,       328,     -1081,    -12432,    -13514,    -10490,   -120591,   -131081,     13678,         0,      2318,        39,     16413,         0,      2782,        47,      -370,     -5731,     -6101,      -444,     -6877,     -7321,         0,         0,         0,         0,     26631,     39063,     14048,     19779
       477,     51178,279.393889,      29.1,         0,     27092,         0,      5958,        21,    788387,         0,    173389,       608,     -1079,    -11537,    -12616,    -31401,   -335727,   -367127,     14384,         0,      4115,        59,         0,         0,         0,         0,      -366,     -5257,     -5623,         0,         0,         0,         0,         0,         0,         0,     28171,     39708,     14749,     20006
       478,     51179,110.746179,      25.3,     133.8,     30322,         0,     10920,       540,    767156,         0,    276286,     13661,     -1074,     -9637,    -10711,    -27160,   -243822,   -270983,     15783,         0,      6414,       748,   2111755,         0,    858251,    100048,      -363,     -4314,     -4677,    -48553,   -577235,   -625788,         0,         0,         0,         0,     31396,     41033,     16146,     20460
       479,     51180,215.897388,      12.6,      20.6,     26152,         0,      4467,        48,    329521,         0,     56284,       608,     -1074,    -12167,    -13241,    -13532,   -153300,   -166832,     13966,         0,      3360,        82,    287708,         0,     69206,      1694,      -367,     -5563,     -5931,     -7561,   -114607,   -122168,         0,         0,         0,         0,     27226,     39393,     14333,     19897
       480,     51181,149.770175,       8.7,     809.7,     30645,         0,     11482,      3401,    266616,         0,     99898,     29586,     -1115,     -8919,    -10034,     -9701,    -77592,    -87293,     15920,         0,      6834,      1131,  12890812,         0,   5533375,    915576,      -381,     -3883,     -4263,   -308257,  -3143784,  -3452041,         0,         0,         0,         0,     31760,     40679,     16301,     20184
       481,     51182,161.024420,     501.4,      12.3,     30943,         0,     11293,      1551,  15514980,         0,   5662534,    777527,     -1078,     -9219,    -10297,   -540556,  -4622267,  -5162823,     16079,         0,      6671,       926,    197775,         0,     82056,     11387,      -365,     -4052,     -4417,     -4488,    -49842,    -54330,         0,         0,         0,         0,     32021,     41240,     16444,     20496
       482,     51183,147.492516,     118.5,      17.3,     28244,         0,     10027,       272,   3346872,         0,   1188237,     32267,     -1087,    -11186,    -12273,   -128826,  -1325562,  -1454388,     14893,         0,      5986,       257,    257641,         0,    103551,      4443,      -372,     -5005,     -5377,     -6440,    -86581,    -93021,         0,         0,         0,         0,     29331,     40517,     15265,     20269
       483,     51184,267.226285,      56.4,       3.6,     26921,         0,      8197,        44,   1518342,         0,    462319,      2462,     -1077,    -12018,    -13094,    -60717,   -677798,   -738514,     14305,         0,      5216,       249,     51497,         0,     18777,       898,      -369,     -5425,     -5793,     -1328,    -19528,    -20856,         0,         0,         0,         0,     27998,     40015,     14674,     20098
       484,     51185,134.789755,      12.6,       3.6,     25829,         0,      2692,        83,    325451,         0,     33920,      1045,     -1078,    -11834,    -12912,    -13580,   -149105,   -162686,     13817,         0,      2430,        98,     49741,         0,      8748,       351,      -368,     -5444,     -5812,     -1324,    -19599,    -20923,         0,         0,         0,         0,     26907,     38741,     14185,     19629
       485,     51186, 62.626372,      16.5,      96.9,     29940,         0,     10912,       374,    494014,         0,    180045,      6174,     -1074,     -9658,    -10732,    -17716,   -159361,   -177077,     15621,         0,      6370,       633,   1513701,         0,    617246,     61368,      -365,     -4311,     -4676,    -35387,   -417754,   -453141,         0,         0,         0,         0,     31014,     40672,     15986,     20298
       486,     51187, 59.099620,       4.9,      58.2,     24691,         0,      1014,        86,    120987,         0,      4970,       424,     -1081,    -12199,    -13279,     -5295,    -59774,    -65069,     13309,         0,      1457,        42,    774594,         0,     84772,      2439,      -368,     -5655,     -6023,    -21414,   -329102,   -350517,         0,         0,         0,         0,     25772,     37970,     13677,     19332
       487,     51188,119.287455,      49.6,      12.9,     29308,         0,      8430,        32,   1453694,         0,    418138,      1568,     -1089,    -10466,    -11555,    -54016,   -519096,   -573112,     15257,         0,      5285,       232,    196809,         0,     68173,      2997,      -373,     -4741,     -5114,     -4807,    -61161,    -65968,         0,         0,         0,         0,     30397,     40863,     15629,     20370
       488,     51189,116.717617,       2.9,     623.7,     31206,         0,     11250,      1916,     90496,         0,     32626,      5556,     -1156,     -8629,     -9785,     -3353,    -25025,    -28378,     16188,         0,      6587,       810,  10096634,         0,   4108150,    505212,      -400,     -3785,     -4185,   -249688,  -2360555,  -2610243,         0,         0,         0,         0,     32362,     40991,     16589,     20373
       489,     51190,117.122660,      47.6,         0,     25463,         0,      7075,        22,   1212057,         0,    336790,      1057,     -1083,    -12429,    -13512,    -51548,   -591610,   -643158,     13645,         0,      4622,       182,         0,         0,         0,         0,      -371,     -5644,     -6016,         0,         0,         0,         0,         0,         0,         0,     26546,     38975,     14017,     19661
       490,     51191,129.918835,       2.9,         0,     25494,         0,      5675,        44,     73933,         0,     16458,       129,     -1083,    -12051,    -13135,     -3142,    -34949,    -38091,     13660,         0,      3941,       145,         0,         0,         0,         0,      -371,     -5498,     -5869,         0,         0,         0,         0,         0,         0,         0,     26578,     38629,     14031,     19528
       491,     51192,145.082144,      56.4,      41.0,     24636,         0,      4129,        80,   1389488,         0,    232886,      4509,     -1090,    -12520,    -13610,    -61490,   -706117,   -767607,     13290,         0,      3166,       121,    544892,         0,    129814,      4967,      -374,     -5720,     -6094,    -15325,   -234533,   -249858,         0,         0,         0,         0,     25727,     38246,     13664,     19384
       492,     51193,163.439772,      17.5,      28.9,     29411,         0,     10629,       236,    514697,         0,    186016,      4133,     -1081,     -9864,    -10945,    -18915,   -172628,   -191543,     15411,         0,      6205,       295,    445384,         0,    179325,      8532,      -369,     -4388,     -4757,    -10661,   -126822,   -137483,         0,         0,         0,         0,     30492,     40357,     15780,     20168
       493,     51194,161.360205,      28.2,         0,     28254,         0,      9666,       134,    796753,         0,    272580,      3765,     -1087,    -10446,    -11533,    -30655,   -294586,   -325241,     14897,         0,      5819,       201,         0,         0,         0,         0,      -372,     -4685,     -5057,         0,         0,         0,         0,         0,         0,         0,     29341,     39787,     15269,     19954
       494,     51195,218.360842,      45.7,      31.8,     22706,         0,      2134,        81,   1037653,         0,     97505,      3719,     -1095,    -13328,    -14424,    -50063,   -609107,   -659169,     12422,         0,      2116,        87,    395008,         0,     67277,      2759,      -375,     -6120,     -6495,    -11934,   -194606,   -206540,         0,         0,         0,         0,     23801,     37130,     12797,     18917
       495,     51196,143.143381,      13.6,         0,     29553,         0,     10956,       965,    401922,         0,    148997,     13124,     -1141,     -9355,    -10496,    -15515,   -127225,   -142740,     15475,         0,      6386,       490,         0,         0,         0,         0,      -393,     -4130,     -4524,         0,         0,         0,         0,         0,         0,         0,     30694,     40049,     15868,     19999
       496,     51197,267.683675,      15.5,       5.8,     25761,         0,      7775,        36,    399293,         0,    120506,       564,     -1204,    -11786,    -12990,    -18655,   -182690,   -201345,     13755,         0,      4903,       134,     79779,         0,     28439,       776,      -424,     -5367,     -5791,     -2461,    -31128,    -33589,         0,         0,         0,         0,     26964,     38751,     14179,     19546
       497,     51198,141.793105,      36.0,       6.2,     24705,         0,      6439,        17,    889372,         0,    231809,       610,     -1092,    -12489,    -13580,    -39299,   -449594,   -488893,     13303,         0,      4261,       143,     82478,         0,     26418,       887,      -376,     -5695,     -6072,     -2334,    -35311,    -37645,         0,         0,         0,         0,     25796,     38285,     13679,     19375
       498,     51199,196.080295,      25.3,       3.6,     24509,         0,      5329,        34,    620076,         0,    134828,       850,     -1092,    -12364,    -13455,    -27622,   -312798,   -340419,     13213,         0,      3730,       129,     47568,         0,     13429,       464,      -376,     -5662,     -6038,     -1354,    -20384,    -21738,         0,         0,         0,         0,     25601,     37964,     13589,     19252
       499,     51200,231.133485,      29.1,      14.5,     23089,         0,      3571,        52,    671877,         0,    103912,      1518,     -1093,    -12946,    -14040,    -31820,   -376741,   -408561,     12589,         0,      2839,       104,    182540,         0,     41158,      1513,      -374,     -5928,     -6302,     -5420,    -85958,    -91378,         0,         0,         0,         0,     24182,     37128,     12963,     18891
       500,     51201, 87.938727,       1.9,      32.6,     29775,         0,     10435,       585,     56573,         0,     19826,      1111,     -1204,     -9025,    -10228,     -2287,    -17147,    -19434,     15568,         0,      6015,       488,    507525,         0,    196083,     15916,      -421,     -4002,     -4423,    -13717,   -130458,   -144175,         0,         0,         0,         0,     30979,     40004,     15989,     19991
       501,     51202,157.750240,      11.7,         0,     28391,         0,      9868,       260,    332180,         0,    115461,      3045,     -1151,     -9956,    -11107,    -13466,   -116487,   -129952,     14945,         0,      5777,       190,         0,         0,         0,         0,      -401,     -4460,     -4861,         0,         0,         0,         0,         0,         0,         0,     29542,     39498,     15345,     19805
       502,     51203,157.500422,      10.7,      24.8,     26283,         0,      8954,       117,    281226,         0,     95813,      1253,     -1197,    -11592,    -12789,    -12808,   -124031,   -136840,     13998,         0,      5425,       123,    347161,         0,    134548,      3053,      -423,     -5228,     -5651,    -10498,   -129651,   -140149,         0,         0,         0,         0,     27480,     39072,     14422,     19650
       503,     51204,165.063345,         0,         0,     21266,         0,      1869,        32,         0,         0,         0,         0,     -1095,    -13845,    -14940,         0,         0,         0,     11769,         0,      1962,        51,         0,         0,         0,         0,      -373,     -6363,     -6737,         0,         0,         0,         0,         0,         0,         0,     22361,     36206,     12143,     18506
       504,     51205, 62.071252,       4.9,         0,     27358,         0,      7872,       109,    134056,         0,     38572,       534,     -1212,     -9920,    -11132,     -5938,    -48609,    -54547,     14488,         0,      4859,        95,         0,         0,         0,         0,      -425,     -4498,     -4922,         0,         0,         0,         0,         0,         0,         0,     28570,     38490,     14913,     19410
       505,     51206,121.179169,      24.3,         0,     26106,         0,      6234,         9,    634368,         0,    151476,       226,     -1201,    -10564,    -11766,    -29195,   -256712,   -285907,     13915,         0,      4088,        69,         0,         0,         0,         0,      -425,     -4838,     -5263,         0,         0,         0,         0,         0,         0,         0,     27307,     37871,     14339,     19177
       506,     51207, 41.623370,         0,         0,     26787,         0,      7228,        19,         0,         0,         0,         0,     -1192,    -10255,    -11447,         0,         0,         0,     14229,         0,      4550,        53,         0,         0,         0,         0,      -420,     -4664,     -5085,         0,         0,         0,         0,         0,         0,         0,     27979,     38234,     14649,     19313
       507,     51208,194.234423,     105.9,     148.7,     28020,         0,      8847,       220,   2967286,         0,    936908,     23341,     -1213,     -9581,    -10794,   -128508,  -1014604,  -1143112,     14776,         0,      5220,       212,   2197142,         0,    776140,     31468,      -427,     -4307,     -4734,    -63567,   -640408,   -703975,         0,         0,         0,         0,     29233,     38814,     15203,     19510
       508,     51209,294.667295,      19.4,         0,     23738,         0,      3327,         8,    460526,         0,     64540,       163,     -1210,    -11741,    -12951,    -23483,   -227769,   -251252,     12840,         0,      2654,        39,         0,         0,         0,         0,      -425,     -5437,     -5862,         0,         0,         0,         0,         0,         0,         0,     24949,     36690,     13265,     18702
       509,     51210, 57.896081,         0,         0,     25652,         0,      6051,         3,         0,         0,         0,         0,     -1204,    -10616,    -11820,         0,         0,         0,     13705,         0,      3951,        38,         0,         0,         0,         0,      -424,     -4866,     -5290,         0,         0,         0,         0,         0,         0,         0,     26856,     37472,     14129,     18995
       510,     51211, 99.472862,         0,         0,     26406,         0,      7090,        47,         0,         0,         0,         0,     -1196,    -10142,    -11338,         0,         0,         0,     14041,         0,      4414,        52,         0,         0,         0,         0,      -423,     -4620,     -5042,         0,         0,         0,         0,         0,         0,         0,     27602,     37744,     14464,     19083
       511,     51212,437.370278,       6.8,         0,     21284,         0,      1205,         0,    144730,         0,      8196,         0,     -1214,    -12395,    -13609,     -8257,    -84283,    -92540,     11717,         0,      1513,         7,         0,         0,         0,         0,      -423,     -5798,     -6221,         0,         0,         0,         0,         0,         0,         0,     22498,     34893,     12140,     17938
       512,     51213,148.939042,       6.8,         0,     27608,         0,      7361,       122,    187735,         0,     50054,       832,     -1215,     -9048,    -10263,     -8265,    -61524,    -69790,     14567,         0,      4453,       135,         0,         0,         0,         0,      -428,     -4122,     -4550,         0,         0,         0,         0,         0,         0,         0,     28823,     37871,     14995,     19117
       513,     51214,956.731696,         0,         0,     22551,         0,      2865,         0,         0,         0,         0,         0,     -1217,    -11648,    -12865,         0,         0,         0,     12298,         0,      2315,         7,         0,         0,         0,         0,      -425,     -5392,     -5817,         0,         0,         0,         0,         0,         0,         0,     23768,     35416,     12723,     18115
       514,     51215,513.446130,         0,         0,     25480,         0,      4684,         6,         0,         0,         0,         0,     -1210,    -10064,    -11274,         0,         0,         0,     13578,         0,      3125,        16,         0,         0,         0,         0,      -426,     -4670,     -5096,         0,         0,         0,         0,         0,         0,         0,     26691,     36755,     14005,     18674
       515,     51216,100.403607,       7.8,         0,     26691,         0,      5216,         8,    208189,         0,     40682,        61,     -1196,     -9294,    -10489,     -9325,    -72490,    -81815,     14146,         0,      3315,        47,         0,         0,         0,         0,      -423,     -4271,     -4694,         0,         0,         0,         0,         0,         0,         0,     27886,     37180,     14569,     18840
       516,     51217,329.094165,         0,       2.9,     18581,         0,       539,         3,         0,         0,         0,         0,     -1183,    -12589,    -13772,         0,         0,         0,     10445,         0,       851,         0,     30291,         0,      2469,         0,      -411,     -5969,     -6381,     -1192,    -17311,    -18504,         0,         0,         0,         0,     19765,     32353,     10856,     16826
       517,     51218, 54.068428,       2.9,      11.2,     26278,         0,      3526,        23,     76206,         0,     10227,        66,     -1206,     -8943,    -10149,     -3496,    -25935,    -29431,     13950,         0,      2414,        43,    156240,         0,     27038,       481,      -427,     -4144,     -4571,     -4780,    -46410,    -51190,         0,         0,         0,         0,     27483,     36427,     14377,     18521
       518,     51219,480.604030,         0,         0,     16622,         0,       360,         0,         0,         0,         0,         0,     -1171,    -13055,    -14226,         0,         0,         0,      9521,         0,       584,         0,         0,         0,         0,         0,      -406,     -6198,     -6603,         0,         0,         0,         0,         0,         0,         0,     17794,     30848,      9927,     16125
       519,     51220,355.510151,         0,         0,     22865,         0,       479,         0,         0,         0,         0,         0,     -1226,     -9984,    -11210,         0,         0,         0,     12352,         0,       648,         0,         0,         0,         0,         0,      -429,     -4743,     -5171,         0,         0,         0,         0,         0,         0,         0,     24091,     34075,     12780,     17523
       520,     51221, 34.468237,         0,      24.0,     31075,         0,     11415,      2647,         0,         0,         0,         0,     -1112,     -8946,    -10058,         0,         0,         0,     16158,         0,      6675,       734,    387803,         0,    160201,     17607,      -371,     -3849,     -4220,     -8903,    -92369,   -101272,         0,         0,         0,         0,     32187,     41133,     16529,     20378
       521,     51222, 36.432212,     248.7,      10.6,     30014,         0,     11053,      1394,   7464454,         0,   2748835,    346668,     -1135,     -9006,    -10141,   -282227,  -2239794,  -2522020,     15668,         0,      6345,       731,    166077,         0,     67256,      7751,      -382,     -3947,     -4329,     -4053,    -41836,    -45889,         0,         0,         0,         0,     31149,     40155,     16050,     19997
       522,     51223,219.947333,       7.8,     377.4,     29182,         0,     10835,       585,    227622,         0,     84516,      4562,     -1140,     -9517,    -10656,     -8889,    -74229,    -83118,     15277,         0,      6126,       519,   5765439,         0,   2311952,    195936,      -388,     -4142,     -4530,   -146432,  -1563229,  -1709661,         0,         0,         0,         0,     30322,     39838,     15665,     19807
       523,     51224,188.281316,         0,      44.7,     28318,         0,     10959,       486,         0,         0,         0,         0,     -1140,    -10350,    -11491,         0,         0,         0,     14868,         0,      6202,       153,    664577,         0,    277207,      6833,      -389,     -4501,     -4890,    -17410,   -201193,   -218604,         0,         0,         0,         0,     29458,     39809,     15257,     19758
       524,     51225, 61.517023,      20.4,      77.2,     29540,         0,     10453,       650,    602615,         0,    213247,     13254,     -1206,     -9099,    -10305,    -24593,   -185620,   -210213,     15451,         0,      5996,       696,   1192824,         0,    462898,     53756,      -422,     -4031,     -4453,    -32584,   -311202,   -343786,         0,         0,         0,         0,     30745,     39844,     15873,     19904
       525,     51226,155.809770,     360.5,      66.5,     29057,         0,     10524,       819,  10475094,         0,   3793988,    295159,     -1204,     -9213,    -10417,   -434125,  -3321128,  -3755253,     15224,         0,      5980,       713,   1012409,         0,    397695,     47446,      -422,     -4063,     -4485,    -28052,   -270184,   -298237,         0,         0,         0,         0,     30261,     39474,     15646,     19709
       526,     51227, 61.916719,      71.9,      50.5,     29106,         0,      9439,       427,   2092720,         0,    678694,     30696,     -1209,     -8904,    -10112,    -86912,   -640169,   -727081,     15261,         0,      5411,       383,    770704,         0,    273272,     19345,      -426,     -3971,     -4396,    -21498,   -200519,   -222017,         0,         0,         0,         0,     30315,     39218,     15687,     19658
       527,     51228,273.751161,      46.6,         0,     25771,         0,      9866,       291,   1200942,         0,    459768,     13574,     -1110,    -11606,    -12717,    -51735,   -540859,   -592595,     13829,         0,      5381,        86,         0,         0,         0,         0,      -368,     -5015,     -5383,         0,         0,         0,         0,         0,         0,         0,     26881,     38488,     14197,     19212
       528,     51229,206.698172,      38.9,     125.8,     27312,         0,      9463,       303,   1062423,         0,    368122,     11783,     -1170,    -10387,    -11557,    -45516,   -404048,   -449564,     14496,         0,      5326,       449,   1823546,         0,    669985,     56480,      -391,     -4591,     -4982,    -49214,   -577542,   -626756,         0,         0,         0,         0,     28482,     38869,     14887,     19478
       529,     51230,110.998273,      12.6,         0,     26513,         0,      9000,        45,    334066,         0,    113403,       572,     -1100,    -12351,    -13452,    -13866,   -155626,   -169492,     14164,         0,      4882,        37,         0,         0,         0,         0,      -368,     -5239,     -5606,         0,         0,         0,         0,         0,         0,         0,     27614,     39965,     14531,     19770
       530,     51231, 63.950997,      20.4,         0,     27425,         0,      9067,        44,    559464,         0,    184969,       896,     -1120,     -9762,    -10881,    -22839,   -199137,   -221976,     14573,         0,      4941,        93,         0,         0,         0,         0,      -368,     -4236,     -4605,         0,         0,         0,         0,         0,         0,         0,     28544,     38306,     14942,     19178
       531,     51232, 93.826780,       3.9,         0,     27446,         0,      8248,       143,    107040,         0,     32167,       556,     -1107,    -10973,    -12081,     -4318,    -42797,    -47115,     14614,         0,      4429,        33,         0,         0,         0,         0,      -362,     -4626,     -4988,         0,         0,         0,         0,         0,         0,         0,     28553,     39527,     14976,     19602
       532,     51233,240.909156,      41.8,      21.5,     27093,         0,      8521,       186,   1132481,         0,    356168,      7776,     -1161,     -9968,    -11129,    -48539,   -416669,   -465208,     14392,         0,      4798,       162,    309424,         0,    103165,      3475,      -390,     -4428,     -4818,     -8375,    -95208,   -103583,         0,         0,         0,         0,     28254,     38222,     14781,     19210
       533,     51234,139.532925,      14.6,       5.0,     26178,         0,      8573,       150,    382198,         0,    125171,      2193,     -1101,    -11862,    -12963,    -16077,   -173184,   -189261,     14024,         0,      4607,        82,     70121,         0,     23037,       409,      -365,     -5088,     -5453,     -1826,    -25440,    -27266,         0,         0,         0,         0,     27279,     39141,     14389,     19477
       534,     51235,165.126588,      32.1,      11.2,     28137,         0,      7722,       144,    903203,         0,    247883,      4621,     -1205,     -8801,    -10007,    -38696,   -282519,   -321215,     14823,         0,      4528,       181,    166014,         0,     50715,      2033,      -422,     -3968,     -4390,     -4723,    -44444,    -49167,         0,         0,         0,         0,     29343,     38144,     15244,     19213
       535,     51236,226.910949,       1.9,      24.8,     27578,         0,      7153,       113,     52398,         0,     13590,       216,     -1111,    -10716,    -11827,     -2111,    -20360,    -22471,     14677,         0,      3774,        38,    363999,         0,     93599,       940,      -364,     -4472,     -4836,     -9029,   -110908,   -119937,         0,         0,         0,         0,     28689,     39405,     15041,     19514
       536,     51237, 45.519834,       1.9,         0,     26791,         0,      8503,        29,     50902,         0,     16155,        56,     -1104,     -9974,    -11078,     -2098,    -18951,    -21048,     14242,         0,      4627,        75,         0,         0,         0,         0,      -366,     -4387,     -4753,         0,         0,         0,         0,         0,         0,         0,     27895,     37869,     14608,     18995
       537,     51238,114.667868,      17.5,         0,     26239,         0,      7834,        96,    459177,         0,    137101,      1679,     -1111,     -9776,    -10887,    -19439,   -171086,   -190525,     14006,         0,      4388,        88,         0,         0,         0,         0,      -368,     -4362,     -4731,         0,         0,         0,         0,         0,         0,         0,     27349,     37126,     14374,     18736
       538,     51239, 63.515586,       3.9,     145.2,     25987,         0,      7327,       155,    101347,         0,     28575,       605,     -1102,    -11756,    -12858,     -4298,    -45847,    -50145,     13908,         0,      3917,        24,   2019444,         0,    568686,      3493,      -367,     -5061,     -5429,    -53320,   -734914,   -788234,         0,         0,         0,         0,     27089,     38844,     14275,     19337
       539,     51240, 77.349700,         0,         0,     25404,         0,      7299,        63,         0,         0,         0,         0,     -1111,    -10269,    -11380,         0,         0,         0,     13560,         0,      3978,        22,         0,         0,         0,         0,      -369,     -4585,     -4954,         0,         0,         0,         0,         0,         0,         0,     26516,     36785,     13929,     18514
       540,     51241,157.634753,      20.4,         0,     26757,         0,      6212,         9,    545844,         0,    126732,       183,     -1195,     -9429,    -10625,    -24388,   -192360,   -216748,     14178,         0,      3736,        68,         0,         0,         0,         0,      -423,     -4287,     -4710,         0,         0,         0,         0,         0,         0,         0,     27953,     37382,     14601,     18888
       541,     51242, 65.602924,         0,         0,     25343,         0,      6983,        12,         0,         0,         0,         0,     -1114,    -10004,    -11118,         0,         0,         0,     13579,         0,      3917,        41,         0,         0,         0,         0,      -368,     -4487,     -4855,         0,         0,         0,         0,         0,         0,         0,     26457,     36461,     13947,     18434
       542,     51243,191.306400,         0,         0,     25959,         0,      5414,        17,         0,         0,         0,         0,     -1100,    -11344,    -12443,         0,         0,         0,     13899,         0,      2788,         2,         0,         0,         0,         0,      -366,     -4821,     -5186,         0,         0,         0,         0,         0,         0,         0,     27059,     38403,     14264,     19085
       543,     51244, 60.599740,         0,         0,     26686,         0,      6146,         5,         0,         0,         0,         0,     -1169,     -8988,    -10157,         0,         0,         0,     14156,         0,      3620,        42,         0,         0,         0,         0,      -404,     -4061,     -4465,         0,         0,         0,         0,         0,         0,         0,     27855,     36843,     14560,     18621
       544,     51245, 52.539581,      16.5,         0,     26776,         0,      4932,        11,    441805,         0,     81374,       176,     -1196,     -9011,    -10207,    -19732,   -148681,   -168413,     14187,         0,      3111,        54,         0,         0,         0,         0,      -423,     -4133,     -4555,         0,         0,         0,         0,         0,         0,         0,     27972,     36983,     14610,     18742
       545,     51246,160.334893,      10.7,      31.0,     26272,         0,      3714,        43,    281107,         0,     39742,       456,     -1094,    -11298,    -12392,    -11708,   -120886,   -132594,     14084,         0,      1896,        46,    436614,         0,     58774,      1431,      -365,     -4671,     -5035,    -11300,   -144796,   -156096,         0,         0,         0,         0,     27366,     38664,     14449,     19120
       546,     51247, 33.626400,       7.8,         0,     26304,         0,      3773,        23,    205172,         0,     29427,       178,     -1206,     -9004,    -10210,     -9405,    -70232,    -79637,     13962,         0,      2510,        48,         0,         0,         0,         0,      -427,     -4162,     -4589,         0,         0,         0,         0,         0,         0,         0,     27510,     36514,     14389,     18551
       547,     51248, 36.297933,      14.6,      11.6,     25481,         0,      2682,        23,    372027,         0,     39160,       333,     -1212,     -9313,    -10524,    -17690,   -135964,   -153654,     13579,         0,      1958,        29,    157512,         0,     22718,       333,      -427,     -4331,     -4758,     -4953,    -50239,    -55191,         0,         0,         0,         0,     26693,     36006,     14006,     18336
       548,     51249,4212.82359,         0,         0,     10281,         0,      1138,         0,         0,         0,         0,         0,      -667,    -23916,    -24583,         0,         0,         0,      6621,         0,       801,         0,         0,         0,         0,         0,      -227,    -10846,    -11073,         0,         0,         0,         0,         0,         0,         0,     10948,     34865,      6848,     17694
       549,     51250,1145.66453,         0,      84.4,     21152,         0,       374,        84,         0,         0,         0,         0,     -1286,    -13828,    -15114,         0,         0,         0,     11664,         0,       231,         0,    984419,         0,     19508,         0,      -455,     -5927,     -6382,    -38434,   -500242,   -538675,         0,         0,         0,         0,     22438,     36266,     12119,     18046
       550,     51251,572.742451,         0,         0,     12917,         0,       475,         0,         0,         0,         0,         0,     -1085,    -20748,    -21833,         0,         0,         0,      7845,         0,       415,         0,         0,         0,         0,         0,      -353,     -9376,     -9730,         0,         0,         0,         0,         0,         0,         0,     14002,     34750,      8198,     17575
       551,     51252,398.524861,       2.9,         0,     17473,         0,       240,         0,     50673,         0,       697,         0,     -1279,    -15639,    -16917,     -3708,    -45353,    -49060,      9921,         0,       199,         3,         0,         0,         0,         0,      -445,     -6932,     -7377,         0,         0,         0,         0,         0,         0,         0,     18752,     34391,     10366,     17298
       552,     51253,497.823617,      16.5,       4.8,     15440,         0,       216,         5,    254759,         0,      3567,        79,     -1248,    -17244,    -18491,    -20586,   -284519,   -305104,      8989,         0,       225,        17,     43149,         0,      1079,        79,      -410,     -7776,     -8187,     -1970,    -37326,    -39296,         0,         0,         0,         0,     16688,     33931,      9400,     17176
       553,     51254,497.983439,       8.7,         0,     17306,         0,       102,         0,    150565,         0,       892,         0,     -1281,    -15545,    -16826,    -11143,   -135246,   -146388,      9842,         0,        81,         9,         0,         0,         0,         0,      -446,     -6729,     -7175,         0,         0,         0,         0,         0,         0,         0,     18587,     34133,     10288,     17017
       554,     51255,527.640878,         0,         0,     16991,         0,       145,         0,         0,         0,         0,         0,     -1276,    -14828,    -16104,         0,         0,         0,      9696,         0,       158,         0,         0,         0,         0,         0,      -444,     -6544,     -6988,         0,         0,         0,         0,         0,         0,         0,     18267,     33095,     10141,     16685
       555,     51256,654.362118,       6.8,         0,     12727,         0,       130,         0,     86543,         0,       882,         0,     -1072,    -18698,    -19770,     -7289,   -127149,   -134438,      7762,         0,       236,         7,         0,         0,         0,         0,      -348,     -8499,     -8847,         0,         0,         0,         0,         0,         0,         0,     13799,     32497,      8110,     16608
       556,     51257,908.462054,       6.8,         0,     13890,         0,       106,         0,     94454,         0,       721,         0,     -1173,    -16795,    -17968,     -7975,   -114206,   -122181,      8285,         0,       200,         7,         0,         0,         0,         0,      -388,     -7554,     -7942,         0,         0,         0,         0,         0,         0,         0,     15063,     31858,      8673,     16228
       557,     51258,285.959454,      84.5,       7.6,     11946,         0,        60,         8,   1009415,         0,      5055,       642,      -989,    -17867,    -18856,    -83606,  -1509760,  -1593366,      7415,         0,       220,        86,     56351,         0,      1672,       655,      -308,     -8126,     -8435,     -2341,    -61761,    -64103,         0,         0,         0,         0,     12935,     30802,      7723,     15849
       558,     51259,1618.13974,      36.9,         0,      9197,         0,        60,         0,    339381,         0,      2201,         0,      -380,    -19566,    -19946,    -14027,   -721972,   -735999,      6025,         0,       219,        38,         0,         0,         0,         0,      -154,     -8986,     -9140,         0,         0,         0,         0,         0,         0,         0,      9577,     29143,      6179,     15165
       559,     51260,426.510433,       2.9,         0,     11103,         0,        56,         3,     32198,         0,       162,        10,      -851,    -17471,    -18322,     -2468,    -50665,    -53132,      7026,         0,       221,        40,         0,         0,         0,         0,      -274,     -7870,     -8144,         0,         0,         0,         0,         0,         0,         0,     11954,     29424,      7300,     15171
       560,     51261, 24.350458,       4.9,         0,     10350,         0,        50,        14,     50717,         0,       246,        67,      -691,    -18362,    -19052,     -3384,    -89972,    -93355,      6662,         0,       220,        37,         0,         0,         0,         0,      -232,     -8343,     -8576,         0,         0,         0,         0,         0,         0,         0,     11041,     29402,      6894,     15238
       561,     51262,931.942557,      38.9,      31.4,      9460,         0,        47,        31,    367977,         0,      1839,      1221,      -415,    -17775,    -18190,    -16146,   -691429,   -707575,      6169,         0,       220,        41,    193721,         0,      6894,      1285,      -169,     -8043,     -8212,     -5299,   -252550,   -257850,         0,         0,         0,         0,      9875,     27649,      6338,     14381
       562,     51263,5563.02605,       1.9,         0,     11115,         0,        65,         0,     21119,         0,       123,         0,      -851,    -16632,    -17483,     -1616,    -31601,    -33217,      7025,         0,       146,         2,         0,         0,         0,         0,      -273,     -7263,     -7536,         0,         0,         0,         0,         0,         0,         0,     11966,     28598,      7298,     14561
       563,     51264,834.003699,      15.5,         0,      7414,         0,        58,         0,    114925,         0,       893,         0,      -131,    -17494,    -17625,     -2027,   -271159,   -273186,      4946,         0,       170,        17,         0,         0,         0,         0,       -79,     -8212,     -8291,         0,         0,         0,         0,         0,         0,         0,      7545,     25039,      5025,     13237
       564,     51265,883.792060,      15.5,         0,      7495,         0,        47,         0,    116175,         0,       731,         0,      -137,    -16368,    -16505,     -2129,   -253704,   -255833,      4998,         0,       158,        17,         0,         0,         0,         0,       -81,     -7617,     -7698,         0,         0,         0,         0,         0,         0,         0,      7633,     24001,      5079,     12697
       565,     51266,832.706408,         0,         0,      6625,         0,        38,         0,         0,         0,         0,         0,      -108,    -16551,    -16659,         0,         0,         0,      4441,         0,       164,         0,         0,         0,         0,         0,       -66,     -7787,     -7852,         0,         0,         0,         0,         0,         0,         0,      6733,     23284,      4507,     12293
       566,     51267,2147.81309,       4.9,       3.6,     22498,         0,      3623,         4,    110239,         0,     17750,        18,      -976,    -17468,    -18444,     -4784,    -85592,    -90376,      7944,         0,       452,         5,     28598,         0,      1629,        18,      -506,     -9867,    -10374,     -1822,    -35523,    -37345,         0,         0,         0,         0,     23474,     40942,      8450,     18317
       567,     51268,1274.95128,      10.7,         0,     14187,         0,       711,         0,    151804,         0,      7610,         0,      -590,    -26788,    -27377,     -6310,   -286628,   -292938,      6669,         0,       305,        11,         0,         0,         0,         0,      -274,    -12263,    -12537,         0,         0,         0,         0,         0,         0,         0,     14777,     41565,      6944,     19206
       568,     51269,1492.12522,         0,         0,     20970,         0,       460,         0,         0,         0,         0,         0,     -1026,    -22973,    -23999,         0,         0,         0,     10834,         0,       417,         0,         0,         0,         0,         0,      -388,     -9429,     -9818,         0,         0,         0,         0,         0,         0,         0,     21996,     44969,     11222,     20651
       569,     51270,3954.90605,         0,         0,     16324,         0,       681,         0,         0,         0,         0,         0,      -761,    -22093,    -22855,         0,         0,         0,      9200,         0,       635,         0,         0,         0,         0,         0,      -232,     -9144,     -9377,         0,         0,         0,         0,         0,         0,         0,     17086,     39179,      9432,     18577
       570,     51271,102.332438,         0,         0,     22779,         0,       493,         0,         0,         0,         0,         0,     -1138,    -12844,    -13982,         0,         0,         0,     12413,         0,       315,         0,         0,         0,         0,         0,      -389,     -5336,     -5725,         0,         0,         0,         0,         0,         0,         0,     23917,     36762,     12802,     18138
       571,     51272,6463.21188,         0,         0,      7958,         0,        59,         0,         0,         0,         0,         0,      -218,    -27603,    -27820,         0,         0,         0,      5248,         0,        27,         0,         0,         0,         0,         0,      -108,    -12021,    -12129,         0,         0,         0,         0,         0,         0,         0,      8176,     35778,      5356,     17377
       572,     51273,122.129988,         0,         0,     13222,         0,        42,         0,         0,         0,         0,         0,     -1120,    -18966,    -20087,         0,         0,         0,      7969,         0,        35,         9,         0,         0,         0,         0,      -365,     -8137,     -8503,         0,         0,         0,         0,         0,         0,         0,     14343,     33309,      8335,     16472
       573,     51274,516.024140,      22.3,         0,     11850,         0,        24,         0,    264250,         0,       534,         0,      -983,    -19450,    -20434,    -21927,   -433745,   -455672,      7348,         0,        30,        22,         0,         0,         0,         0,      -305,     -8291,     -8596,         0,         0,         0,         0,         0,         0,         0,     12833,     32283,      7653,     15943
       574,     51275,141.789667,         0,         0,     13644,         0,        38,         0,         0,         0,         0,         0,     -1155,    -18033,    -19188,         0,         0,         0,      8159,         0,        35,        11,         0,         0,         0,         0,      -382,     -7726,     -8107,         0,         0,         0,         0,         0,         0,         0,     14799,     32832,      8540,     16266
       575,     51276, 97.436673,         0,         0,     12111,         0,        15,         0,         0,         0,         0,         0,     -1013,    -17917,    -18930,         0,         0,         0,      7465,         0,        30,         6,         0,         0,         0,         0,      -318,     -7607,     -7925,         0,         0,         0,         0,         0,         0,         0,     13123,     31041,      7783,     15390
       576,     51277,322.251432,         0,         0,     10509,         0,         1,         0,         0,         0,         0,         0,      -741,    -19361,    -20101,         0,         0,         0,      6711,         0,        27,         0,         0,         0,         0,         0,      -244,     -8177,     -8421,         0,         0,         0,         0,         0,         0,         0,     11250,     30611,      6955,     15132
       577,     51278,6760.29904,      15.5,         0,      9509,         0,        60,         0,    147391,         0,       931,         0,      -543,    -21367,    -21911,     -8421,   -331196,   -339617,      6304,         0,       287,        16,         0,         0,         0,         0,      -185,     -9990,    -10175,         0,         0,         0,         0,         0,         0,         0,     10052,     31420,      6489,     16479
       578,     51279,940.320649,       3.9,         0,     18467,         0,       196,         0,     72020,         0,       766,         0,     -1068,    -15787,    -16854,     -4164,    -61569,    -65732,     10429,         0,       490,         4,         0,         0,         0,         0,      -367,     -7470,     -7837,         0,         0,         0,         0,         0,         0,         0,     19534,     35321,     10796,     18265
       579,     51280,429.635092,       2.9,         0,     12125,         0,        59,         0,     35162,         0,       171,         0,      -893,    -17810,    -18704,     -2591,    -51650,    -54241,      7514,         0,       335,         3,         0,         0,         0,         0,      -286,     -8421,     -8708,         0,         0,         0,         0,         0,         0,         0,     13018,     30828,      7801,     16222
       580,     51281,376.255091,       3.9,         0,     14712,         0,       120,         0,     57378,         0,       467,         0,     -1034,    -16776,    -17810,     -4032,    -65428,    -69460,      8683,         0,       396,         4,         0,         0,         0,         0,      -333,     -7984,     -8317,         0,         0,         0,         0,         0,         0,         0,     15746,     32523,      9016,     16999
       581,     51282,655.270531,      48.6,      18.2,     20520,         0,       306,        18,    997264,         0,     14854,       885,     -1087,    -13590,    -14678,    -52842,   -660488,   -713330,     11390,         0,       695,        49,    207304,         0,     12644,       885,      -370,     -6422,     -6792,     -6738,   -116885,   -123623,         0,         0,         0,         0,     21607,     35197,     11761,     18183
       582,     51283,1108.43117,     187.5,       7.3,     16275,         0,       161,         7,   3051481,         0,     30124,      1369,     -1057,    -15055,    -16113,   -198258,  -2822894,  -3021152,      9397,         0,       455,       188,     68595,         0,      3318,      1369,      -359,     -7171,     -7530,     -2622,    -52347,    -54969,         0,         0,         0,         0,     17332,     32387,      9756,     16927
       583,     51284,937.722738,         0,         0,     21144,         0,       643,         0,         0,         0,         0,         0,     -1080,    -13714,    -14794,         0,         0,         0,     11698,         0,      1070,         0,         0,         0,         0,         0,      -365,     -6400,     -6765,         0,         0,         0,         0,         0,         0,         0,     22224,     35938,     12063,     18463
       584,     51285,301.969051,         0,         0,     12381,         0,        51,         0,         0,         0,         0,         0,      -910,    -16652,    -17562,         0,         0,         0,      7630,         0,       352,         1,         0,         0,         0,         0,      -293,     -7900,     -8192,         0,         0,         0,         0,         0,         0,         0,     13291,     29943,      7923,     15822
       585,     51286,630.858186,         0,         0,     12711,         0,        81,         0,         0,         0,         0,         0,      -912,    -13589,    -14501,         0,         0,         0,      7738,         0,       384,         0,         0,         0,         0,         0,      -293,     -6473,     -6766,         0,         0,         0,         0,         0,         0,         0,     13622,     27212,      8031,     14504
       586,     51287,3070.67821,         0,         0,     15247,         0,       160,         0,         0,         0,         0,         0,     -1028,    -13698,    -14726,         0,         0,         0,      8897,         0,       452,         0,         0,         0,         0,         0,      -338,     -6560,     -6898,         0,         0,         0,         0,         0,         0,         0,     16275,     29973,      9234,     15795
       587,     51288,2124.33928,      95.2,         0,      8848,         0,        10,         0,    842284,         0,       952,         0,      -357,    -14537,    -14894,    -34009,  -1383917,  -1417926,      5955,         0,       244,        95,         0,         0,         0,         0,      -146,     -6797,     -6942,         0,         0,         0,         0,         0,         0,         0,      9205,     23742,      6101,     12897
       588,     51289,3697.46112,         0,         0,      3860,         0,         1,         0,         0,         0,         0,         0,       -71,    -17614,    -17684,         0,         0,         0,      2749,         0,        97,         0,         0,         0,         0,         0,       -51,     -9108,     -9159,         0,         0,         0,         0,         0,         0,         0,      3930,     21544,      2801,     11909
       589,     51290,6444.14402,       2.9,         0,     11377,         0,        27,         0,     32993,         0,        79,         0,      -889,    -12866,    -13756,     -2579,    -37313,    -39892,      6980,         0,         7,         3,         0,         0,         0,         0,      -276,     -6292,     -6568,         0,         0,         0,         0,         0,         0,         0,     12266,     25133,      7256,     13548
       590,     51291,10051.9630,       2.9,      43.4,     11807,         0,        48,        43,     34240,         0,       138,       126,      -936,    -13840,    -14776,     -2715,    -40137,    -42852,      7173,         0,        38,         3,    311313,         0,      1663,       126,      -294,     -6652,     -6947,    -12778,   -288715,   -301493,         0,         0,         0,         0,     12743,     26583,      7468,     14120
       591,     51292,7694.28847,         0,         0,      5759,         0,        38,         0,         0,         0,         0,         0,       -90,    -14340,    -14430,         0,         0,         0,      3856,         0,        50,         0,         0,         0,         0,         0,       -65,     -7102,     -7166,         0,         0,         0,         0,         0,         0,         0,      5849,     20189,      3921,     11022
       592,     51293,3980.87163,         0,         0,      5007,         0,         7,         0,         0,         0,         0,         0,       -89,    -10799,    -10887,         0,         0,         0,      3332,         0,        25,         0,         0,         0,         0,         0,       -63,     -5377,     -5440,         0,         0,         0,         0,         0,         0,         0,      5096,     15894,      3394,      8771
       593,     51294,12010.3982,         0,         0,      4291,         0,         0,         0,         0,         0,         0,         0,       -90,     -5281,     -5371,         0,         0,         0,      2720,         0,         0,         0,         0,         0,         0,         0,       -61,     -3313,     -3374,         0,         0,         0,         0,         0,         0,         0,      4381,      9662,      2782,      6095
       594,     51295,43003.0581,      13.6,         0,       134,         0,         0,         0,      1825,         0,         0,         0,        -0,     -4442,     -4442,        -5,    -60406,    -60411,       197,         0,        14,        14,         0,         0,         0,         0,        -0,     -3600,     -3600,         0,         0,         0,         0,         0,         0,         0,       135,      4576,       197,      3797
       595,     51296,22437.1821,       1.9,         0,       819,         0,         0,         0,      1556,         0,         0,         0,        -1,    -15804,    -15805,        -2,    -30028,    -30030,       759,         0,         2,         2,         0,         0,         0,         0,        -1,     -8825,     -8826,         0,         0,         0,         0,         0,         0,         0,       820,     16624,       760,      9585
       596,     51297,40245.4339,         0,         0,         0,         0,         0,         0,         0,         0,         0,         0,         0,     -1325,     -1325,         0,         0,         0,         3,         0,         0,         0,         0,         0,         0,         0,         0,     -1418,     -1418,         0,         0,         0,         0,         0,         0,         0,         0,      1325,         3,      1420
       597,     51298,1378.90442,         0,         0,         1,         0,         0,         0,         0,         0,         0,         0,        -0,     -4466,     -4466,         0,         0,         0,        14,         0,         0,         0,         0,         0,         0,         0,        -0,     -3422,     -3422,         0,         0,         0,         0,         0,         0,         0,         1,      4467,        14,      3437
       598,     51299,22622.7377,         0,         0,      2331,         0,         0,         0,         0,         0,         0,         0,       -63,    -10603,    -10666,         0,         0,         0,      1440,         0,         0,         0,         0,         0,         0,         0,       -30,     -6363,     -6393,         0,         0,         0,         0,         0,         0,         0,      2394,     12997,      1470,      7833
       599,     51300,37380.8087,         0,         0,         0,         0,         0,         0,         0,         0,         0,         0,         0,      -980,      -980,         0,         0,         0,         2,         0,         0,         0,         0,         0,         0,         0,        -0,     -1018,     -1018,         0,         0,         0,         0,         0,         0,         0,         0,       980,         2,      1020
       600,     51301,26571.2662,         0,         0,         0,         0,         0,         0,         0,         0,         0,         0,         0,     -4033,     -4033,         0,         0,         0,         8,         0,         0,         0,         0,         0,         0,         0,        -0,     -2926,     -2926,         0,         0,         0,         0,         0,         0,         0,         0,      4033,         8,      2934
       601,     51302,4479.66025,         0,         0,       154,         0,         0,         0,         0,         0,         0,         0,       -10,     -3070,     -3080,         0,         0,         0,       150,         0,         7,         0,         0,         0,         0,         0,        -3,     -2229,     -2231,         0,         0,         0,         0,         0,         0,         0,       164,      3234,       152,      2381
       602,     51303,2776.90233,         0,         0,      3565,         0,         0,         0,         0,         0,         0,         0,       -83,     -1929,     -2011,         0,         0,         0,      2230,         0,         0,         0,         0,         0,         0,         0,       -57,     -1758,     -1815,         0,         0,         0,         0,         0,         0,         0,      3647,      5576,      2287,      4045
       603,     51304,1082.63550,         0,         0,         0,         0,         0,         0,         0,         0,         0,         0,         0,      -297,      -297,         0,         0,         0,         1,         0,         8,         0,         0,         0,         0,         0,        -0,      -447,      -447,         0,         0,         0,         0,         0,         0,         0,         0,       297,         1,       448
       604,     51305,9670.32081,         0,         0,         0,         0,         0,         0,         0,         0,         0,         0,         0,      -136,      -136,         0,         0,         0,         8,         0,         1,         0,         0,         0,         0,         0,        -0,      -260,      -260,         0,         0,         0,         0,         0,         0,         0,         0,       136,         8,       268
       605,     51306,8761.79843,      11.7,         0,        73,         0,         0,         0,       849,         0,         0,         0,        -2,     -1837,     -1839,       -20,    -21496,    -21515,        75,         0,        12,        12,         0,         0,         0,         0,        -1,     -1395,     -1396,         0,         0,         0,         0,         0,         0,         0,        74,      1911,        76,      1471
       606,     51307,4852.01932,       1.0,         0,        14,         0,         0,         0,        14,         0,         0,         0,        -0,      -563,      -563,        -0,      -563,      -563,        21,         0,         4,         1,         0,         0,         0,         0,        -0,      -604,      -604,         0,         0,         0,         0,         0,         0,         0,        14,       577,        21,       625
       607,     51308,24121.7946,         0,         0,        21,         0,         0,         0,         0,         0,         0,         0,        -0,     -1705,     -1705,         0,         0,         0,        20,         0,         0,         0,         0,         0,         0,         0,        -0,     -1325,     -1325,         0,         0,         0,         0,         0,         0,         0,        21,      1726,        20,      1345
       608,     51309,41897.7849,         0,         0,         0,         0,         0,         0,         0,         0,         0,         0,         0,         0,         0,         0,         0,         0,         0,         0,         0,         0,         0,         0,         0,         0,         0,       -13,       -13,         0,         0,         0,         0,         0,         0,         0,         0,         0,         0,        13
       609,     51310,38227.5936,         0,         0,         0,         0,         0,         0,         0,         0,         0,         0,         0,         0,         0,         0,         0,         0,         1,         0,         0,         0,         0,         0,         0,         0,         0,        -4,        -4,         0,         0,         0,         0,         0,         0,         0,         0,         0,         1,         5
       610,     51311, 52.908520,         0,      96.6,     30511,         0,     11172,      1707,         0,         0,         0,         0,     -1185,     -8959,    -10144,         0,         0,         0,     15874,         0,      6476,       714,   1533398,         0,    625575,     69019,      -412,     -3932,     -4344,    -39764,   -379874,   -419638,         0,         0,         0,         0,     31696,     40656,     16285,     20218
       611,     51312, 38.230256,      74.8,      57.2,     31445,         0,     11365,      2633,   2352093,         0,    850115,    196962,     -1148,     -8626,     -9774,    -85873,   -645207,   -731080,     16304,         0,      6661,       740,    932609,         0,    381017,     42321,      -394,     -3742,     -4136,    -22519,   -214057,   -236577,         0,         0,         0,         0,     32593,     41219,     16698,     20440
       612,     51313, 14.198787,       1.9,      34.7,     29626,         0,     11516,      2734,     56289,         0,     21880,      5195,     -1124,     -9584,    -10708,     -2135,    -18210,    -20345,     15508,         0,      6758,       689,    538138,         0,    234510,     23923,      -378,     -4105,     -4483,    -13116,   -142460,   -155576,         0,         0,         0,         0,     30749,     40334,     15886,     19992
       613,     51314, 30.861979,       1.9,         0,     31860,         0,     11882,       631,     60534,         0,     22576,      1198,     -1198,    -10276,    -11474,     -2276,    -19525,    -21801,     16523,         0,      7012,       165,         0,         0,         0,         0,      -404,     -4269,     -4673,         0,         0,         0,         0,         0,         0,         0,     33058,     43334,     16927,     21196
       614,     51315, 30.304373,       1.9,      14.5,     30626,         0,     11748,       749,     58190,         0,     22321,      1424,     -1080,    -10362,    -11442,     -2052,    -19688,    -21740,     15987,         0,      6873,       290,    231810,         0,     99664,      4202,      -357,     -4320,     -4677,     -5181,    -62633,    -67815,         0,         0,         0,         0,     31707,     42069,     16344,     20664
