TAZID,CO_TAZID,DevAcres,HH,Job,Job_byAuto,Job_byTran,Job_byBike,Job_byWalk,act_Job_byAuto,act_Job_byTran,act_Job_byBike,act_Job_byWalk,Loss_Job_Cong,Loss_Job_Net,Loss_Job_Abs,act_Loss_Job_Cong,act_Loss_Job_Net,act_Loss_Job_Abs,HH_byAuto,HH_byTran,HH_byBike,HH_byWalk,act_HH_byAuto,act_HH_byTran,act_HH_byBike,act_HH_byWalk,Loss_HH_Cong,Loss_HH_Net,Loss_HH_Abs,act_Loss_HH_Cong,act_Loss_HH_Net,act_Loss_HH_Abs,tmp_Job_byTran_wk,tmp_Job_byTran_dr,tmp_HH_byTran_wk,tmp_HH_byTran_dr,tmp_Job_byAuto_FF,tmp_Job_byAuto_SL,tmp_HH_byAuto_FF,tmp_HH_byAuto_SL
         1,     21001,114466.770,      16.3,         0,        28,         0,         0,         0,       462,         0,         0,         0,         0,       -31,       -31,         0,      -509,      -509,        82,         0,        16,        16,         0,         0,         0,         0,         0,      -102,      -102,         0,         0,         0,         0,         0,         0,         0,        28,        60,        82,       184
         2,     21002,196091.136,      12.5,      13.9,        49,         0,        14,        14,       617,         0,       174,       174,         0,      -138,      -138,         0,     -1730,     -1730,       134,         0,        13,        13,      1864,         0,       174,       174,        -0,      -157,      -157,        -0,     -2184,     -2184,         0,         0,         0,         0,        49,       188,       134,       291
         3,     21003,60068.9321,         0,         0,         0,         0,         0,         0,         0,         0,         0,         0,         0,       -36,       -36,         0,         0,         0,         0,         0,         0,         0,         0,         0,         0,         0,         0,       -96,       -96,         0,         0,         0,         0,         0,         0,         0,         0,        36,         0,        96
         4,     21004,104938.051,         0,         0,         0,         0,         0,         0,         0,         0,         0,         0,         0,       -56,       -56,         0,         0,         0,         4,         0,         0,         0,         0,         0,         0,         0,         0,      -153,      -153,         0,         0,         0,         0,         0,         0,         0,         0,        56,         4,       157
         5,     21005,16771.1668,      12.5,         0,        61,         0,         0,         0,       763,         0,         0,         0,         0,       -40,       -40,         0,      -501,      -501,       156,         0,        13,        13,         0,         0,         0,         0,         0,      -118,      -118,         0,         0,         0,         0,         0,         0,         0,        61,       101,       156,       274
         6,     21006,34075.6427,      52.8,         0,        38,         0,         8,         0,      2011,         0,       429,         0,        -0,       -96,       -96,        -1,     -5093,     -5094,       146,         0,        81,        53,         0,         0,         0,         0,        -0,      -143,      -143,         0,         0,         0,         0,         0,         0,         0,        38,       135,       146,       288
         7,     21007,69912.1193,      10.6,         0,        49,         0,         0,         0,       523,         0,         0,         0,         0,      -426,      -426,         0,     -4516,     -4516,       130,         0,        11,        11,         0,         0,         0,         0,        -0,      -505,      -505,         0,         0,         0,         0,         0,         0,         0,        49,       475,       130,       635
         8,     21008,24878.3272,      86.4,      24.6,        62,         0,        25,        25,      5331,         0,      2125,      2125,         0,       -99,       -99,         0,     -8565,     -8565,       198,         0,       104,        86,      4879,         0,      2554,      2125,        -0,      -123,      -123,        -0,     -3035,     -3035,         0,         0,         0,         0,        62,       161,       198,       322
         9,     21009,41348.0855,      77.7,      56.2,       101,         0,        56,        56,      7845,         0,      4367,      4367,        -0,     -2583,     -2583,        -1,   -200669,   -200670,       232,         0,        78,        78,     13044,         0,      4367,      4367,        -0,     -2110,     -2110,        -1,   -118606,   -118607,         0,         0,         0,         0,       101,      2684,       232,      2343
        10,     21010,15444.9901,      14.4,      13.9,       102,         0,        28,        14,      1473,         0,       404,       200,        -0,      -208,      -208,        -0,     -2992,     -2992,       242,         0,        47,        14,      3361,         0,       655,       200,        -0,      -362,      -362,        -0,     -5028,     -5028,         0,         0,         0,         0,       102,       310,       242,       604
        11,     21011,20242.5975,     127.6,      55.1,       137,         0,        59,        55,     17427,         0,      7486,      7031,        -0,     -1263,     -1263,       -12,   -161187,   -161199,       311,         0,       131,       128,     17116,         0,      7234,      7031,        -0,     -1149,     -1150,        -7,    -63332,    -63338,         0,         0,         0,         0,       137,      1400,       311,      1460
        12,     21012,34953.5015,         0,         0,         6,         0,         0,         0,         0,         0,         0,         0,         0,     -5847,     -5847,         0,         0,         0,        38,         0,         0,         0,         0,         0,         0,         0,        -0,     -4388,     -4388,         0,         0,         0,         0,         0,         0,         0,         6,      5853,        38,      4426
        13,     21013,21068.9554,         0,      27.9,     10876,         0,        28,        28,         0,         0,         0,         0,       -69,     -4936,     -5005,         0,         0,         0,      6941,         0,         1,         0,    193652,         0,        25,         0,       -42,     -4508,     -4549,     -1160,   -125771,   -126930,         0,         0,         0,         0,     10944,     15881,      6982,     11490
        14,     21014,13106.4505,       6.7,         0,      1447,         0,         0,         0,      9697,         0,         0,         0,       -57,     -5155,     -5212,      -382,    -34537,    -34918,      1168,         0,         7,         7,         0,         0,         0,         0,       -22,     -3733,     -3755,         0,         0,         0,         0,         0,         0,         0,      1504,      6659,      1190,      4923
        15,     21015,15008.6417,      34.5,         0,      5546,         0,         0,         0,    191321,         0,         0,         0,       -72,     -7323,     -7396,     -2494,   -252655,   -255149,      3539,         0,        39,        35,         0,         0,         0,         0,       -41,     -5561,     -5602,         0,         0,         0,         0,         0,         0,         0,      5618,     12941,      3580,      9141
        16,     21016,15453.1016,       2.9,         0,     13885,         0,        24,         0,     40267,         0,        70,         0,       -72,     -4523,     -4595,      -209,    -13118,    -13327,      9232,         0,        69,         3,         0,         0,         0,         0,       -45,     -3778,     -3824,         0,         0,         0,         0,         0,         0,         0,     13957,     18480,      9277,     13056
        17,     21017,9427.45191,      44.1,         0,      6214,         0,         0,         0,    274050,         0,         0,         0,       -73,     -2701,     -2774,     -3222,   -119119,   -122341,      4002,         0,        48,        44,         0,         0,         0,         0,       -43,     -2338,     -2381,         0,         0,         0,         0,         0,         0,         0,      6287,      8988,      4045,      6383
        18,     21018,24339.3097,      14.4,         0,      7497,         0,         0,         0,    107956,         0,         0,         0,       -72,     -5550,     -5622,     -1037,    -79925,    -80962,      4864,         0,        14,        14,         0,         0,         0,         0,       -44,     -4145,     -4189,         0,         0,         0,         0,         0,         0,         0,      7569,     13119,      4908,      9053
        19,     21019,31503.2386,         0,         0,         0,         0,         0,         0,         0,         0,         0,         0,         0,        -3,        -3,         0,         0,         0,         0,         0,         0,         0,         0,         0,         0,         0,         0,        -5,        -5,         0,         0,         0,         0,         0,         0,         0,         0,         3,         0,         5
        20,     21020,224093.341,       2.9,         0,      2318,         0,         0,         0,      6722,         0,         0,         0,       -72,     -4725,     -4797,      -209,    -13702,    -13911,      2377,         0,         3,         3,         0,         0,         0,         0,       -34,     -3423,     -3457,         0,         0,         0,         0,         0,         0,         0,      2390,      7115,      2412,      5834
        21,     21021,114873.326,       1.9,     149.8,      3616,         0,       150,       150,      6871,         0,       285,       285,       -66,     -5698,     -5764,      -125,    -10826,    -10951,      2300,         0,         2,         2,    344518,         0,       285,       285,       -34,     -4669,     -4703,     -5126,   -699386,   -704512,         0,         0,         0,         0,      3682,      9380,      2334,      7003
        22,     21022,7538.00115,       1.9,         0,     14704,         0,        15,         0,     27937,         0,        28,         0,      -150,     -3275,     -3425,      -285,     -6222,     -6507,     10883,         0,         9,         2,         0,         0,         0,         0,       -85,     -2695,     -2780,         0,         0,         0,         0,         0,         0,         0,     14854,     18128,     10967,     13662
        23,     21023,2675.70212,      11.5,       5.6,     14924,         0,       148,         6,    171625,         0,      1699,        64,       -75,     -3917,     -3992,      -867,    -45043,    -45911,     11146,         0,       239,        12,     62418,         0,      1340,        64,       -43,     -2743,     -2786,      -241,    -15363,    -15604,         0,         0,         0,         0,     14999,     18916,     11189,     13932
        24,     21024,3162.79457,       4.8,         0,     15740,         0,       266,         0,     75552,         0,      1278,         0,       -92,     -3846,     -3938,      -442,    -18459,    -18900,     11802,         0,       475,         5,         0,         0,         0,         0,       -48,     -2727,     -2775,         0,         0,         0,         0,         0,         0,         0,     15832,     19678,     11850,     14577
        25,     21025,2927.29804,       5.8,      10.3,     18065,         0,       478,        10,    104779,         0,      2774,        60,      -144,     -2895,     -3039,      -836,    -16791,    -17627,     13327,         0,      1072,         6,    137272,         0,     11044,        60,       -83,     -2089,     -2172,      -855,    -21521,    -22377,         0,         0,         0,         0,     18209,     21104,     13410,     15500
        26,     21026,2992.72361,       4.8,         0,     18319,         0,       545,         0,     87931,         0,      2617,         0,      -150,     -3208,     -3358,      -721,    -15398,    -16119,     13479,         0,      1447,         5,         0,         0,         0,         0,       -86,     -2289,     -2374,         0,         0,         0,         0,         0,         0,         0,     18469,     21677,     13565,     15854
        27,     21027,1127.87412,       7.7,       5.6,     15471,         0,       224,         6,    119125,         0,      1721,        43,       -74,     -4376,     -4451,      -571,    -33698,    -34269,     11549,         0,       377,         8,     64677,         0,      2112,        43,       -43,     -2933,     -2976,      -240,    -16423,    -16663,         0,         0,         0,         0,     15545,     19921,     11592,     14525
        28,     21028,373.619383,       7.7,         0,     17317,         0,       328,         0,    133342,         0,      2525,         0,       -75,     -3614,     -3689,      -580,    -27828,    -28408,     12859,         0,       644,        21,         0,         0,         0,         0,       -43,     -2419,     -2462,         0,         0,         0,         0,         0,         0,         0,     17392,     21007,     12901,     15320
        29,     21029,480.559834,      20.2,         0,     17886,         0,       397,        10,    361291,         0,      8016,       207,       -75,     -3498,     -3573,     -1506,    -70666,    -72172,     13268,         0,       879,        49,         0,         0,         0,         0,       -43,     -2258,     -2301,         0,         0,         0,         0,         0,         0,         0,     17960,     21459,     13311,     15569
        30,     21030,531.556819,       1.0,         0,     16950,         0,       533,         0,     16950,         0,       533,         0,       -76,     -4512,     -4589,       -76,     -4512,     -4589,     12596,         0,      1106,        13,         0,         0,         0,         0,       -43,     -2991,     -3034,         0,         0,         0,         0,         0,         0,         0,     17026,     21538,     12640,     15630
        31,     21031,524.691448,      72.0,       1.5,     18405,         0,       719,         2,   1325164,         0,     51756,       108,      -112,     -3313,     -3425,     -8067,   -238533,   -246600,     13627,         0,      1655,        72,     20441,         0,      2483,       108,       -57,     -2197,     -2254,       -85,     -3296,     -3381,         0,         0,         0,         0,     18517,     21830,     13684,     15881
        32,     21032,681.446159,      20.2,      26.7,     19172,         0,       836,        27,    387264,         0,     16878,       539,      -149,     -2948,     -3097,     -3017,    -59541,    -62558,     14113,         0,      2050,        20,    376809,         0,     54739,       539,       -78,     -1832,     -1910,     -2085,    -48922,    -51007,         0,         0,         0,         0,     19321,     22268,     14191,     16023
        33,     21033,346.749638,         0,         0,     19988,         0,       892,        50,         0,         0,         0,         0,      -151,     -2416,     -2566,         0,         0,         0,     14575,         0,      2288,         6,         0,         0,         0,         0,       -85,     -1658,     -1743,         0,         0,         0,         0,         0,         0,         0,     20139,     22555,     14660,     16318
        34,     21034,476.347307,       3.8,      83.6,     20268,         0,       872,        84,     77017,         0,      3314,       318,      -151,     -2370,     -2520,      -572,     -9005,     -9577,     14752,         0,      2325,         4,   1233289,         0,    194336,       318,       -83,     -1610,     -1694,     -6959,   -134631,   -141591,         0,         0,         0,         0,     20418,     22788,     14836,     16446
        35,     21035,693.694056,         0,      10.7,     20176,         0,       824,        20,         0,         0,         0,         0,      -151,     -2413,     -2564,         0,         0,         0,     14702,         0,      2314,         1,    157308,         0,     24764,        11,       -84,     -1627,     -1712,      -901,    -17413,    -18313,         0,         0,         0,         0,     20327,     22741,     14786,     16413
        36,     21036,262.119661,       1.0,       2.8,     17622,         0,       751,         3,     17622,         0,       751,         3,      -261,     -3147,     -3408,      -261,     -3147,     -3408,     13140,         0,      2077,        38,     36792,         0,      5816,       106,      -148,     -2065,     -2213,      -415,     -5783,     -6198,         0,         0,         0,         0,     17883,     21030,     13288,     15353
        37,     21037,167.334310,      46.1,         0,     18399,         0,       713,         3,    848196,         0,     32861,       147,      -261,     -2425,     -2687,    -12038,   -111815,   -123853,     13657,         0,      1985,       153,         0,         0,         0,         0,      -148,     -1581,     -1729,         0,         0,         0,         0,         0,         0,         0,     18660,     21086,     13805,     15386
        38,     21038,609.154491,         0,         0,     16516,         0,       269,         0,         0,         0,         0,         0,       -76,     -4457,     -4533,         0,         0,         0,     12311,         0,       546,         0,         0,         0,         0,         0,       -43,     -2842,     -2885,         0,         0,         0,         0,         0,         0,         0,     16592,     21049,     12354,     15196
        39,     21039,538.188865,      32.6,      14.3,     18519,         0,       463,       168,    603719,         0,     15092,      5485,       -76,     -3268,     -3344,     -2476,   -106541,   -109017,     13711,         0,      1126,        69,    196073,         0,     16097,       993,       -43,     -2025,     -2068,      -617,    -28958,    -29575,         0,         0,         0,         0,     18595,     21863,     13755,     15780
        40,     21040,580.870931,      27.8,     191.7,     19019,         0,       516,       203,    528729,         0,     14342,      5649,       -76,     -3355,     -3431,     -2110,    -93260,    -95370,     14055,         0,      1350,        54,   2694432,         0,    258866,     10348,       -43,     -2004,     -2046,     -8178,   -384082,   -392260,         0,         0,         0,         0,     19095,     22450,     14098,     16102
        41,     21041,649.350486,     259.1,      16.4,     19732,         0,       955,        16,   5112464,         0,    247321,      4249,      -109,     -2779,     -2887,    -28190,   -719917,   -748107,     14546,         0,      2192,       259,    238547,         0,     35955,      4249,       -54,     -1658,     -1713,      -888,    -27198,    -28086,         0,         0,         0,         0,     19840,     22619,     14600,     16258
        42,     21042,650.698625,      41.3,       6.4,     20118,         0,      1310,         6,    830862,         0,     54120,       264,      -207,     -2943,     -3150,     -8539,   -121562,   -130101,     14762,         0,      2981,        42,     94477,         0,     19075,       271,       -83,     -1633,     -1716,      -532,    -10450,    -10982,         0,         0,         0,         0,     20324,     23268,     14845,     16478
        43,     21043,324.656767,       5.8,         0,     20938,         0,      1424,         3,    121441,         0,      8257,        18,      -140,     -2401,     -2542,      -815,    -13926,    -14741,     15162,         0,      3330,        45,         0,         0,         0,         0,       -75,     -1503,     -1578,         0,         0,         0,         0,         0,         0,         0,     21079,     23480,     15237,     16739
        44,     21044,163.861680,         0,         0,     21250,         0,      1262,        54,         0,         0,         0,         0,      -147,     -1859,     -2006,         0,         0,         0,     15343,         0,      3133,        51,         0,         0,         0,         0,       -80,     -1250,     -1330,         0,         0,         0,         0,         0,         0,         0,     21397,     23256,     15423,     16673
        45,     21045,241.966112,      11.5,      96.2,     21143,         0,      1192,       178,    243143,         0,     13708,      2052,      -147,     -1876,     -2023,     -1692,    -21572,    -23264,     15281,         0,      3044,        64,   1469993,         0,    292857,      6142,       -80,     -1262,     -1341,     -7685,   -121365,   -129050,         0,         0,         0,         0,     21290,     23166,     15360,     16622
        46,     21046,161.055476,         0,         0,     19701,         0,      1063,        65,         0,         0,         0,         0,      -155,     -2620,     -2775,         0,         0,         0,     14439,         0,      2774,       107,         0,         0,         0,         0,       -85,     -1593,     -1678,         0,         0,         0,         0,         0,         0,         0,     19856,     22476,     14524,     16117
        47,     21047,143.816837,      17.3,         0,     18883,         0,       935,        21,    326674,         0,     16172,       359,      -259,     -2644,     -2903,     -4487,    -45733,    -50219,     13963,         0,      2477,       296,         0,         0,         0,         0,      -148,     -1656,     -1804,         0,         0,         0,         0,         0,         0,         0,     19142,     21786,     14111,     15767
        48,     21048,171.033878,      49.9,       2.9,     21550,         0,      1615,        58,   1075354,         0,     80564,      2907,      -150,     -2058,     -2208,     -7500,   -102677,   -110177,     15509,         0,      3651,        90,     44976,         0,     10588,       261,       -99,     -1297,     -1397,      -288,     -3762,     -4050,         0,         0,         0,         0,     21700,     23758,     15608,     16905
        49,     21049,245.500651,      60.5,     102.3,     21250,         0,      1504,       248,   1285638,         0,     90965,     15012,      -143,     -2059,     -2202,     -8645,   -124592,   -133237,     15361,         0,      3504,       260,   1571474,         0,    358447,     26587,       -76,     -1175,     -1251,     -7784,   -120203,   -127987,         0,         0,         0,         0,     21393,     23452,     15438,     16613
        50,     21050,161.983560,      24.0,       2.9,     20539,         0,      1323,       121,    492946,         0,     31759,      2914,      -158,     -2584,     -2741,     -3784,    -62005,    -65789,     14988,         0,      3200,       463,     43465,         0,      9280,      1341,       -85,     -1450,     -1535,      -247,     -4204,     -4451,         0,         0,         0,         0,     20697,     23281,     15073,     16523
        51,     21051,147.743944,     157.4,      20.6,     19951,         0,      1166,        84,   3140232,         0,    183487,     13258,      -249,     -2445,     -2694,    -39216,   -384814,   -424030,     14662,         0,      2882,       605,    302034,         0,     59370,     12462,      -139,     -1413,     -1552,     -2868,    -29103,    -31971,         0,         0,         0,         0,     20200,     22645,     14801,     16214
        52,     21052,256.476538,     255.2,       4.9,     19559,         0,       985,        25,   4991378,         0,    251349,      6434,      -260,     -2368,     -2628,    -66284,   -604280,   -670564,     14409,         0,      2496,       432,     70605,         0,     12228,      2117,      -146,     -1419,     -1565,      -717,     -6953,     -7670,         0,         0,         0,         0,     19818,     22186,     14556,     15974
        53,     21053,243.541212,      32.6,         0,     19854,         0,       672,         2,    647241,         0,     21920,        61,      -183,     -2170,     -2354,     -5979,    -70757,    -76735,     14623,         0,      1924,       143,         0,         0,         0,         0,      -103,     -1271,     -1374,         0,         0,         0,         0,         0,         0,         0,     20037,     22208,     14727,     15997
        54,     21054,473.820349,       8.6,       2.9,     14113,         0,       260,         3,    121375,         0,      2234,        25,       -75,     -7134,     -7209,      -644,    -61354,    -61998,     10582,         0,       437,         9,     30687,         0,      1268,        25,       -43,     -4590,     -4633,      -124,    -13312,    -13436,         0,         0,         0,         0,     14188,     21322,     10624,     15215
        55,     21055,327.379062,       1.9,         0,     16745,         0,       304,         0,     31815,         0,       578,         0,       -75,     -5014,     -5089,      -143,     -9527,     -9670,     12473,         0,       675,         2,         0,         0,         0,         0,       -43,     -3121,     -3164,         0,         0,         0,         0,         0,         0,         0,     16820,     21834,     12516,     15637
        56,     21056,588.433624,         0,         0,     18442,         0,       565,         0,         0,         0,         0,         0,       -68,     -3850,     -3918,         0,         0,         0,     13390,         0,      1164,         1,         0,         0,         0,         0,       -34,     -2496,     -2530,         0,         0,         0,         0,         0,         0,         0,     18510,     22360,     13424,     15920
        57,     21057,502.744425,       1.0,         0,     19923,         0,      1164,         0,     19923,         0,      1164,         0,       -72,     -3287,     -3359,       -72,     -3287,     -3359,     14490,         0,      2007,         3,         0,         0,         0,         0,       -41,     -2014,     -2054,         0,         0,         0,         0,         0,         0,         0,     19995,     23282,     14530,     16544
        58,     21058,626.031214,      66.2,         0,     20699,         0,      1967,         0,   1370288,         0,    130216,         0,       -87,     -2430,     -2518,     -5790,   -160891,   -166682,     15024,         0,      3215,        69,         0,         0,         0,         0,       -45,     -1460,     -1504,         0,         0,         0,         0,         0,         0,         0,     20787,     23217,     15069,     16529
        59,     21059,654.558057,      88.3,      52.3,     20859,         0,      2506,        52,   1841852,         0,    221309,      4618,      -139,     -2688,     -2827,    -12309,   -237358,   -249667,     15164,         0,      4131,        99,    793096,         0,    216060,      5187,       -59,     -1503,     -1562,     -3085,    -78594,    -81679,         0,         0,         0,         0,     20998,     23687,     15223,     16726
        60,     21060,247.120976,      24.0,         0,     20868,         0,      2480,        40,    500839,         0,     59529,       956,      -142,     -2873,     -3015,     -3417,    -68952,    -72369,     15080,         0,      4353,       222,         0,         0,         0,         0,       -64,     -1700,     -1763,         0,         0,         0,         0,         0,         0,         0,     21011,     23884,     15144,     16844
        61,     21061,422.066929,     216.9,      31.9,     22225,         0,      2613,        91,   4820658,         0,    566656,     19690,      -129,     -1765,     -1894,    -28076,   -382775,   -410851,     15882,         0,      4529,       376,    506636,         0,    144468,     11988,       -70,     -1102,     -1172,     -2234,    -35168,    -37402,         0,         0,         0,         0,     22355,     24119,     15952,     17054
        62,     21062,364.147650,     319.5,     138.3,     21830,         0,      2102,       200,   6974535,         0,    671678,     63844,      -143,     -2017,     -2160,    -45632,   -644364,   -689996,     15665,         0,      4164,       533,   2166428,         0,    575931,     73651,       -77,     -1240,     -1318,    -10668,   -171559,   -182227,         0,         0,         0,         0,     21972,     23989,     15742,     16982
        63,     21063,245.749801,     287.9,      10.2,     20321,         0,      1817,       158,   5850453,         0,    522986,     45465,      -157,     -3326,     -3484,    -45324,   -957697,  -1003020,     14853,         0,      3774,       683,    151501,         0,     38495,      6969,       -87,     -1799,     -1885,      -884,    -18347,    -19230,         0,         0,         0,         0,     20479,     23805,     14940,     16738
        64,     21064,236.755894,     216.9,      73.6,     20564,         0,      1533,       101,   4460416,         0,    332480,     21932,      -226,     -2495,     -2721,    -49081,   -541177,   -590257,     15011,         0,      3382,       651,   1104788,         0,    248901,     47937,      -123,     -1380,     -1504,     -9082,   -101586,   -110667,         0,         0,         0,         0,     20791,     23286,     15134,     16514
        65,     21065,135.955937,       1.0,         0,     21273,         0,      1447,        64,     21273,         0,      1447,        64,      -179,     -1967,     -2146,      -179,     -1967,     -2146,     15403,         0,      3164,       245,         0,         0,         0,         0,       -97,     -1075,     -1172,         0,         0,         0,         0,         0,         0,         0,     21452,     23419,     15500,     16575
        66,     21066,763.569337,       1.0,         0,     11926,         0,       746,         0,     11926,         0,       746,         0,      -219,     -4372,     -4590,      -219,     -4372,     -4590,      8736,         0,      2051,        11,         0,         0,         0,         0,       -53,     -3600,     -3653,         0,         0,         0,         0,         0,         0,         0,     12144,     16516,      8788,     12389
        67,     21067,895.648492,       1.0,         0,     12968,         0,       202,         0,     12968,         0,       202,         0,       -76,     -7569,     -7645,       -76,     -7569,     -7645,      9749,         0,       215,         1,         0,         0,         0,         0,       -43,     -4868,     -4911,         0,         0,         0,         0,         0,         0,         0,     13044,     20613,      9792,     14660
        68,     21068,700.088320,       3.8,         0,     17678,         0,       522,         0,     67175,         0,      1983,         0,       -67,     -4391,     -4458,      -256,    -16686,    -16942,     12848,         0,       827,         4,         0,         0,         0,         0,       -34,     -2830,     -2864,         0,         0,         0,         0,         0,         0,         0,     17745,     22136,     12883,     15713
        69,     21069,226.843556,       3.8,         0,     17173,         0,      1030,         0,     65256,         0,      3912,         0,       -68,     -4407,     -4475,      -258,    -16748,    -17005,     12479,         0,      1448,         4,         0,         0,         0,         0,       -34,     -2981,     -3015,         0,         0,         0,         0,         0,         0,         0,     17240,     21648,     12513,     15494
        70,     21070,422.822872,       3.8,         0,     20709,         0,      2014,         0,     78695,         0,      7653,         0,       -68,     -2761,     -2829,      -260,    -10490,    -10750,     14809,         0,      2514,         7,         0,         0,         0,         0,       -35,     -1755,     -1790,         0,         0,         0,         0,         0,         0,         0,     20778,     23538,     14844,     16599
        71,     21071,339.778946,      20.2,         0,     21379,         0,      3437,         0,    431850,         0,     69418,         0,       -83,     -2277,     -2360,     -1682,    -45990,    -47672,     15349,         0,      4080,        56,         0,         0,         0,         0,       -43,     -1340,     -1383,         0,         0,         0,         0,         0,         0,         0,     21462,     23739,     15393,     16733
        72,     21072,331.429450,      25.9,         0,     21715,         0,      4506,         9,    562423,         0,    116697,       226,      -177,     -2319,     -2496,     -4591,    -60055,    -64647,     15626,         0,      5100,        61,         0,         0,         0,         0,       -68,     -1310,     -1378,         0,         0,         0,         0,         0,         0,         0,     21892,     24211,     15694,     17004
        73,     21073,322.281311,     207.3,     103.2,     22486,         0,      4745,       112,   4661446,         0,    983554,     23130,      -113,     -1813,     -1927,    -23525,   -375869,   -399394,     16033,         0,      5453,       324,   1654586,         0,    562718,     33446,       -61,     -1076,     -1137,     -6327,   -111024,   -117351,         0,         0,         0,         0,     22600,     24413,     16094,     17170
        74,     21074, 11.750705,      40.3,         0,     23095,         0,      4033,       100,    930717,         0,    162547,      4036,      -112,     -1228,     -1339,     -4500,    -49472,    -53972,     16345,         0,      5202,       245,         0,         0,         0,         0,       -57,      -800,      -857,         0,         0,         0,         0,         0,         0,         0,     23206,     24434,     16402,     17202
        75,     21075,220.896014,       7.7,         0,     22439,         0,      3190,       108,    172777,         0,     24567,       833,      -124,     -1737,     -1861,      -952,    -13378,    -14330,     15994,         0,      4816,       233,         0,         0,         0,         0,       -65,     -1059,     -1124,         0,         0,         0,         0,         0,         0,         0,     22562,     24300,     16059,     17118
        76,     21076,233.119758,       3.8,      25.1,     22471,         0,      2770,        28,     85390,         0,     10525,       107,      -119,     -1736,     -1855,      -454,     -6596,     -7050,     15987,         0,      4509,        96,    401271,         0,    113178,      2415,       -64,     -1066,     -1130,     -1614,    -26745,    -28358,         0,         0,         0,         0,     22590,     24326,     16051,     17117
        77,     21077,280.958510,      10.6,         0,     16204,         0,      1706,        19,    171766,         0,     18088,       201,      -218,     -3390,     -3608,     -2315,    -35929,    -38244,     11521,         0,      3437,        67,         0,         0,         0,         0,       -54,     -2930,     -2985,         0,         0,         0,         0,         0,         0,         0,     16423,     19812,     11576,     14506
        78,     21078,804.405075,       2.9,      14.6,     17752,         0,       200,        15,     51480,         0,       580,        42,       -69,     -4203,     -4272,      -200,    -12187,    -12388,     11881,         0,       199,         3,    173466,         0,      2904,        42,       -44,     -3823,     -3868,      -649,    -55822,    -56472,         0,         0,         0,         0,     17821,     22023,     11926,     15749
        79,     21079,509.821934,         0,         0,     16214,         0,       360,         0,         0,         0,         0,         0,       -69,     -6573,     -6642,         0,         0,         0,     10769,         0,       491,         0,         0,         0,         0,         0,       -44,     -5437,     -5482,         0,         0,         0,         0,         0,         0,         0,     16284,     22857,     10813,     16251
        80,     21080,309.985851,         0,         0,     15356,         0,       600,         0,         0,         0,         0,         0,       -78,     -5494,     -5572,         0,         0,         0,     10485,         0,       750,         0,         0,         0,         0,         0,       -39,     -4472,     -4511,         0,         0,         0,         0,         0,         0,         0,     15434,     20929,     10524,     14996
        81,     21081,666.155591,         0,         0,     16612,         0,      1021,         0,         0,         0,         0,         0,       -78,     -5444,     -5522,         0,         0,         0,     11393,         0,      1134,         0,         0,         0,         0,         0,       -40,     -4355,     -4395,         0,         0,         0,         0,         0,         0,         0,     16689,     22133,     11432,     15787
        82,     21082,325.006037,       1.9,         0,     18720,         0,      1826,         0,     35568,         0,      3470,         0,       -68,     -4102,     -4170,      -128,     -7795,     -7923,     13251,         0,      1977,         3,         0,         0,         0,         0,       -34,     -2917,     -2951,         0,         0,         0,         0,         0,         0,         0,     18788,     22890,     13285,     16202
        83,     21083,784.755875,      14.4,         0,     21148,         0,      3388,         0,    304534,         0,     48787,         0,       -69,     -2846,     -2915,      -988,    -40981,    -41970,     15003,         0,      3398,        15,         0,         0,         0,         0,       -35,     -1803,     -1838,         0,         0,         0,         0,         0,         0,         0,     21217,     24063,     15038,     16842
        84,     21084,461.855710,      51.8,         0,     22234,         0,      5669,         0,   1151740,         0,    293656,         0,       -73,     -1885,     -1958,     -3783,    -97640,   -101423,     15878,         0,      5043,        64,         0,         0,         0,         0,       -34,     -1050,     -1083,         0,         0,         0,         0,         0,         0,         0,     22307,     24192,     15911,     16961
        85,     21085,490.013467,      43.2,         0,     22369,         0,      7319,        10,    966330,         0,    316199,       446,       -70,     -1711,     -1781,     -3032,    -73900,    -76932,     15935,         0,      6194,       102,         0,         0,         0,         0,       -35,     -1045,     -1080,         0,         0,         0,         0,         0,         0,         0,     22439,     24150,     15970,     17015
        86,     21086,258.275996,      38.4,         0,     21979,         0,      6763,        98,    843981,         0,    259688,      3762,      -123,     -2370,     -2494,     -4736,    -91016,    -95751,     15700,         0,      6203,       314,         0,         0,         0,         0,       -93,     -1407,     -1500,         0,         0,         0,         0,         0,         0,         0,     22102,     24472,     15793,     17201
        87,     21087,474.438839,      25.9,      53.3,     23229,         0,      5695,        53,    601641,         0,    147508,      1380,       -92,     -1182,     -1274,     -2371,    -30613,    -32984,     16411,         0,      5741,        52,    874705,         0,    306013,      2786,       -47,      -776,      -823,     -2519,    -41340,    -43860,         0,         0,         0,         0,     23321,     24503,     16458,     17234
        88,     21088,539.793808,         0,         0,     18703,         0,      3351,         5,         0,         0,         0,         0,      -220,     -3443,     -3662,         0,         0,         0,     13323,         0,      4491,         1,         0,         0,         0,         0,       -55,     -2574,     -2629,         0,         0,         0,         0,         0,         0,         0,     18923,     22365,     13378,     15952
        89,     21089,262.499940,      83.5,       4.4,     23154,         0,      8530,        49,   1933393,         0,    712222,      4100,       -68,     -1265,     -1333,     -5715,   -105629,   -111344,     16371,         0,      6856,       235,     72033,         0,     30166,      1032,       -37,      -832,      -870,      -164,     -3662,     -3826,         0,         0,         0,         0,     23223,     24488,     16408,     17241
        90,     21090,216.032097,     120.9,      56.5,     23608,         0,     10713,       213,   2854185,         0,   1295153,     25755,      -132,      -778,      -910,    -15969,    -94109,   -110078,     16603,         0,      7602,       279,    938088,         0,    429518,     15752,       -42,      -629,      -671,     -2351,    -35544,    -37895,         0,         0,         0,         0,     23740,     24518,     16645,     17274
        91,     21091,136.758224,         0,         0,     22576,         0,      8156,        57,         0,         0,         0,         0,      -209,     -1585,     -1794,         0,         0,         0,     15962,         0,      6484,        18,         0,         0,         0,         0,       -47,     -1067,     -1114,         0,         0,         0,         0,         0,         0,         0,     22785,     24370,     16009,     17076
        92,     21092,782.337285,         0,         0,     21262,         0,      6246,         0,         0,         0,         0,         0,      -218,     -2737,     -2955,         0,         0,         0,     15126,         0,      5160,         0,         0,         0,         0,         0,       -54,     -1748,     -1801,         0,         0,         0,         0,         0,         0,         0,     21480,     24216,     15179,     16927
        93,     21093,259.666218,         0,         0,     18770,         0,       300,         1,         0,         0,         0,         0,       -70,     -3652,     -3721,         0,         0,         0,     12633,         0,       407,         0,         0,         0,         0,         0,       -44,     -3337,     -3382,         0,         0,         0,         0,         0,         0,         0,     18839,     22491,     12678,     16015
        94,     21094,239.975726,         0,         0,     17531,         0,       552,         0,         0,         0,         0,         0,       -69,     -5585,     -5654,         0,         0,         0,     11730,         0,       667,         0,         0,         0,         0,         0,       -45,     -4646,     -4691,         0,         0,         0,         0,         0,         0,         0,     17600,     23185,     11774,     16420
        95,     21095,149.254985,         0,         0,     15615,         0,       920,         0,         0,         0,         0,         0,       -78,     -5855,     -5933,         0,         0,         0,     10672,         0,       948,         0,         0,         0,         0,         0,       -39,     -4607,     -4646,         0,         0,         0,         0,         0,         0,         0,     15693,     21548,     10711,     15318
        96,     21096,332.740809,         0,         0,     19799,         0,      1499,         0,         0,         0,         0,         0,       -79,     -3785,     -3864,         0,         0,         0,     13663,         0,      1509,        14,         0,         0,         0,         0,       -40,     -2982,     -3023,         0,         0,         0,         0,         0,         0,         0,     19878,     23663,     13703,     16686
        97,     21097,246.458838,       1.9,         0,     20425,         0,      3197,         0,     38808,         0,      6074,         0,       -72,     -3620,     -3692,      -136,     -6878,     -7014,     14457,         0,      2944,         5,         0,         0,         0,         0,       -34,     -2305,     -2340,         0,         0,         0,         0,         0,         0,         0,     20497,     24117,     14491,     16796
        98,     21098,326.246414,       1.0,         0,     22179,         0,      6248,         0,     22179,         0,      6248,         0,       -66,     -2062,     -2128,       -66,     -2062,     -2128,     15596,         0,      4719,        12,         0,         0,         0,         0,       -31,     -1351,     -1382,         0,         0,         0,         0,         0,         0,         0,     22245,     24307,     15627,     16979
        99,     21099,487.878970,       9.6,         0,     22735,         0,      9007,         0,    218261,         0,     86468,         0,       -51,     -1565,     -1616,      -488,    -15022,    -15510,     15928,         0,      6400,        23,         0,         0,         0,         0,       -27,     -1087,     -1114,         0,         0,         0,         0,         0,         0,         0,     22786,     24351,     15955,     17042
       100,     21100,370.305670,     285.0,      63.1,     23117,         0,     10989,        68,   6588303,         0,   3131805,     19274,       -69,     -1215,     -1284,    -19661,   -346224,   -365886,     16321,         0,      7626,       309,   1029837,         0,    481222,     19504,       -33,      -770,      -803,     -2071,    -48567,    -50639,         0,         0,         0,         0,     23186,     24401,     16354,     17123
       101,     21101,243.265163,      72.9,      19.7,     22830,         0,     11104,       102,   1664325,         0,    809490,      7416,      -197,     -1411,     -1608,    -14349,   -102865,   -117215,     16117,         0,      7799,       317,    317512,         0,    153633,      6241,       -61,      -957,     -1018,     -1205,    -18844,    -20049,         0,         0,         0,         0,     23027,     24438,     16179,     17135
       102,     21102,134.141256,      11.5,     118.1,     23900,      9736,     11704,       478,    274849,    111965,    134599,      5500,       -25,      -619,      -643,      -286,     -7114,     -7399,     16729,      4555,      7812,       649,   1975706,    537973,    922581,     76629,       -21,      -548,      -569,     -2454,    -64747,    -67201,      9736,         0,      4555,         0,     23925,     24543,     16750,     17298
       103,     21103,110.404269,         0,         0,     23622,      8221,     10619,       194,         0,         0,         0,         0,      -132,      -782,      -914,         0,         0,         0,     16598,      3796,      7218,       400,         0,         0,         0,         0,       -36,      -628,      -664,         0,         0,         0,      8221,         0,      3796,         0,     23755,     24536,     16634,     17262
       104,     21104, 99.183280,         0,         0,     22230,         0,      8813,        49,         0,         0,         0,         0,      -210,     -1964,     -2174,         0,         0,         0,     15748,         0,      6605,        42,         0,         0,         0,         0,       -48,     -1283,     -1331,         0,         0,         0,         0,         0,         0,         0,     22440,     24404,     15796,     17079
       105,     21105,514.984728,       1.9,         0,     19783,         0,       401,         0,     37588,         0,       761,         0,       -71,     -2912,     -2982,      -134,     -5532,     -5666,     13360,         0,       610,         2,         0,         0,         0,         0,       -44,     -2743,     -2787,         0,         0,         0,         0,         0,         0,         0,     19853,     22765,     13404,     16147
       106,     21106,297.581216,         0,         0,     19613,         0,       778,         0,         0,         0,         0,         0,       -69,     -3382,     -3451,         0,         0,         0,     13267,         0,       893,         0,         0,         0,         0,         0,       -44,     -3032,     -3076,         0,         0,         0,         0,         0,         0,         0,     19682,     23064,     13311,     16343
       107,     21107,225.860655,         0,         0,     20003,         0,      1186,         0,         0,         0,         0,         0,       -70,     -3570,     -3640,         0,         0,         0,     13544,         0,      1214,         4,         0,         0,         0,         0,       -44,     -3076,     -3120,         0,         0,         0,         0,         0,         0,         0,     20073,     23644,     13588,     16664
       108,     21108,570.873185,      42.2,         0,     20487,         0,      2133,         0,    864534,         0,     90023,         0,       -79,     -3412,     -3491,     -3334,   -144006,   -147341,     14141,         0,      2112,        42,         0,         0,         0,         0,       -40,     -2604,     -2645,         0,         0,         0,         0,         0,         0,         0,     20566,     23978,     14181,     16786
       109,     21109,484.042333,      14.4,         0,     20775,         0,      5113,         0,    299157,         0,     73625,         0,       -74,     -3360,     -3434,     -1066,    -48380,    -49446,     14469,         0,      3808,        16,         0,         0,         0,         0,       -35,     -2301,     -2335,         0,         0,         0,         0,         0,         0,         0,     20849,     24209,     14504,     16804
       110,     21110,316.894655,      10.6,         0,     22391,         0,      8219,         2,    237350,         0,     87118,        17,       -69,     -1860,     -1929,      -732,    -19718,    -20450,     15678,         0,      5503,        75,         0,         0,         0,         0,       -31,     -1284,     -1315,         0,         0,         0,         0,         0,         0,         0,     22461,     24321,     15709,     16993
       111,     21111,319.885148,       4.8,         0,     23301,         0,     12023,         6,    111843,         0,     57711,        30,       -52,     -1032,     -1084,      -249,     -4952,     -5201,     16230,         0,      7616,        71,         0,         0,         0,         0,       -24,      -820,      -845,         0,         0,         0,         0,         0,         0,         0,     23353,     24384,     16254,     17075
       112,     21112,353.090130,       5.8,         0,     23683,      3197,     15246,        40,    137362,     18541,     88427,       235,       -26,      -703,      -729,      -148,     -4079,     -4227,     16526,      1620,      9154,        19,         0,         0,         0,         0,       -18,      -569,      -588,         0,         0,         0,      3197,         0,      1620,         0,     23709,     24412,     16544,     17113
       113,     21113,381.374062,     156.4,      80.0,     23446,      4148,     14117,       388,   3666941,    648732,   2207971,     60701,      -154,      -864,     -1018,    -24088,   -135108,   -159196,     16412,      2188,      8790,       352,   1312927,    175029,    703225,     28183,       -77,      -687,      -764,     -6132,    -54969,    -61101,      4148,         0,      2188,         0,     23600,     24464,     16488,     17175
       114,     21114,125.174906,         0,     177.1,     23708,      9909,     15239,      1060,         0,         0,         0,         0,       -78,      -715,      -793,         0,         0,         0,     16531,      3580,      9039,      1096,   2927683,    634029,   1600812,    194120,       -83,      -621,      -703,    -14629,   -109914,   -124543,      9909,         0,      3580,         0,     23785,     24500,     16614,     17234
       115,     21115, 70.110758,     281.1,     183.6,     23659,     11011,     13904,       952,   6650683,   3095223,   3908517,    267565,       -89,      -760,      -849,    -25134,   -213643,   -238777,     16491,      4951,      8518,       946,   3027727,    909020,   1563948,    173692,       -94,      -648,      -742,    -17309,   -118930,   -136239,     11011,         0,      4951,         0,     23749,     24509,     16585,     17233
       116,     21116, 87.221259,     232.2,      56.3,     23538,      7942,     13908,       808,   5465475,   1844060,   3229528,    187581,       -77,      -877,      -954,    -17991,   -203537,   -221529,     16317,      3952,      8398,      1006,    918663,    222474,    472820,     56627,      -108,      -772,      -880,     -6092,    -43451,    -49543,      7942,         0,      3952,         0,     23615,     24492,     16425,     17197
       117,     21117,180.656395,     111.3,      18.7,     23058,      6362,     11114,        55,   2566387,    708058,   1236947,      6138,      -127,     -1303,     -1430,    -14173,   -145019,   -159193,     16068,      2879,      7140,       387,    300472,     53846,    133525,      7228,        -9,     -1099,     -1109,      -174,    -20557,    -20731,      6362,         0,      2879,         0,     23186,     24489,     16077,     17177
       118,     21118, 60.202439,     137.2,      14.5,     23337,      8234,     12549,       228,   3201872,   1129754,   1721767,     31218,       -94,     -1068,     -1162,    -12840,   -146553,   -159393,     16260,      3742,      7752,       698,    235768,     54252,    112409,     10125,        -4,      -940,      -944,       -61,    -13632,    -13693,      8234,         0,      3742,         0,     23431,     24499,     16264,     17204
       119,     21119,155.487163,         0,      47.5,     23646,      4606,     16455,       278,         0,         0,         0,         0,       -35,      -742,      -777,         0,         0,         0,     16468,      3083,      9551,       427,    782227,    146438,    453691,     20260,       -26,      -625,      -651,     -1223,    -29694,    -30917,      4606,         0,      3083,         0,     23681,     24423,     16494,     17119
       120,     21120, 18.530419,      72.0,       1.3,     23647,      5799,     17725,      1224,   1702584,    417523,   1276206,     88103,       -53,      -730,      -784,     -3844,    -52577,    -56421,     16430,      3552,      9879,      1063,     21359,      4617,     12843,      1382,       -47,      -647,      -694,       -61,      -841,      -902,      5799,         0,      3552,         0,     23700,     24431,     16477,     17124
       121,     21121, 57.789215,     184.2,      78.0,     23513,      8453,     17423,      1398,   4331036,   1557051,   3209311,    257531,       -93,      -819,      -912,    -17111,   -150817,   -167928,     16227,      2975,      9715,      1091,   1265729,    232061,    757794,     85064,      -101,      -776,      -877,     -7916,    -60522,    -68438,      8453,         0,      2975,         0,     23606,     24424,     16329,     17105
       122,     21122, 55.500279,     137.2,     198.5,     23754,      9338,     16797,      1233,   3259011,   1281226,   2304616,    169153,       -81,      -650,      -732,    -11150,    -89248,   -100398,     16550,      4175,      9403,      1150,   3285114,    828798,   1866588,    228302,       -85,      -577,      -661,    -16811,   -114454,   -131265,      9338,         0,      4175,         0,     23835,     24485,     16634,     17211
       123,     21123, 39.806952,     158.3,     219.8,     23696,     10502,     15297,      1055,   3751136,   1662441,   2421494,    166988,       -77,      -725,      -802,    -12183,   -114841,   -127024,     16496,      5051,      8950,      1115,   3625737,   1110256,   1967100,    244970,       -82,      -651,      -732,    -17929,   -143004,   -160933,     10502,         0,      5051,         0,     23773,     24499,     16577,     17228
       124,     21124,120.657479,      82.5,      68.8,     23503,      4811,     16036,       811,   1939026,    396871,   1322973,     66874,      -105,      -874,      -979,     -8645,    -72113,    -80758,     16240,      3112,      8978,      1019,   1117342,    214139,    617683,     70085,      -110,      -843,      -953,     -7561,    -57995,    -65556,      4811,         0,      3112,         0,     23608,     24482,     16350,     17193
       125,     21125, 98.688008,      18.2,         0,     23017,      6409,     14552,       224,    418918,    116639,    264844,      4083,      -236,     -1204,     -1439,     -4287,    -21910,    -26196,     15906,      3075,      8353,       691,         0,         0,         0,         0,      -149,     -1087,     -1236,         0,         0,         0,      6409,         0,      3075,         0,     23253,     24457,     16055,     17142
       126,     21126,108.637116,      80.6,       1.3,     22677,         0,     12885,        26,   1827744,         0,   1038509,      2121,      -177,     -1598,     -1775,    -14233,   -128795,   -143028,     15747,         0,      7556,       286,     20470,         0,      9823,       371,       -95,     -1283,     -1378,      -123,     -1668,     -1791,         0,         0,         0,         0,     22853,     24451,     15841,     17124
       127,     21127,322.146561,      80.6,       2.0,     22712,         0,     10072,        28,   1830575,         0,    811795,      2224,       -73,     -1596,     -1668,     -5861,   -128600,   -134461,     15691,         0,      6294,       254,     31382,         0,     12588,       507,       -34,     -1361,     -1396,       -68,     -2723,     -2791,         0,         0,         0,         0,     22785,     24380,     15725,     17087
       128,     21128,290.882859,      73.9,       7.6,     22839,         0,     13928,       107,   1687811,         0,   1029290,      7916,       -63,     -1431,     -1494,     -4645,   -105778,   -110423,     15932,         0,      8352,        78,    121080,         0,     63477,       592,       -31,     -1028,     -1059,      -235,     -7810,     -8045,         0,         0,         0,         0,     22902,     24333,     15962,     16990
       129,     21129,866.517573,      96.0,       8.5,     20444,         0,       472,         9,   1962594,         0,     45283,       816,       -69,     -2142,     -2211,     -6618,   -205649,   -212266,     13840,         0,       787,        96,    117642,         0,      6690,       816,       -44,     -2106,     -2150,      -376,    -17902,    -18278,         0,         0,         0,         0,     20513,     22655,     13885,     15991
       130,     21130,558.083329,         0,         0,     20863,         0,       895,         0,         0,         0,         0,         0,       -69,     -2473,     -2542,         0,         0,         0,     14145,         0,      1131,         0,         0,         0,         0,         0,       -44,     -2298,     -2342,         0,         0,         0,         0,         0,         0,         0,     20932,     23405,     14190,     16487
       131,     21131,499.131535,         0,         0,     21259,         0,      1875,        42,         0,         0,         0,         0,       -68,     -2892,     -2960,         0,         0,         0,     14445,         0,      2019,         0,         0,         0,         0,         0,       -44,     -2435,     -2479,         0,         0,         0,         0,         0,         0,         0,     21328,     24219,     14489,     16924
       132,     21132,357.259056,       9.6,         0,     21727,         0,      5725,         0,    208580,         0,     54957,         0,       -63,     -2460,     -2523,      -606,    -23617,    -24223,     14960,         0,      4010,        11,         0,         0,         0,         0,       -33,     -1933,     -1966,         0,         0,         0,         0,         0,         0,         0,     21790,     24250,     14993,     16926
       133,     21133,302.516902,     199.6,      31.0,     23038,         0,     11627,        33,   4598374,         0,   2320833,      6517,       -77,     -1247,     -1324,    -15465,   -248826,   -264291,     15801,         0,      6968,       268,    489840,         0,    216005,      8300,       -37,     -1220,     -1257,     -1137,    -37822,    -38959,         0,         0,         0,         0,     23115,     24362,     15838,     17058
       134,     21134,1117.66596,         0,     979.3,     23665,         0,     17295,       980,         0,         0,         0,         0,       -16,      -741,      -757,         0,         0,         0,     16279,         0,      9762,         8,  15941681,         0,   9560072,      7354,       -21,      -828,      -849,    -20689,   -811214,   -831903,         0,         0,         0,         0,     23681,     24422,     16300,     17128
       135,     21135,227.906738,       8.6,      19.0,     23771,      3784,     18902,       185,    204428,     32538,    162558,      1587,       -12,      -609,      -621,      -106,     -5234,     -5340,     16514,      2095,     10427,       292,    313765,     39811,    198121,      5555,       -14,      -548,      -562,      -260,    -10420,    -10680,      3784,         0,      2095,         0,     23783,     24392,     16528,     17076
       136,     21136,120.296799,         0,      27.1,     23734,      5269,     18991,      1013,         0,         0,         0,         0,       -14,      -653,      -668,         0,         0,         0,     16490,      3152,     10403,      1060,    446883,     85424,    281917,     28738,       -16,      -581,      -597,      -421,    -15747,    -16169,      5269,         0,      3152,         0,     23748,     24402,     16506,     17087
       137,     21137, 61.116056,     270.6,      46.7,     23655,      7845,     18882,      1637,   6400953,   2122992,   5109379,    442913,       -42,      -721,      -763,    -11255,   -195090,   -206345,     16408,      4324,     10267,      1368,    766257,    201927,    479483,     63871,       -41,      -657,      -698,     -1904,    -30680,    -32584,      7845,         0,      4324,         0,     23696,     24417,     16449,     17106
       138,     21138, 64.077665,     155.4,     327.3,     23699,     11647,     18651,      1837,   3682820,   1810021,   2898336,    285455,       -54,      -682,      -736,     -8400,   -105987,   -114387,     16487,      5409,     10097,      1372,   5396098,   1770480,   3304723,    449112,       -45,      -596,      -641,    -14882,   -194944,   -209825,     11647,         0,      5409,         0,     23753,     24435,     16532,     17128
       139,     21139, 79.656255,      12.5,      93.3,     23568,     11126,     18846,      1775,    294606,    139081,    235580,     22186,       -73,      -774,      -847,      -913,     -9672,    -10585,     16264,      5255,     10049,      1222,   1517397,    490316,    937531,    114034,       -82,      -740,      -822,     -7607,    -69060,    -76667,     11126,         0,      5255,         0,     23641,     24415,     16345,     17085
       140,     21140,232.948048,     142.0,      21.0,     23433,      7489,     17620,       302,   3327490,   1063457,   2502024,     42914,      -102,      -906,     -1008,    -14437,   -128668,   -143105,     16103,      3380,      9323,       316,    338171,     70973,    195793,      6633,      -112,      -913,     -1025,     -2345,    -19183,    -21527,      7489,         0,      3380,         0,     23535,     24441,     16215,     17129
       141,     21141,112.093890,     453.9,     233.6,     23775,      6838,     19890,      1904,  10791421,   3103602,   9028242,    864333,       -29,      -609,      -638,    -13267,   -276470,   -289737,     16532,      3961,     10659,      1234,   3861851,    925369,   2490018,    288214,       -29,      -541,      -570,     -6762,   -126337,   -133099,      6838,         0,      3961,         0,     23804,     24413,     16561,     17102
       142,     21142, 65.829492,     222.6,     877.3,     23781,      9167,     19689,      1964,   5293685,   2040506,   4382851,    437191,       -22,      -629,      -651,     -4922,   -140100,   -145023,     16518,      4711,     10445,      1333,  14491204,   4132689,   9163834,   1169395,       -28,      -591,      -619,    -24324,   -518785,   -543108,      9167,         0,      4711,         0,     23803,     24433,     16546,     17137
       143,     21143,567.818366,       1.0,     219.2,     22122,         0,      1952,       234,     22122,         0,      1952,       234,       -68,     -1979,     -2047,       -68,     -1979,     -2047,     15049,         0,      2135,         1,   3298718,         0,    467961,       219,       -42,     -1775,     -1817,     -9288,   -389003,   -398291,         0,         0,         0,         0,     22190,     24169,     15091,     16866
       144,     21144,413.953652,         0,         0,     22288,         0,      6570,        54,         0,         0,         0,         0,       -65,     -1926,     -1991,         0,         0,         0,     15169,         0,      4392,        76,         0,         0,         0,         0,       -35,     -1707,     -1742,         0,         0,         0,         0,         0,         0,         0,     22353,     24279,     15204,     16911
       145,     21145,318.350199,       1.9,         0,     23314,         0,     12822,       128,     44296,         0,     24362,       243,       -45,      -997,     -1042,       -85,     -1894,     -1979,     15860,         0,      7491,       213,         0,         0,         0,         0,       -37,     -1145,     -1182,         0,         0,         0,         0,         0,         0,         0,     23359,     24356,     15897,     17042
       146,     21146,164.657510,         0,      88.7,     23075,         0,      5157,        99,         0,         0,         0,         0,       -64,     -1188,     -1252,         0,         0,         0,     15662,         0,      3785,        57,   1389213,         0,    335767,      5047,       -37,     -1284,     -1321,     -3292,   -113906,   -117198,         0,         0,         0,         0,     23139,     24327,     15699,     16983
       147,     21147,244.870940,     106.5,      18.5,     23370,         0,      8775,       106,   2488949,         0,    934516,     11304,       -35,      -949,      -984,     -3720,   -101113,   -104833,     15886,         0,      5426,       356,    293891,         0,    100374,      6594,       -33,     -1119,     -1152,      -607,    -20704,    -21311,         0,         0,         0,         0,     23405,     24355,     15919,     17038
       148,     21148,329.072060,      53.7,     127.6,     23623,         0,     13663,       144,   1268575,         0,    733718,      7711,       -24,      -728,      -752,     -1290,    -39118,    -40408,     16195,         0,      7783,        55,   2066468,         0,    993080,      7046,       -29,      -849,      -877,     -3687,   -108279,   -111966,         0,         0,         0,         0,     23647,     24376,     16224,     17072
       149,     21149,315.720034,       1.9,     657.5,     23843,      6180,     20106,       980,     45302,     11741,     38202,      1861,        -5,      -603,      -608,        -9,     -1145,     -1155,     16587,      2637,     10611,       220,  10905838,   1733674,   6976868,    144845,       -12,      -585,      -597,     -7694,   -384565,   -392258,      6180,         0,      2637,         0,     23848,     24451,     16599,     17183
       150,     21150,198.514118,       2.9,      70.7,     23819,      5207,     20469,       933,     69075,     15101,     59360,      2707,        -6,      -632,      -638,       -16,     -1834,     -1850,     16559,      1827,     10890,       341,   1170755,    129186,    769951,     24137,       -13,      -605,      -618,      -940,    -42772,    -43712,      5207,         0,      1827,         0,     23825,     24457,     16573,     17178
       151,     21151,127.646403,       4.8,     291.8,     23792,      4326,     20655,      2916,    114204,     20767,     99146,     13997,        -7,      -657,      -663,       -32,     -3152,     -3183,     16496,      2762,     10887,      1227,   4813453,    806041,   3176935,    358062,       -16,      -661,      -677,     -4592,   -192883,   -197475,      4326,         0,      2762,         0,     23799,     24456,     16511,     17172
       152,     21152,176.455017,     176.6,     283.3,     23606,      8984,     20309,      3336,   4168792,   1586602,   3586510,    589103,       -46,      -707,      -753,     -8186,   -124783,   -132969,     16230,      4509,     10685,      1091,   4597887,   1277541,   3027043,    309113,       -47,      -718,      -765,    -13303,   -203313,   -216616,      8984,         0,      4509,         0,     23652,     24359,     16277,     16994
       153,     21153,342.933745,      73.9,     180.2,     23694,      7563,     19133,       311,   1750971,    558869,   1413941,     22998,       -28,      -715,      -743,     -2064,    -52851,    -54915,     16334,      3703,      9823,       195,   2943336,    667315,   1770095,     35172,       -43,      -751,      -794,     -7809,   -135297,   -143106,      7563,         0,      3703,         0,     23722,     24437,     16377,     17128
       154,     21154,103.864876,     116.1,     127.3,     23905,      9578,     20974,      1557,   2775352,   1111959,   2435027,    180736,        -3,      -549,      -551,      -291,    -63701,    -63992,     16707,      4232,     10878,      1109,   2126830,    538795,   1384743,    141197,        -6,      -469,      -475,      -806,    -59677,    -60483,      9578,         0,      4232,         0,     23907,     24456,     16714,     17182
       155,     21155, 80.051409,     223.6,     274.1,     23896,      9359,     20979,      4081,   5343234,   2092655,   4691011,    912617,        -3,      -571,      -574,      -703,   -127714,   -128417,     16685,      4974,     10869,      1341,   4573410,   1363293,   2979061,    367527,        -6,      -508,      -514,     -1677,   -139233,   -140910,      9359,         0,      4974,         0,     23900,     24471,     16691,     17199
       156,     21156,108.905349,     371.3,    1118.0,     23715,     12162,     20767,      6527,   8805376,   4515777,   7710833,   2423594,         4,      -668,      -664,      1606,   -248063,   -246457,     16318,      5655,     10761,      1367,  18243405,   6322362,  12030295,   1528647,        12,      -709,      -697,     13561,   -792648,   -779087,     12162,         0,      5655,         0,     23711,     24379,     16306,     17015
       157,     21157, 79.775267,      88.3,    1351.7,     23690,      6369,     20480,      6608,   2091786,    562345,   1808382,    583471,       -10,      -670,      -680,      -924,    -59128,    -60052,     16310,      4342,     10575,      1160,  22046246,   5868473,  14294071,   1568497,       -25,      -691,      -716,    -33327,   -934691,   -968018,      6369,         0,      4342,         0,     23700,     24370,     16335,     17026
       158,     21158,428.704150,     211.1,     483.1,     23648,     10203,     19437,      1800,   4992022,   2153938,   4103255,    380053,       -13,      -701,      -715,     -2822,   -148082,   -150904,     16186,      4144,      9738,       344,   7819509,   2001835,   4704511,    166199,       -29,      -792,      -821,    -13971,   -382820,   -396791,     10203,         0,      4144,         0,     23661,     24363,     16215,     17007
       159,     21159,1164.15562,         0,         0,     18442,         0,       332,         0,         0,         0,         0,         0,       -71,     -3882,     -3953,         0,         0,         0,     12502,         0,       635,         0,         0,         0,         0,         0,       -45,     -3074,     -3119,         0,         0,         0,         0,         0,         0,         0,     18513,     22395,     12547,     15621
       160,     21160,491.353897,         0,         0,     20623,         0,       566,         0,         0,         0,         0,         0,       -69,     -2276,     -2345,         0,         0,         0,     14026,         0,      1046,         3,         0,         0,         0,         0,       -44,     -2017,     -2061,         0,         0,         0,         0,         0,         0,         0,     20692,     22968,     14070,     16087
       161,     21161,406.781019,       1.0,         0,     20637,         0,       540,         0,     20637,         0,       540,         0,       -69,     -2470,     -2539,       -69,     -2470,     -2539,     14047,         0,      1079,         1,         0,         0,         0,         0,       -45,     -2057,     -2102,         0,         0,         0,         0,         0,         0,         0,     20706,     23176,     14092,     16149
       162,     21162,294.624498,      13.4,         0,     21754,         0,      1147,        27,    291504,         0,     15365,       367,       -68,     -1816,     -1884,      -912,    -24334,    -25245,     14818,         0,      1567,        16,         0,         0,         0,         0,       -43,     -1645,     -1688,         0,         0,         0,         0,         0,         0,         0,     21822,     23638,     14861,     16506
       163,     21163,113.706481,         0,      28.1,     22192,         0,      1686,       146,         0,         0,         0,         0,       -67,     -1692,     -1759,         0,         0,         0,     15094,         0,      1982,        20,    424136,         0,     55693,       553,       -42,     -1562,     -1604,     -1186,    -43894,    -45079,         0,         0,         0,         0,     22259,     23951,     15136,     16698
       164,     21164,206.525319,       7.7,         0,     21773,         0,      1951,        24,    167651,         0,     15023,       185,       -68,     -2270,     -2338,      -525,    -17480,    -18006,     14843,         0,      2202,        18,         0,         0,         0,         0,       -43,     -1835,     -1878,         0,         0,         0,         0,         0,         0,         0,     21841,     24111,     14886,     16721
       165,     21165,489.798001,      12.5,       3.8,     22581,         0,      4228,        37,    282261,         0,     52853,       461,       -67,     -1593,     -1660,      -834,    -19917,    -20751,     15346,         0,      3399,        14,     58314,         0,     12917,        54,       -41,     -1448,     -1489,      -157,     -5502,     -5659,         0,         0,         0,         0,     22648,     24241,     15387,     16835
       166,     21166,360.181206,     520.1,      91.8,     23259,         0,      9161,       106,  12096962,         0,   4764675,     55161,       -44,     -1012,     -1056,    -23106,   -526226,   -549332,     15775,         0,      5608,       571,   1448127,         0,    514852,     52443,       -35,     -1147,     -1182,     -3258,   -105259,   -108517,         0,         0,         0,         0,     23303,     24315,     15810,     16957
       167,     21167,359.851743,         0,      27.1,     23622,         0,     13466,       140,         0,         0,         0,         0,       -23,      -704,      -727,         0,         0,         0,     16196,         0,      7575,       182,    438905,         0,    205283,      4939,       -27,      -797,      -824,      -732,    -21598,    -22331,         0,         0,         0,         0,     23645,     24348,     16223,     17020
       168,     21168,395.631926,      79.6,      31.7,     23641,      3963,     16120,       107,   1881801,    315460,   1283131,      8497,       -20,      -684,      -703,     -1578,    -54408,    -55986,     16230,       900,      8704,       203,    514489,     28520,    275931,      6446,       -24,      -750,      -774,      -753,    -23789,    -24542,      3963,         0,       900,         0,     23661,     24344,     16254,     17004
       169,     21169, 68.769763,         0,     332.5,     23848,         0,     18774,       788,         0,         0,         0,         0,        -7,      -580,      -588,         0,         0,         0,     16577,         0,      9970,       449,   5511956,         0,   3314903,    149406,       -15,      -573,      -588,     -5114,   -190548,   -195662,         0,         0,         0,         0,     23855,     24435,     16593,     17166
       170,     21170,126.572112,     189.0,       6.0,     23720,      4261,     18729,       519,   4483013,    805395,   3539814,     98095,       -14,      -663,      -677,     -2575,   -125337,   -127912,     16344,       966,      9788,       612,     98065,      5795,     58730,      3674,       -20,      -733,      -753,      -121,     -4400,     -4521,      4261,         0,       966,         0,     23733,     24396,     16364,     17098
       171,     21171,150.429473,     265.8,      77.3,     23791,      7127,     20071,       778,   6323674,   1894348,   5334824,    206738,        -8,      -604,      -612,     -2214,   -160551,   -162764,     16463,      2828,     10327,       892,   1272555,    218625,    798299,     68956,       -16,      -626,      -643,     -1268,    -48402,    -49670,      7127,         0,      2828,         0,     23799,     24403,     16479,     17105
       172,     21172,204.078714,     405.9,      11.7,     23852,      9647,     20796,       399,   9681382,   3915601,   8441267,    161913,        -4,      -561,      -566,     -1670,   -227912,   -229582,     16598,      3851,     10548,      1320,    194196,     45059,    123409,     15447,       -10,      -505,      -515,      -113,     -5907,     -6020,      9647,         0,      3851,         0,     23856,     24417,     16608,     17113
       173,     21173, 48.076332,     182.3,      58.1,     23928,     10323,     21008,      1797,   4361997,   1881950,   3829750,    327509,        -3,      -523,      -526,      -475,    -95333,    -95808,     16751,      4493,     10728,      1489,    973205,    261040,    623283,     86496,        -7,      -413,      -419,      -386,    -23978,    -24364,     10323,         0,      4493,         0,     23930,     24453,     16757,     17170
       174,     21174, 54.744671,     180.4,     173.3,     23918,     10164,     20946,      5131,   4314891,   1833509,   3778713,    925563,        -3,      -541,      -544,      -527,    -97566,    -98092,     16729,      4977,     10686,      1768,   2899078,    862472,   1851945,    306342,        -7,      -444,      -452,     -1259,    -77008,    -78267,     10164,         0,      4977,         0,     23921,     24462,     16736,     17180
       175,     21175, 63.795590,     176.6,     114.9,     23753,     11617,     20773,      8070,   4194849,   2051526,   3668546,   1425151,        -5,      -635,      -640,      -815,   -112125,   -112940,     16390,      4981,     10587,      1813,   1883194,    572266,   1216456,    208329,       -12,      -646,      -658,     -1384,    -74272,    -75655,     11617,         0,      4981,         0,     23758,     24393,     16402,     17048
       176,     21176, 46.375112,     126.7,    1152.5,     23701,     10856,     20498,      8744,   3002857,   1375425,   2597123,   1107923,        -8,      -654,      -663,     -1067,    -82911,    -83978,     16308,      5475,     10417,      1548,  18794733,   6309569,  12005193,   1784084,       -22,      -676,      -698,    -25431,   -778717,   -804148,     10856,         0,      5475,         0,     23709,     24363,     16330,     17006
       177,     21177, 39.541164,      40.3,    1102.6,     23673,     11567,     20148,      6701,    954005,    466145,    811947,    270031,       -10,      -671,      -681,      -386,    -27040,    -27426,     16248,      4545,     10201,      1195,  17914607,   5011316,  11247789,   1318137,       -25,      -725,      -750,    -27517,   -799212,   -826729,     11567,         0,      4545,         0,     23682,     24353,     16273,     16997
       178,     21178, 71.022234,     139.1,         0,     23786,      7502,     20503,      1565,   3308656,   1043535,   2851948,    217674,       -12,      -590,      -602,     -1632,    -82072,    -83704,     16463,      3051,     10233,      1642,         0,         0,         0,         0,       -25,      -560,      -585,         0,         0,         0,      7502,         0,      3051,         0,     23798,     24388,     16488,     17048
       179,     21179, 40.433071,         0,      16.7,     23648,      7758,     20819,      4335,         0,         0,         0,         0,       -10,      -685,      -695,         0,         0,         0,     16177,      4402,     10503,      1884,    270163,     73521,    175405,     31464,       -21,      -765,      -786,      -352,    -12780,    -13131,      7758,         0,      4402,         0,     23658,     24343,     16198,     16964
       180,     21180, 50.164254,         0,    2743.8,     23680,     10241,     20672,      7403,         0,         0,         0,         0,         1,      -659,      -658,         0,         0,         0,     16246,      5442,     10400,      1998,  44574538,  14930926,  28534707,   5481768,         5,      -703,      -698,     13810,  -1928526,  -1914715,     10241,         0,      5442,         0,     23678,     24337,     16241,     16943
       181,     21181, 44.161139,     106.5,     295.1,     23657,     11891,     20379,      8482,   2519426,   1266419,   2170341,    903349,       -10,      -664,      -675,     -1099,    -70740,    -71839,     16204,      5445,     10219,      1773,   4781862,   1606954,   3015721,    523249,       -27,      -708,      -735,     -8082,   -208959,   -217041,     11891,         0,      5445,         0,     23667,     24331,     16232,     16940
       182,     21182, 57.840735,     113.2,     196.3,     23627,     11415,     19976,      6245,   2674606,   1292198,   2261254,    706903,       -11,      -693,      -704,     -1203,    -78491,    -79694,     16134,      3716,      9973,      1274,   3167136,    729361,   1957617,    250086,       -29,      -792,      -821,     -5596,   -155534,   -161131,     11415,         0,      3716,         0,     23638,     24331,     16163,     16955
       183,     21183,893.872010,      91.2,      15.4,     23028,         0,     13249,        15,   2100193,         0,   1208266,      1404,       -32,     -1181,     -1214,     -2938,   -107752,   -110689,     15204,         0,      5954,        91,    234140,         0,     91685,      1404,       -48,     -1467,     -1515,      -734,    -22592,    -23326,         0,         0,         0,         0,     23061,     24242,     15252,     16719
       184,     21184, 22.326901,       7.7,         0,     23770,      6807,     20585,      2704,    183027,     52417,    158503,     20823,        -7,      -619,      -626,       -55,     -4769,     -4824,     16434,      2754,     10279,      1634,         0,         0,         0,         0,       -17,      -612,      -629,         0,         0,         0,      6807,         0,      2754,         0,     23777,     24396,     16452,     17064
       185,     21185, 42.308584,     116.1,      20.5,     23792,     10161,     20587,      4206,   2762229,   1179690,   2390119,    488259,        -6,      -604,      -610,      -681,    -70103,    -70784,     16478,      4776,     10261,      1647,    337808,     97903,    210352,     33771,       -14,      -577,      -591,      -283,    -11830,    -12113,     10161,         0,      4776,         0,     23798,     24401,     16492,     17069
       186,     21186, 52.728988,     171.8,      13.9,     23617,     12355,     20474,      6087,   4057317,   2122662,   3517478,   1045802,        -9,      -697,      -706,     -1549,   -119740,   -121289,     16100,      5388,     10166,      1848,    223793,     74888,    141312,     25687,       -21,      -783,      -804,      -286,    -10889,    -11175,     12355,         0,      5388,         0,     23626,     24323,     16121,     16904
       187,     21187, 43.036623,     175.6,     466.6,     23606,     11594,     20187,      7312,   4145133,   2035877,   3544760,   1284036,       -12,      -688,      -700,     -2123,   -120836,   -122959,     16094,      5055,      9982,      1816,   7509267,   2358818,   4657580,    847228,       -32,      -763,      -794,    -14781,   -355866,   -370647,     11594,         0,      5055,         0,     23618,     24306,     16125,     16888
       188,     21188, 56.331825,     191.9,     257.0,     23568,      9442,     19793,      5085,   4522634,   1812000,   3798221,    975904,       -13,      -724,      -738,     -2551,   -138996,   -141546,     16008,      3942,      9743,      1351,   4114164,   1013126,   2503968,    347320,       -34,      -860,      -893,     -8664,   -220906,   -229570,      9442,         0,      3942,         0,     23581,     24305,     16042,     16902
       189,     21189,418.296368,       2.9,         0,     20692,         0,       442,         0,     60006,         0,      1282,         0,       -70,     -2126,     -2196,      -203,     -6164,     -6367,     14113,         0,       968,         9,         0,         0,         0,         0,       -45,     -1745,     -1790,         0,         0,         0,         0,         0,         0,         0,     20762,     22887,     14157,     15903
       190,     21190,481.489685,       6.7,         0,     21146,         0,      1014,         1,    141676,         0,      6794,        10,       -69,     -2385,     -2454,      -464,    -15977,    -16441,     14432,         0,      1574,        12,         0,         0,         0,         0,       -44,     -1881,     -1925,         0,         0,         0,         0,         0,         0,         0,     21215,     23600,     14475,     16356
       191,     21191,242.685005,       9.6,       2.8,     21257,         0,      1903,         3,    204065,         0,     18268,        29,       -69,     -2746,     -2815,      -664,    -26359,    -27022,     14506,         0,      2187,        18,     40616,         0,      6123,        51,       -44,     -2071,     -2114,      -123,     -5797,     -5920,         0,         0,         0,         0,     21326,     24072,     14549,     16620
       192,     21192,485.456535,         0,       1.3,     20995,         0,      4065,         6,         0,         0,         0,         0,       -96,     -2878,     -2973,         0,         0,         0,     14309,         0,      3352,        24,     18602,         0,      4357,        31,       -61,     -2129,     -2191,       -80,     -2768,     -2848,         0,         0,         0,         0,     21091,     23969,     14371,     16500
       193,     21193,417.569984,         0,         0,     22735,         0,      9291,        28,         0,         0,         0,         0,       -81,     -1395,     -1476,         0,         0,         0,     15458,         0,      5624,       160,         0,         0,         0,         0,       -50,     -1230,     -1280,         0,         0,         0,         0,         0,         0,         0,     22816,     24211,     15508,     16738
       194,     21194,396.591525,         0,         0,     23413,      2762,     14479,         5,         0,         0,         0,         0,       -27,      -851,      -878,         0,         0,         0,     15919,       633,      7863,        13,         0,         0,         0,         0,       -26,      -950,      -976,         0,         0,         0,      2762,         0,       633,         0,     23440,     24292,     15945,     16895
       195,     21195,291.956146,     191.9,     192.4,     23447,      3798,     18586,       407,   4499569,    728878,   3566704,     78044,       -24,      -819,      -843,     -4637,   -157166,   -161803,     15921,       863,      9510,       437,   3063127,    166059,   1829814,     84015,       -26,      -941,      -967,     -5029,   -181007,   -186035,      3798,         0,       863,         0,     23472,     24291,     15947,     16888
       196,     21196,226.226886,     376.1,      64.8,     23597,      8328,     20093,       965,   8874728,   3132146,   7556920,    362899,       -43,      -698,      -741,    -16078,   -262492,   -278570,     16120,      3334,      9964,      1171,   1044601,    216019,    645654,     75859,       -69,      -765,      -834,     -4500,    -49575,    -54075,      8328,         0,      3334,         0,     23639,     24337,     16190,     16955
       197,     21197, 22.583461,      80.6,         0,     23719,         0,     20254,      2040,   1911773,         0,   1632457,    164450,       -10,      -642,      -652,      -789,    -51727,    -52516,     16332,         0,      9989,      1509,         0,         0,         0,         0,       -22,      -658,      -679,         0,         0,         0,         0,         0,         0,         0,     23729,     24371,     16353,     17011
       198,     21198, 41.471098,     143.9,      17.1,     23720,     11106,     20247,      3127,   3413270,   1598132,   2913556,    449980,        -8,      -641,      -649,     -1138,    -92294,    -93432,     16331,      4868,      9961,      1512,    279259,     83239,    170329,     25857,       -18,      -654,      -672,      -315,    -11183,    -11498,     11106,         0,      4868,         0,     23728,     24369,     16349,     17003
       199,     21199, 54.351070,     156.4,      55.6,     23671,     11870,     20149,      4697,   3702186,   1856412,   3151305,    734676,       -12,      -656,      -668,     -1868,   -102646,   -104514,     16233,      5002,      9869,      1787,    902565,    278103,    548704,     99330,       -30,      -690,      -721,     -1692,    -38379,    -40071,     11870,         0,      5002,         0,     23683,     24340,     16264,     16954
       200,     21200, 53.467969,     194.8,     576.2,     23562,      9114,     19906,      4640,   4589863,   1775403,   3877648,    903946,       -14,      -702,      -717,     -2821,   -136810,   -139631,     15999,      3611,      9684,      1826,   9218499,   2080843,   5579924,   1052133,       -36,      -799,      -835,    -20608,   -460553,   -481162,      9114,         0,      3611,         0,     23576,     24279,     16035,     16834
       201,     21201, 90.930086,     188.1,     780.0,     23520,      9280,     19501,      2779,   4424022,   1745601,   3668114,    522675,       -17,      -741,      -759,     -3290,   -139444,   -142734,     15934,      4102,      9423,      1410,  12428419,   3199627,   7349636,   1100073,       -37,      -867,      -904,    -29201,   -676257,   -705458,      9280,         0,      4102,         0,     23537,     24278,     15971,     16838
       202,     21202, 63.008566,      69.1,       2.8,     23674,      6613,     19867,      1566,   1635896,    456941,   1372795,    108228,       -11,      -661,      -671,      -727,    -45671,    -46397,     16239,      3035,      9689,      1601,     45470,      8499,     27130,      4482,       -23,      -693,      -716,       -63,     -1942,     -2005,      6613,         0,      3035,         0,     23685,     24346,     16262,     16955
       203,     21203, 56.584193,         0,     109.8,     23633,     10698,     19796,      2841,         0,         0,         0,         0,       -13,      -689,      -702,         0,         0,         0,     16156,      4349,      9591,      1794,   1773918,    477503,   1053110,    196959,       -33,      -750,      -783,     -3633,    -82301,    -85934,     10698,         0,      4349,         0,     23646,     24334,     16189,     16939
       204,     21204, 53.735100,     200.5,      58.8,     23389,     11140,     19273,      2281,   4689537,   2233480,   3864196,    457325,       -21,      -823,      -844,     -4197,   -165018,   -169214,     15705,      4837,      9182,      1254,    923445,    284395,    539883,     73762,       -39,      -995,     -1034,     -2310,    -58479,    -60790,     11140,         0,      4837,         0,     23410,     24233,     15744,     16739
       205,     21205,1655.06791,      70.0,       6.1,     17826,         0,        71,         6,   1247853,         0,      4989,       427,       -71,     -2777,     -2849,     -5002,   -194404,   -199406,     12088,         0,       196,        70,     73738,         0,      1194,       427,       -46,     -2268,     -2314,      -279,    -13835,    -14115,         0,         0,         0,         0,     17898,     20675,     12134,     14402
       206,     21206,1356.29924,       5.8,         0,     17365,         0,       186,         0,    100717,         0,      1079,         0,       -70,     -4301,     -4372,      -408,    -24949,    -25357,     11736,         0,       512,         6,         0,         0,         0,         0,       -45,     -3218,     -3263,         0,         0,         0,         0,         0,         0,         0,     17435,     21737,     11782,     14999
       207,     21207,421.816147,      19.2,         0,     19233,         0,       403,         2,    369265,         0,      7741,        40,       -70,     -3219,     -3288,     -1337,    -61797,    -63134,     13142,         0,       967,        22,         0,         0,         0,         0,       -45,     -2385,     -2429,         0,         0,         0,         0,         0,         0,         0,     19302,     22521,     13187,     15571
       208,     21208,368.911180,       9.6,      11.1,     20140,         0,       782,        11,    193346,         0,      7507,       107,       -70,     -3259,     -3328,      -669,    -31284,    -31953,     13758,         0,      1405,        21,    152712,         0,     15595,       229,       -44,     -2362,     -2406,      -487,    -26221,    -26708,         0,         0,         0,         0,     20210,     23469,     13802,     16164
       209,     21209,244.833959,      15.4,         0,     19671,         0,      1627,         9,    302936,         0,     25050,       131,       -95,     -3343,     -3438,     -1458,    -51485,    -52943,     13448,         0,      1978,        39,         0,         0,         0,         0,       -59,     -2397,     -2456,         0,         0,         0,         0,         0,         0,         0,     19766,     23109,     13507,     15904
       210,     21210,498.034106,     107.5,      16.7,     20107,         0,      3446,        23,   2161485,         0,    370477,      2525,       -88,     -3489,     -3578,     -9497,   -375099,   -384596,     13743,         0,      3084,       169,    229500,         0,     51503,      2830,       -58,     -2398,     -2456,      -965,    -40049,    -41015,         0,         0,         0,         0,     20195,     23684,     13800,     16198
       211,     21211,212.772754,     212.1,      24.6,     22056,         0,      6936,        50,   4678027,         0,   1471068,     10675,       -92,     -1943,     -2035,    -19562,   -412047,   -431609,     15026,         0,      4594,       345,    369646,         0,    113017,      8478,       -58,     -1451,     -1509,     -1427,    -35694,    -37121,         0,         0,         0,         0,     22148,     24091,     15084,     16535
       212,     21212,788.790788,     169.8,      28.0,     22167,         0,      9859,        43,   3763989,         0,   1673998,      7277,       -87,     -1914,     -2000,    -14696,   -324962,   -339658,     15114,         0,      5830,       298,    423184,         0,    163249,      8341,       -54,     -1478,     -1532,     -1510,    -41391,    -42900,         0,         0,         0,         0,     22254,     24168,     15168,     16646
       213,     21213,241.377431,         0,         0,     23051,         0,     12699,         5,         0,         0,         0,         0,       -37,     -1161,     -1198,         0,         0,         0,     15667,         0,      6998,        32,         0,         0,         0,         0,       -19,     -1112,     -1132,         0,         0,         0,         0,         0,         0,         0,     23088,     24249,     15686,     16798
       214,     21214,351.170554,         0,         0,     23408,         0,     15105,       516,         0,         0,         0,         0,       -30,      -837,      -867,         0,         0,         0,     15893,         0,      7980,         0,         0,         0,         0,         0,       -19,      -925,      -944,         0,         0,         0,         0,         0,         0,         0,     23438,     24275,     15912,     16838
       215,     21215,159.361869,         0,     563.7,     23471,      7490,     18105,      2044,         0,         0,         0,         0,       -29,      -825,      -854,         0,         0,         0,     15939,      2930,      9050,       439,   8984709,   1651652,   5101599,    247642,       -26,      -972,      -997,    -14377,   -547884,   -562261,      7490,         0,      2930,         0,     23500,     24325,     15964,     16936
       216,     21216,190.087966,     231.2,     714.5,     23648,      7584,     19108,      1865,   5467526,   1753363,   4417836,    431303,       -23,      -696,      -719,     -5425,   -160876,   -166301,     16210,      2887,      9360,       929,  11582256,   2063070,   6687984,    663798,       -31,      -762,      -793,    -22399,   -544397,   -566795,      7584,         0,      2887,         0,     23672,     24368,     16242,     17004
       217,     21217,128.924808,     258.1,     149.0,     23668,      7055,     19000,      1736,   6108632,   1820868,   4903812,    448150,       -11,      -707,      -718,     -2754,   -182578,   -185333,     16217,      2572,      9152,      1246,   2416298,    383267,   1363692,    185693,       -18,      -814,      -831,     -2612,   -121238,   -123850,      7055,         0,      2572,         0,     23678,     24386,     16234,     17048
       218,     21218, 44.235011,      73.9,     197.6,     23643,     10215,     19427,      1712,   1747250,    754913,   1435637,    126509,       -13,      -685,      -698,      -947,    -50609,    -51555,     16165,      4534,      9325,      1570,   3194228,    895857,   1842631,    310243,       -33,      -744,      -777,     -6560,   -147028,   -153588,     10215,         0,      4534,         0,     23656,     24341,     16198,     16942
       219,     21219,161.155856,     304.2,     549.8,     23648,      8561,     18613,      1179,   7193834,   2604204,   5661934,    358698,        -9,      -705,      -714,     -2888,   -214452,   -217340,     16174,      3494,      8803,      1160,   8892318,   1920745,   4839895,    637623,       -16,      -795,      -811,     -8841,   -437023,   -445864,      8561,         0,      3494,         0,     23658,     24363,     16190,     16985
       220,     21220,142.645748,     230.3,     120.5,     23332,     10466,     18992,      1801,   5373313,   2410296,   4373869,    414723,       -27,      -855,      -882,     -6140,   -196912,   -203052,     15613,      4187,      8899,      1035,   1881400,    504505,   1072321,    124722,       -46,     -1036,     -1082,     -5571,   -124792,   -130364,     10466,         0,      4187,         0,     23358,     24213,     15660,     16695
       221,     21221,1320.37542,      39.3,         0,     22053,         0,     14058,         0,    866672,         0,    552473,         0,       -46,     -2084,     -2130,     -1815,    -81909,    -83725,     14631,         0,      6294,        39,         0,         0,         0,         0,       -37,     -1960,     -1997,         0,         0,         0,         0,         0,         0,         0,     22099,     24183,     14668,     16628
       222,     21222,293.305050,         0,     980.9,     23621,      8205,     16346,      1737,         0,         0,         0,         0,       -17,      -681,      -698,         0,         0,         0,     16146,      3533,      8220,       192,  15837733,   3465107,   8063354,    188322,       -20,      -747,      -767,    -19420,   -732722,   -752143,      8205,         0,      3533,         0,     23638,     24319,     16166,     16913
       223,     21223,142.181210,     150.6,     105.6,     23572,      8767,     16056,       893,   3550018,   1320294,   2418065,    134494,       -17,      -715,      -732,     -2528,   -107660,   -110188,     16104,      3228,      7823,       420,   1700537,    340904,    826091,     44354,       -19,      -766,      -785,     -2052,    -80893,    -82945,      8767,         0,      3228,         0,     23589,     24304,     16123,     16889
       224,     21224,127.085758,     291.7,     103.8,     23538,      9823,     17292,       876,   6866120,   2865353,   5044109,    255574,       -17,      -774,      -791,     -4967,   -225687,   -230654,     16025,      3967,      8127,       884,   1663364,    411746,    843622,     91774,       -25,      -882,      -907,     -2546,    -91576,    -94122,      9823,         0,      3967,         0,     23555,     24329,     16049,     16931
       225,     21225,220.467288,         0,         0,     18749,         0,       359,         0,         0,         0,         0,         0,       -59,     -3694,     -3754,         0,         0,         0,     12809,         0,       960,         4,         0,         0,         0,         0,       -39,     -2669,     -2708,         0,         0,         0,         0,         0,         0,         0,     18808,     22502,     12848,     15516
       226,     21226,271.306978,         0,         0,     19759,         0,       677,         3,         0,         0,         0,         0,       -60,     -3601,     -3661,         0,         0,         0,     13509,         0,      1243,         3,         0,         0,         0,         0,       -40,     -2528,     -2568,         0,         0,         0,         0,         0,         0,         0,     19819,     23420,     13549,     16077
       227,     21227,231.219083,         0,         0,     19801,         0,      1225,         2,         0,         0,         0,         0,       -59,     -3973,     -4033,         0,         0,         0,     13543,         0,      1647,        28,         0,         0,         0,         0,       -41,     -2717,     -2758,         0,         0,         0,         0,         0,         0,         0,     19860,     23833,     13584,     16301
       228,     21228,335.142890,      48.9,       4.0,     19683,         0,      2170,        13,    962476,         0,    106130,       627,       -88,     -3441,     -3529,     -4311,   -168246,   -172557,     13450,         0,      2353,        77,     53802,         0,      9412,       310,       -58,     -2343,     -2401,      -232,     -9371,     -9604,         0,         0,         0,         0,     19771,     23211,     13508,     15851
       229,     21229,333.455652,      25.9,      25.0,     21231,         0,      4617,        31,    549889,         0,    119575,       796,       -82,     -2566,     -2647,     -2115,    -66453,    -68568,     14462,         0,      3539,        78,    361549,         0,     88467,      1955,       -55,     -1752,     -1807,     -1380,    -43799,    -45178,         0,         0,         0,         0,     21313,     23879,     14517,     16269
       230,     21230,947.528794,       1.0,         0,     18453,         0,       197,         0,     18453,         0,       197,         0,       -45,     -4747,     -4792,       -45,     -4747,     -4792,     12631,         0,       649,         1,         0,         0,         0,         0,       -25,     -3358,     -3383,         0,         0,         0,         0,         0,         0,         0,     18499,     23246,     12656,     16014
       231,     21231,171.690035,         0,         0,     19459,         0,       503,         0,         0,         0,         0,         0,       -56,     -4020,     -4076,         0,         0,         0,     13331,         0,      1058,         0,         0,         0,         0,         0,       -22,     -2975,     -2997,         0,         0,         0,         0,         0,         0,         0,     19514,     23535,     13353,     16328
       232,     21232,171.801440,         0,         0,     19457,         0,       918,         0,         0,         0,         0,         0,       -55,     -4353,     -4408,         0,         0,         0,     13330,         0,      1313,         0,         0,         0,         0,         0,       -22,     -3149,     -3171,         0,         0,         0,         0,         0,         0,         0,     19512,     23865,     13352,     16501
       233,     21233,240.251591,         0,         0,     18538,         0,      1581,         2,         0,         0,         0,         0,       -47,     -5308,     -5355,         0,         0,         0,     12635,         0,      1850,        25,         0,         0,         0,         0,       -36,     -3593,     -3629,         0,         0,         0,         0,         0,         0,         0,     18585,     23893,     12672,     16264
       234,     21234,288.163216,         0,         0,     21094,         0,      3071,        12,         0,         0,         0,         0,       -60,     -2752,     -2811,         0,         0,         0,     14278,         0,      2766,        14,         0,         0,         0,         0,       -39,     -1954,     -1993,         0,         0,         0,         0,         0,         0,         0,     21154,     23906,     14316,     16270
       235,     21235,289.187343,       8.6,         0,     20375,         0,      6027,        16,    175227,         0,     51830,       139,       -79,     -3503,     -3583,      -682,    -30129,    -30812,     13829,         0,      3990,        14,         0,         0,         0,         0,       -51,     -2407,     -2458,         0,         0,         0,         0,         0,         0,         0,     20455,     23958,     13880,     16287
       236,     21236,245.705077,         0,         0,     21002,         0,     10030,         3,         0,         0,         0,         0,       -49,     -2911,     -2960,         0,         0,         0,     14164,         0,      5662,        58,         0,         0,         0,         0,       -28,     -2107,     -2135,         0,         0,         0,         0,         0,         0,         0,     21051,     23961,     14192,     16299
       237,     21237,317.880328,         0,         0,     22964,         0,     12969,       316,         0,         0,         0,         0,       -47,     -1145,     -1192,         0,         0,         0,     15445,         0,      6853,        33,         0,         0,         0,         0,       -24,     -1121,     -1145,         0,         0,         0,         0,         0,         0,         0,     23011,     24156,     15470,     16591
       238,     21238,349.956031,      96.9,       4.9,     21749,         0,      9322,         5,   2107464,         0,    903281,       475,       -47,     -2066,     -2113,     -4537,   -200225,   -204763,     14697,         0,      5181,        97,     72014,         0,     25385,       475,       -27,     -1478,     -1505,      -132,     -7241,     -7373,         0,         0,         0,         0,     21796,     23862,     14724,     16201
       239,     21239,323.424056,       1.0,         0,     19772,         0,       237,         0,     19772,         0,       237,         0,       -49,     -3988,     -4037,       -49,     -3988,     -4037,     13561,         0,       775,         1,         0,         0,         0,         0,       -29,     -2746,     -2775,         0,         0,         0,         0,         0,         0,         0,     19822,     23810,     13589,     16335
       240,     21240,325.845035,         0,         0,     19698,         0,       499,         0,         0,         0,         0,         0,       -45,     -4283,     -4328,         0,         0,         0,     13516,         0,       912,         5,         0,         0,         0,         0,       -25,     -2959,     -2985,         0,         0,         0,         0,         0,         0,         0,     19743,     24026,     13541,     16500
       241,     21241,445.881422,       6.7,         0,     19481,         0,       962,         0,    130524,         0,      6444,         0,       -48,     -4571,     -4619,      -322,    -30628,    -30950,     13281,         0,      1195,         7,         0,         0,         0,         0,       -27,     -3264,     -3292,         0,         0,         0,         0,         0,         0,         0,     19529,     24101,     13308,     16572
       242,     21242,436.499669,         0,         0,     21299,         0,      1763,         0,         0,         0,         0,         0,       -60,     -2151,     -2211,         0,         0,         0,     14369,         0,      1858,         2,         0,         0,         0,         0,       -42,     -1615,     -1657,         0,         0,         0,         0,         0,         0,         0,     21358,     23510,     14411,     16026
       243,     21243,294.879393,       6.7,      21.4,     22124,         0,      4279,        21,    148230,         0,     28669,       143,       -56,     -1778,     -1834,      -376,    -11910,    -12286,     14925,         0,      3195,        13,    319398,         0,     68375,       282,       -39,     -1362,     -1401,      -830,    -29152,    -29982,         0,         0,         0,         0,     22180,     23958,     14964,     16326
       244,     21244,1086.07233,         0,       4.0,     22092,         0,      4326,         4,         0,         0,         0,         0,       -44,     -1636,     -1680,         0,         0,         0,     14863,         0,      2856,         0,     59452,         0,     11424,         0,       -38,     -1256,     -1294,      -151,     -5024,     -5174,         0,         0,         0,         0,     22136,     23772,     14901,     16157
       245,     21245,2753.45715,      29.7,      42.9,     15165,         0,        70,        43,    450388,         0,      2093,      1274,       -48,     -4678,     -4726,     -1436,   -138937,   -140373,     10334,         0,       165,        30,    443310,         0,      7087,      1274,       -23,     -3537,     -3560,      -988,   -151750,   -152738,         0,         0,         0,         0,     15213,     19891,     10357,     13894
       246,     21246,863.112631,       4.8,      13.9,     18226,         0,        95,        14,     87483,         0,       458,        67,       -47,     -3771,     -3817,      -224,    -18100,    -18324,     12387,         0,       264,         5,    172186,         0,      3674,        67,       -27,     -2822,     -2849,      -376,    -39225,    -39601,         0,         0,         0,         0,     18272,     22043,     12415,     15236
       247,     21247,585.244113,       7.7,         0,     19172,         0,       115,         0,    147626,         0,       883,         0,       -47,     -3662,     -3709,      -360,    -28196,    -28556,     13034,         0,       388,         9,         0,         0,         0,         0,       -27,     -2724,     -2751,         0,         0,         0,         0,         0,         0,         0,     19219,     22881,     13061,     15785
       248,     21248,210.690521,       4.8,         0,     20444,         0,       132,         0,     98132,         0,       636,         0,       -45,     -3049,     -3095,      -217,    -14636,    -14854,     14004,         0,       506,        13,         0,         0,         0,         0,       -26,     -2176,     -2202,         0,         0,         0,         0,         0,         0,         0,     20489,     23539,     14030,     16206
       249,     21249,313.255920,       5.8,         0,     20504,         0,       146,        10,    118924,         0,       845,        60,       -48,     -3082,     -3130,      -279,    -17877,    -18156,     14045,         0,       527,        87,         0,         0,         0,         0,       -27,     -2163,     -2190,         0,         0,         0,         0,         0,         0,         0,     20552,     23634,     14072,     16235
       250,     21250,258.115052,      75.8,      10.3,     20719,         0,       312,        10,   1570492,         0,     23672,       781,       -48,     -3116,     -3164,     -3621,   -236181,   -239802,     14164,         0,       621,        82,    145890,         0,      6397,       840,       -28,     -2193,     -2221,      -286,    -22593,    -22879,         0,         0,         0,         0,     20767,     23883,     14192,     16385
       251,     21251,234.285140,       3.8,         0,     20946,         0,       123,         0,     79593,         0,       468,         0,       -47,     -2313,     -2360,      -178,     -8788,     -8967,     14321,         0,       411,         9,         0,         0,         0,         0,       -27,     -1703,     -1730,         0,         0,         0,         0,         0,         0,         0,     20993,     23305,     14348,     16051
       252,     21252,9030.61129,      27.8,         0,     12801,         0,        98,         0,    355876,         0,      2727,         0,       -47,     -4084,     -4131,     -1301,   -113530,   -114830,      8431,         0,       182,        28,         0,         0,         0,         0,       -27,     -3138,     -3165,         0,         0,         0,         0,         0,         0,         0,     12848,     16932,      8458,     11596
       253,     21253,3124.30402,       2.9,         0,     18570,         0,       119,         0,     53852,         0,       344,         0,       -47,     -2700,     -2747,      -137,     -7830,     -7967,     12607,         0,       239,         3,         0,         0,         0,         0,       -27,     -2062,     -2089,         0,         0,         0,         0,         0,         0,         0,     18617,     21317,     12634,     14696
       254,     21254,860.647809,      14.4,      13.4,     20463,         0,       114,        13,    294674,         0,      1646,       193,       -48,     -2077,     -2126,      -697,    -29914,    -30611,     13934,         0,       245,        14,    186711,         0,      3280,       193,       -28,     -1570,     -1598,      -372,    -21039,    -21412,         0,         0,         0,         0,     20512,     22589,     13961,     15532
       255,     21255,1737.83477,      11.5,       2.0,     17230,         0,       154,         2,    198146,         0,      1773,        23,       -47,     -2415,     -2462,      -539,    -27778,    -28317,     11625,         0,       251,        12,     23250,         0,       501,        23,       -27,     -1876,     -1904,       -55,     -3753,     -3808,         0,         0,         0,         0,     17277,     19692,     11653,     13529
       256,     21256,1179.86236,       1.0,         0,     18696,         0,       146,         0,     18696,         0,       146,         0,       -48,     -2475,     -2522,       -48,     -2475,     -2522,     12675,         0,       252,         1,         0,         0,         0,         0,       -28,     -1833,     -1861,         0,         0,         0,         0,         0,         0,         0,     18743,     21218,     12704,     14536
       257,     21257,518.839665,       1.0,         0,     16914,         0,       156,        11,     16914,         0,       156,        11,       -47,     -2402,     -2449,       -47,     -2402,     -2449,     11398,         0,       247,        21,         0,         0,         0,         0,       -27,     -1830,     -1858,         0,         0,         0,         0,         0,         0,         0,     16962,     19363,     11425,     13255
       258,     21258,375.517348,       1.9,         0,     17521,         0,       158,         0,     33289,         0,       300,         0,       -49,     -2532,     -2581,       -94,     -4810,     -4904,     11834,         0,       252,         5,         0,         0,         0,         0,       -29,     -1889,     -1918,         0,         0,         0,         0,         0,         0,         0,     17570,     20102,     11863,     13752
       259,     21259,332.408486,       4.8,         0,     17658,         0,       156,         0,     84756,         0,       749,         0,       -50,     -2672,     -2722,      -240,    -12826,    -13067,     11932,         0,       246,         6,         0,         0,         0,         0,       -29,     -1958,     -1987,         0,         0,         0,         0,         0,         0,         0,     17708,     20380,     11961,     13919
       260,     21260,106.015776,      62.4,      34.7,     16758,         0,       153,       117,   1045674,         0,      9560,      7307,       -49,     -2404,     -2453,     -3056,   -150032,   -153087,     11284,         0,       245,       162,    391557,         0,      8498,      5605,       -29,     -1806,     -1836,     -1018,    -62676,    -63695,         0,         0,         0,         0,     16807,     19211,     11313,     13120
       261,     21261,208.527333,      98.8,      82.4,     16690,         0,       153,       117,   1648923,         0,     15154,     11569,       -50,     -2603,     -2653,     -4975,   -257127,   -262102,     11235,         0,       240,       161,    925743,         0,     19753,     13283,       -30,     -1930,     -1959,     -2449,   -159010,   -161459,         0,         0,         0,         0,     16740,     19342,     11264,     13194
       262,     21262,1170.27886,       2.9,         0,     14657,         0,       149,        11,     42504,         0,       431,        31,       -49,     -3100,     -3149,      -142,     -8989,     -9132,      9765,         0,       256,         3,         0,         0,         0,         0,       -29,     -2345,     -2375,         0,         0,         0,         0,         0,         0,         0,     14706,     17805,      9795,     12140
       263,     21263,393.360407,       1.0,      27.8,     15215,         0,       148,        28,     15215,         0,       148,        28,       -50,     -2393,     -2443,       -50,     -2393,     -2443,     10169,         0,       250,         2,    282685,         0,      6944,        58,       -30,     -1816,     -1846,      -823,    -50498,    -51321,         0,         0,         0,         0,     15266,     17658,     10198,     12015
       264,     21264,431.654697,         0,         0,     13459,         0,        93,         0,         0,         0,         0,         0,       -50,     -2441,     -2491,         0,         0,         0,      8907,         0,       169,        44,         0,         0,         0,         0,       -30,     -1896,     -1926,         0,         0,         0,         0,         0,         0,         0,     13510,     15950,      8937,     10833
       265,     21265,421.474247,      47.0,         0,     13296,         0,       103,         0,    624934,         0,      4826,         0,       -50,     -2795,     -2845,     -2350,   -131344,   -133694,      8790,         0,       178,        47,         0,         0,         0,         0,       -29,     -2128,     -2157,         0,         0,         0,         0,         0,         0,         0,     13346,     16141,      8820,     10947
       266,     21266,117306.528,       6.7,         0,       260,         0,         0,         0,      1741,         0,         0,         0,        -0,     -1801,     -1801,        -0,    -12066,    -12066,       489,         0,         8,         7,         0,         0,         0,         0,        -0,     -1706,     -1706,         0,         0,         0,         0,         0,         0,         0,       260,      2061,       489,      2196
       267,     21267,6918.09715,         0,         0,       274,         0,         0,         0,         0,         0,         0,         0,         0,      -585,      -585,         0,         0,         0,       537,         0,         2,         0,         0,         0,         0,         0,         0,      -774,      -774,         0,         0,         0,         0,         0,         0,         0,       274,       858,       537,      1312
       268,     21268,3664.73932,       1.9,         0,      1877,         0,         0,         0,      3567,         0,         0,         0,       -54,     -5086,     -5141,      -103,     -9664,     -9767,      2036,         0,         2,         2,         0,         0,         0,         0,       -23,     -3471,     -3493,         0,         0,         0,         0,         0,         0,         0,      1932,      7018,      2059,      5530
       269,     21269,14501.1616,       2.9,         0,      2761,         0,         0,         0,      8006,         0,         0,         0,       -54,     -5213,     -5267,      -157,    -15118,    -15275,      2610,         0,         9,         3,         0,         0,         0,         0,       -25,     -3641,     -3666,         0,         0,         0,         0,         0,         0,         0,      2815,      8028,      2635,      6276
       270,     21270,5166.42428,       1.9,         0,      1247,         0,         0,         0,      2369,         0,         0,         0,       -40,     -5176,     -5216,       -76,     -9835,     -9910,      1650,         0,         6,         2,         0,         0,         0,         0,       -18,     -3477,     -3495,         0,         0,         0,         0,         0,         0,         0,      1287,      6463,      1669,      5145
       271,     21271,4121.86524,       2.9,       9.6,      7218,         0,        18,        10,     20934,         0,        52,        28,       -55,     -5539,     -5593,      -159,    -16062,    -16220,      5694,         0,        29,         3,     54666,         0,       275,        28,       -26,     -3948,     -3975,      -253,    -37903,    -38156,         0,         0,         0,         0,      7273,     12812,      5721,      9669
       272,     21272,5995.09439,       5.8,         0,      8863,         0,        26,         0,     51408,         0,       152,         0,       -56,     -3519,     -3575,      -324,    -20411,    -20735,      6852,         0,        97,         6,         0,         0,         0,         0,       -27,     -2468,     -2495,         0,         0,         0,         0,         0,         0,         0,      8919,     12438,      6879,      9347
       273,     21273,4248.39360,       9.6,         0,      5621,         0,        25,         0,     53966,         0,       236,         0,       -55,     -3182,     -3237,      -525,    -30547,    -31072,      4563,         0,       119,        10,         0,         0,         0,         0,       -26,     -2192,     -2218,         0,         0,         0,         0,         0,         0,         0,      5676,      8858,      4589,      6781
       274,     21274,16189.2716,       1.9,         0,     12382,         0,         4,         0,     23526,         0,         9,         0,      -147,     -4459,     -4606,      -279,     -8472,     -8751,      9275,         0,         4,         2,         0,         0,         0,         0,       -81,     -3555,     -3637,         0,         0,         0,         0,         0,         0,         0,     12529,     16988,      9356,     12912
       275,     21275,3996.97605,       8.6,       8.4,      6436,         0,        26,         8,     55352,         0,       223,        72,       -55,     -9581,     -9636,      -474,    -82394,    -82868,      5127,         0,        66,         9,     43063,         0,       552,        72,       -25,     -6701,     -6727,      -212,    -56292,    -56503,         0,         0,         0,         0,      6491,     16072,      5152,     11853
       276,     21276,3577.40796,       5.8,         0,     10620,         0,       249,         0,     61594,         0,      1442,         0,       -56,     -4302,     -4358,      -322,    -24953,    -25276,      8100,         0,       460,         6,         0,         0,         0,         0,       -26,     -2980,     -3006,         0,         0,         0,         0,         0,         0,         0,     10675,     14977,      8126,     11106
       277,     21277,2268.94864,       4.8,         0,      8477,         0,       210,         0,     40690,         0,      1009,         0,       -54,     -4491,     -4546,      -261,    -21557,    -21818,      6587,         0,       441,         5,         0,         0,         0,         0,       -26,     -3118,     -3145,         0,         0,         0,         0,         0,         0,         0,      8531,     13022,      6613,      9731
       278,     21278,650.682948,       1.0,         0,     10373,         0,       246,        20,     10373,         0,       246,        20,       -56,     -4577,     -4633,       -56,     -4577,     -4633,      7934,         0,       505,        37,         0,         0,         0,         0,       -27,     -3104,     -3131,         0,         0,         0,         0,         0,         0,         0,     10428,     15005,      7961,     11065
       279,     21279,134.588358,         0,         0,     11138,         0,       105,        11,         0,         0,         0,         0,       -54,     -3333,     -3387,         0,         0,         0,      8466,         0,       280,        78,         0,         0,         0,         0,       -26,     -2231,     -2258,         0,         0,         0,         0,         0,         0,         0,     11192,     14525,      8492,     10723
       280,     21280,161.419144,         0,         0,      8961,         0,        68,         3,         0,         0,         0,         0,       -55,     -3729,     -3784,         0,         0,         0,      6938,         0,       225,        47,         0,         0,         0,         0,       -26,     -2508,     -2534,         0,         0,         0,         0,         0,         0,         0,      9017,     12746,      6964,      9472
       281,     21281, 55.909828,      32.6,       8.5,     10915,         0,       193,        45,    355813,         0,      6276,      1472,       -55,     -4023,     -4079,     -1802,   -131164,   -132966,      8313,         0,       417,       127,     70663,         0,      3547,      1083,       -26,     -2704,     -2730,      -224,    -22982,    -23205,         0,         0,         0,         0,     10970,     14993,      8340,     11043
       282,     21282,112.352959,      48.0,       5.6,     10730,         0,       144,        36,    515050,         0,      6891,      1739,       -56,     -3873,     -3929,     -2678,   -185925,   -188603,      8186,         0,       337,       149,     45841,         0,      1886,       836,       -27,     -2596,     -2623,      -149,    -14538,    -14687,         0,         0,         0,         0,     10786,     14659,      8213,     10809
       283,     21283, 73.994144,      18.2,         0,      9576,         0,        96,         6,    174285,         0,      1748,       115,       -55,     -4202,     -4257,     -1005,    -76471,    -77476,      7383,         0,       262,        89,         0,         0,         0,         0,       -27,     -2814,     -2841,         0,         0,         0,         0,         0,         0,         0,      9631,     13833,      7409,     10223
       284,     21284, 74.114108,      27.8,      30.1,     10632,         0,       238,        44,    295574,         0,      6616,      1217,       -55,     -4473,     -4528,     -1525,   -124341,   -125866,      8119,         0,       486,       121,    244395,         0,     14640,      3633,       -26,     -3007,     -3033,      -795,    -90507,    -91302,         0,         0,         0,         0,     10687,     15160,      8146,     11153
       285,     21285,182.197523,      28.8,       1.5,     10360,         0,       192,        42,    298381,         0,      5515,      1216,       -54,     -4323,     -4377,     -1553,   -124495,   -126048,      7931,         0,       410,       146,     11896,         0,       614,       219,       -26,     -2897,     -2924,       -40,     -4346,     -4386,         0,         0,         0,         0,     10414,     14737,      7957,     10854
       286,     21286,149.127275,      20.2,       1.3,      9449,         0,       128,         5,    190878,         0,      2577,        98,       -54,     -4495,     -4549,     -1096,    -90790,    -91887,      7294,         0,       305,        81,      9482,         0,       396,       106,       -26,     -3020,     -3046,       -34,     -3925,     -3960,         0,         0,         0,         0,      9504,     13998,      7320,     10340
       287,     21287,830.121142,       1.0,         0,      9019,         0,        16,         0,      9019,         0,        16,         0,       -67,     -8556,     -8623,       -67,     -8556,     -8623,      6994,         0,        38,         1,         0,         0,         0,         0,       -33,     -5973,     -6006,         0,         0,         0,         0,         0,         0,         0,      9086,     17642,      7027,     13000
       288,     21288,2219.11229,       7.7,         0,     10701,         0,       116,         0,     82394,         0,       896,         0,       -69,     -5997,     -6066,      -529,    -46176,    -46704,      8148,         0,       275,         8,         0,         0,         0,         0,       -36,     -4189,     -4225,         0,         0,         0,         0,         0,         0,         0,     10769,     16766,      8184,     12374
       289,     21289,1019.71528,         0,         0,     12420,         0,       446,         0,         0,         0,         0,         0,       -68,     -3367,     -3436,         0,         0,         0,      9342,         0,       824,         0,         0,         0,         0,         0,       -36,     -2283,     -2319,         0,         0,         0,         0,         0,         0,         0,     12488,     15855,      9378,     11661
       290,     21290,965.448146,       3.8,         0,     12862,         0,       530,         0,     48874,         0,      2013,         0,       -55,     -3456,     -3510,      -207,    -13131,    -13338,      9648,         0,       954,         4,         0,         0,         0,         0,       -26,     -2337,     -2363,         0,         0,         0,         0,         0,         0,         0,     12916,     16372,      9674,     12011
       291,     21291,363.300189,         0,         0,     12280,         0,       550,         0,         0,         0,         0,         0,       -55,     -3020,     -3076,         0,         0,         0,      9241,         0,       992,         0,         0,         0,         0,         0,       -27,     -1995,     -2021,         0,         0,         0,         0,         0,         0,         0,     12336,     15356,      9268,     11263
       292,     21292,520.969301,       1.0,         0,     11717,         0,       413,         0,     11717,         0,       413,         0,       -56,     -2818,     -2874,       -56,     -2818,     -2874,      8859,         0,       774,         1,         0,         0,         0,         0,       -27,     -1849,     -1876,         0,         0,         0,         0,         0,         0,         0,     11772,     14591,      8886,     10735
       293,     21293,752.597737,         0,         0,     10765,         0,       308,         7,         0,         0,         0,         0,       -55,     -2888,     -2944,         0,         0,         0,      8207,         0,       591,        13,         0,         0,         0,         0,       -27,     -1874,     -1901,         0,         0,         0,         0,         0,         0,         0,     10820,     13708,      8234,     10108
       294,     21294,540.511373,       7.7,      11.8,     12519,         0,       644,        12,     96393,         0,      4955,        91,       -73,     -3718,     -3790,      -559,    -28627,    -29185,      9400,         0,      1130,         9,    110918,         0,     13329,       103,       -39,     -2498,     -2538,      -463,    -29481,    -29944,         0,         0,         0,         0,     12591,     16309,      9439,     11937
       295,     21295,358.827508,         0,         0,     14368,         0,       661,         6,         0,         0,         0,         0,       -56,     -2667,     -2723,         0,         0,         0,     10678,         0,      1156,        19,         0,         0,         0,         0,       -27,     -1757,     -1783,         0,         0,         0,         0,         0,         0,         0,     14424,     17091,     10704,     12461
       296,     21296,175.886055,         0,         0,     14612,         0,       655,         9,         0,         0,         0,         0,       -55,     -2088,     -2142,         0,         0,         0,     10844,         0,      1155,         0,         0,         0,         0,         0,       -27,     -1344,     -1371,         0,         0,         0,         0,         0,         0,         0,     14667,     16754,     10871,     12215
       297,     21297,384.953878,         0,       9.4,     12485,         0,       654,        26,         0,         0,         0,         0,       -54,     -2935,     -2989,         0,         0,         0,      9376,         0,      1155,        18,     88133,         0,     10860,       174,       -26,     -1931,     -1957,      -249,    -18151,    -18400,         0,         0,         0,         0,     12538,     15473,      9402,     11333
       298,     21298,920.501809,       1.9,         0,     12251,         0,       572,         0,     23277,         0,      1086,         0,       -55,     -3086,     -3141,      -105,     -5863,     -5968,      9221,         0,      1010,         2,         0,         0,         0,         0,       -27,     -2006,     -2033,         0,         0,         0,         0,         0,         0,         0,     12306,     15392,      9248,     11254
       299,     21299,691.356049,         0,         0,     11860,         0,       538,         0,         0,         0,         0,         0,       -56,     -3309,     -3365,         0,         0,         0,      8962,         0,       974,         0,         0,         0,         0,         0,       -27,     -2210,     -2236,         0,         0,         0,         0,         0,         0,         0,     11916,     15224,      8989,     11199
       300,     21300,148.255841,       3.8,         0,     13243,         0,       666,        45,     50324,         0,      2531,       170,       -73,     -2962,     -3035,      -278,    -11256,    -11534,      9899,         0,      1168,       204,         0,         0,         0,         0,       -39,     -1940,     -1979,         0,         0,         0,         0,         0,         0,         0,     13316,     16278,      9938,     11879
       301,     21301,167.671666,      91.2,      21.0,     14298,         0,       666,       181,   1303991,         0,     60713,     16514,       -55,     -2984,     -3039,     -5050,   -272150,   -277200,     10622,         0,      1170,       392,    223057,         0,     24571,      8234,       -27,     -1954,     -1980,      -557,    -41030,    -41587,         0,         0,         0,         0,     14354,     17338,     10648,     12602
       302,     21302, 54.719648,      59.5,      35.8,     14202,         0,       665,       257,    845024,         0,     39560,     15290,       -55,     -2863,     -2918,     -3267,   -170341,   -173609,     10553,         0,      1170,       412,    377781,         0,     41871,     14734,       -26,     -1863,     -1889,      -943,    -66682,    -67625,         0,         0,         0,         0,     14257,     17120,     10579,     12441
       303,     21303,324.343858,       2.9,       9.7,     13405,         0,       655,        35,     38874,         0,      1900,       100,       -56,     -2777,     -2833,      -162,     -8054,     -8216,     10009,         0,      1153,        44,     97092,         0,     11183,       426,       -27,     -1797,     -1824,      -258,    -17431,    -17689,         0,         0,         0,         0,     13461,     16238,     10036,     11833
       304,     21304,2818.32967,       1.0,       2.5,      8717,         0,        27,         3,      8717,         0,        27,         3,       -68,     -9474,     -9542,       -68,     -9474,     -9542,      6676,         0,       102,         1,     16691,         0,       256,         3,       -34,     -6436,     -6471,       -85,    -16091,    -16176,         0,         0,         0,         0,      8785,     18259,      6710,     13147
       305,     21305,2827.25832,      13.4,       5.1,     12847,         0,       257,         5,    172145,         0,      3440,        68,       -69,     -5214,     -5283,      -921,    -69872,    -70793,      9620,         0,       537,        13,     49059,         0,      2740,        68,       -36,     -3585,     -3622,      -185,    -18286,    -18471,         0,         0,         0,         0,     12915,     18130,      9656,     13241
       306,     21306,698.033839,       6.7,         0,     13915,         0,       573,         1,     93230,         0,      3837,         9,       -68,     -3244,     -3312,      -458,    -21736,    -22193,     10368,         0,      1049,         9,         0,         0,         0,         0,       -36,     -2158,     -2194,         0,         0,         0,         0,         0,         0,         0,     13983,     17227,     10404,     12562
       307,     21307, 56.502251,       2.9,         0,     13858,         0,       660,        53,     40189,         0,      1914,       152,       -73,     -3036,     -3108,      -211,     -8804,     -9015,     10323,         0,      1156,       244,         0,         0,         0,         0,       -39,     -1981,     -2020,         0,         0,         0,         0,         0,         0,         0,     13931,     16967,     10362,     12343
       308,     21308,103.534860,     101.7,       6.9,     14340,         0,       663,       234,   1458353,         0,     67377,     23823,       -73,     -2549,     -2622,     -7459,   -259234,   -266694,     10651,         0,      1160,       521,     73491,         0,      8005,      3594,       -39,     -1632,     -1671,      -270,    -11263,    -11533,         0,         0,         0,         0,     14413,     16962,     10690,     12322
       309,     21309,103.665840,     100.8,      73.0,     14134,         0,       664,       412,   1424674,         0,     66913,     41503,       -60,     -2953,     -3012,     -6023,   -297629,   -303652,     10504,         0,      1163,       663,    766784,         0,     84927,     48368,       -29,     -1917,     -1946,     -2130,   -139927,   -142058,         0,         0,         0,         0,     14193,     17146,     10533,     12450
       310,     21310, 99.656167,     125.7,     110.0,     14106,         0,       663,       413,   1773140,         0,     83334,     51950,       -58,     -2842,     -2900,     -7296,   -357181,   -364477,     10478,         0,      1162,       570,   1152597,         0,    127848,     62751,       -29,     -1841,     -1870,     -3210,   -202494,   -205703,         0,         0,         0,         0,     14164,     17006,     10507,     12348
       311,     21311,176.925920,      80.6,      13.9,     13606,         0,       660,       298,   1096652,         0,     53174,     24046,       -73,     -2579,     -2652,     -5862,   -207890,   -213751,     10132,         0,      1156,       359,    140834,         0,     16061,      4988,       -39,     -1644,     -1683,      -540,    -22857,    -23396,         0,         0,         0,         0,     13679,     16258,     10171,     11815
       312,     21312,264.601768,       5.8,       2.8,     16311,         0,       573,        14,     94604,         0,      3324,        82,       -68,     -2183,     -2251,      -397,    -12659,    -13056,     12014,         0,      1047,        32,     33638,         0,      2933,        89,       -36,     -1391,     -1427,      -101,     -3894,     -3995,         0,         0,         0,         0,     16380,     18562,     12050,     13441
       313,     21313,201.751343,       3.8,         0,     16081,         0,       642,        61,     61108,         0,      2441,       231,       -70,     -2198,     -2268,      -265,     -8352,     -8617,     11850,         0,      1133,       132,         0,         0,         0,         0,       -37,     -1392,     -1428,         0,         0,         0,         0,         0,         0,         0,     16151,     18349,     11887,     13279
       314,     21314, 78.822390,      98.8,       2.8,     14354,         0,       658,       114,   1418179,         0,     64985,     11238,       -73,     -2868,     -2941,     -7233,   -283366,   -290599,     10659,         0,      1153,       331,     29845,         0,      3228,       928,       -39,     -1862,     -1900,      -109,     -5212,     -5321,         0,         0,         0,         0,     14427,     17295,     10698,     12559
       315,     21315, 73.552551,         0,      38.7,     15552,         0,       654,       135,         0,         0,         0,         0,       -72,     -2326,     -2398,         0,         0,         0,     11483,         0,      1149,       336,    444395,         0,     44480,     12999,       -38,     -1472,     -1510,     -1483,    -56966,    -58450,         0,         0,         0,         0,     15624,     17950,     11521,     12993
       316,     21316, 46.039062,      43.2,       5.6,     15163,         0,       659,       295,    655034,         0,     28470,     12753,       -73,     -2366,     -2439,     -3165,   -102214,   -105379,     11213,         0,      1151,       497,     62792,         0,      6447,      2783,       -39,     -1492,     -1531,      -218,     -8356,     -8574,         0,         0,         0,         0,     15236,     17602,     11252,     12744
       317,     21317, 50.814306,      33.6,      27.4,     14805,         0,       662,       437,    497437,         0,     22228,     14679,       -73,     -2412,     -2485,     -2458,    -81047,    -83505,     10962,         0,      1155,       558,    300372,         0,     31641,     15295,       -39,     -1524,     -1563,     -1067,    -41749,    -42816,         0,         0,         0,         0,     14878,     17290,     11001,     12525
       318,     21318, 80.446246,      86.4,     136.3,     14415,         0,       659,       389,   1245423,         0,     56921,     33591,       -73,     -2436,     -2509,     -6298,   -210478,   -216776,     10688,         0,      1150,       451,   1456738,         0,    156711,     61408,       -39,     -1537,     -1576,     -5346,   -209497,   -214843,         0,         0,         0,         0,     14488,     16924,     10727,     12264
       319,     21319,1226.94771,       2.9,         0,     13016,         0,       189,         0,     37747,         0,       549,         0,       -68,     -6186,     -6254,      -198,    -17939,    -18138,      9741,         0,       445,         4,         0,         0,         0,         0,       -35,     -4006,     -4040,         0,         0,         0,         0,         0,         0,         0,     13085,     19271,      9776,     13781
       320,     21320,337.362274,      33.6,         0,     15340,         0,       497,         9,    515438,         0,     16698,       306,       -68,     -3425,     -3493,     -2280,   -115072,   -117352,     11352,         0,       935,        50,         0,         0,         0,         0,       -34,     -2121,     -2155,         0,         0,         0,         0,         0,         0,         0,     15408,     18833,     11386,     13506
       321,     21321,278.482040,      65.2,      36.3,     16189,         0,       603,        43,   1055493,         0,     39336,      2773,       -69,     -2476,     -2545,     -4500,   -161425,   -165925,     11911,         0,      1084,        93,    432366,         0,     39340,      3364,       -36,     -1563,     -1598,     -1296,    -56721,    -58017,         0,         0,         0,         0,     16258,     18733,     11947,     13509
       322,     21322,179.566809,      67.2,      24.6,     15255,         0,       649,       103,   1025159,         0,     43632,      6904,       -73,     -2765,     -2838,     -4890,   -185836,   -190726,     11268,         0,      1146,       181,    277191,         0,     28180,      4452,       -37,     -1757,     -1794,      -918,    -43217,    -44135,         0,         0,         0,         0,     15328,     18094,     11305,     13062
       323,     21323, 86.449538,      52.8,      78.1,     15060,         0,       657,       280,    795180,         0,     34694,     14768,       -73,     -2454,     -2527,     -3867,   -129550,   -133417,     11143,         0,      1146,       382,    870270,         0,     89486,     29863,       -39,     -1543,     -1582,     -3051,   -120504,   -123555,         0,         0,         0,         0,     15133,     17587,     11182,     12725
       324,     21324,448.363615,      28.8,       5.7,     13837,         0,       652,       154,    398501,         0,     18772,      4428,       -73,     -3192,     -3265,     -2093,    -91927,    -94020,     10287,         0,      1133,       149,     58636,         0,      6459,       851,       -38,     -2031,     -2069,      -216,    -11575,    -11790,         0,         0,         0,         0,     13910,     17101,     10325,     12356
       325,     21325,296.653369,         0,         0,     12713,         0,       637,         0,         0,         0,         0,         0,       -73,     -3511,     -3584,         0,         0,         0,      9494,         0,      1087,         0,         0,         0,         0,         0,       -39,     -2281,     -2320,         0,         0,         0,         0,         0,         0,         0,     12787,     16298,      9533,     11814
       326,     21326,2675.54425,         0,      10.7,     18225,         0,        15,        11,         0,         0,         0,         0,       -55,     -2651,     -2706,         0,         0,         0,     13404,         0,       120,         0,    143427,         0,      1283,         0,       -26,     -1638,     -1664,      -280,    -17526,    -17807,         0,         0,         0,         0,     18280,     20931,     13431,     15069
       327,     21327,991.480916,       7.7,         0,     16067,         0,       183,         0,    123717,         0,      1411,         0,       -54,     -2773,     -2827,      -414,    -21354,    -21768,     11926,         0,       418,         8,         0,         0,         0,         0,       -25,     -1653,     -1679,         0,         0,         0,         0,         0,         0,         0,     16121,     18894,     11951,     13604
       328,     21328,1850.72398,      11.5,         0,     15473,         0,       244,         0,    177936,         0,      2809,         0,       -54,     -3166,     -3220,      -619,    -36408,    -37027,     11507,         0,       494,        12,         0,         0,         0,         0,       -25,     -1886,     -1911,         0,         0,         0,         0,         0,         0,         0,     15527,     18692,     11532,     13419
       329,     21329,1321.96526,      16.3,         0,     10465,         0,       574,         0,    170577,         0,      9355,         0,       -74,     -6685,     -6759,     -1200,   -108964,   -110164,      7919,         0,       966,        16,         0,         0,         0,         0,       -39,     -4489,     -4528,         0,         0,         0,         0,         0,         0,         0,     10538,     17223,      7958,     12446
       330,     21330,3085.56488,         0,         0,     16236,         0,       382,         0,         0,         0,         0,         0,      -186,     -4423,     -4609,         0,         0,         0,     12307,         0,      1206,         0,         0,         0,         0,         0,      -105,     -2823,     -2928,         0,         0,         0,         0,         0,         0,         0,     16422,     20845,     12412,     15235
       331,     21331,693.687974,         0,         0,     15651,         0,       184,         0,         0,         0,         0,         0,       -54,     -7399,     -7453,         0,         0,         0,     11533,         0,       771,         0,         0,         0,         0,         0,       -26,     -4757,     -4783,         0,         0,         0,         0,         0,         0,         0,     15704,     23103,     11559,     16316
       332,     21332,1864.96359,      70.0,         0,     18384,         0,        34,         0,   1286904,         0,      2385,         0,       -54,     -3260,     -3314,     -3805,   -228185,   -231990,     13475,         0,       137,        70,         0,         0,         0,         0,       -25,     -1983,     -2009,         0,         0,         0,         0,         0,         0,         0,     18439,     21698,     13501,     15484
       333,     21333,36099.8436,         0,         0,       239,         0,         0,         0,         0,         0,         0,         0,        -0,      -489,      -489,         0,         0,         0,       465,         0,         0,         0,         0,         0,         0,         0,        -0,      -717,      -717,         0,         0,         0,         0,         0,         0,         0,       239,       728,       465,      1182
       334,     21334,58586.9844,      10.6,         0,         0,         0,         0,         0,         0,         0,         0,         0,         0,      -505,      -505,         0,     -5353,     -5353,         7,         0,        11,        11,         0,         0,         0,         0,         0,      -820,      -820,         0,         0,         0,         0,         0,         0,         0,         0,       505,         7,       827
       335,     21335,11023.5820,       5.8,      29.2,     18276,         0,       620,        29,    106001,         0,      3598,       169,      -184,     -4541,     -4725,     -1069,    -26337,    -27405,     12832,         0,       733,         6,    374682,         0,     21392,       169,       -24,     -3147,     -3171,      -689,    -91893,    -92582,         0,         0,         0,         0,     18460,     23001,     12855,     16002
       336,     21336,10683.5820,         0,      59.3,      4375,         0,        92,        59,         0,         0,         0,         0,       -73,    -17066,    -17139,         0,         0,         0,      3573,         0,        38,         0,    211880,         0,      2271,         0,       -38,    -11652,    -11689,     -2230,   -690937,   -693166,         0,         0,         0,         0,      4448,     21515,      3611,     15262
       337,     21337,4433.96188,       1.0,         0,      8100,         0,       228,         0,      8100,         0,       228,         0,       -73,     -5198,     -5271,       -73,     -5198,     -5271,      6255,         0,       360,         1,         0,         0,         0,         0,       -38,     -3468,     -3506,         0,         0,         0,         0,         0,         0,         0,      8174,     13371,      6293,      9761
       338,     21338,40213.3378,       3.8,         0,         0,         0,         0,         0,         0,         0,         0,         0,         0,     -1908,     -1908,         0,     -7249,     -7249,         3,         0,         4,         4,         0,         0,         0,         0,         0,     -1671,     -1671,         0,         0,         0,         0,         0,         0,         0,         0,      1908,         3,      1674
       339,     21339,1083.31773,         0,         0,       470,         0,       393,         0,         0,         0,         0,         0,        -0,    -18118,    -18118,         0,         0,         0,       315,         0,        58,         0,         0,         0,         0,         0,        -0,    -12304,    -12304,         0,         0,         0,         0,         0,         0,         0,       470,     18588,       315,     12620
       340,     21340,641.698310,       6.7,         0,      2748,         0,       410,         0,     18412,         0,      2750,         0,       -72,    -18625,    -18697,      -480,   -124791,   -125271,      2441,         0,        63,         7,         0,         0,         0,         0,       -35,    -12549,    -12584,         0,         0,         0,         0,         0,         0,         0,      2820,     21445,      2476,     15025
       341,     21341, 73.151652,       1.0,         0,      4723,         0,       390,         0,      4723,         0,       390,         0,       -72,    -16048,    -16120,       -72,    -16048,    -16120,      3780,         0,        64,         1,         0,         0,         0,         0,       -37,    -10821,    -10859,         0,         0,         0,         0,         0,         0,         0,      4795,     20843,      3817,     14638
       342,     21342,1282.28949,         0,         0,      3796,         0,       383,         0,         0,         0,         0,         0,       -72,    -15960,    -16032,         0,         0,         0,      3142,         0,        67,         0,         0,         0,         0,         0,       -36,    -10707,    -10743,         0,         0,         0,         0,         0,         0,         0,      3867,     19827,      3179,     13886
       343,     21343,13099.4308,       8.6,         0,      2103,         0,       182,         0,     18082,         0,      1568,         0,       -66,    -15560,    -15626,      -568,   -133815,   -134383,      2041,         0,        38,         9,         0,         0,         0,         0,       -31,    -10378,    -10408,         0,         0,         0,         0,         0,         0,         0,      2169,     17729,      2072,     12449
       344,     21344,4121.31941,         0,         0,     15584,         0,       131,         0,         0,         0,         0,         0,       -49,     -4341,     -4390,         0,         0,         0,      9560,         0,        17,         0,         0,         0,         0,         0,       -54,     -4266,     -4321,         0,         0,         0,         0,         0,         0,         0,     15632,     19974,      9614,     13880
       345,     21345,549.988053,      25.9,     109.9,      2762,         0,       429,       126,     71529,         0,     11123,      3256,       -68,    -18439,    -18508,     -1761,   -477583,   -479344,      2455,         0,        68,        27,    269774,         0,      7455,      2925,       -34,    -12298,    -12332,     -3704,  -1351572,  -1355276,         0,         0,         0,         0,      2830,     21269,      2488,     14787
       346,     21346, 65.339245,         0,         0,      3508,         0,       429,        41,         0,         0,         0,         0,       -72,    -17595,    -17667,         0,         0,         0,      2950,         0,        68,         7,         0,         0,         0,         0,       -36,    -11834,    -11870,         0,         0,         0,         0,         0,         0,         0,      3580,     21175,      2987,     14820
       347,     21347,170.510619,       3.8,      83.7,      3391,         0,       435,       104,     12886,         0,      1652,       397,       -87,    -17402,    -17489,      -331,    -66127,    -66457,      2877,         0,        70,         9,    240820,         0,      5829,       728,       -42,    -11648,    -11691,     -3551,   -974976,   -978527,         0,         0,         0,         0,      3478,     20880,      2920,     14568
       348,     21348,779.422710,       7.7,         0,      1935,         0,       422,         0,     14900,         0,      3247,         0,       -58,    -17937,    -17995,      -448,   -138115,   -138563,      1933,         0,        70,         8,         0,         0,         0,         0,       -27,    -11919,    -11946,         0,         0,         0,         0,         0,         0,         0,      1993,     19930,      1960,     13879
       349,     21349,584.172624,         0,         0,      1902,         0,       399,         0,         0,         0,         0,         0,       -22,    -17592,    -17614,         0,         0,         0,      1561,         0,        58,         0,         0,         0,         0,         0,       -16,    -12149,    -12165,         0,         0,         0,         0,         0,         0,         0,      1924,     19515,      1577,     13726
       350,     21350,384.049397,      19.2,     228.1,      2061,         0,       422,       228,     39565,         0,      8097,      4380,       -44,    -18254,    -18298,      -839,   -350477,   -351315,      2055,         0,        66,        19,    468858,         0,     15043,      4380,       -25,    -12262,    -12287,     -5739,  -2796882,  -2802621,         0,         0,         0,         0,      2104,     20358,      2081,     14342
       351,     21351,734.030649,         0,         0,      1350,         0,       418,         0,         0,         0,         0,         0,       -18,    -16908,    -16926,         0,         0,         0,      1044,         0,        65,         0,         0,         0,         0,         0,        -9,    -11886,    -11895,         0,         0,         0,         0,         0,         0,         0,      1368,     18276,      1053,     12939
       352,     21352,13915.3910,         0,         0,     14618,         0,       113,         0,         0,         0,         0,         0,       -49,     -4075,     -4124,         0,         0,         0,      9723,         0,       152,         0,         0,         0,         0,         0,       -28,     -2883,     -2912,         0,         0,         0,         0,         0,         0,         0,     14667,     18741,      9751,     12634
       353,     21353,1183.53444,         0,         0,     18766,         0,        93,         0,         0,         0,         0,         0,       -48,     -3669,     -3717,         0,         0,         0,     12715,         0,       201,         0,         0,         0,         0,         0,       -28,     -2598,     -2626,         0,         0,         0,         0,         0,         0,         0,     18815,     22483,     12743,     15341
       354,     21354,2846.44027,         0,         0,     19412,         0,       578,         0,         0,         0,         0,         0,       -47,     -4478,     -4525,         0,         0,         0,     13173,         0,       566,         0,         0,         0,         0,         0,       -27,     -3131,     -3158,         0,         0,         0,         0,         0,         0,         0,     19459,     23937,     13201,     16331
       355,     21355,6834.78883,       1.9,         0,        13,         0,         1,         0,        25,         0,         1,         0,         0,    -10510,    -10510,         0,    -19969,    -19969,         5,         0,         7,         2,         0,         0,         0,         0,         0,     -6229,     -6229,         0,         0,         0,         0,         0,         0,         0,        13,     10523,         5,      6234
       356,     21356,1798.73167,       7.7,         0,     18719,         0,       411,         0,    144137,         0,      3168,         0,       -59,     -2838,     -2896,      -453,    -21850,    -22302,     12457,         0,       285,         8,         0,         0,         0,         0,       -36,     -2140,     -2176,         0,         0,         0,         0,         0,         0,         0,     18778,     21615,     12493,     14633
       357,     21357,6283.55925,         0,         0,     20096,         0,      2797,         0,         0,         0,         0,         0,       -50,     -2386,     -2436,         0,         0,         0,     13257,         0,      1507,         0,         0,         0,         0,         0,       -39,     -1947,     -1985,         0,         0,         0,         0,         0,         0,         0,     20146,     22531,     13295,     15242
       358,     21358,38092.0465,       6.7,      28.1,     12787,         0,        28,        28,     85670,         0,       188,       188,       -48,     -6273,     -6321,      -318,    -42029,    -42348,      7518,         0,         7,         7,    211247,         0,       188,       188,       -53,     -5194,     -5247,     -1499,   -145948,   -147448,         0,         0,         0,         0,     12834,     19107,      7571,     12765
       359,     21359,6043.87588,         0,         0,     11899,         0,        13,         0,         0,         0,         0,         0,       -47,     -5575,     -5622,         0,         0,         0,      6956,         0,         1,         0,         0,         0,         0,         0,       -53,     -4877,     -4930,         0,         0,         0,         0,         0,         0,         0,     11946,     17522,      7009,     11886
       360,     21360,36680.2270,       6.7,         0,      3817,         0,         0,         0,     25575,         0,         0,         0,       -40,     -7910,     -7950,      -271,    -52995,    -53266,      1713,         0,         7,         7,         0,         0,         0,         0,       -31,     -6162,     -6193,         0,         0,         0,         0,         0,         0,         0,      3858,     11767,      1744,      7906
