TAZID,CO_TAZID,DevAcres,HH,Job,Job_byAuto,Job_byTran,Job_byBike,Job_byWalk,act_Job_byAuto,act_Job_byTran,act_Job_byBike,act_Job_byWalk,Loss_Job_Cong,Loss_Job_Net,Loss_Job_Abs,act_Loss_Job_Cong,act_Loss_Job_Net,act_Loss_Job_Abs,HH_byAuto,HH_byTran,HH_byBike,HH_byWalk,act_HH_byAuto,act_HH_byTran,act_HH_byBike,act_HH_byWalk,Loss_HH_Cong,Loss_HH_Net,Loss_HH_Abs,act_Loss_HH_Cong,act_Loss_HH_Net,act_Loss_HH_Abs,tmp_Job_byTran_wk,tmp_Job_byTran_dr,tmp_HH_byTran_wk,tmp_HH_byTran_dr,tmp_Job_byAuto_FF,tmp_Job_byAuto_SL,tmp_HH_byAuto_FF,tmp_HH_byAuto_SL
         1,     50001,490.095921,       7.6,         0,     17037,         0,        24,         0,    129479,         0,       179,         0,     -1953,    -15021,    -16974,    -14842,   -114163,   -129005,     10659,         0,       209,         8,         0,         0,         0,         0,      -909,    -10231,    -11140,         0,         0,         0,         0,         0,         0,         0,     18990,     34011,     11567,     21798
         2,     50002,564.382786,      27.7,       9.1,     18523,         0,        57,         9,    513078,         0,      1592,       252,     -2011,    -16390,    -18401,    -55705,   -454001,   -509706,     11521,         0,       356,        31,    104841,         0,      3239,       283,      -977,    -11218,    -12195,     -8894,   -102080,   -110974,         0,         0,         0,         0,     20534,     36924,     12498,     23716
         3,     50003,263.528539,       1.3,         0,     14818,         0,        80,         1,     19263,         0,       103,         1,     -1898,    -18725,    -20623,     -2467,    -24343,    -26810,      9610,         0,       380,         3,         0,         0,         0,         0,      -875,    -12299,    -13173,         0,         0,         0,         0,         0,         0,         0,     16715,     35441,     10485,     22783
         4,     50004,324.930562,       6.9,         0,     17083,         0,        28,         0,    117870,         0,       190,         0,     -1954,    -16886,    -18839,    -13480,   -116511,   -129991,     10684,         0,       235,        11,         0,         0,         0,         0,      -909,    -11406,    -12316,         0,         0,         0,         0,         0,         0,         0,     19036,     35922,     11594,     23000
         5,     50005,269.145183,       7.2,         0,     19565,         0,        42,         4,    140868,         0,       304,        30,     -2026,    -15513,    -17538,    -14585,   -111691,   -126276,     12080,         0,       297,        25,         0,         0,         0,         0,      -998,    -10670,    -11668,         0,         0,         0,         0,         0,         0,         0,     21591,     37103,     13078,     23748
         6,     50006,318.942755,         0,         0,     17400,         0,        38,         0,         0,         0,         0,         0,     -1951,    -18330,    -20280,         0,         0,         0,     10856,         0,       281,         4,         0,         0,         0,         0,      -915,    -12348,    -13263,         0,         0,         0,         0,         0,         0,         0,     19350,     37680,     11770,     24119
         7,     50007,265.671853,       5.2,         0,     22526,         0,        49,         0,    117136,         0,       253,         0,     -2055,    -15558,    -17613,    -10686,    -80902,    -91588,     13800,         0,       356,        12,         0,         0,         0,         0,     -1087,    -10811,    -11897,         0,         0,         0,         0,         0,         0,         0,     24581,     40139,     14887,     25697
         8,     50008,246.509686,       7.0,         0,     22615,         0,        67,         0,    158308,         0,       470,         0,     -2059,    -16379,    -18439,    -14416,   -114656,   -129072,     13852,         0,       447,        20,         0,         0,         0,         0,     -1089,    -11351,    -12441,         0,         0,         0,         0,         0,         0,         0,     24675,     41054,     14942,     26293
         9,     50009,133.690439,       8.3,         0,     19393,         0,       106,         0,    160965,         0,       878,         0,     -2072,    -20348,    -22421,    -17201,   -168890,   -186092,     12136,         0,       522,        14,         0,         0,         0,         0,     -1048,    -13645,    -14692,         0,         0,         0,         0,         0,         0,         0,     21466,     41814,     13184,     26829
        10,     50010,309.600586,         0,         0,     23046,         0,        49,         0,         0,         0,         0,         0,     -2052,    -16076,    -18128,         0,         0,         0,     14138,         0,       333,         3,         0,         0,         0,         0,     -1097,    -11100,    -12197,         0,         0,         0,         0,         0,         0,         0,     25098,     41174,     15234,     26334
        11,     50011,240.210861,       4.8,         0,     25271,         0,        55,         0,    121299,         0,       265,         0,     -2060,    -15460,    -17520,     -9887,    -74209,    -84096,     15493,         0,       398,        10,         0,         0,         0,         0,     -1128,    -10756,    -11885,         0,         0,         0,         0,         0,         0,         0,     27330,     42791,     16622,     27378
        12,     50012,176.901700,       5.8,         0,     25200,         0,        69,         0,    146158,         0,       402,         0,     -2059,    -15966,    -18025,    -11943,    -92603,   -104546,     15450,         0,       483,        13,         0,         0,         0,         0,     -1127,    -11093,    -12221,         0,         0,         0,         0,         0,         0,         0,     27259,     43225,     16577,     27670
        13,     50013,317.836617,       1.3,         0,     22346,         0,       114,         0,     29050,         0,       148,         0,     -2049,    -18480,    -20530,     -2664,    -24025,    -26689,     13703,         0,       576,        11,         0,         0,         0,         0,     -1079,    -12699,    -13778,         0,         0,         0,         0,         0,         0,         0,     24395,     42876,     14783,     27482
        14,     50014,330.538640,       1.3,         0,     22858,         0,        59,         0,     29715,         0,        77,         0,     -2051,    -19797,    -21848,     -2666,    -25737,    -28403,     14025,         0,       393,        11,         0,         0,         0,         0,     -1092,    -13466,    -14559,         0,         0,         0,         0,         0,         0,         0,     24909,     44706,     15118,     28584
        15,     50015,321.541155,      11.8,         0,     28271,         0,        59,         0,    333598,         0,       694,         0,     -2128,    -15300,    -17428,    -25116,   -180537,   -205653,     17388,         0,       420,        22,         0,         0,         0,         0,     -1156,    -10699,    -11855,         0,         0,         0,         0,         0,         0,         0,     30400,     45699,     18544,     29242
        16,     50016,447.616273,      13.5,         0,     27915,         0,        67,         0,    376847,         0,       911,         0,     -2116,    -16464,    -18579,    -28560,   -222262,   -250822,     17162,         0,       501,        21,         0,         0,         0,         0,     -1154,    -11458,    -12612,         0,         0,         0,         0,         0,         0,         0,     30030,     46494,     18316,     29774
        17,     50017,237.791862,         0,         0,     10990,         0,       164,         0,         0,         0,         0,         0,     -2255,    -22440,    -24695,         0,         0,         0,      7882,         0,       486,         0,         0,         0,         0,         0,     -1136,    -14095,    -15230,         0,         0,         0,         0,         0,         0,         0,     13245,     35685,      9017,     23112
        18,     50018,366.038301,      13.0,         0,     11381,         0,       339,         0,    147957,         0,      4405,         0,     -3497,    -20915,    -24412,    -45457,   -271898,   -317355,      8252,         0,       587,        16,         0,         0,         0,         0,     -1664,    -13176,    -14839,         0,         0,         0,         0,         0,         0,         0,     14878,     35793,      9915,     23091
        19,     50019,370.787480,      17.3,         0,     12597,         0,       601,         2,    217932,         0,     10402,        32,     -6148,    -18190,    -24338,   -106359,   -314689,   -421049,      9165,         0,       669,        20,         0,         0,         0,         0,     -2815,    -11842,    -14658,         0,         0,         0,         0,         0,         0,         0,     18745,     36935,     11980,     23823
        20,     50020,364.163636,       9.5,       9.8,     13735,         0,       889,        15,    130486,         0,      8449,       138,     -6953,    -15072,    -22025,    -66052,   -143185,   -209236,      9833,         0,       695,        17,     96367,         0,      6812,       164,     -3156,    -10167,    -13323,    -30932,    -99637,   -130569,         0,         0,         0,         0,     20688,     35760,     12990,     23157
        21,     50021,400.096014,         0,         0,     16634,         0,      1158,         0,         0,         0,         0,         0,     -7805,    -11390,    -19195,         0,         0,         0,     11367,         0,       684,         0,         0,         0,         0,         0,     -3670,     -8176,    -11845,         0,         0,         0,         0,         0,         0,         0,     24439,     35829,     15036,     23212
        22,     50022,840.114757,      23.5,         0,     15987,         0,       160,         0,    375696,         0,      3752,         0,     -2032,    -21631,    -23663,    -47761,   -508326,   -556086,     10519,         0,       540,        24,         0,         0,         0,         0,      -974,    -13951,    -14925,         0,         0,         0,         0,         0,         0,         0,     18019,     39650,     11493,     25444
        23,     50023,652.449891,      30.0,         0,     14544,         0,       438,         0,    436326,         0,     13155,         0,     -4183,    -21093,    -25276,   -125480,   -632805,   -758285,     10087,         0,       708,        31,         0,         0,         0,         0,     -1940,    -13610,    -15551,         0,         0,         0,         0,         0,         0,         0,     18727,     39820,     12027,     25638
        24,     50024,650.578999,      29.9,      18.0,     14855,         0,       783,        18,    444164,         0,     23417,       538,     -6545,    -18470,    -25015,   -195694,   -552260,   -747954,     10496,         0,       789,        32,    188930,         0,     14201,       570,     -2987,    -12225,    -15212,    -53760,   -220048,   -273808,         0,         0,         0,         0,     21400,     39870,     13483,     25708
        25,     50025,645.783165,      62.2,      41.1,     16928,       276,      1175,        58,   1052915,     17181,     73084,      3634,     -7727,    -15122,    -22850,   -480632,   -940616,  -1421248,     11632,        57,       820,        71,    478090,      2340,     33690,      2931,     -3648,    -10408,    -14056,   -149920,   -427763,   -577683,       276,         0,        57,         0,     24655,     39778,     15280,     25688
        26,     50026,320.325048,      41.7,      84.3,     19055,       557,      1410,        99,    794612,     23238,     58782,      4139,     -8070,    -12178,    -20248,   -336506,   -507827,   -844333,     12744,       516,       866,        62,   1074357,     43525,     72962,      5197,     -3954,     -8714,    -12668,   -333317,   -734623,  -1067940,       400,       557,       137,       516,     27125,     39303,     16698,     25413
        27,     50027,458.380106,      18.0,      15.9,     18496,         0,      1580,        53,    332927,         0,     28443,       960,     -8044,    -13114,    -21158,   -144797,   -236052,   -380849,     12409,         0,       932,        37,    197309,         0,     14812,       581,     -3903,     -9324,    -13227,    -62057,   -148257,   -210314,         0,         0,         0,         0,     26540,     39654,     16312,     25637
        28,     50028,449.596554,      18.8,         0,     16646,         0,       240,         0,    312945,         0,      4514,         0,     -2342,    -23641,    -25983,    -44034,   -444449,   -488483,     11007,         0,       686,        19,         0,         0,         0,         0,     -1143,    -15227,    -16371,         0,         0,         0,         0,         0,         0,         0,     18988,     42629,     12150,     27377
        29,     50029,644.664743,      18.4,         0,     15982,         0,       500,         0,    294071,         0,      9196,         0,     -4955,    -19884,    -24839,    -91168,   -365870,   -457038,     10968,         0,       810,        18,         0,         0,         0,         0,     -2304,    -13182,    -15486,         0,         0,         0,         0,         0,         0,         0,     20937,     40821,     13272,     26454
        30,     50030,641.519358,      22.9,       7.8,     17398,         0,       980,         8,    398409,         0,     22436,       179,     -6600,    -17988,    -24588,   -151151,   -411920,   -563071,     11848,         0,       892,        23,     92412,         0,      6957,       179,     -3125,    -12053,    -15178,    -24372,    -94014,   -118386,         0,         0,         0,         0,     23998,     41986,     14972,     27025
        31,     50031,645.079201,     193.3,         0,     19382,       560,      1515,         0,   3746577,    108289,    292828,         0,     -7863,    -14598,    -22461,  -1520006,  -2821705,  -4341711,     12954,       519,      1038,       193,         0,         0,         0,         0,     -3864,    -10162,    -14026,         0,         0,         0,       276,       560,        57,       519,     27246,     41843,     16819,     26981
        32,     50032,642.595121,      60.0,     190.3,     20339,       588,      1919,       213,   1220354,     35305,    115148,     12809,     -8104,    -12213,    -20317,   -486217,   -732799,  -1219016,     13427,       544,      1197,        63,   2555162,    103454,    227771,     12020,     -4062,     -8801,    -12863,   -773018,  -1674845,  -2447863,       278,       588,        58,       544,     28443,     40656,     17489,     26290
        33,     50033,352.449985,      49.5,     362.8,     22383,       639,      2080,       427,   1107947,     31625,    102949,     21132,     -8254,    -12546,    -20801,   -408596,   -621040,  -1029636,     14460,       589,      1256,        60,   5246196,    213544,    455856,     21662,     -4308,     -9147,    -13455,  -1562919,  -3318634,  -4881553,         0,       639,         0,       589,     30637,     43183,     18768,     27916
        34,     50034,569.275651,         0,         0,     22216,         0,       130,         0,         0,         0,         0,         0,     -2073,    -21391,    -23464,         0,         0,         0,     13750,         0,       636,         5,         0,         0,         0,         0,     -1109,    -14401,    -15509,         0,         0,         0,         0,         0,         0,         0,     24289,     45680,     14859,     29260
        35,     50035,309.779673,       9.8,         0,     18356,         0,       239,         2,    179893,         0,      2340,        19,     -4174,    -22481,    -26655,    -40908,   -220314,   -261222,     12207,         0,       735,        15,         0,         0,         0,         0,     -2003,    -14719,    -16722,         0,         0,         0,         0,         0,         0,         0,     22531,     45012,     14210,     28929
        36,     50036,646.560374,      29.4,      11.1,     20093,         0,       513,        11,    590723,         0,     15075,       326,     -5244,    -19817,    -25061,   -154168,   -582619,   -736787,     13237,         0,       827,        31,    146936,         0,      9182,       346,     -2624,    -13317,    -15941,    -29122,   -147824,   -176946,         0,         0,         0,         0,     25336,     45153,     15861,     29179
        37,     50037,639.734855,      30.8,      25.3,     21632,       586,      1104,        25,    666255,     18051,     33992,       779,     -6857,    -18093,    -24950,   -211197,   -557254,   -768450,     14189,       542,      1002,        31,    358987,     13702,     25345,       779,     -3516,    -12258,    -15775,    -88965,   -310137,   -399102,         0,       586,         0,       542,     28489,     46581,     17706,     29964
        38,     50038,645.104272,      26.0,         0,     23638,       662,      1773,         0,    614575,     17215,     46102,         0,     -8040,    -14816,    -22856,   -209051,   -385207,   -594259,     15333,       609,      1252,        26,         0,         0,         0,         0,     -4248,    -10373,    -14622,         0,         0,         0,         0,       662,         0,       609,     31678,     46494,     19581,     29954
        39,     50039,610.502074,      17.7,         0,     24234,       981,      2247,         1,    428948,     17371,     39776,        26,     -8246,    -12782,    -21028,   -145962,   -226241,   -372203,     15620,       916,      1440,        24,         0,         0,         0,         0,     -4400,     -9209,    -13609,         0,         0,         0,         0,       981,         0,       916,     32481,     45263,     20020,     29229
        40,     50040,180.039007,      12.0,       3.0,     25816,      1025,      2397,       169,    309797,     12301,     28760,      2033,     -8321,    -11289,    -19609,    -99848,   -135465,   -235312,     16474,       961,      1522,        34,     49422,      2883,      4567,       103,     -4524,     -8335,    -12859,    -13571,    -25005,    -38576,         0,      1025,         0,       961,     34137,     45426,     20998,     29333
        41,     50041,405.529530,      14.7,      10.7,     24118,         0,       130,        11,    354528,         0,      1906,       157,     -2109,    -22459,    -24568,    -31001,   -330144,   -361145,     14982,         0,       647,        21,    160311,         0,      6922,       223,     -1172,    -15058,    -16231,    -12545,   -161122,   -173667,         0,         0,         0,         0,     26226,     48685,     16155,     31213
        42,     50042,403.934037,      12.1,         0,     23537,         0,       117,         5,    284792,         0,      1415,        66,     -2108,    -25707,    -27814,    -25505,   -311049,   -336555,     14629,         0,       621,        20,         0,         0,         0,         0,     -1163,    -17125,    -18289,         0,         0,         0,         0,         0,         0,         0,     25644,     51351,     15792,     32917
        43,     50043,1095.51524,      31.1,         0,     23586,       592,       366,         0,    733534,     18410,     11382,         0,     -5338,    -22364,    -27702,   -166008,   -695533,   -861541,     15254,       547,       718,        31,         0,         0,         0,         0,     -2846,    -14925,    -17771,         0,         0,         0,         0,       592,         0,       547,     28924,     51289,     18100,     33025
        44,     50044,944.720508,      16.0,         0,     27601,      1032,      1102,         0,    441614,     16519,     17637,         0,     -7026,    -18088,    -25114,   -112410,   -289413,   -401823,     17711,       969,      1021,        16,         0,         0,         0,         0,     -3853,    -12297,    -16150,         0,         0,         0,         0,      1032,         0,       969,     34626,     52715,     21565,     33862
        45,     50045,949.236445,      20.5,         0,     29915,      1154,      1766,         0,    613263,     23658,     36205,         0,     -8337,    -14080,    -22418,   -170916,   -288645,   -459561,     19076,      1066,      1319,        21,         0,         0,         0,         0,     -4631,     -9965,    -14596,         0,         0,         0,         0,      1154,         0,      1066,     38253,     52333,     23707,     33672
        46,     50046,693.061657,      20.9,         0,     29839,      1157,      2311,         0,    623643,     24180,     48292,         0,     -8448,    -13850,    -22298,   -176567,   -289470,   -466037,     18974,      1069,      1532,        21,         0,         0,         0,         0,     -4690,     -9924,    -14613,         0,         0,         0,         0,      1157,         0,      1069,     38288,     52138,     23664,     33587
        47,     50047,342.903407,       1.2,         0,     29538,      1058,       567,         0,     35446,      1269,       680,         0,     -5441,    -21109,    -26550,     -6529,    -25331,    -31860,     18798,       972,       731,         2,         0,         0,         0,         0,     -3035,    -14294,    -17329,         0,         0,         0,         0,      1058,         0,       972,     34979,     56088,     21833,     36127
        48,     50048,364.924357,       1.2,         0,     29324,      1103,      1036,         0,     35189,      1324,      1243,         0,     -7089,    -20968,    -28057,     -8506,    -25162,    -33668,     18774,      1016,       969,         2,         0,         0,         0,         0,     -3902,    -14133,    -18034,         0,         0,         0,         0,      1103,         0,      1016,     36413,     57381,     22675,     36808
        49,     50049,450.686740,       1.2,         0,     31822,      1307,      1560,         0,     38186,      1569,      1871,         0,     -8394,    -16943,    -25337,    -10073,    -20332,    -30405,     20249,      1335,      1223,         1,         0,         0,         0,         0,     -4698,    -11754,    -16451,         0,         0,         0,         0,      1307,         0,      1335,     40216,     57159,     24947,     36701
        50,     50050,164.867842,      70.0,         0,     21253,         0,        93,        45,   1487706,         0,      6538,      3138,     -1705,    -15969,    -17674,   -119336,  -1117857,  -1237193,     13152,         0,       354,       216,         0,         0,         0,         0,      -888,    -10412,    -11301,         0,         0,         0,         0,         0,         0,         0,     22958,     38927,     14041,     24453
        51,     50051, 97.827441,      47.1,       8.9,     23266,         0,        93,        57,   1095836,         0,      4399,      2686,     -1702,    -15758,    -17461,    -80177,   -742223,   -822400,     14382,         0,       361,       253,    128000,         0,      3210,      2251,      -907,    -10335,    -11242,     -8072,    -91985,   -100056,         0,         0,         0,         0,     24968,     40727,     15289,     25624
        52,     50052, 36.117006,      12.1,         0,     24025,         0,        93,        52,    290702,         0,      1130,       625,     -1705,    -15750,    -17455,    -20625,   -190577,   -211201,     14852,         0,       365,       176,         0,         0,         0,         0,      -912,    -10352,    -11264,         0,         0,         0,         0,         0,         0,         0,     25730,     41480,     15764,     26116
        53,     50053, 32.200776,      16.3,         0,     25348,         0,        95,        49,    413174,         0,      1543,       792,     -1706,    -15995,    -17701,    -27808,   -260713,   -288520,     15692,         0,       380,       203,         0,         0,         0,         0,      -922,    -10518,    -11441,         0,         0,         0,         0,         0,         0,         0,     27054,     43049,     16614,     27132
        54,     50054,143.681348,      71.4,       5.7,     23691,         0,        94,        31,   1691536,         0,      6681,      2234,     -1705,    -15509,    -17214,   -121711,  -1107363,  -1229074,     14626,         0,       360,       230,     83366,         0,      2050,      1312,      -910,    -10165,    -11075,     -5186,    -57942,    -63128,         0,         0,         0,         0,     25396,     40905,     15535,     25701
        55,     50055, 93.742334,      69.5,      21.3,     27001,         0,        95,        34,   1876540,         0,      6599,      2337,     -1708,    -14635,    -16343,   -118711,  -1017124,  -1135835,     16696,         0,       379,       254,    355619,         0,      8064,      5409,      -931,     -9659,    -10590,    -19832,   -205731,   -225563,         0,         0,         0,         0,     28709,     43344,     17627,     27286
        56,     50056, 48.427679,      18.1,         0,     27519,         0,        96,        34,    498100,         0,      1746,       614,     -1709,    -14910,    -16619,    -30932,   -269879,   -300811,     17036,         0,       391,       204,         0,         0,         0,         0,      -933,     -9830,    -10762,         0,         0,         0,         0,         0,         0,         0,     29228,     44139,     17968,     27798
        57,     50057, 63.978376,       8.9,         0,     26202,         0,       100,        32,    233194,         0,       887,       284,     -1705,    -16839,    -18544,    -15175,   -149866,   -165042,     16215,         0,       405,       134,         0,         0,         0,         0,      -928,    -11066,    -11994,         0,         0,         0,         0,         0,         0,         0,     27907,     44746,     17143,     28209
        58,     50058,316.034599,       3.4,         0,     27662,         0,        61,         0,     94049,         0,       209,         0,     -2107,    -17863,    -19969,     -7162,    -60733,    -67895,     17003,         0,       421,        10,         0,         0,         0,         0,     -1148,    -12315,    -13463,         0,         0,         0,         0,         0,         0,         0,     29768,     47631,     18151,     30467
        59,     50059,282.205383,       8.7,         0,     30274,         0,        70,         4,    263381,         0,       609,        33,     -2134,    -17121,    -19255,    -18568,   -148952,   -167520,     18640,         0,       499,        23,         0,         0,         0,         0,     -1163,    -11878,    -13041,         0,         0,         0,         0,         0,         0,         0,     32408,     49529,     19803,     31681
        60,     50060,323.774167,       6.6,         0,     30209,         0,        66,         0,    199377,         0,       434,         0,     -2135,    -17053,    -19188,    -14092,   -112551,   -126642,     18600,         0,       436,         9,         0,         0,         0,         0,     -1162,    -11779,    -12940,         0,         0,         0,         0,         0,         0,         0,     32344,     49397,     19761,     31540
        61,     50061,316.143423,         0,         0,     33369,         0,        77,         0,         0,         0,         0,         0,     -2141,    -15625,    -17766,         0,         0,         0,     20572,         0,       461,         7,         0,         0,         0,         0,     -1181,    -10876,    -12057,         0,         0,         0,         0,         0,         0,         0,     35511,     51135,     21753,     32629
        62,     50062,580.748011,      45.7,      11.9,     32381,         0,        70,        12,   1479831,         0,      3205,       544,     -2154,    -17554,    -19708,    -98431,   -802228,   -900660,     20015,         0,       453,        48,    238178,         0,      5394,       577,     -1199,    -12188,    -13387,    -14270,   -145037,   -159307,         0,         0,         0,         0,     34535,     52090,     21214,     33402
        63,     50063,262.710896,         0,         0,     25957,         0,        90,         0,         0,         0,         0,         0,     -2057,    -25062,    -27120,         0,         0,         0,     15929,         0,       550,        12,         0,         0,         0,         0,     -1127,    -16951,    -18078,         0,         0,         0,         0,         0,         0,         0,     28015,     53077,     17056,     34007
        64,     50064,337.518703,       3.7,         0,     32553,       572,        89,         0,    120446,      2116,       330,         0,     -2250,    -16565,    -18815,     -8327,    -61290,    -69617,     20227,       522,       499,         7,         0,         0,         0,         0,     -1260,    -11718,    -12978,         0,         0,         0,         0,       572,         0,       522,     34803,     51368,     21488,     33205
        65,     50065,665.817620,       3.7,         0,     34990,         0,        95,         0,    129462,         0,       350,         0,     -2151,    -15553,    -17703,     -7957,    -57545,    -65502,     21558,         0,       498,         4,         0,         0,         0,         0,     -1192,    -10822,    -12014,         0,         0,         0,         0,         0,         0,         0,     37140,     52693,     22750,     33572
        66,     50066,214.772101,      14.1,       1.1,     37154,         0,        93,         1,    523873,         0,      1312,        16,     -2178,    -15479,    -17657,    -30708,   -218253,   -248961,     22910,         0,       468,        45,     25201,         0,       515,        50,     -1212,    -10828,    -12039,     -1333,    -11910,    -13243,         0,         0,         0,         0,     39332,     54811,     24122,     34949
        67,     50067,418.231046,      38.3,         0,     32213,         0,        95,         1,   1233769,         0,      3634,        34,     -2154,    -22027,    -24182,    -82515,   -843642,   -926157,     19907,         0,       463,        56,         0,         0,         0,         0,     -1197,    -15030,    -16227,         0,         0,         0,         0,         0,         0,         0,     34368,     56395,     21105,     36134
        68,     50068,257.129954,      10.9,         0,     32517,       571,       137,         0,    354438,      6221,      1496,         0,     -2249,    -19257,    -21506,    -24513,   -209903,   -234416,     20205,       521,       457,        48,         0,         0,         0,         0,     -1260,    -13389,    -14649,         0,         0,         0,         0,       571,         0,       521,     34766,     54023,     21465,     34854
        69,     50069,395.314564,      29.0,         0,     31614,       634,       171,         0,    916796,     18399,      4953,         0,     -2382,    -21435,    -23817,    -69078,   -621626,   -690704,     19747,       573,       461,        34,         0,         0,         0,         0,     -1358,    -14650,    -16008,         0,         0,         0,         0,       634,         0,       573,     33996,     55431,     21105,     35755
        70,     50070,178.732675,       3.4,         0,     35956,         0,       188,         5,    122249,         0,       641,        17,     -2155,    -20135,    -22289,     -7326,    -68458,    -75784,     22126,         0,       497,        19,         0,         0,         0,         0,     -1195,    -13797,    -14991,         0,         0,         0,         0,         0,         0,         0,     38110,     58245,     23321,     37117
        71,     50071,390.917638,      16.3,       5.2,     34561,         0,       234,         5,    563351,         0,      3817,        85,     -2135,    -22140,    -24276,    -34808,   -360890,   -395698,     21259,         0,       487,        27,    110549,         0,      2532,       142,     -1180,    -14949,    -16129,     -6138,    -77734,    -83872,         0,         0,         0,         0,     36697,     58837,     22440,     37389
        72,     50072,321.587136,      11.6,         0,     34710,         0,       287,         3,    402633,         0,      3326,        41,     -2254,    -20044,    -22298,    -26143,   -232512,   -258655,     21402,         0,       467,        31,         0,         0,         0,         0,     -1257,    -13784,    -15040,         0,         0,         0,         0,         0,         0,         0,     36963,     57008,     22659,     36443
        73,     50073,482.584758,      16.0,         0,     41866,         0,       325,         0,    669855,         0,      5200,         0,     -2373,    -13441,    -15814,    -37970,   -215061,   -253031,     25577,         0,       442,        22,         0,         0,         0,         0,     -1448,     -9838,    -11286,         0,         0,         0,         0,         0,         0,         0,     44239,     57680,     27025,     36863
        74,     50074,432.152016,         0,         0,     30923,       618,       250,         0,         0,         0,         0,         0,     -2378,    -22649,    -25028,         0,         0,         0,     19317,       560,       516,        15,         0,         0,         0,         0,     -1351,    -15450,    -16801,         0,         0,         0,         0,       618,         0,       560,     33301,     55951,     20668,     36118
        75,     50075,306.068343,       3.1,         0,     46312,         0,       521,        30,    143568,         0,      1615,        92,     -2382,    -11097,    -13480,     -7385,    -34402,    -41787,     28402,         0,       610,         9,         0,         0,         0,         0,     -1454,     -8404,     -9858,         0,         0,         0,         0,         0,         0,         0,     48695,     59792,     29856,     38260
        76,     50076,309.892659,         0,         0,     45000,         0,       937,         1,         0,         0,         0,         0,     -2383,    -13000,    -15383,         0,         0,         0,     27520,         0,      1054,         1,         0,         0,         0,         0,     -1452,     -9713,    -11165,         0,         0,         0,         0,         0,         0,         0,     47384,     60384,     28972,     38685
        77,     50077,148.878429,       3.2,      30.9,     48156,         0,       638,        37,    154099,         0,      2041,       117,     -2385,    -11030,    -13415,     -7631,    -35296,    -42927,     29568,         0,       747,        15,    913654,         0,     23093,       460,     -1456,     -8315,     -9771,    -44978,   -256945,   -301924,         0,         0,         0,         0,     50541,     61571,     31024,     39339
        78,     50078, 78.801540,       6.2,       5.4,     48949,         0,       864,        37,    303483,         0,      5357,       227,     -2385,    -11018,    -13403,    -14787,    -68312,    -83098,     30088,         0,      1033,        15,    162477,         0,      5577,        80,     -1457,     -8306,     -9763,     -7865,    -44854,    -52719,         0,         0,         0,         0,     51334,     62352,     31545,     39851
        79,     50079,300.491413,         0,         0,     44734,         0,      1227,         3,         0,         0,         0,         0,     -2385,    -16012,    -18398,         0,         0,         0,     27346,         0,      1566,         4,         0,         0,         0,         0,     -1452,    -11566,    -13018,         0,         0,         0,         0,         0,         0,         0,     47120,     63132,     28798,     40364
        80,     50080,137.196527,       8.3,       1.0,     51581,         0,      1049,        14,    428119,         0,      8705,       116,     -2389,    -10750,    -13138,    -19827,    -89222,   -109049,     31755,         0,      1271,        23,     31755,         0,      1271,        23,     -1463,     -8042,     -9505,     -1463,     -8042,     -9505,         0,         0,         0,         0,     53969,     64719,     33218,     41260
        81,     50081, 76.984862,       1.9,         0,     51350,         0,      1109,        16,     97565,         0,      2107,        31,     -2388,    -10568,    -12956,     -4538,    -20079,    -24617,     31603,         0,      1371,        22,         0,         0,         0,         0,     -1462,     -7966,     -9429,         0,         0,         0,         0,         0,         0,         0,     53738,     64306,     33066,     41032
        82,     50082,243.447991,         0,         0,     49351,         0,      1552,         2,         0,         0,         0,         0,     -2386,    -13136,    -15522,         0,         0,         0,     30280,         0,      1931,         5,         0,         0,         0,         0,     -1459,     -9672,    -11131,         0,         0,         0,         0,         0,         0,         0,     51738,     64874,     31739,     41411
        83,     50083,117.454634,       7.7,      28.9,     55638,      1401,      1563,        29,    428414,     10790,     12033,       224,     -2400,     -9353,    -11752,    -18477,    -72015,    -90492,     34323,      1382,      1774,        26,    991922,     39952,     51259,       757,     -1476,     -7059,     -8535,    -42664,   -203995,   -246659,         0,      1401,         0,      1382,     58038,     67390,     35799,     42857
        84,     50084,109.019533,      10.8,         0,     57356,      1334,      1606,        28,    619448,     14406,     17345,       306,     -2391,     -9799,    -12190,    -25819,   -105833,   -131652,     35320,      1307,      1879,        29,         0,         0,         0,         0,     -1473,     -7268,     -8742,         0,         0,         0,         0,      1334,         0,      1307,     59747,     69546,     36793,     44062
        85,     50085,161.115893,         0,         0,     49951,         0,      1903,         2,         0,         0,         0,         0,     -2388,    -14518,    -16906,         0,         0,         0,     30674,         0,      2259,        21,         0,         0,         0,         0,     -1460,    -10471,    -11931,         0,         0,         0,         0,         0,         0,         0,     52339,     66857,     32134,     42605
        86,     50086, 71.238881,         0,         0,     57815,      1480,      2005,        71,         0,         0,         0,         0,     -2397,     -9407,    -11804,         0,         0,         0,     35690,      1471,      2176,        15,         0,         0,         0,         0,     -1481,     -7039,     -8520,         0,         0,         0,         0,      1480,         0,      1471,     60212,     69619,     37170,     44210
        87,     50087, 87.002913,       8.9,         0,     57610,      1473,      2164,        92,    512727,     13108,     19264,       817,     -2401,     -9467,    -11868,    -21371,    -84256,   -105627,     35558,      1463,      2399,        25,         0,         0,         0,         0,     -1480,     -7114,     -8595,         0,         0,         0,         0,      1473,         0,      1463,     60011,     69478,     37038,     44152
        88,     50088,157.893037,       0.3,         0,     60059,      2032,      1987,         0,     18018,       610,       596,         0,     -2390,     -9778,    -12167,      -717,     -2933,     -3650,     37113,      2298,      1979,         1,         0,         0,         0,         0,     -1470,     -7192,     -8662,         0,         0,         0,         0,      2032,         0,      2298,     62448,     72226,     38582,     45775
        89,     50089, 77.010635,         0,         0,     60671,      2063,      2499,       430,         0,         0,         0,         0,     -2397,     -8883,    -11280,         0,         0,         0,     37480,      2330,      2517,        19,         0,         0,         0,         0,     -1481,     -6684,     -8164,         0,         0,         0,         0,      2063,         0,      2330,     63068,     71951,     38961,     45644
        90,     50090,237.879702,      13.3,     494.5,     58988,      1975,      3283,       522,    784547,     26267,     43659,      6945,     -2396,    -11239,    -13634,    -31861,   -149474,   -181335,     36393,      2238,      3365,        32,  17996381,   1106791,   1664212,     16011,     -1480,     -8204,     -9684,   -731914,  -4056935,  -4788849,         0,      1975,         0,      2238,     61384,     72623,     37873,     46077
        91,     50091,297.926803,       1.8,         0,     59120,      1455,      1873,         0,    106416,      2620,      3371,         0,     -2070,    -12047,    -14116,     -3725,    -21684,    -25409,     36460,      1444,      1570,         7,         0,         0,         0,         0,     -1251,     -8654,     -9905,         0,         0,         0,         0,      1455,         0,      1444,     61190,     73236,     37712,     46366
        92,     50092,325.609117,       6.5,         0,     62579,      2140,      2643,        15,    406764,     13907,     17182,        95,     -2374,     -9434,    -11809,    -15433,    -61323,    -76756,     38558,      2391,      2277,        16,         0,         0,         0,         0,     -1467,     -7099,     -8566,         0,         0,         0,         0,      2140,         0,      2391,     64953,     74388,     40025,     47125
        93,     50093,208.990485,      24.0,      45.1,     62730,      2149,      3809,       334,   1505512,     51585,     91412,      8020,     -2381,     -9494,    -11875,    -57151,   -227849,   -285000,     38638,      2401,      3521,        34,   1742557,    108265,    158811,      1528,     -1475,     -7210,     -8685,    -66536,   -325153,   -391689,         0,      2149,         0,      2401,     65111,     74605,     40113,     47323
        94,     50094, 47.850427,       1.5,         0,     43789,         0,       145,         4,     65683,         0,       217,         7,     -1701,    -13827,    -15528,     -2551,    -20741,    -23292,     27309,         0,       448,        95,         0,         0,         0,         0,      -935,     -9139,    -10074,         0,         0,         0,         0,         0,         0,         0,     45490,     59317,     28244,     37383
        95,     50095, 80.339301,      31.1,         0,     44487,         0,       146,        50,   1383557,         0,      4538,      1552,     -2009,    -11812,    -13821,    -62490,   -367349,   -429839,     27762,         0,       444,       224,         0,         0,         0,         0,     -1118,     -7968,     -9086,         0,         0,         0,         0,         0,         0,         0,     46497,     58309,     28880,     36848
        96,     50096,109.877651,      70.6,      13.5,     46568,         0,       153,        84,   3287714,         0,     10769,      5922,     -2049,    -11196,    -13245,   -144645,   -790417,   -935062,     28921,         0,       452,       230,    390433,         0,      6098,      3106,     -1153,     -7671,     -8824,    -15560,   -103565,   -119125,         0,         0,         0,         0,     48617,     59813,     30074,     37745
        97,     50097,127.006060,      14.0,       5.4,     45023,         0,       143,         5,    630317,         0,      2003,        76,     -1694,    -13964,    -15658,    -23720,   -195489,   -219209,     28113,         0,       407,       110,    151808,         0,      2199,       592,      -934,     -9229,    -10163,     -5044,    -49838,    -54883,         0,         0,         0,         0,     46717,     60680,     29047,     38276
        98,     50098,131.487259,      71.3,         0,     44901,         0,       146,        71,   3201440,         0,     10386,      5089,     -1704,    -14333,    -16037,   -121485,  -1021935,  -1143420,     28025,         0,       417,       231,         0,         0,         0,         0,      -937,     -9426,    -10363,         0,         0,         0,         0,         0,         0,         0,     46605,     60938,     28961,     38387
        99,     50099,164.701352,      88.3,      72.2,     46232,         0,       156,        86,   4082321,         0,     13744,      7558,     -2038,    -12857,    -14895,   -179971,  -1135277,  -1315248,     28740,         0,       429,       234,   2075056,         0,     31000,     16931,     -1142,     -8673,     -9815,    -82471,   -626156,   -708627,         0,         0,         0,         0,     48271,     61128,     29883,     38555
       100,     50100, 81.904239,       3.1,         0,     45100,         0,       148,        41,    139809,         0,       457,       128,     -1689,    -15598,    -17287,     -5237,    -48354,    -53591,     28163,         0,       400,       144,         0,         0,         0,         0,      -932,    -10255,    -11187,         0,         0,         0,         0,         0,         0,         0,     46789,     62387,     29095,     39350
       101,     50101, 89.409711,         0,         0,     44032,         0,       157,        77,         0,         0,         0,         0,     -1697,    -17661,    -19358,         0,         0,         0,     27448,         0,       420,       148,         0,         0,         0,         0,      -937,    -11545,    -12482,         0,         0,         0,         0,         0,         0,         0,     45729,     63390,     28385,     39930
       102,     50102,134.703219,       1.5,         0,     50419,         0,       217,        63,     75629,         0,       326,        94,     -2072,    -10809,    -12881,     -3108,    -16213,    -19322,     31276,         0,       450,        84,         0,         0,         0,         0,     -1176,     -7520,     -8696,         0,         0,         0,         0,         0,         0,         0,     52492,     63301,     32452,     39972
       103,     50103,309.491957,      14.4,         0,     29880,      1268,      2352,         1,    430268,     18263,     33865,        19,     -8558,     -6904,    -15462,   -123233,    -99419,   -222652,     18703,      1295,      1469,        63,         0,         0,         0,         0,     -4798,     -5838,    -10636,         0,         0,         0,       248,      1268,       193,      1295,     38438,     45342,     23501,     29339
       104,     50104, 66.813468,      24.9,      10.7,     40564,      2811,      2306,       357,   1010051,     69993,     57430,      8879,     -9009,     -5433,    -14441,   -224312,   -135271,   -359583,     25368,      2023,      1534,       231,    271437,     21642,     16413,      2472,     -5348,     -4739,    -10087,    -57222,    -50707,   -107929,      2811,      1339,      2023,      1425,     49573,     55005,     30716,     35455
       105,     50105,238.944380,      53.2,     256.7,     38860,      1299,      2386,       556,   2067337,     69126,    126929,     29595,     -8978,     -4769,    -13748,   -477640,   -253735,   -731375,     24267,      1397,      1557,       313,   6229459,    358545,    399702,     80294,     -5291,     -4392,     -9682,  -1358134,  -1127318,  -2485453,       985,      1299,       991,      1397,     47838,     52607,     29558,     33950
       106,     50106,257.579565,     108.5,       2.4,     33437,      1320,      2365,       303,   3627900,    143190,    256560,     32871,     -8774,     -6501,    -15275,   -952024,   -705340,  -1657364,     20864,      1282,      1519,       290,     50072,      3078,      3645,       697,     -5015,     -5611,    -10626,    -12037,    -13465,    -25502,       666,      1320,       544,      1282,     42211,     48712,     25879,     31489
       107,     50107,119.781730,     189.8,      13.6,     37344,      1426,      2243,       354,   7087877,    270577,    425754,     67219,     -8989,     -6489,    -15478,  -1706117,  -1231588,  -2937705,     23311,      1444,      1468,       530,    317026,     19637,     19968,      7207,     -5254,     -5538,    -10792,    -71451,    -75315,   -146766,      1426,      1250,      1444,      1274,     46333,     52822,     28564,     34102
       108,     50108,122.081393,      53.7,       6.8,     33758,      1322,      2216,        96,   1812791,     70979,    118989,      5167,     -8794,     -8197,    -16991,   -472218,   -440191,   -912409,     21065,      1251,      1444,       410,    143245,      8504,      9821,      2789,     -5036,     -6694,    -11730,    -34243,    -45522,    -79765,       585,      1322,       626,      1251,     42551,     50749,     26101,     32796
       109,     50109, 32.358391,      27.0,      11.6,     33834,      1326,      2125,        37,    913509,     35807,     57377,       998,     -8806,     -9207,    -18012,   -237751,   -248577,   -486328,     21113,      1275,      1392,       283,    244914,     14795,     16150,      3280,     -5047,     -7341,    -12388,    -58550,    -85152,   -143702,         0,      1326,         0,      1275,     42639,     51846,     26161,     33501
       110,     50110, 48.212860,      25.2,         0,     40114,      3021,      2249,       311,   1010864,     76140,     56670,      7836,     -8970,     -6276,    -15246,   -226039,   -158167,   -384206,     25108,      1834,      1515,       199,         0,         0,         0,         0,     -5316,     -5265,    -10581,         0,         0,         0,      3021,      1259,      1834,      1385,     49083,     55360,     30424,     35688
       111,     50111, 46.360753,      39.9,      14.3,     42440,      5347,      2231,       481,   1693357,    213340,     89014,     19173,     -9042,     -4783,    -13825,   -360779,   -190836,   -551615,     26496,      2923,      1490,       394,    378899,     41805,     21313,      5629,     -5406,     -4331,     -9737,    -77308,    -61928,   -139236,      5347,      1319,      2923,      1442,     51482,     56265,     31903,     36233
       112,     50112, 53.846448,      36.2,     146.8,     42111,      5149,      2205,       556,   1524418,    186401,     79833,     20117,     -9036,     -4799,    -13834,   -327090,   -173706,   -500796,     26276,      2897,      1465,       627,   3857310,    425259,    215127,     92063,     -5396,     -4372,     -9768,   -792105,   -641839,  -1433944,      5149,      1309,      2897,      1400,     51147,     55945,     31672,     36044
       113,     50113, 79.928715,      84.1,      10.9,     37827,      2430,      2160,       375,   3181226,    204347,    181652,     31551,     -9007,     -7760,    -16767,   -757481,   -652597,  -1410078,     23611,      1932,      1429,       610,    257362,     21062,     15571,      6653,     -5280,     -6328,    -11608,    -57550,    -68978,   -126529,      2430,      1259,      1932,      1268,     46834,     54593,     28891,     35219
       114,     50114, 29.016188,      11.6,         0,     37294,      1310,      2115,       162,    432613,     15191,     24537,      1882,     -8887,     -7585,    -16472,   -103085,    -87988,   -191073,     23257,      1262,      1395,       483,         0,         0,         0,         0,     -5189,     -6266,    -11455,         0,         0,         0,         0,      1310,         0,      1262,     46181,     53766,     28447,     34712
       115,     50115, 88.643161,         0,         0,     32809,      1294,      2057,        57,         0,         0,         0,         0,     -8741,    -11752,    -20493,         0,         0,         0,     20473,      1254,      1371,       327,         0,         0,         0,         0,     -4980,     -8974,    -13954,         0,         0,         0,       726,      1294,       806,      1254,     41550,     53302,     25453,     34428
       116,     50116,111.886742,       4.5,       2.0,     41388,      2941,      2152,       359,    186247,     13235,      9684,      1614,     -8960,     -6353,    -15313,    -40320,    -28590,    -68911,     25808,      1922,      1574,       208,     51616,      3844,      3147,       417,     -5335,     -5365,    -10700,    -10671,    -10729,    -21400,      2941,      1365,      1922,      1521,     50348,     56702,     31144,     36508
       117,     50117, 87.561090,      11.3,     105.0,     44038,      4895,      2143,       607,    497630,     55314,     24218,      6864,     -9026,     -4796,    -13822,   -101989,    -54198,   -156187,     27439,      2856,      1544,       381,   2881063,    299883,    162162,     39957,     -5425,     -4351,     -9776,   -569634,   -456851,  -1026485,      4895,      1368,      2856,      1498,     53064,     57860,     32864,     37215
       118,     50118, 97.992727,     161.3,     212.8,     43744,      4976,      2119,       685,   7055860,    802665,    341772,    110451,     -9023,     -4770,    -13793,  -1455456,   -769416,  -2224872,     27254,      3213,      1512,       504,   5799560,    683691,    321818,    107331,     -5418,     -4351,     -9769,  -1152939,   -925877,  -2078816,      4976,      1358,      3213,      1484,     52767,     57537,     32672,     37022
       119,     50119, 77.873140,      86.5,      24.0,     39808,      2857,      2102,       501,   3443393,    247104,    181824,     43367,     -8928,     -6264,    -15191,   -772252,   -541808,  -1314060,     24804,      2396,      1445,       573,    595296,     57514,     34671,     13745,     -5282,     -5403,    -10685,   -126766,   -129669,   -256434,      2857,      1313,      2396,      1355,     48736,     54999,     30086,     35489
       120,     50120, 63.183724,      34.9,         0,     39936,      3427,      2028,       553,   1393781,    119602,     70767,     19283,     -8933,     -7438,    -16371,   -311758,   -259598,   -571356,     24850,      2674,      1501,       471,         0,         0,         0,         0,     -5289,     -6147,    -11436,         0,         0,         0,      3427,      1319,      2674,      1363,     48869,     56308,     30139,     36286
       121,     50121, 64.497638,      11.3,         0,     37662,      1288,      1966,        87,    425577,     14559,     22215,       980,     -8863,     -8503,    -17366,   -100148,    -96085,   -196233,     23431,      1308,      1425,       264,         0,         0,         0,         0,     -5186,     -6884,    -12070,         0,         0,         0,      1259,      1288,      1289,      1308,     46524,     55027,     28616,     35500
       122,     50122, 84.750122,       2.7,         0,     43438,      5013,      2020,       420,    117282,     13535,      5454,      1133,     -8956,     -6131,    -15087,    -24181,    -16553,    -40734,     27026,      2889,      1776,       188,         0,         0,         0,         0,     -5374,     -5235,    -10609,         0,         0,         0,      5013,      1426,      2889,      1580,     52393,     58524,     32400,     37635
       123,     50123, 77.887849,      26.9,     209.9,     45911,      5253,      1999,       471,   1235005,    141294,     53761,     12681,     -8995,     -4668,    -13663,   -241961,   -125567,   -367528,     28575,      3225,      1723,       291,   5997997,    676980,    361685,     61133,     -5416,     -4271,     -9687,  -1136781,   -896424,  -2033205,      5253,      1508,      3225,      1658,     54906,     59574,     33991,     38262
       124,     50124,118.888521,      71.2,      16.7,     42099,      3067,      1944,       379,   2997479,    218335,    138378,     26997,     -8984,     -7634,    -16618,   -639675,   -543545,  -1183220,     26186,      2384,      1662,       282,    437311,     39817,     27752,      4716,     -5368,     -6199,    -11568,    -89649,   -103530,   -193179,      3067,      1382,      2384,      1506,     51084,     58718,     31554,     37754
       125,     50125, 33.114656,      24.2,         0,     54781,      1769,      6230,       128,   1325692,     42810,    150768,      3087,     -8363,     -7585,    -15948,   -202387,   -183545,   -385932,     33912,      1676,      6798,       773,         0,         0,         0,         0,     -5073,     -5921,    -10994,         0,         0,         0,         0,      1769,         0,      1676,     63144,     70728,     38985,     44906
       126,     50126, 39.649185,      36.8,       3.2,     54556,      6559,      6054,       229,   2007643,    241372,    222803,      8441,     -8364,     -7297,    -15662,   -307811,   -268540,   -576351,     33769,      3364,      6825,       938,    108060,     10766,     21840,      3002,     -5072,     -5773,    -10845,    -16232,    -18472,    -34704,      6559,      1953,      3364,      1752,     62920,     70217,     38841,     44614
       127,     50127, 67.196010,     176.3,      19.1,     58004,     10816,      5901,       412,  10226028,   1906839,   1040318,     72597,     -8589,     -4386,    -12975,  -1514200,   -773228,  -2287428,     35880,      5827,      6925,      1094,    685317,    111304,    132259,     20899,     -5274,     -3973,     -9246,   -100731,    -75876,   -176607,     10816,      1884,      5827,      1755,     66592,     70978,     41154,     45127
       128,     50128,145.832474,     369.0,     204.4,     57124,      8984,      5816,       410,  21078906,   3315002,   2145938,    151271,     -8616,     -4844,    -13461,  -3179370,  -1787567,  -4966937,     35333,      4758,      7046,      1162,   7222053,    972607,   1440181,    237460,     -5279,     -4289,     -9568,  -1078945,   -876672,  -1955616,      8984,      1833,      4758,      1628,     65741,     70585,     40612,     44901
       129,     50129,167.040245,     178.6,       5.7,     49466,      3882,      5572,       342,   8834692,    693335,    995172,     61062,     -8817,     -9505,    -18322,  -1574731,  -1697512,  -3272243,     30534,      2107,      7083,       995,    174044,     12007,     40375,      5672,     -5317,     -7350,    -12667,    -30306,    -41893,    -72199,      3882,      1724,      2107,      1465,     58283,     67788,     35851,     43201
       130,     50130,136.102226,     125.9,       6.7,     49536,      1698,      5213,        55,   6236546,    213790,    656341,      6903,     -8808,     -9042,    -17850,  -1108973,  -1138396,  -2247369,     30599,      1431,      6972,       491,    205016,      9589,     46712,      3291,     -5310,     -7096,    -12406,    -35577,    -47540,    -83118,         0,      1698,         0,      1431,     58344,     67386,     35909,     43005
       131,     50131,142.597825,     230.3,       2.8,     55838,      1831,      6666,       112,  12859483,    421790,   1535202,     25865,     -7501,     -8228,    -15729,  -1727513,  -1894904,  -3622417,     34674,      1832,      6902,       713,     97088,      5129,     19325,      1997,     -4501,     -6242,    -10743,    -12604,    -17476,    -30080,         0,      1831,         0,      1832,     63339,     71567,     39175,     45417
       132,     50132, 26.944225,      36.6,      11.5,     56338,      6910,      6491,       436,   2061972,    252893,    237560,     15969,     -8444,     -6161,    -14605,   -309068,   -225478,   -534545,     34879,      3538,      7068,      1170,    401112,     40688,     81279,     13456,     -5141,     -5046,    -10187,    -59119,    -58028,   -117147,      6910,      1823,      3538,      1663,     64783,     70943,     40020,     45066
       133,     50133, 26.893345,      73.8,         0,     58561,     12570,      6550,       782,   4321770,    927665,    483379,     57714,     -8484,     -4604,    -13088,   -626149,   -339780,   -965929,     36215,      6404,      7278,      1441,         0,         0,         0,         0,     -5212,     -4095,     -9307,         0,         0,         0,     12570,      1893,      6404,      1581,     67045,     71649,     41427,     45522
       134,     50134, 27.592058,      81.3,       2.7,     58549,     12448,      6526,       758,   4760060,   1012010,    530526,     61602,     -8490,     -4607,    -13097,   -690255,   -374516,  -1064771,     36196,      6342,      7419,      1553,     97730,     17122,     20030,      4193,     -5217,     -4116,     -9333,    -14086,    -11113,    -25199,     12448,      1946,      6342,      1529,     67040,     71646,     41413,     45529
       135,     50135, 28.032442,      44.4,         0,     55096,      8202,      6612,       685,   2446266,    364150,    293580,     30397,     -8694,     -7524,    -16217,   -386003,   -334050,   -720053,     34061,      4714,      7570,      1607,         0,         0,         0,         0,     -5296,     -5949,    -11245,         0,         0,         0,      8202,      1711,      4714,      1499,     63790,     71314,     39356,     45306
       136,     50136, 75.411303,      79.4,      30.7,     53559,      2226,      6273,       277,   4252582,    176746,    498084,     21960,     -8757,     -8191,    -16949,   -695337,   -650390,  -1345727,     33095,      1961,      7556,      1189,   1016008,     60193,    231963,     36487,     -5323,     -6416,    -11739,   -163427,   -196975,   -360402,      2226,      1908,      1961,      1567,     62316,     70508,     38418,     44834
       137,     50137, 54.240547,     113.4,      15.2,     57551,      5991,      6989,       641,   6526257,    679388,    792597,     72685,     -8210,     -6155,    -14366,   -931028,   -698028,  -1629056,     35634,      3401,      7349,      1284,    541629,     51691,    111703,     19521,     -5008,     -5010,    -10018,    -76122,    -76149,   -152270,      5991,      1868,      3401,      1584,     65761,     71916,     40642,     45651
       138,     50138, 53.904056,     110.9,      47.3,     59675,      9433,      7036,       942,   6617973,   1046160,    780295,    104472,     -8400,     -4548,    -12949,   -931589,   -504411,  -1436000,     36911,      5473,      7566,      1555,   1745908,    258883,    357895,     73568,     -5166,     -4034,     -9201,   -244371,   -190829,   -435200,      9433,      1955,      5473,      1668,     68075,     72624,     42078,     46112
       139,     50139, 81.118168,     181.7,     179.6,     59539,      8621,      7172,      1041,  10818212,   1566480,   1303074,    189080,     -8412,     -4929,    -13341,  -1528549,   -895566,  -2424115,     36807,      5383,      7810,      1667,   6610578,    966788,   1402626,    299385,     -5181,     -4280,     -9461,   -930430,   -768742,  -1699172,      8621,      1882,      5383,      1497,     67951,     72880,     41988,     46268
       140,     50140, 32.111194,      60.9,       2.7,     57154,      5021,      7224,       889,   3480691,    305770,    439950,     54148,     -8382,     -6251,    -14633,   -510445,   -380675,   -891119,     35358,      4893,      7971,      1614,     95468,     13211,     21523,      4358,     -5074,     -5157,    -10231,    -13701,    -13924,    -27625,      5021,      1744,      4893,      1450,     65536,     71787,     40433,     45590
       141,     50141,152.460685,     131.1,      37.4,     57660,      1565,      7813,       275,   7559224,    205126,   1024256,     36019,     -6071,     -8295,    -14365,   -795872,  -1087410,  -1883281,     35770,      1586,      7510,       772,   1337816,     59313,    280869,     28861,     -3662,     -6249,     -9911,   -136973,   -233717,   -370690,         0,      1565,         0,      1586,     63731,     72025,     39433,     45682
       142,     50142, 26.240445,      60.6,       6.1,     58824,      2704,      7540,       788,   3564717,    163849,    456945,     47733,     -7979,     -6628,    -14607,   -483530,   -401668,   -885198,     36428,      2807,      7658,      1315,    222213,     17120,     46711,      8019,     -4888,     -5251,    -10139,    -29816,    -32034,    -61850,      2704,      1929,      2807,      1640,     66803,     73431,     41316,     46568
       143,     50143, 26.366873,      36.0,     188.8,     60248,     10173,      7588,       955,   2168922,    366222,    273162,     34385,     -8251,     -4575,    -12827,   -297042,   -164716,   -461757,     37254,      6344,      7890,      1531,   7033647,   1197735,   1489655,    288960,     -5077,     -4051,     -9128,   -958571,   -764814,  -1723385,     10173,      1552,      6344,      1513,     68499,     73074,     42332,     46383
       144,     50144, 53.180967,     103.8,       6.6,     59467,      7672,      8071,       881,   6172671,    796325,    837818,     91479,     -7641,     -6103,    -13744,   -793125,   -633479,  -1426605,     36795,      4138,      7962,      1253,    242849,     27311,     52546,      8272,     -4690,     -4958,     -9648,    -30956,    -32724,    -63680,      7672,      2539,      4138,      2382,     67108,     73211,     41486,     46444
       145,     50145, 53.017441,     122.6,     297.0,     61409,     13303,      8158,      1101,   7528721,   1630954,   1000212,    134966,     -8130,     -4459,    -12589,   -996790,   -546672,  -1543462,     37941,      7098,      8236,      1594,  11268478,   2108058,   2446111,    473304,     -5018,     -3986,     -9004,  -1490321,  -1183822,  -2674143,     13303,      9095,      7098,      4169,     69539,     73998,     42959,     46945
       146,     50146, 81.537916,     184.3,     131.9,     61253,     14305,      8412,      1426,  11288956,   2636343,   1550366,    262815,     -8136,     -4872,    -13008,  -1499418,   -897975,  -2397393,     37857,      7498,      8538,      1719,   4993327,    989013,   1126187,    226671,     -5002,     -4248,     -9250,   -659708,   -560309,  -1220017,     14305,      9115,      7498,      4141,     69389,     74261,     42858,     47106
       147,     50147, 37.153355,     101.6,       4.5,     58894,     11397,      8386,      1305,   5983603,   1157936,    852041,    132541,     -7934,     -6323,    -14258,   -806143,   -642420,  -1448563,     36527,      7249,      8641,      1678,    164371,     32622,     38886,      7552,     -4712,     -5163,     -9875,    -21204,    -23232,    -44436,     11397,      2482,      7249,      2041,     66828,     73151,     41239,     46401
       148,     50148, 97.162795,     186.6,      11.2,     53319,      2646,      6647,       259,   9949363,    493788,   1240354,     48337,     -8169,     -8353,    -16523,  -1524393,  -1558737,  -3083130,     33521,      2516,      7808,      1135,    375437,     28174,     87448,     12711,     -4564,     -6198,    -10762,    -51113,    -69416,   -120529,      2646,      1758,      2516,      1409,     61489,     69842,     38085,     44283
       149,     50149, 29.857970,      27.4,         0,     57024,      5578,      7823,       963,   1562458,    152837,    214348,     26398,     -8303,     -7524,    -15827,   -227502,   -206146,   -433648,     35420,      5346,      8432,      1577,         0,         0,         0,         0,     -4879,     -5905,    -10784,         0,         0,         0,      5578,      1725,      5346,      1424,     65327,     72851,     40300,     46204
       150,     50150, 35.813026,     102.7,         0,     56377,      3940,      7548,       592,   5789938,    404625,    775208,     60770,     -8202,     -7775,    -15977,   -842354,   -798499,  -1640852,     35126,      3791,      8367,      1394,         0,         0,         0,         0,     -4740,     -5951,    -10691,         0,         0,         0,      3940,      1874,      3791,      1396,     64579,     72354,     39866,     45817
       151,     50151, 57.861916,     119.6,      29.7,     51345,      1876,      6447,       110,   6140887,    224428,    771058,     13202,     -7477,    -10408,    -17885,   -894262,  -1244781,  -2139044,     32644,      1568,      7829,       881,    969522,     46570,    232513,     26174,     -4012,     -7299,    -11311,   -119152,   -216790,   -335942,         0,      1876,         0,      1568,     58822,     69230,     36656,     43955
       152,     50152, 16.373780,      46.7,       1.2,     51631,      2312,      6685,        90,   2411183,    107993,    312213,      4203,     -5559,    -11569,    -17128,   -259599,   -540272,   -799870,     33102,      1776,      8073,       840,     39722,      2131,      9688,      1008,     -2878,     -7606,    -10484,     -3454,     -9127,    -12581,         0,      2312,         0,      1776,     57190,     68759,     35980,     43586
       153,     50153,141.128341,     101.4,       9.4,     50841,      2274,      5994,        52,   5155289,    230548,    607771,      5307,     -5558,    -11333,    -16891,   -563591,  -1149158,  -1712749,     32618,      1870,      7684,       488,    306611,     17582,     72230,      4587,     -2874,     -7513,    -10387,    -27017,    -70620,    -97637,         0,      2274,         0,      1870,     56399,     67732,     35492,     43005
       154,     50154, 37.214502,     107.8,     163.1,     58926,      5823,      8650,      1024,   6352253,    627701,    932420,    110408,     -7851,     -6711,    -14562,   -846352,   -723447,  -1569798,     36604,      5357,      8880,      1609,   5970071,    873692,   1448300,    262508,     -4594,     -5337,     -9931,   -749297,   -870412,  -1619709,      5823,      2546,      5357,      2205,     66777,     73488,     41198,     46535
       155,     50155, 47.420745,     120.9,       2.9,     57478,      3777,      8501,       738,   6949068,    456634,   1027792,     89191,     -7720,     -7899,    -15618,   -933328,   -954939,  -1888267,     35841,      3708,      8946,      1408,    103938,     10754,     25945,      4083,     -4441,     -5846,    -10288,    -12880,    -16955,    -29835,      3777,      2637,      3708,      2006,     65198,     73096,     40282,     46128
       156,     50156,172.324857,      41.5,      16.8,     50169,      2290,      7392,       266,   2081993,     95049,    306779,     11038,     -6273,    -13490,    -19763,   -260319,   -559848,   -820167,     32003,      2236,      8430,      1262,    537648,     37570,    141626,     21207,     -3320,     -8846,    -12166,    -55773,   -148619,   -204392,      2290,      2143,      2236,      1790,     56441,     69932,     35323,     44169
       157,     50157, 31.910010,      65.2,       6.7,     55001,      2360,      7862,       138,   3586092,    153904,    512618,      8998,     -6926,     -9750,    -16676,   -451577,   -635698,  -1087275,     34680,      1634,      8827,      1173,    232356,     10947,     59143,      7859,     -3839,     -6706,    -10546,    -25724,    -44931,    -70656,         0,      2360,         0,      1634,     61927,     71677,     38519,     45226
       158,     50158,157.857901,     160.3,         0,     52569,      2275,      6940,        55,   8426858,    364745,   1112477,      8743,     -6813,    -10917,    -17731,  -1092177,  -1750053,  -2842229,     33315,      1675,      8410,       689,         0,         0,         0,         0,     -3707,     -7471,    -11178,         0,         0,         0,         0,      2275,         0,      1675,     59383,     70300,     37022,     44493
       159,     50159, 95.702716,      10.7,      18.7,     61672,      9410,      9747,       134,    659891,    100683,    104295,      1432,     -4962,     -8066,    -13028,    -53093,    -86308,   -139401,     38166,      4642,      8236,       239,    713712,     86806,    154009,      4469,     -3032,     -6135,     -9167,    -56691,   -114724,   -171414,         0,      9410,         0,      4642,     66634,     74700,     41198,     47333
       160,     50160, 98.125029,      17.9,      43.4,     61843,      9469,      9980,       454,   1106987,    169490,    178638,      8130,     -5639,     -7112,    -12752,   -100945,   -127308,   -228253,     38194,      4712,      8623,       517,   1657636,    204511,    374245,     22449,     -3495,     -5573,     -9068,   -151667,   -241874,   -393541,         0,      9469,         0,      4712,     67482,     74594,     41689,     47262
       161,     50161, 53.291675,      78.6,         0,     61114,      9111,      9246,       926,   4803559,    716120,    726726,     72807,     -6946,     -6129,    -13075,   -545948,   -481742,  -1027690,     37770,      4473,      8552,      1037,         0,         0,         0,         0,     -4285,     -4978,     -9263,         0,         0,         0,      7718,      9111,      4196,      4473,     68060,     74189,     42055,     47033
       162,     50162, 52.719294,     117.2,      27.6,     62598,     13466,      9390,      1375,   7336441,   1578206,   1100530,    161182,     -7900,     -4388,    -12288,   -925864,   -514324,  -1440188,     38649,      6958,      8855,      1519,   1066711,    192030,    244406,     41930,     -4879,     -3961,     -8840,   -134661,   -109311,   -243972,     13466,      9479,      6958,      4437,     70497,     74886,     43528,     47489
       163,     50163, 54.234771,      15.1,      39.8,     62284,      9475,     10945,      1096,    940489,    143071,    165274,     16551,     -6188,     -6404,    -12592,    -93440,    -96695,   -190135,     38451,      4669,      9242,       779,   1530332,    185808,    367829,     30996,     -3832,     -5167,     -8999,   -152505,   -205641,   -358146,      7899,      9475,      4669,      4646,     68472,     74876,     42282,     47449
       164,     50164, 64.401459,     148.7,     187.6,     63698,     11716,     11081,      1877,   9471934,   1742192,   1647786,    279149,     -7575,     -4473,    -12048,  -1126370,   -665164,  -1791534,     39306,      7153,      9549,      1295,   7373761,   1341981,   1791351,    242958,     -4684,     -4030,     -8713,   -878642,   -755943,  -1634585,     11716,      9729,      7153,      4657,     71273,     75746,     43989,     48019
       165,     50165, 39.454876,     106.7,         0,     61869,     11802,      9717,      1726,   6601422,   1259301,   1036779,    184124,     -7956,     -5240,    -13196,   -848907,   -559122,  -1408030,     38207,      6829,      9243,      1750,         0,         0,         0,         0,     -4892,     -4491,     -9383,         0,         0,         0,     11802,      9329,      6829,      4413,     69825,     75065,     43099,     47590
       166,     50166, 64.279147,     225.8,      51.1,     63656,     11688,     11020,      2163,  14373569,   2639163,   2488272,    488451,     -7591,     -4444,    -12035,  -1713955,  -1003474,  -2717429,     39296,      7140,      9776,      1562,   2008013,    364830,    499579,     79807,     -4676,     -4017,     -8693,   -238930,   -205285,   -444215,     11688,      9720,      7140,      4628,     71247,     75691,     43971,     47989
       167,     50167, 84.486733,      70.4,     432.0,     63716,      7915,     10521,      1182,   4485631,    557233,    740690,     83208,     -7187,     -5647,    -12834,   -505960,   -397547,   -903506,     39565,      5776,      9790,      1599,  17091887,   2495031,   4229230,    690710,     -4254,     -4665,     -8919,  -1837732,  -2015362,  -3853094,      7915,      2685,      5776,      2298,     70903,     76550,     43819,     48484
       168,     50168, 83.532625,     232.9,      27.2,     57382,      3192,      9934,       727,  13364162,    743316,   2313586,    169404,     -7130,     -8579,    -15709,  -1660470,  -1998053,  -3658524,     35987,      3095,      9688,      1195,    978843,     84185,    263521,     32514,     -4036,     -6201,    -10237,   -109779,   -168664,   -278443,      3192,      2407,      3095,      2023,     64511,     73090,     40023,     46224
       169,     50169, 40.232568,     118.3,      16.6,     57356,      2512,      9587,       468,   6785212,    297149,   1134184,     55368,     -6942,     -8958,    -15901,   -821292,  -1059774,  -1881065,     36076,      1959,      9619,      1036,    598861,     32520,    159683,     17197,     -3873,     -6247,    -10121,    -64299,   -103703,   -168002,      2147,      2512,      1959,      1740,     64298,     73257,     39949,     46197
       170,     50170, 60.203014,     149.9,      20.0,     57308,      2541,      9338,       180,   8590507,    380969,   1399715,     26910,     -6845,     -9347,    -16191,  -1025998,  -1401058,  -2427055,     36030,      1683,      9549,       940,    720598,     33651,    190987,     18796,     -3819,     -6490,    -10308,    -76371,   -129792,   -206162,         0,      2541,         0,      1683,     64153,     73499,     39848,     46338
       171,     50171, 98.091981,     158.3,       6.8,     55540,      2496,      8513,        58,   8792040,    395144,   1347616,      9111,     -6889,    -10412,    -17300,  -1090473,  -1648152,  -2738624,     34937,      1823,      9225,       656,    237571,     12397,     62728,      4459,     -3834,     -7207,    -11042,    -26073,    -49009,    -75082,         0,      2496,         0,      1823,     62429,     72841,     38771,     45978
       172,     50172, 97.247138,       5.3,         0,     61967,      9596,     13369,       325,    328426,     50861,     70858,      1724,     -5469,     -9858,    -15327,    -28985,    -52249,    -81234,     38270,      4716,      9610,        59,         0,         0,         0,         0,     -3368,     -7280,    -10648,         0,         0,         0,      3684,      9596,      1935,      4716,     67436,     77294,     41639,     48919
       173,     50173, 88.937681,       6.5,         0,     63806,     10171,     13922,      1387,    414737,     66111,     90491,      9019,     -6081,     -6229,    -12310,    -39528,    -40487,    -80014,     39310,      5439,     10335,       407,         0,         0,         0,         0,     -3784,     -5116,     -8901,         0,         0,         0,      9735,     10171,      5439,      5143,     69887,     76116,     43094,     48211
       174,     50174,112.170998,       6.0,     698.0,     65479,     16309,     14047,      1844,    392877,     97853,     84280,     11065,     -7020,     -4469,    -11489,    -42121,    -26813,    -68933,     40358,      8817,     10732,       819,  28169561,   6154123,   7490731,    571442,     -4379,     -4059,     -8439,  -3056582,  -2833524,  -5890106,     16309,      9987,      8817,      5088,     72500,     76968,     44737,     48796
       175,     50175, 55.681280,     229.9,      52.7,     65152,     15835,     12883,      2207,  14978542,   3640579,   2961801,    507343,     -7018,     -4084,    -11101,  -1613375,   -938820,  -2552195,     40199,      8602,     10562,      1139,   2118512,    453301,    556626,     60018,     -4330,     -3813,     -8143,   -228214,   -200942,   -429156,     15835,      9825,      8602,      4800,     72170,     76254,     44530,     48343
       176,     50176, 49.067301,     166.6,     696.6,     65303,     15963,     14685,      1908,  10879442,   2659458,   2446468,    317798,     -6998,     -4924,    -11922,  -1165809,   -820372,  -1986181,     40301,      8883,     11318,       795,  28073705,   6187717,   7884330,    553470,     -4305,     -4342,     -8647,  -2998606,  -3024962,  -6023568,     15963,      9921,      8883,      4959,     72300,     77225,     44606,     48948
       177,     50177,111.923928,      50.7,      37.3,     62569,      9567,     13191,      1517,   3172254,    485045,    668767,     76930,     -6144,     -6316,    -12459,   -311481,   -320210,   -631691,     38640,      6016,     10944,      1017,   1441256,    224401,    408195,     37928,     -3692,     -5179,     -8871,   -137721,   -193167,   -330888,      9567,      9467,      6016,      4382,     68713,     75028,     42332,     47511
       178,     50178, 60.845089,       1.3,     120.0,     67953,     11094,     17347,      1715,     88339,     14422,     22551,      2229,     -5963,     -3920,     -9883,     -7752,     -5096,    -12849,     41845,      7133,     12087,       291,   5021447,    855974,   1450409,     34874,     -3788,     -3776,     -7564,   -454595,   -453073,   -907668,     11094,     10643,      7133,      5433,     73916,     77836,     45634,     49409
       179,     50179, 45.133204,      14.2,         0,     66678,     12264,     16712,      1557,    946821,    174156,    237314,     22107,     -6458,     -4637,    -11095,    -91705,    -65841,   -157546,     41069,      7638,     12216,       517,         0,         0,         0,         0,     -4058,     -4196,     -8255,         0,         0,         0,     12264,     10338,      7638,      5262,     73136,     77772,     45128,     49324
       180,     50180, 98.304779,       8.2,         0,     63622,     10331,     16163,       716,    521701,     84712,    132534,      5873,     -5915,     -7409,    -13324,    -48500,    -60758,   -109257,     39430,      5014,     12294,       471,         0,         0,         0,         0,     -3513,     -5688,     -9201,         0,         0,         0,      7079,     10331,      4464,      5014,     69537,     76946,     42943,     48631
       181,     50181,199.793008,         0,         0,     60601,      2225,     13620,       206,         0,         0,         0,         0,     -5525,     -9367,    -14892,         0,         0,         0,     37970,      1920,     11363,       383,         0,         0,         0,         0,     -3099,     -6596,     -9695,         0,         0,         0,      2225,      2021,      1920,      1796,     66126,     75493,     41069,     47665
       182,     50182,153.026820,       9.4,      19.0,     60563,      1980,     12907,        54,    569294,     18611,    121323,       504,     -5526,     -8896,    -14423,    -51945,    -83627,   -135572,     37946,      1602,     11153,       333,    720983,     30431,    211908,      6327,     -3100,     -6322,     -9422,    -58899,   -120122,   -179021,         0,      1980,         0,      1602,     66089,     74986,     41046,     47369
       183,     50183, 46.527589,       1.2,         0,     69262,     11125,     19632,      1546,     83115,     13350,     23559,      1856,     -5592,     -3882,     -9474,     -6710,     -4659,    -11369,     42680,      6088,     13006,       134,         0,         0,         0,         0,     -3615,     -3731,     -7345,         0,         0,         0,      7531,     11125,      6088,      5960,     74854,     78736,     46295,     50026
       184,     50184, 95.014446,       1.4,         0,     66437,     11066,     22234,      1016,     93011,     15493,     31127,      1423,     -5527,     -7605,    -13131,     -7737,    -10647,    -18384,     40919,      5780,     13625,        13,         0,         0,         0,         0,     -3471,     -6139,     -9609,         0,         0,         0,     10110,     11066,      5737,      5780,     71963,     79568,     44389,     50528
       185,     50185, 86.705132,       1.1,     199.5,     70289,     13795,     25799,      1048,     77318,     15174,     28379,      1153,     -4551,     -4498,     -9049,     -5006,     -4948,     -9954,     43133,      7253,     14937,        10,   8605016,   1446962,   2979949,      1939,     -3038,     -4226,     -7264,   -606076,   -843095,  -1449171,     13795,     10787,      7253,      5590,     74840,     79338,     46171,     50397
       186,     50186, 80.812190,       1.0,     576.0,     70367,     16184,     24010,      1423,     70367,     16184,     24010,      1423,     -5123,     -3902,     -9025,     -5123,     -3902,     -9025,     43301,      8865,     14785,       137,  24941572,   5106144,   8516009,     78913,     -3391,     -3767,     -7158,  -1953437,  -2169549,  -4122986,     16184,     11494,      8865,      6053,     75490,     79392,     46693,     50459
       187,     50187, 88.690875,         0,       7.5,     68897,     10937,     19990,      1591,         0,         0,         0,         0,     -5711,     -3938,     -9649,         0,         0,         0,     42433,      6207,     13535,       324,    318248,     46556,    101514,      2433,     -3677,     -3781,     -7458,    -27579,    -28357,    -55936,      7701,     10937,      6207,      5718,     74608,     78545,     46110,     49891
       188,     50188, 49.875137,      11.6,         0,     65736,     10177,     19218,       965,    762540,    118052,    222928,     11198,     -5981,     -6674,    -12655,    -69383,    -77414,   -146797,     40666,      5298,     13475,       470,         0,         0,         0,         0,     -3582,     -5451,     -9033,         0,         0,         0,      5988,     10177,      4355,      5298,     71718,     78391,     44248,     49699
       189,     50189, 44.406457,      16.9,         0,     64232,     10456,     18619,       326,   1085526,    176698,    314653,      5517,     -5902,     -7829,    -13731,    -99739,   -132318,   -232056,     39811,      5073,     13403,       528,         0,         0,         0,         0,     -3509,     -6035,     -9544,         0,         0,         0,      3244,     10456,      2424,      5073,     70134,     77963,     43320,     49355
       190,     50190, 46.620080,      13.9,         0,     62876,     10074,     17849,        76,    873974,    140030,    248099,      1063,     -5712,     -8774,    -14486,    -79391,   -121962,   -201354,     39150,      4658,     13213,       506,         0,         0,         0,         0,     -3336,     -6466,     -9802,         0,         0,         0,       828,     10074,       460,      4658,     68587,     77362,     42486,     48952
       191,     50191, 37.558327,      68.8,      27.1,     65209,     10378,     21689,       974,   4486359,    713972,   1492225,     67026,     -5238,     -8132,    -13371,   -360377,   -559515,   -919892,     40458,      5227,     14490,       610,   1096409,    141649,    392672,     16543,     -3121,     -6246,     -9366,    -84566,   -169255,   -253820,      4491,     10378,      3487,      5227,     70447,     78579,     43578,     49824
       192,     50192, 43.965248,      58.0,       3.5,     66108,     10612,     21093,       553,   3834285,    615523,   1223390,     32047,     -5116,     -6490,    -11605,   -296709,   -376402,   -673112,     40966,      5325,     14427,       781,    143381,     18638,     50493,      2735,     -3068,     -5273,     -8340,    -10737,    -18455,    -29191,      3916,     10612,      3516,      5325,     71224,     77714,     44034,     49306
       193,     50193, 67.949009,     112.8,      13.3,     64670,     10068,     19879,       208,   7294724,   1135716,   2242369,     23514,     -5022,     -7975,    -12997,   -566529,   -899552,  -1466081,     40269,      4645,     14090,       771,    535572,     61779,    187391,     10248,     -2927,     -6022,     -8949,    -38932,    -80092,   -119024,      2925,     10068,      2701,      4645,     69692,     77667,     43196,     49218
       194,     50194, 71.744471,         0,     197.4,     69905,     17995,     24900,      1439,         0,         0,         0,         0,     -5185,     -4454,     -9639,         0,         0,         0,     43002,      9302,     15381,       364,   8488666,   1836267,   3036247,     71897,     -3408,     -4128,     -7537,   -672779,   -814961,  -1487740,     17995,     11261,      9302,      5943,     75090,     79544,     46411,     50539
       195,     50195, 76.923944,      58.1,     393.6,     69105,     13891,     24883,      1161,   4015001,    807087,   1445691,     67473,     -4373,     -5470,     -9843,   -254045,   -317817,   -571862,     42594,      8319,     15702,       701,  16764827,   3274284,   6180314,    275998,     -2723,     -4748,     -7470,  -1071758,  -1868628,  -2940386,     13891,     10792,      8319,      5206,     73478,     78948,     45317,     50064
       196,     50196,104.431367,     167.1,       2.2,     68596,     10645,     24748,       755,  11462434,   1778767,   4135355,    126237,     -4294,     -5833,    -10128,   -717580,   -974756,  -1692336,     42351,      6600,     15863,       969,     93172,     14519,     34898,      2132,     -2660,     -4983,     -7643,     -5851,    -10963,    -16814,      7943,     10645,      6600,      5254,     72891,     78724,     45010,     49993
       197,     50197, 11.547640,      22.6,      45.3,     67691,     10771,     25463,       407,   1529823,    243427,    575474,      9206,     -4303,     -7105,    -11407,    -97238,   -160570,   -257808,     41874,      6852,     16298,      1071,   1896912,    310396,    738300,     48500,     -2621,     -5671,     -8291,   -118723,   -256875,   -375598,      8302,     10771,      6852,      5468,     71994,     79099,     44495,     50166
       198,     50198, 85.566016,     167.4,      30.0,     66731,     10401,     23265,       302,  11170718,   1741067,   3894498,     50479,     -4318,     -7222,    -11540,   -722821,  -1208941,  -1931762,     41345,      5422,     15528,      1004,   1240363,    162663,    465834,     30117,     -2582,     -5586,     -8168,    -77449,   -167584,   -245032,      5561,     10401,      4842,      5422,     71049,     78270,     43927,     49513
       199,     50199, 86.655412,      79.5,       3.8,     64459,      3972,     20759,       120,   5124481,    315806,   1650305,      9570,     -4306,     -8582,    -12887,   -342306,   -682238,  -1024545,     40131,      3328,     14604,       891,    152499,     12645,     55497,      3387,     -2491,     -6123,     -8614,     -9467,    -23268,    -32735,      2713,      3972,      2634,      3328,     68765,     77346,     42623,     48746
       200,     50200,418.938145,     294.2,      31.1,     61466,      9941,     15488,        42,  18083291,   2924505,   4556510,     12475,     -5053,    -10074,    -15126,  -1486453,  -2963755,  -4450208,     38389,      4329,     12361,       412,   1193913,    134634,    384429,     12803,     -2863,     -7135,     -9999,    -89054,   -221906,   -310961,         0,      9941,         0,      4329,     66519,     76592,     41253,     48388
       201,     50201,134.791080,       1.4,      87.4,     70637,     15746,     29786,       964,     98892,     22044,     41700,      1350,     -4523,     -5126,     -9649,     -6332,     -7177,    -13509,     43344,      8169,     16423,        36,   3788301,    714001,   1435368,      3106,     -3051,     -4635,     -7685,   -266626,   -405057,   -671682,     15746,     10687,      8169,      5625,     75160,     80286,     46395,     51030
       202,     50202, 57.695185,       5.0,      26.5,     73157,     19169,     30605,      1175,    365785,     95843,    153025,      5877,     -3853,     -3256,     -7109,    -19263,    -16279,    -35543,     45008,      9701,     17364,       355,   1192712,    257076,    460142,      9407,     -2694,     -3382,     -6077,    -71403,    -89635,   -161038,     19169,     10129,      9701,      5262,     77010,     80266,     47702,     51085
       203,     50203, 45.417839,      47.6,      13.1,     70486,     16112,     29370,       992,   3355130,    766929,   1397992,     47229,     -3916,     -5182,     -9098,   -186421,   -246664,   -433085,     43413,      9509,     17268,       665,    568705,    124567,    226216,      8713,     -2556,     -4660,     -7215,    -33481,    -61041,    -94522,     16112,     10224,      9509,      5002,     74402,     79584,     45968,     50628
       204,     50204, 35.183007,      61.5,         0,     70082,     10472,     28603,       639,   4310052,    644036,   1759097,     39321,     -3918,     -5315,     -9233,   -240947,   -326889,   -567836,     43217,      7225,     17222,       889,         0,         0,         0,         0,     -2525,     -4675,     -7199,         0,         0,         0,      8800,     10472,      7225,      5721,     74000,     79315,     45742,     50417
       205,     50205, 11.876981,      19.9,         0,     70715,     10550,     29934,       609,   1407220,    209936,    595692,     12120,     -3827,     -5235,     -9062,    -76158,   -104167,   -180325,     43587,      7028,     17613,       777,         0,         0,         0,         0,     -2500,     -4639,     -7139,         0,         0,         0,      8414,     10550,      7028,      5648,     74542,     79776,     46087,     50726
       206,     50206, 45.544526,      86.1,       7.7,     69264,     10446,     28085,       361,   5963641,    899392,   2418086,     31104,     -3938,     -6028,     -9966,   -339098,   -519013,   -858111,     42859,      7231,     17218,      1040,    330018,     55680,    132580,      8007,     -2376,     -4945,     -7322,    -18297,    -38079,    -56377,      8604,     10446,      7231,      5564,     73203,     79231,     45236,     50181
       207,     50207, 44.356768,      71.3,      10.2,     68372,     10361,     26992,       150,   4874898,    738753,   1924540,     10705,     -3905,     -6690,    -10595,   -278414,   -477001,   -755415,     42367,      7801,     16978,       937,    432140,     79575,    173174,      9558,     -2324,     -5245,     -7570,    -23710,    -53500,    -77210,      9565,     10361,      7801,      5443,     72276,     78967,     44691,     49936
       208,     50208,131.730277,     117.8,       7.9,     67129,     10351,     24305,        86,   7907767,   1219322,   2863156,     10164,     -3216,     -8401,    -11618,   -378864,   -989691,  -1368555,     41762,      5403,     16059,       699,    329920,     42686,    126864,      5522,     -1970,     -5982,     -7952,    -15563,    -47259,    -62822,      4867,     10351,      4480,      5403,     70345,     78746,     43732,     49714
       209,     50209,183.435246,     101.5,       2.4,     64086,      4689,     19757,        22,   6504771,    475932,   2005330,      2187,     -2561,    -10900,    -13461,   -259905,  -1106399,  -1366304,     39835,      3673,     14256,       376,     95603,      8816,     34214,       902,     -1646,     -7459,     -9105,     -3950,    -17901,    -21851,      1264,      4689,      1206,      3673,     66647,     77548,     41480,     48939
       210,     50210,103.735043,         0,         0,     72963,      5030,     34465,      1044,         0,         0,         0,         0,     -3330,     -4252,     -7582,         0,         0,         0,     44708,      4421,     17733,         5,         0,         0,         0,         0,     -2396,     -4134,     -6531,         0,         0,         0,         0,      5030,         0,      4421,     76293,     80545,     47104,     51238
       211,     50211,100.593431,         0,      95.8,     74278,      9622,     34967,      1329,         0,         0,         0,         0,     -3414,     -3173,     -6588,         0,         0,         0,     45720,      5270,     18530,       117,   4379933,    504874,   1775195,     11183,     -2485,     -3275,     -5760,   -238061,   -313730,   -551791,      9622,      6331,      5270,      4659,     77693,     80866,     48205,     51479
       212,     50212, 50.335623,         0,      69.1,     74686,      9020,     35601,      1334,         0,         0,         0,         0,     -3303,     -2998,     -6301,         0,         0,         0,     46046,      5541,     19173,       302,   3181804,    382912,   1324883,     20836,     -2388,     -3122,     -5510,   -165020,   -215701,   -380720,      9020,      6635,      4950,      5541,     77988,     80986,     48435,     51556
       213,     50213, 70.059321,      84.1,       2.5,     70445,     11948,     32389,       602,   5924445,   1004831,   2723896,     50633,     -3367,     -6075,     -9442,   -283178,   -510904,   -794082,     43301,      7533,     18403,       569,    108252,     18833,     46007,      1423,     -2225,     -5246,     -7471,     -5561,    -13115,    -18677,     11948,      9540,      7533,      5326,     73812,     79887,     45525,     50771
       214,     50214, 58.372553,      40.4,         0,     73163,      5758,     36031,       988,   2955803,    232620,   1455659,     39918,     -3197,     -4488,     -7685,   -129143,   -181331,   -310474,     45013,      4420,     19692,       623,         0,         0,         0,         0,     -2240,     -4173,     -6413,         0,         0,         0,      3869,      5758,      3893,      4420,     76360,     80848,     47253,     51426
       215,     50215, 68.779651,      39.0,         0,     71748,      8935,     33471,       289,   2798153,    348453,   1305370,     11260,     -3286,     -5205,     -8491,   -128156,   -203003,   -331158,     44151,      6282,     19082,       712,         0,         0,         0,         0,     -2213,     -4594,     -6807,         0,         0,         0,      6983,      8935,      6282,      5063,     75034,     80239,     46364,     50958
       216,     50216, 92.678627,      46.1,       4.1,     70664,      8467,     32590,       207,   3257630,    390326,   1502392,      9556,     -3345,     -6031,     -9376,   -154213,   -278008,   -432221,     43608,      6347,     18940,       800,    178793,     26021,     77656,      3279,     -2124,     -4951,     -7075,     -8708,    -20297,    -29006,      7043,      8467,      6347,      5039,     74010,     80040,     45732,     50683
       217,     50217, 54.482245,      63.6,       2.7,     69157,      7879,     28970,       129,   4398354,    501098,   1842516,      8229,     -3316,     -6932,    -10249,   -210911,   -440902,   -651813,     42786,      6885,     17759,       705,    115521,     18590,     47949,      1904,     -2071,     -5298,     -7370,     -5593,    -14306,    -19899,      7879,      4635,      6885,      3697,     72473,     79405,     44857,     50155
       218,     50218, 79.088887,      31.9,         0,     66130,      4793,     25722,        23,   2109551,    152900,    820544,       742,     -3186,    -10035,    -13222,   -101648,   -320121,   -421769,     41069,      3764,     16684,       442,         0,         0,         0,         0,     -1980,     -7085,     -9065,         0,         0,         0,      2821,      4793,      2769,      3764,     69317,     79352,     43050,     50134
       219,     50219, 85.056442,      44.3,       6.9,     68905,      6551,     31783,       247,   3052500,    290218,   1408004,     10924,     -3334,     -7902,    -11236,   -147706,   -350051,   -497758,     42536,      5984,     18808,       749,    293499,     41287,    129778,      5166,     -2099,     -6001,     -8099,    -14481,    -41404,    -55885,      6551,      4687,      5984,      3773,     72239,     80141,     44635,     50635
       220,     50220,105.672026,      97.1,      12.7,     72462,     19218,     38748,       902,   7036074,   1866028,   3762392,     87573,     -2394,     -5589,     -7982,   -232413,   -542675,   -775088,     44520,      9763,     21066,      1096,    565402,    123996,    267538,     13920,     -1668,     -4827,     -6495,    -21180,    -61302,    -82482,     19218,      4534,      9763,      3618,     74856,     80445,     46188,     51014
       221,     50221, 84.617309,         0,     384.9,     74457,     11781,     39610,      1892,         0,         0,         0,         0,     -2332,     -4136,     -6468,         0,         0,         0,     45716,      4457,     19641,        10,  17596029,   1715325,   7559875,      3987,     -1746,     -4012,     -5757,   -671919,  -1544028,  -2215947,     11781,      4142,      4457,      3637,     76788,     80924,     47462,     51473
       222,     50222,101.756096,         0,     411.4,     76727,     16550,     43784,      2584,         0,         0,         0,         0,     -2150,     -3172,     -5322,         0,         0,         0,     47275,      6230,     20998,        46,  19448810,   2563137,   8638570,     18868,     -1711,     -3268,     -4979,   -703990,  -1344431,  -2048421,     16550,      2276,      6230,      2478,     78877,     82048,     48986,     52254
       223,     50223,106.712526,       2.4,     579.9,     75583,     19804,     42287,      3078,    181399,     47530,    101490,      7387,     -2832,     -3362,     -6194,     -6797,     -8068,    -14865,     46554,      7720,     21197,       390,  26996695,   4477043,  12292121,    226297,     -2160,     -3326,     -5486,  -1252728,  -1928821,  -3181548,     19804,      3712,      7720,      3407,     78415,     81777,     48714,     52040
       224,     50224, 75.710569,       9.2,     420.2,     75775,     20726,     42094,      2871,    697130,    190679,    387264,     26417,     -2813,     -3162,     -5974,    -25878,    -29086,    -54964,     46715,      7874,     21495,       764,  19629636,   3308745,   9032122,    321098,     -2133,     -3179,     -5311,   -896085,  -1335769,  -2231854,     20726,      3756,      7874,      3507,     78588,     81749,     48848,     52026
       225,     50225,124.397971,      54.3,     321.1,     74417,     19785,     40876,      2047,   4040818,   1074325,   2219588,    111140,     -2284,     -4334,     -6618,   -124015,   -235332,   -359346,     45808,      7378,     21407,      1008,  14708867,   2369107,   6873692,    323770,     -1675,     -4016,     -5691,   -537908,  -1289629,  -1827537,     19785,      3642,      7378,      3468,     76700,     81034,     47483,     51499
       226,     50226, 55.482314,     290.5,      14.1,     75233,     27510,     43912,      2837,  21855316,   7991726,  12756384,    824206,     -2330,     -4169,     -6499,   -676907,  -1211164,  -1888071,     46293,     10876,     22632,      1260,    652729,    153348,    319108,     17762,     -1705,     -3917,     -5621,    -24035,    -55225,    -79260,     27510,      2440,     10876,      2233,     77564,     81733,     47997,     51914
       227,     50227, 48.257008,     146.7,      53.5,     74634,     26262,     42754,      1814,  10948758,   3852666,   6272023,    266166,     -2302,     -4617,     -6919,   -337661,   -677324,  -1014985,     45980,     11146,     22455,      1417,   2459939,    596287,   1201328,     75786,     -1597,     -4105,     -5702,    -85446,   -219596,   -305042,     26262,      2730,     11146,      2443,     76935,     81552,     47577,     51682
       228,     50228, 52.264628,      94.4,         0,     70700,     21599,     41417,      1074,   6674096,   2038936,   3909780,    101408,     -2570,     -8007,    -10578,   -242635,   -755886,   -998522,     43499,     10985,     22159,      1287,         0,         0,         0,         0,     -1752,     -6121,     -7873,         0,         0,         0,     21599,      4363,     10985,      3301,     73270,     81278,     45251,     51372
       229,     50229,200.066068,     272.7,     259.2,     71071,     13880,     37617,       339,  19381028,   3785116,  10258049,     92459,     -2535,     -7221,     -9756,   -691388,  -1969088,  -2660476,     43764,      8077,     20928,       883,  11343670,   2093517,   5424646,    228923,     -1736,     -5613,     -7350,   -450043,  -1454953,  -1904995,     13880,      5264,      8077,      3985,     73606,     80827,     45500,     51114
       230,     50230, 83.905633,      47.9,         0,     67699,      4938,     28192,       116,   3242776,    236538,   1350396,      5548,     -2830,     -9139,    -11970,   -135570,   -437773,   -573344,     41817,      3920,     17646,       449,         0,         0,         0,         0,     -1826,     -6721,     -8547,         0,         0,         0,         0,      4938,         0,      3920,     70529,     79668,     43643,     50364
       231,     50231,162.246502,      96.0,       3.8,     69756,      4835,     32233,       239,   6696548,    464162,   3094374,     22992,     -2188,     -8169,    -10357,   -210091,   -784209,   -994300,     42980,      3689,     19113,       544,    163323,     14019,     72629,      2069,     -1509,     -6198,     -7707,     -5736,    -23552,    -29288,      2883,      4835,      2929,      3689,     71944,     80113,     44489,     50687
       232,     50232,753.834068,     448.9,      59.5,     63838,      4526,     19717,        60,  28656766,   2031784,   8850757,     26950,     -2257,    -12030,    -14287,  -1013250,  -5400163,  -6413413,     39453,      3824,     14070,       462,   2347431,    227512,    837156,     27500,     -1507,     -8434,     -9941,    -89658,   -501821,   -591479,         0,      4526,         0,      3824,     66095,     78125,     40959,     49393
       233,     50233,122.292341,         0,     243.2,     75230,     19857,     47762,      2923,         0,         0,         0,         0,     -2010,     -4914,     -6925,         0,         0,         0,     45919,      7978,     22263,       190,  11167494,   1940201,   5414354,     46268,     -1612,     -4793,     -6405,   -392022,  -1165667,  -1557689,     19857,      2183,      7978,      2304,     77240,     82154,     47531,     52324
       234,     50234, 57.994772,       1.4,     383.7,     77370,     24617,     48219,      3996,    108319,     34463,     67507,      5595,     -2124,     -2869,     -4993,     -2973,     -4017,     -6990,     47753,      9271,     23261,       934,  18322757,   3557245,   8925363,    358563,     -1715,     -3011,     -4726,   -657969,  -1155469,  -1813438,     24617,      3163,      9271,      2782,     79494,     82363,     49468,     52479
       235,     50235, 56.482417,      35.0,     894.7,     75432,     23154,     48339,      4126,   2640112,    810397,   1691880,    144424,     -2216,     -3754,     -5970,    -77568,   -131385,   -208953,     46245,      8741,     23794,      1405,  41375290,   7820293,  21288937,   1256730,     -1729,     -3719,     -5448,  -1546601,  -3327429,  -4874030,     23154,      2949,      8741,      2659,     77648,     81402,     47973,     51693
       236,     50236, 15.072526,     108.7,         0,     74809,     26331,     47060,      3942,   8131718,   2862212,   5115389,    428489,     -2116,     -4413,     -6530,   -230048,   -479740,   -709788,     45879,      9691,     23521,      1429,         0,         0,         0,         0,     -1604,     -4056,     -5660,         0,         0,         0,     26331,      3196,      9691,      2805,     76925,     81339,     47483,     51539
       237,     50237, 66.829021,     350.8,      71.2,     72713,     28723,     47521,      3247,  25507872,  10076193,  16670205,   1139138,     -2484,     -6245,     -8729,   -871390,  -2190851,  -3062242,     44320,     11327,     23993,      1677,   3155594,    806474,   1708305,    119391,     -1826,     -5411,     -7237,   -130035,   -385233,   -515268,     28723,      2555,     11327,      2314,     75197,     81443,     46146,     51557
       238,     50238, 59.280483,      32.5,     662.4,     74356,     27616,     46708,      1966,   2416565,    897532,   1518010,     63891,     -1936,     -5487,     -7423,    -62921,   -178333,   -241255,     45806,     12372,     24007,      1757,  30341970,   8195196,  15902256,   1163836,     -1433,     -4543,     -5977,   -949460,  -3009435,  -3958895,     27616,      1760,     12372,      1848,     76292,     81779,     47239,     51783
       239,     50239, 66.030674,     110.3,         0,     74358,     23629,     45519,      1130,   8201708,   2606290,   5020747,    124615,     -1958,     -5725,     -7683,   -215986,   -631452,   -847437,     45814,     11763,     23753,      1571,         0,         0,         0,         0,     -1449,     -4728,     -6178,         0,         0,         0,     23629,      2937,     11763,      2004,     76316,     82041,     47264,     51992
       240,     50240,133.026575,     116.3,       3.2,     73053,      8383,     43050,       646,   8496058,    974942,   5006718,     75095,     -2322,     -6231,     -8553,   -270078,   -724661,   -994739,     44890,      6981,     22958,      1146,    143647,     22338,     73467,      3667,     -1639,     -5211,     -6850,     -5245,    -16676,    -21920,      8383,      2815,      6981,      1858,     75375,     81606,     46529,     51740
       241,     50241,137.985077,     137.2,      10.1,     71153,      5823,     37227,       163,   9762216,    798917,   5107538,     22317,     -1847,     -8266,    -10113,   -253376,  -1134109,  -1387485,     43682,      4744,     20902,       808,    441185,     47912,    211112,      8160,     -1333,     -6371,     -7704,    -13458,    -64348,    -77806,      5823,      2912,      4744,      2348,     73000,     81266,     45014,     51385
       242,     50242,306.800284,     176.0,       7.1,     68052,      2439,     28209,        17,  11977139,    429235,   4964736,      3030,     -1862,     -9979,    -11841,   -327740,  -1756227,  -2083967,     41719,      2124,     17523,       299,    296203,     15082,    124415,      2125,     -1300,     -7511,     -8811,     -9232,    -53327,    -62558,         0,      2439,         0,      2124,     69914,     79893,     43019,     50530
       243,     50243, 41.612265,       1.4,     321.4,     75807,     14722,     51432,      4838,    106130,     20611,     72005,      6773,     -2277,     -3026,     -5303,     -3188,     -4236,     -7424,     46207,      7709,     24449,      1263,  14850945,   2477651,   7857835,    405867,     -1835,     -3569,     -5404,   -589765,  -1147236,  -1737000,     14722,      1346,      7709,      1578,     78084,     81110,     48042,     51612
       244,     50244, 92.789601,     401.7,     544.4,     75944,     31396,     52506,      6833,  30506656,  12611906,  21091819,   2744684,     -2207,     -3221,     -5428,   -886716,  -1293865,  -2180580,     46402,     13030,     25375,      1783,  25260980,   7093462,  13814134,    970917,     -1716,     -3644,     -5361,   -934412,  -1983870,  -2918282,     31396,      1341,     13030,      1425,     78151,     81372,     48118,     51762
       245,     50245, 86.726678,      91.1,     255.5,     74993,     32392,     51917,      6401,   6831864,   2950887,   4729602,    583118,     -1966,     -3874,     -5840,   -179114,   -352947,   -532061,     45715,     13486,     25595,      1939,  11680169,   3445758,   6539512,    495340,     -1467,     -3919,     -5387,   -374899,  -1001404,  -1376303,     32392,      1337,     13486,      1202,     76959,     80833,     47182,     51102
       246,     50246, 78.120195,     139.0,       9.1,     72948,     28438,     50944,      4476,  10139716,   3952848,   7081284,    622215,     -2028,     -5747,     -7775,   -281914,   -798871,  -1080786,     44497,     13268,     25566,      1768,    404927,    120739,    232651,     16089,     -1426,     -4852,     -6278,    -12977,    -44153,    -57130,     28438,      1463,     13268,      1463,     74976,     80723,     45924,     50776
       247,     50247, 82.149623,     151.6,      21.2,     75042,     20274,     49683,      2532,  11376440,   3073590,   7531968,    383887,     -1928,     -4501,     -6428,   -292210,   -682332,   -974542,     45989,     10911,     25356,      1272,    974964,    231314,    537544,     26976,     -1388,     -4136,     -5524,    -29432,    -87683,   -117115,     20274,      1468,     10911,      1470,     76970,     81471,     47377,     51513
       248,     50248, 53.379955,     121.7,         0,     72102,     19240,     46037,       520,   8774786,   2341569,   5602712,     63298,     -2105,     -7169,     -9274,   -256233,   -872421,  -1128654,     44066,     10362,     24113,      1138,         0,         0,         0,         0,     -1521,     -5737,     -7258,         0,         0,         0,     19240,      1535,     10362,      1643,     74207,     81376,     45587,     51323
       249,     50249, 85.184480,     114.1,     124.5,     73731,     21591,     48092,       814,   8412711,   2463513,   5487258,     92839,     -2207,     -5734,     -7942,   -251840,   -654292,   -906132,     45042,     10770,     24928,      1112,   5607703,   1340832,   3103517,    138476,     -1524,     -5093,     -6617,   -189713,   -634085,   -823798,     21591,      1418,     10770,      1404,     75938,     81673,     46566,     51659
       250,     50250, 82.694966,     134.1,       5.8,     74849,     10342,     41237,       161,  10037311,   1386898,   5529872,     21638,     -1961,     -5061,     -7022,   -262972,   -678689,   -941661,     45649,      7734,     22389,      1008,    264763,     44858,    129857,      5845,     -1434,     -4578,     -6012,     -8316,    -26554,    -34870,     10342,      1541,      7734,      1648,     76810,     81872,     47083,     51661
       251,     50251, 79.711993,     169.5,      26.3,     72480,     10484,     43249,       260,  12285359,   1776967,   7330622,     44075,     -2089,     -6511,     -8599,   -354042,  -1103549,  -1457591,     44235,      7927,     23229,      1255,   1163390,    208491,    610929,     33004,     -1488,     -5337,     -6825,    -39132,   -140354,   -179486,     10484,      1363,      7927,      1344,     74569,     81079,     45723,     51060
       252,     50252, 37.244266,      47.7,       3.6,     71306,      1640,     36577,        71,   3401295,     78249,   1744716,      3370,     -1698,     -7613,     -9311,    -80988,   -363124,   -444112,     43616,      1416,     20715,       861,    157017,      5099,     74573,      3099,     -1230,     -5962,     -7192,     -4428,    -21462,    -25890,         0,      1640,         0,      1416,     73004,     80617,     44846,     50808
       253,     50253, 34.538954,      56.7,         0,     70384,      1452,     38704,        92,   3990786,     82352,   2194497,      5244,     -1704,     -8557,    -10261,    -96619,   -485189,   -581808,     42912,      1264,     21534,      1073,         0,         0,         0,         0,     -1216,     -6598,     -7814,         0,         0,         0,         0,      1452,         0,      1264,     72088,     80645,     44128,     50726
       254,     50254,188.385476,         0,         0,     68205,      1377,     30663,        24,         0,         0,         0,         0,     -1742,     -9384,    -11126,         0,         0,         0,     41533,      1262,     18466,       504,         0,         0,         0,         0,     -1227,     -7207,     -8434,         0,         0,         0,         0,      1377,         0,      1262,     69948,     79332,     42760,     49967
       255,     50255, 71.512739,      85.8,    1638.6,     77490,     35969,     56682,     10996,   6648623,   3086166,   4863301,    943469,     -1866,     -2340,     -4206,   -160131,   -200745,   -360875,     47173,     14757,     26847,      2546,  77298060,  24180969,  43991367,   4171472,     -1590,     -3007,     -4597,  -2605716,  -4926878,  -7532593,     35969,      5121,     14757,      3788,     79356,     81696,     48763,     51770
       256,     50256, 63.756723,     611.4,     723.9,     76508,     34769,     55930,     10976,  46777066,  21257748,  34195524,   6710794,     -1841,     -3180,     -5021,  -1125467,  -1944163,  -3069631,     46493,     13837,     26985,      2047,  33656259,  10016381,  19534319,   1481638,     -1428,     -3603,     -5031,  -1033785,  -2607973,  -3641758,     34769,      5274,     13837,      3956,     78349,     81529,     47921,     51524
       257,     50257, 62.502798,       6.9,    1492.7,     75484,     31593,     54803,      8596,    520839,    217992,    378144,     59315,     -1959,     -3873,     -5832,    -13517,    -26724,    -40241,     45881,     12223,     26937,      1980,  68486550,  18244855,  40208548,   2955571,     -1439,     -3957,     -5396,  -2147778,  -5906956,  -8054735,     31593,      1339,     12223,      1213,     77443,     81316,     47320,     51277
       258,     50258, 65.281863,         0,         0,     74573,     21288,     53345,      5721,         0,         0,         0,         0,     -1976,     -4748,     -6724,         0,         0,         0,     45396,     10371,     26719,      1629,         0,         0,         0,         0,     -1404,     -4304,     -5708,         0,         0,         0,     21288,      1482,     10371,      1576,     76549,     81297,     46800,     51103
       259,     50259,137.157306,     123.6,     106.2,     75456,     23578,     50531,      1743,   9326348,   2914195,   6245658,    215448,     -2016,     -4623,     -6639,   -249142,   -571409,   -820551,     46129,     11747,     25950,      1347,   4898942,   1247524,   2755903,    143081,     -1421,     -4406,     -5827,   -150890,   -467928,   -618818,     23578,      1484,     11747,      1600,     77472,     82095,     47550,     51956
       260,     50260,141.835125,     257.3,      31.5,     71865,     15099,     45795,       367,  18490775,   3884880,  11783049,     94412,     -2105,     -7515,     -9620,   -541648,  -1933537,  -2475185,     43808,     10039,     24295,      1533,   1379941,    316224,    765304,     48302,     -1507,     -5969,     -7476,    -47464,   -188026,   -235490,     15099,      1342,     10039,      1322,     73970,     81484,     45314,     51284
       261,     50261, 77.607784,     140.6,      16.7,     70652,     10257,     38579,        97,   9933689,   1442159,   5424147,     13603,     -1698,     -8493,    -10191,   -238803,  -1194086,  -1432889,     43086,      6390,     21559,      1105,    719534,    106711,    360035,     18450,     -1216,     -6525,     -7741,    -20303,   -108968,   -129271,     10257,      1461,      6390,      1273,     72351,     80843,     44302,     50827
       262,     50262, 59.601329,     130.6,       1.9,     68212,      1377,     30247,        17,   8908469,    179879,   3950284,      2283,     -1742,     -9557,    -11299,   -227524,  -1248111,  -1475635,     41538,      1262,     18333,       386,     78922,      2397,     34832,       733,     -1227,     -7271,     -8498,     -2331,    -13814,    -16146,         0,      1377,         0,      1262,     69954,     79511,     42765,     50035
       263,     50263,329.311294,      37.9,       2.7,     70945,      2133,     11092,         4,   2688797,     80835,    420401,       134,     -2338,     -8247,    -10584,    -88601,   -312544,   -401144,     43463,      2179,      3433,        59,    117350,      5884,      9269,       159,     -1541,     -6859,     -8399,     -4160,    -18518,    -22678,         0,      2133,         0,      2179,     73282,     81529,     45004,     51862
       264,     50264,400.322164,       9.2,      26.4,     73515,      1501,     22122,        27,    676334,     13811,    203521,       245,     -2218,     -6620,     -8838,    -20408,    -60904,    -81312,     45038,      1537,      8064,         9,   1189007,     40581,    212900,       248,     -1505,     -5977,     -7482,    -39728,   -157805,   -197533,         0,      1501,         0,      1537,     75733,     82353,     46543,     52520
       265,     50265,233.703736,         0,         0,     73914,      1459,     21825,        19,         0,         0,         0,         0,     -2198,     -5798,     -7995,         0,         0,         0,     45335,      1502,      8731,        10,         0,         0,         0,         0,     -1497,     -5387,     -6884,         0,         0,         0,         0,      1459,         0,      1502,     76112,     81909,     46832,     52219
       266,     50266,1315.48316,         0,     198.9,     74123,      2476,     31735,       199,         0,         0,         0,         0,     -2352,     -5364,     -7716,         0,         0,         0,     45230,      2880,     15031,         0,   8996304,    572880,   2989732,         0,     -1732,     -5167,     -6900,   -344589,  -1027727,  -1372316,         0,      2476,         0,      2880,     76476,     81839,     46963,     52130
       267,     50267,215.128992,       1.5,       1.4,     74639,      2495,     33757,         7,    111959,      3743,     50636,        10,     -2262,     -6100,     -8361,     -3392,     -9150,    -12542,     45717,      2905,     13559,         4,     64004,      4066,     18983,         6,     -1639,     -5704,     -7344,     -2295,     -7986,    -10281,         0,      2495,         0,      2905,     76901,     83001,     47357,     53061
       268,     50268,704.173359,      46.9,      40.8,     68397,         0,      2747,        41,   3207819,         0,    128837,      1914,     -1617,    -10978,    -12595,    -75842,   -514884,   -590726,     41728,         0,       682,        49,   1702519,         0,     27817,      1998,      -999,     -8628,     -9626,    -40742,   -352017,   -392759,         0,         0,         0,         0,     70014,     80992,     42727,     51355
       269,     50269,438.847459,      19.9,         0,     71239,      2040,     14005,         1,   1417654,     40603,    278707,        28,     -1532,    -10064,    -11596,    -30484,   -200282,   -230766,     43518,      2142,      4236,        40,         0,         0,         0,         0,      -992,     -8304,     -9296,         0,         0,         0,         0,      2040,         0,      2142,     72771,     82835,     44510,     52814
       270,     50270,917.448347,         0,         0,     69147,         0,      4569,         1,         0,         0,         0,         0,     -1629,    -11192,    -12821,         0,         0,         0,     42093,         0,      1394,         1,         0,         0,         0,         0,     -1038,     -8788,     -9826,         0,         0,         0,         0,         0,         0,         0,     70775,     81968,     43132,     51920
       271,     50271,690.880223,      12.0,         0,     70793,         0,     19177,         0,    849515,         0,    230120,         0,     -1580,    -10994,    -12574,    -18960,   -131931,   -150890,     43163,         0,      6318,        12,         0,         0,         0,         0,     -1011,     -9102,    -10112,         0,         0,         0,         0,         0,         0,         0,     72373,     83367,     44174,     53275
       272,     50272,373.110259,       1.5,         0,     63730,         0,     29436,         0,     95595,         0,     44155,         0,     -2424,    -17314,    -19739,     -3636,    -25971,    -29608,     38383,         0,     10665,         2,         0,         0,         0,         0,     -1539,    -13591,    -15130,         0,         0,         0,         0,         0,         0,         0,     66154,     83468,     39922,     53513
       273,     50273,316.087217,       5.8,         0,     61982,         0,     37244,         5,    359497,         0,    216013,        28,     -2422,    -19318,    -21739,    -14045,   -112042,   -126087,     37228,         0,     13831,         7,         0,         0,         0,         0,     -1538,    -15103,    -16641,         0,         0,         0,         0,         0,         0,         0,     64404,     83721,     38766,     53870
       274,     50274,341.366380,       1.5,       1.4,     75013,      2520,     39575,        11,    112520,      3779,     59363,        16,     -2265,     -5971,     -8236,     -3397,     -8956,    -12353,     45897,      2844,     15799,         4,     64256,      3982,     22118,         5,     -1695,     -5691,     -7385,     -2373,     -7967,    -10340,         0,      2520,         0,      2844,     77278,     83249,     47591,     53282
       275,     50275, 65.614398,         0,       2.1,     77409,      2424,     42590,       195,         0,         0,         0,         0,     -1994,     -3425,     -5419,         0,         0,         0,     47668,      2513,     18261,         1,    100102,      5278,     38347,         3,     -1567,     -3684,     -5252,     -3291,     -7737,    -11028,         0,      2424,         0,      2513,     79403,     82828,     49235,     52919
       276,     50276,114.133056,         0,      47.1,     75996,      2220,     46000,      1193,         0,         0,         0,         0,     -1923,     -4238,     -6161,         0,         0,         0,     46525,      2347,     20726,        50,   2191347,    110545,    976207,      2359,     -1584,     -4252,     -5835,    -74595,   -200249,   -274844,         0,      2220,         0,      2347,     77919,     82157,     48109,     52361
       277,     50277, 88.006593,         0,       1.4,     78246,      1758,     47590,      1565,         0,         0,         0,         0,     -1795,     -3108,     -4902,         0,         0,         0,     48116,      2089,     19935,         7,     67362,      2925,     27909,        10,     -1470,     -3632,     -5102,     -2058,     -5085,     -7143,         0,      1758,         0,      2089,     80041,     83148,     49586,     53218
       278,     50278,162.280766,         0,     387.6,     77157,     21667,     50799,      1647,         0,         0,         0,         0,     -1813,     -3507,     -5320,         0,         0,         0,     47266,      8172,     22357,       720,  18320234,   3167383,   8665659,    279048,     -1527,     -3744,     -5271,   -591823,  -1451194,  -2043017,     21667,      1569,      8172,      1746,     78970,     82477,     48793,     52537
       279,     50279, 85.755423,      32.5,     186.9,     77048,     26883,     51894,      2480,   2504044,    873712,   1686568,     80609,     -1822,     -3643,     -5464,    -59203,   -118387,   -177590,     47173,     10785,     23424,      1208,   8816700,   2015719,   4377946,    225693,     -1532,     -3841,     -5373,   -286241,   -717951,  -1004193,     26883,      1565,     10785,      1740,     78869,     82512,     48705,     52546
       280,     50280, 80.543035,      79.9,     122.3,     77235,     29094,     52421,      4350,   6171090,   2324617,   4188475,    347583,     -1842,     -3057,     -4900,   -147210,   -244282,   -391491,     47097,     11148,     24271,      1514,   5759922,   1363456,   2968331,    185145,     -1594,     -3529,     -5123,   -194949,   -431561,   -626510,     29094,      1235,     11148,      1519,     79078,     82135,     48691,     52219
       281,     50281, 40.536500,       8.6,     428.0,     76790,     26969,     53875,      6687,    660394,    231936,    463326,     57507,     -1942,     -2639,     -4581,    -16700,    -22696,    -39395,     46854,     11903,     25356,      2129,  20053608,   5094423,  10852450,    911158,     -1636,     -3108,     -4744,   -700075,  -1330324,  -2030399,     26969,      1336,     11903,      1572,     78732,     81371,     48490,     51598
       282,     50282,317.374639,       1.5,      12.5,     76668,      4759,     45441,      1097,    115002,      7138,     68162,      1645,     -1623,     -4542,     -6165,     -2434,     -6813,     -9247,     46356,      2098,     18077,         4,    579452,     26223,    225957,        51,     -1349,     -5067,     -6417,    -16866,    -63343,    -80209,      4759,      1200,      2098,      1586,     78291,     82833,     47705,     52773
       283,     50283, 84.328395,         0,    1435.0,     79191,     11854,     52111,      2491,         0,         0,         0,         0,     -1460,     -2706,     -4165,         0,         0,         0,     48631,      5250,     21688,       117,  69785030,   7533035,  31122983,    167838,     -1315,     -3478,     -4793,  -1887428,  -4990598,  -6878027,     11854,      1272,      5250,      1672,     80651,     83357,     49946,     53424
       284,     50284,174.118899,         0,     333.9,     78597,     21780,     55575,      2824,         0,         0,         0,         0,     -1562,     -2803,     -4365,         0,         0,         0,     48128,      8143,     24232,      1719,  16070064,   2719096,   8090960,    574104,     -1331,     -3437,     -4768,   -444278,  -1147613,  -1591891,     21780,      1245,      8143,      1615,     80160,     82963,     49459,     52896
       285,     50285, 75.757743,     888.0,      22.7,     76297,     27626,     56532,      3627,  67751479,  24531690,  50200126,   3220383,     -1869,     -4119,     -5988,  -1659782,  -3657866,  -5317648,     46105,     10287,     25305,      2265,   1046588,    233508,    574413,     51426,     -1559,     -4463,     -6022,    -35382,   -101318,   -136700,     27626,      1235,     10287,      1601,     78166,     82285,     47664,     52127
       286,     50286, 80.063661,     527.0,     266.7,     77179,     31202,     57041,      6260,  40673402,  16443386,  30060657,   3299185,     -1797,     -3061,     -4858,   -946878,  -1613265,  -2560143,     46803,     13422,     26039,      2620,  12482493,   3579741,   6944682,    698870,     -1568,     -3524,     -5092,   -418261,   -939891,  -1358152,     31202,      4994,     13422,      4292,     78976,     82037,     48372,     51896
       287,     50287, 81.736239,      59.3,    1158.9,     77544,     30953,     57267,      8609,   4598335,   1835537,   3395912,    510505,     -1800,     -2476,     -4276,   -106764,   -146831,   -253596,     47138,     14218,     26603,      3151,  54627683,  16476737,  30829823,   3651372,     -1580,     -3084,     -4665,  -1831314,  -3574444,  -5405758,     30953,      5299,     14218,      4012,     79344,     81820,     48718,     51802
       288,     50288, 19.361769,         0,     898.1,     78113,     34632,     58603,     12109,         0,         0,         0,         0,     -1769,     -2226,     -3995,         0,         0,         0,     47535,     14944,     27532,      2943,  42691320,  13421135,  24726143,   2643283,     -1528,     -2979,     -4507,  -1371902,  -2675720,  -4047622,     34632,      5016,     14944,      4114,     79882,     82108,     49063,     52042
       289,     50289, 21.925030,         0,     391.0,     77332,     37419,     57817,     12349,         0,         0,         0,         0,     -1802,     -2912,     -4714,         0,         0,         0,     46969,     14112,     27698,      2307,  18365022,   5517828,  10830071,    902229,     -1473,     -3487,     -4960,   -575851,  -1363381,  -1939232,     37419,      4901,     14112,      3966,     79135,     82046,     48442,     51929
       290,     50290, 21.580821,       1.0,     490.1,     76422,     31325,     56700,      9511,     76422,     31325,     56700,      9511,     -1915,     -3640,     -5555,     -1915,     -3640,     -5555,     46415,     11074,     27674,      2441,  22748174,   5427446,  13562983,   1196502,     -1487,     -3916,     -5402,   -728587,  -1919050,  -2647636,     31325,      5451,     11074,      4089,     78337,     81977,     47902,     51818
       291,     50291, 22.163550,         0,         0,     75491,     32834,     55172,      6662,         0,         0,         0,         0,     -2010,     -4369,     -6379,         0,         0,         0,     45908,     12488,     27459,      2287,         0,         0,         0,         0,     -1462,     -4232,     -5694,         0,         0,         0,     32834,      1424,     12488,      1419,     77501,     81870,     47370,     51601
       292,     50292, 34.351552,         0,         0,     75695,     24968,     52613,      2998,         0,         0,         0,         0,     -1973,     -4785,     -6758,         0,         0,         0,     46186,     11995,     26827,      1938,         0,         0,         0,         0,     -1439,     -4638,     -6077,         0,         0,         0,     24968,      1569,     11995,      1386,     77668,     82453,     47625,     52263
       293,     50293,  6.222014,      39.3,      28.1,     75791,     16328,     49492,       757,   2978573,    641708,   1945020,     29732,     -1878,     -4485,     -6363,    -73799,   -176280,   -250079,     46240,     10876,     25737,      1932,   1299344,    305625,    723205,     54292,     -1411,     -4255,     -5666,    -39660,   -119556,   -159216,     16328,      1538,     10876,      1353,     77669,     82154,     47651,     51906
       294,     50294, 21.866275,      71.6,       5.4,     74231,     17892,     45393,       306,   5314945,   1281050,   3250146,     21886,     -1978,     -5530,     -7508,   -141637,   -395917,   -537554,     45197,     10485,     24272,      1705,    244066,     56619,    131071,      9209,     -1422,     -4917,     -6339,     -7678,    -26551,    -34228,     17892,      1458,     10485,      1303,     76209,     81739,     46619,     51536
       295,     50295, 43.841656,     141.8,       6.7,     73168,     15642,     41578,       141,  10375197,   2218014,   5895827,     20017,     -1755,     -6547,     -8302,   -248806,   -928375,  -1177181,     44544,      9801,     22821,      1402,    298447,     65665,    152903,      9395,     -1237,     -5540,     -6776,     -8286,    -37116,    -45402,     15642,      1398,      9801,      1275,     74922,     81470,     45781,     51321
       296,     50296, 31.743401,     108.6,       5.9,     74347,     16368,     42495,       203,   8074102,   1777517,   4614914,     22038,     -1708,     -5683,     -7390,   -185443,   -617165,   -802608,     45303,      9535,     23273,      1414,    267290,     56258,    137309,      8341,     -1217,     -4990,     -6207,     -7181,    -29441,    -36622,     16368,      1412,      9535,      1291,     76055,     81738,     46521,     51510
       297,     50297, 95.455244,      69.3,         0,     71085,      8245,     35231,        39,   4926167,    571365,   2441513,      2709,     -1734,     -7724,     -9457,   -120138,   -535264,   -655402,     43213,      5051,     20385,       713,         0,         0,         0,         0,     -1219,     -6219,     -7438,         0,         0,         0,      8245,      1347,      5051,      1224,     72818,     80542,     44432,     50651
       298,     50298,246.436473,         0,       8.7,     76985,      6206,     49477,      1150,         0,         0,         0,         0,     -1595,     -4689,     -6285,         0,         0,         0,     46609,      2521,     20042,         2,    405495,     21937,    174364,        14,     -1337,     -5230,     -6567,    -11629,    -45505,    -57133,      6206,      1209,      2521,      1600,     78581,     83270,     47945,     53176
       299,     50299, 85.694226,         0,     783.3,     79925,     13724,     55439,      2943,         0,         0,         0,         0,     -1206,     -2385,     -3591,         0,         0,         0,     49045,      5931,     23236,        35,  38417106,   4646011,  18201004,     27382,     -1199,     -3374,     -4572,   -939037,  -2642552,  -3581590,     13724,      8633,      5931,      4643,     81131,     83516,     50244,     53618
       300,     50300,166.860180,         0,     274.9,     79138,     25592,     59109,      3241,         0,         0,         0,         0,     -1313,     -2840,     -4153,         0,         0,         0,     48247,      8939,     25844,      1860,  13263107,   2457312,   7104584,    511217,     -1265,     -3765,     -5029,   -347722,  -1034873,  -1382594,     25592,      6317,      8939,      5009,     80450,     83290,     49512,     53276
       301,     50301, 82.293251,     203.6,      88.8,     79397,     31413,     59888,      3911,  16165161,   6395687,  12193292,    796374,     -1364,     -2305,     -3669,   -277619,   -469332,   -746950,     48457,     11667,     26733,      2815,   4303001,   1036067,   2373901,    249955,     -1326,     -3172,     -4498,   -117721,   -281708,   -399428,     31413,      5078,     11667,      4702,     80760,     83065,     49783,     52955
       302,     50302, 67.610095,     450.1,      11.1,     78266,     37361,     60743,      6122,  35227577,  16816346,  27340645,   2755666,     -1466,     -2694,     -4160,   -659990,  -1212586,  -1872576,     47356,     14705,     27576,      3020,    525649,    163220,    306088,     33520,     -1402,     -3374,     -4776,    -15562,    -37451,    -53012,     37361,      4699,     14705,      4435,     79732,     82426,     48758,     52132
       303,     50303, 16.192369,     283.4,      23.5,     77938,     32997,     59307,      6646,  22087506,   9351415,  16807686,   1883610,     -1811,     -2845,     -4656,   -513184,   -806407,  -1319591,     47283,     13418,     26924,      3107,   1111143,    315326,    632714,     73025,     -1665,     -3427,     -5092,    -39117,    -80538,   -119656,     32997,      4637,     13418,      3985,     79748,     82594,     48947,     52374
       304,     50304, 37.196130,         0,     656.2,     78106,     38668,     59911,      9054,         0,         0,         0,         0,     -1664,     -2670,     -4334,         0,         0,         0,     47431,     16348,     27617,      3319,  31124207,  10727500,  18122436,   2177646,     -1529,     -3265,     -4794,  -1003261,  -2142631,  -3145892,     38668,      4413,     16348,      3944,     79770,     82440,     48960,     52225
       305,     50305, 46.085662,     263.7,     934.2,     78632,     41557,     61190,      7724,  20735328,  10958623,  16135827,   2036868,     -1481,     -2120,     -3601,   -390522,   -559110,   -949632,     47571,     16486,     28278,      3042,  44440421,  15400973,  26417452,   2841793,     -1437,     -2995,     -4432,  -1342467,  -2798187,  -4140653,     41557,      5326,     16486,      5022,     80113,     82233,     49008,     52003
       306,     50306, 38.925643,      17.5,     894.3,     77942,     39753,     59635,     12105,   1363981,    695671,   1043604,    211839,     -1719,     -2585,     -4304,    -30080,    -45236,    -75317,     47407,     15770,     27995,      2839,  42395899,  14103158,  25035646,   2539004,     -1467,     -3179,     -4646,  -1312199,  -2843056,  -4155255,     39753,      4818,     15770,      4131,     79661,     82246,     48874,     52053
       307,     50307, 50.040944,      77.5,     761.6,     78385,     40747,     60946,      9788,   6074851,   3157923,   4723277,    758608,     -1587,     -2137,     -3724,   -123031,   -165584,   -288615,     47507,     16787,     28628,      2909,  36181255,  12785169,  21803132,   2215745,     -1410,     -2937,     -4347,  -1074028,  -2236467,  -3310495,     40747,      5643,     16787,      4814,     79973,     82109,     48917,     51854
       308,     50308, 49.416978,     549.0,     669.0,     77547,     38771,     59166,     11945,  42573186,  21285475,  32482231,   6557665,     -1634,     -2683,     -4317,   -897262,  -1472727,  -2369988,     47070,     14642,     28265,      2794,  31490005,   9795807,  18909083,   1868895,     -1383,     -3200,     -4582,   -925018,  -2140495,  -3065513,     38771,      5286,     14642,      4103,     79181,     81864,     48453,     51652
       309,     50309, 34.437289,     123.2,      11.2,     77981,     35812,     60370,      9672,   9607247,   4412100,   7437542,   1191593,     -1556,     -2540,     -4097,   -191759,   -312934,   -504693,     47287,     14726,     28885,      3328,    529617,    164933,    323514,     37278,     -1328,     -3170,     -4498,    -14878,    -35501,    -50379,     35812,      5582,     14726,      4522,     79537,     82077,     48616,     51785
       310,     50310, 47.415035,      21.9,    2396.0,     76222,     25992,     58012,      9102,   1669252,    569224,   1270452,    199331,     -1773,     -3770,     -5543,    -38839,    -82557,   -121396,     46299,     12194,     28207,      3006, 110931556,  29215810,  67584587,   7201724,     -1386,     -3864,     -5250,  -3321100,  -9258231, -12579331,     25992,      5907,     12194,      3758,     77995,     81765,     47685,     51549
       311,     50311, 38.913248,     164.3,      25.3,     76937,     21286,     59301,      7366,  12640815,   3497246,   9743198,   1210292,     -1648,     -3303,     -4950,   -270707,   -542658,   -813365,     46549,     11467,     28851,      3679,   1177695,    290110,    729932,     93075,     -1359,     -3634,     -4992,    -34377,    -91928,   -126305,     21286,      5447,     11467,      3817,     78585,     81888,     47908,     51541
       312,     50312, 49.520601,     317.9,     389.5,     75020,     29121,     56454,      6258,  23848911,   9257639,  17946804,   1989298,     -1998,     -4990,     -6988,   -635204,  -1586315,  -2221518,     45585,     13016,     27995,      2971,  17755366,   5069884,  10903895,   1157081,     -1449,     -4596,     -6045,   -564244,  -1790128,  -2354371,     29121,      1401,     13016,      1394,     77018,     82008,     47034,     51630
       313,     50313, 39.180263,     305.8,     106.1,     76062,     23967,     57824,      5795,  23259637,   7329214,  17682705,   1772115,     -1632,     -4059,     -5691,   -499033,  -1241128,  -1740161,     46141,     12024,     28611,      3534,   4895542,   1275763,   3035583,    374943,     -1275,     -3904,     -5179,   -135265,   -414248,   -549513,     23967,      7155,     12024,      3814,     77693,     81752,     47416,     51320
       314,     50314,124.563666,      72.2,     283.3,     73946,     24923,     54181,      3117,   5338883,   1799456,   3911855,    225041,     -1805,     -5605,     -7410,   -130336,   -404685,   -535021,     44860,     11862,     27459,      2665,  12708923,   3360422,   7779261,    755112,     -1314,     -4821,     -6135,   -372319,  -1365748,  -1738068,     24923,      1362,     11862,      1350,     75751,     81356,     46175,     50995
       315,     50315, 30.481243,     478.8,         0,     76055,     28434,     53634,      2674,  36415095,  13614415,  25679837,   1280470,     -1771,     -4584,     -6354,   -847765,  -2194742,  -3042507,     46344,     13624,     27356,      2559,         0,         0,         0,         0,     -1337,     -4420,     -5757,         0,         0,         0,     28434,      1463,     13624,      1313,     77826,     82409,     47681,     52101
       316,     50316, 44.883195,     209.0,         0,     75944,     21642,     49854,      1039,  15872400,   4523245,  10419448,    217126,     -1828,     -4409,     -6237,   -381973,   -921581,  -1303555,     46297,     10929,     25919,      2030,         0,         0,         0,         0,     -1386,     -4214,     -5600,         0,         0,         0,     21642,      1502,     10929,      1351,     77772,     82182,     47683,     51897
       317,     50317, 20.943496,         0,         0,     76176,     18254,     50859,      1468,         0,         0,         0,         0,     -1763,     -4325,     -6088,         0,         0,         0,     46431,     11747,     26373,      1980,         0,         0,         0,         0,     -1336,     -4196,     -5531,         0,         0,         0,     18254,      1469,     11747,      1320,     77939,     82264,     47766,     51962
       318,     50318, 19.574167,     135.8,         0,     74633,     24670,     51341,      2011,  10135114,   3350152,   6972071,    273116,     -1758,     -5253,     -7011,   -238795,   -713304,   -952099,     45269,     13918,     26601,      1886,         0,         0,         0,         0,     -1326,     -4646,     -5972,         0,         0,         0,     24670,      1411,     13918,      1186,     76391,     81644,     46596,     51242
       319,     50319, 54.639675,     139.3,      33.7,     74761,     18135,     46584,       478,  10414157,   2526195,   6489153,     66615,     -1716,     -5615,     -7331,   -239006,   -782149,  -1021156,     45526,     10977,     24767,      1914,   1534240,    369914,    834639,     64512,     -1245,     -5020,     -6265,    -41958,   -169179,   -211137,     18135,      1442,     10977,      1322,     76476,     82091,     46771,     51792
       320,     50320, 55.512807,     191.4,      23.2,     75476,     23398,     47724,       932,  14446028,   4478457,   9134398,    178348,     -1666,     -5029,     -6694,   -318815,   -962455,  -1281270,     45930,     12636,     25332,      1840,   1065587,    293144,    587711,     42683,     -1261,     -4681,     -5942,    -29256,   -108603,   -137858,     23398,      1320,     12636,      1101,     77141,     82170,     47192,     51873
       321,     50321,108.505308,     143.1,       2.5,     73478,     15670,     41824,       298,  10514733,   2242383,   5985075,     42604,     -1706,     -6517,     -8223,   -244110,   -932579,  -1176689,     44703,      8517,     23158,      1051,    111758,     21293,     57895,      2626,     -1218,     -5513,     -6731,     -3046,    -13783,    -16829,     15670,      1341,      8517,      1219,     75184,     81701,     45922,     51435
       322,     50322,207.111688,         0,         0,     75436,     11491,     37331,       124,         0,         0,         0,         0,     -2045,     -6314,     -8359,         0,         0,         0,     45754,      5089,     14284,         2,         0,         0,         0,         0,     -1453,     -6629,     -8082,         0,         0,         0,         0,     11491,         0,      5089,     77481,     83795,     47207,     53836
       323,     50323,149.388400,         0,       1.4,     75180,     11437,     49184,       597,         0,         0,         0,         0,     -2184,     -6113,     -8297,         0,         0,         0,     45338,      5116,     20169,         0,     63473,      7162,     28237,         0,     -1655,     -6521,     -8177,     -2318,     -9130,    -11447,         0,     11437,         0,      5116,     77364,     83477,     46993,     53514
       324,     50324, 56.940520,         0,         0,     78652,      8366,     53214,      1696,         0,         0,         0,         0,     -1414,     -3335,     -4749,         0,         0,         0,     47759,      3223,     22139,         0,         0,         0,         0,         0,     -1268,     -4381,     -5649,         0,         0,         0,      8366,      1320,      3223,      1692,     80066,     83401,     49028,     53408
       325,     50325,127.308904,         0,     632.1,     80137,     10294,     57374,      3188,         0,         0,         0,         0,     -1185,     -2286,     -3471,         0,         0,         0,     49058,      4882,     24475,       129,  31009439,   3085842,  15470473,     81450,     -1190,     -3480,     -4670,   -752469,  -2199530,  -2951998,     10294,      9000,      3637,      4882,     81321,     83607,     50248,     53728
       326,     50326,167.244488,       1.0,    1031.7,     79383,     25880,     60802,      3215,     79383,     25880,     60802,      3215,     -1190,     -2781,     -3971,     -1190,     -2781,     -3971,     48103,     10074,     27039,      1576,  49628163,  10392940,  27896044,   1625864,     -1203,     -4081,     -5284,  -1241117,  -4210160,  -5451277,     25880,      8146,     10074,      4542,     80573,     83353,     49306,     53387
       327,     50327, 74.524023,     308.3,     503.2,     78249,     31797,     61744,      3435,  24124030,   9803007,  19035811,   1059030,     -1342,     -2820,     -4162,   -413585,   -869499,  -1283084,     47069,     12675,     27936,      2491,  23685069,   6377925,  14057610,   1253668,     -1268,     -3747,     -5015,   -638308,  -1885246,  -2523554,     31797,      7136,     12675,      4543,     79590,     82410,     48337,     52084
       328,     50328, 53.566360,     294.4,       7.8,     78512,     37433,     62010,      5525,  23114070,  11020269,  18255641,   1626593,     -1293,     -2611,     -3905,   -380793,   -768759,  -1149552,     47392,     15771,     28371,      2894,    369656,    123014,    221295,     22571,     -1268,     -3431,     -4699,     -9893,    -26762,    -36655,     37433,      5018,     15771,      4361,     79806,     82417,     48660,     52091
       329,     50329, 36.105633,     204.4,       9.4,     78890,     38233,     62738,      5860,  16125106,   7814806,  12823552,   1197815,     -1231,     -2299,     -3530,   -251609,   -470002,   -721612,     47645,     16402,     28858,      3041,    447865,    154178,    271267,     28585,     -1273,     -3245,     -4518,    -11964,    -30501,    -42465,     38233,      6935,     16402,      4540,     80121,     82420,     48918,     52163
       330,     50330, 31.273620,     113.4,     136.6,     78975,     42026,     62090,      6487,   8955727,   4765732,   7040996,    735640,     -1338,     -1935,     -3273,   -151768,   -219442,   -371210,     47836,     17618,     28811,      3108,   6534375,   2406667,   3935616,    424609,     -1355,     -2768,     -4124,   -185159,   -378138,   -563296,     42026,      5418,     17618,      5026,     80313,     82248,     49191,     51960
       331,     50331, 26.352900,     115.8,      10.0,     79257,     44741,     62821,      6617,   9177965,   5181061,   7274683,    766254,     -1368,     -1795,     -3163,   -158464,   -207850,   -366314,     48003,     19554,     29246,      3209,    480033,    195542,    292459,     32093,     -1449,     -2683,     -4133,    -14492,    -26834,    -41326,     44741,      6627,     19554,      5405,     80625,     82420,     49453,     52136
       332,     50332, 11.129110,         0,     218.6,     79451,     43616,     62073,      6595,         0,         0,         0,         0,     -1448,     -1525,     -2972,         0,         0,         0,     48294,     17962,     29016,      3195,  10557054,   3926415,   6342964,    698340,     -1526,     -2341,     -3866,   -333553,   -511645,   -845198,     43616,      5982,     17962,      5486,     80898,     82423,     49820,     52160
       333,     50333, 16.662622,      49.1,     153.9,     80885,     47711,     62825,      6637,   3971432,   2342588,   3084710,    325895,     -1117,     -1105,     -2223,    -54865,    -54278,   -109144,     49934,     20946,     29487,      3377,   7684777,   3223525,   4538032,    519711,     -1372,     -1859,     -3231,   -211133,   -286051,   -497184,     47711,      6917,     20946,      5671,     82002,     83107,     51305,     53164
       334,     50334, 63.807352,      39.4,     911.4,     79142,     42846,     62035,      6929,   3118178,   1688150,   2444187,    272993,     -1421,     -1690,     -3110,    -55974,    -66572,   -122546,     48004,     18226,     29332,      3275,  43751040,  16611198,  26733438,   2984995,     -1429,     -2532,     -3961,  -1302215,  -2307395,  -3609611,     42846,      7248,     18226,      5662,     80562,     82252,     49433,     51965
       335,     50335, 44.713174,     137.8,     580.5,     79404,     48127,     62715,      7083,  10941930,   6631877,   8642099,    976068,     -1333,     -1579,     -2911,   -183650,   -217534,   -401184,     48214,     21799,     29831,      3482,  27988014,  12654169,  17316622,   2021355,     -1383,     -2444,     -3827,   -802762,  -1418654,  -2221416,     48127,      6926,     21799,      5337,     80737,     82316,     49597,     52040
       336,     50336, 64.619166,     208.8,       4.8,     79482,     40068,     61339,      6530,  16595938,   8366272,  12807565,   1363384,     -1299,     -1927,     -3226,   -271247,   -402263,   -673510,     48577,     17413,     29493,      3891,    233168,     83583,    141569,     18679,     -1258,     -2702,     -3960,     -6040,    -12969,    -19009,     40068,      6959,     17413,      5112,     80782,     82708,     49835,     52537
       337,     50337, 45.362971,     206.5,       4.1,     78412,     44883,     62036,      4968,  16192085,   9268296,  12810424,   1025990,     -1435,     -2292,     -3727,   -296367,   -473293,   -769659,     47424,     19502,     29978,      3810,    194440,     79959,    122908,     15621,     -1319,     -3084,     -4403,     -5408,    -12643,    -18051,     44883,      7892,     19502,      5482,     79847,     82139,     48743,     51827
       338,     50338, 61.501427,     248.9,      20.4,     77486,     22034,     60288,      5680,  19286216,   5484300,  15005602,   1413706,     -1500,     -3027,     -4527,   -373408,   -753407,  -1126815,     46911,     13073,     29450,      4029,    956981,    266699,    600773,     82197,     -1272,     -3459,     -4732,    -25957,    -70571,    -96528,     22034,      6748,     13073,      4312,     78986,     82013,     48183,     51643
       339,     50339, 21.891815,      57.5,     125.1,     79226,     40845,     61314,      4190,   4555512,   2348615,   3525563,    240905,     -1285,     -2123,     -3408,    -73871,   -122086,   -195958,     48374,     18199,     29936,      4066,   6051539,   2276752,   3745039,    508632,     -1218,     -2846,     -4064,   -152349,   -356086,   -508435,     40845,      7005,     18199,      5273,     80511,     82634,     49591,     52438
       340,     50340, 22.499627,     125.1,         0,     77627,     32332,     60746,      3848,   9711090,   4044729,   7599341,    481429,     -1459,     -2969,     -4428,   -182545,   -371422,   -553966,     47051,     15818,     29831,      3969,         0,         0,         0,         0,     -1262,     -3306,     -4567,         0,         0,         0,     32332,      7569,     15818,      4699,     79086,     82055,     48313,     51618
       341,     50341,  9.314366,     190.6,         0,     76781,     20531,     58796,      5833,  14634449,   3913291,  11206565,   1111708,     -1697,     -3476,     -5173,   -323414,   -662605,   -986019,     46587,     11650,     29019,      3823,         0,         0,         0,         0,     -1358,     -3556,     -4914,         0,         0,         0,     20531,      6071,     11650,      3851,     78478,     81954,     47944,     51501
       342,     50342, 10.992639,     235.9,      31.8,     77010,     21309,     59221,      5318,  18166660,   5026817,  13970155,   1254431,     -1696,     -3293,     -4989,   -400066,   -776904,  -1176971,     46681,     12978,     29246,      3783,   1484444,    412693,    930029,    120298,     -1371,     -3505,     -4876,    -43592,   -111465,   -155057,     21309,      7383,     12978,      4263,     78706,     81999,     48051,     51557
       343,     50343, 10.862560,     183.4,         0,     75936,     36763,     58403,      4982,  13926692,   6742250,  10711115,    913690,     -1761,     -4158,     -5918,   -322880,   -762527,  -1085407,     46047,     16164,     29054,      3591,         0,         0,         0,         0,     -1362,     -3987,     -5349,         0,         0,         0,     36763,      7370,     16164,      3711,     77697,     81854,     47409,     51396
       344,     50344, 10.638551,     216.7,      42.1,     75950,     25374,     57937,      5355,  16458391,   5498619,  12554960,   1160436,     -1677,     -4209,     -5885,   -363316,   -912016,  -1275332,     46040,     13023,     28810,      3658,   1938298,    548256,   1212913,    154003,     -1303,     -4045,     -5348,    -54863,   -170305,   -225168,     25374,      7441,     13023,      3877,     77627,     81835,     47343,     51389
       345,     50345, 21.543323,     339.3,      45.6,     76427,     35072,     59203,      4331,  25931637,  11899767,  20087672,   1469657,     -1760,     -3747,     -5507,   -597182,  -1271244,  -1868427,     46216,     16288,     29354,      3626,   2107434,    742744,   1338558,    165367,     -1404,     -3861,     -5265,    -64036,   -176056,   -240092,     35072,      7422,     16288,      4592,     78187,     81934,     47620,     51481
       346,     50346, 22.683591,     323.4,         0,     76305,     31914,     60017,      3465,  24676883,  10321006,  19409650,   1120528,     -1700,     -4153,     -5853,   -549643,  -1343193,  -1892836,     46278,     16585,     29664,      3716,         0,         0,         0,         0,     -1340,     -4071,     -5412,         0,         0,         0,     31914,      7900,     16585,      4557,     78004,     82157,     47618,     51690
       347,     50347,125.359737,         0,     566.8,     75111,     33383,     55959,      4025,         0,         0,         0,         0,     -1557,     -5194,     -6750,         0,         0,         0,     45481,     15685,     28265,      3175,  25778569,   8890272,  16020322,   1799697,     -1207,     -4733,     -5940,   -684290,  -2682645,  -3366935,     33383,      1434,     15685,      1176,     76667,     81861,     46688,     51421
       348,     50348, 12.058309,      29.2,         0,     74883,     27492,     52270,      2673,   2186593,    802769,   1526273,     78053,     -1730,     -5137,     -6868,    -50524,   -150009,   -200533,     45438,     15451,     26964,      1995,         0,         0,         0,         0,     -1320,     -4576,     -5895,         0,         0,         0,     27492,      1409,     15451,      1185,     76614,     81751,     46758,     51333
       349,     50349, 17.618958,         0,     245.8,     75323,     31079,     52956,      3241,         0,         0,         0,         0,     -1709,     -4799,     -6507,         0,         0,         0,     45740,     16629,     27248,      1901,  11242832,   4087403,   6697481,    467211,     -1292,     -4377,     -5669,   -317526,  -1075835,  -1393361,     31079,      8263,     16629,      4124,     77032,     81830,     47032,     51408
       350,     50350, 18.522909,      27.3,     142.3,     75938,     25155,     49790,      1562,   2073120,    686729,   1359254,     42632,     -1637,     -4771,     -6408,    -44690,   -130259,   -174949,     46251,     13720,     26124,      1673,   6581569,   1952314,   3717374,    238112,     -1246,     -4527,     -5773,   -177275,   -644236,   -821512,     25155,      1363,     13720,      1141,     77575,     82347,     47497,     52024
       351,     50351, 39.361653,     134.0,      74.5,     73626,     29541,     50486,      2113,   9865859,   3958484,   6765087,    283183,     -1821,     -6124,     -7944,   -243976,   -820578,  -1064553,     44661,     14651,     26407,      1549,   3327280,   1091517,   1967292,    115381,     -1318,     -5159,     -6477,    -98185,   -384316,   -482501,     29541,      8595,     14651,      4533,     75447,     81570,     45979,     51138
       352,     50352,151.611827,     118.2,     109.5,     74768,     19540,     44106,       531,   8837526,   2309598,   5213324,     62727,     -1706,     -5432,     -7137,   -201599,   -642018,   -843617,     45441,      9828,     24133,       771,   4975810,   1076162,   2642541,     84396,     -1266,     -4907,     -6173,   -138675,   -537314,   -675989,     19540,      1266,      9828,      1050,     76473,     81905,     46708,     51615
       353,     50353,151.224468,         0,         0,     77635,     11987,     49918,      1275,         0,         0,         0,         0,     -2000,     -4046,     -6046,         0,         0,         0,     47254,      5257,     20888,         3,         0,         0,         0,         0,     -1556,     -4951,     -6508,         0,         0,         0,      3712,     11987,      1189,      5257,     79635,     83680,     48810,     53762
       354,     50354, 96.585756,         0,     537.4,     78524,     11907,     55409,      2644,         0,         0,         0,         0,     -1823,     -3286,     -5110,         0,         0,         0,     47874,      5084,     23763,       114,  25727569,   2732060,  12770379,     61100,     -1469,     -4415,     -5884,   -789614,  -2372365,  -3161979,      5748,     11907,      2090,      5084,     80347,     83634,     49343,     53758
       355,     50355, 51.026841,         0,     525.1,     80347,      8561,     57936,      3481,         0,         0,         0,         0,     -1220,     -2097,     -3316,         0,         0,         0,     49210,      5050,     25242,       336,  25840136,   2651664,  13254570,    176618,     -1212,     -3379,     -4591,   -636282,  -1774347,  -2410630,      6577,      8561,      2718,      5050,     81567,     83663,     50422,     53801
       356,     50356, 26.107183,         0,     181.3,     78541,     11676,     57855,      3771,         0,         0,         0,         0,     -1686,     -3014,     -4699,         0,         0,         0,     47742,      4552,     25509,       378,   8655588,    825210,   4624719,     68571,     -1376,     -4052,     -5428,   -249405,   -734669,   -984073,      6780,     11676,      2077,      4552,     80226,     83240,     49117,     53170
       357,     50357, 99.878466,      87.1,     322.8,         0,         0,     61531,      4001,         0,         0,   5359388,    348457,         0,         0,         0,         0,         0,         0,         0,         0,     27811,      1917,         0,         0,   8977496,    618945,         0,         0,         0,         0,         0,         0,         0,         0,         0,         0,         0,         0,         0,         0
       358,     50358, 69.109329,     238.8,     315.7,     80196,     26782,     60504,      4064,  19150773,   6395560,  14448430,    970416,     -1168,     -2264,     -3432,   -278859,   -540721,   -819580,     49155,      9759,     27403,      1309,  15518242,   3080767,   8651177,    413158,     -1195,     -3401,     -4596,   -377291,  -1073651,  -1450942,     26782,      7000,      9759,      4421,     81364,     83628,     50350,     53751
       359,     50359, 37.028068,     163.7,       5.9,     80063,     34196,     62465,      4472,  13106312,   5597923,  10225490,    732125,     -1071,     -2360,     -3431,   -175382,   -386316,   -561697,     48770,     14403,     28537,      2706,    287745,     84980,    168369,     15964,     -1189,     -3603,     -4792,     -7013,    -21257,    -28271,     34196,      6757,     14403,      4747,     81134,     83494,     49959,     53562
       360,     50360, 39.379992,     149.1,       5.0,     78399,     34911,     62196,      6256,  11689313,   5205279,   9273465,    932830,     -1411,     -3404,     -4815,   -210342,   -507550,   -717892,     47460,     13429,     28754,      2644,    237299,     67146,    143769,     13220,     -1330,     -4380,     -5710,     -6651,    -21899,    -28550,     34911,      6306,     13429,      4365,     79810,     83214,     48790,     53170
       361,     50361, 32.127436,     195.2,      24.0,     78811,     40358,     62996,      6819,  15383976,   7877853,  12296778,   1331123,     -1256,     -2407,     -3663,   -245229,   -469767,   -714996,     47611,     17929,     29101,      3113,   1142662,    430289,    698424,     74719,     -1274,     -3333,     -4607,    -30581,    -79999,   -110580,     40358,      6310,     17929,      4840,     80068,     82474,     48885,     52218
       362,     50362, 10.807441,      47.1,         0,     79087,     40102,     63097,      8196,   3724983,   1888796,   2971868,    386051,     -1226,     -2128,     -3354,    -57745,   -100243,   -157988,     47900,     19100,     29385,      3239,         0,         0,         0,         0,     -1262,     -3055,     -4317,         0,         0,         0,     40102,      6319,     19100,      4767,     80313,     82441,     49162,     52217
       363,     50363, 22.462779,     101.2,     191.5,     78682,     38349,     62763,      8924,   7962619,   3880960,   6351632,    903080,     -1361,     -2468,     -3829,   -137765,   -249722,   -387488,     47677,     16039,     29246,      3041,   9130071,   3071472,   5600603,    582316,     -1344,     -3303,     -4646,   -257339,   -632437,   -889776,     38349,      6414,     16039,      4673,     80043,     82511,     49020,     52323
       364,     50364, 22.318164,     158.3,     385.3,     79036,     42738,     62980,     10386,  12511351,   6765501,   9969703,   1644032,     -1321,     -2141,     -3462,   -209143,   -338934,   -548077,     47979,     17895,     29536,      3212,  18486415,   6894774,  11380322,   1237399,     -1326,     -3027,     -4352,   -510728,  -1166139,  -1676866,     42738,      6101,     17895,      4438,     80357,     82498,     49305,     52331
       365,     50365, 21.569348,     165.5,       4.1,     79361,     45621,     63123,      8251,  13134314,   7550216,  10446806,   1365575,     -1221,     -1836,     -3057,   -202121,   -303842,   -505963,     48132,     20183,     29545,      3378,    197342,     82749,    121134,     13851,     -1288,     -2747,     -4035,     -5283,    -11261,    -16544,     45621,      5913,     20183,      4986,     80583,     82419,     49421,     52167
       366,     50366, 22.647960,     194.8,     127.4,     79350,     45842,     63076,     10957,  15457387,   8930048,  12287256,   2134409,     -1265,     -1879,     -3143,   -246357,   -365984,   -612341,     48253,     19071,     29780,      3374,   6147430,   2429633,   3794029,    429819,     -1297,     -2759,     -4056,   -165243,   -351499,   -516743,     45842,      5047,     19071,      4491,     80615,     82493,     49550,     52309
       367,     50367, 21.170644,      77.8,     294.2,     79289,     49141,     63116,      8561,   6168711,   3823192,   4910458,    666008,     -1257,     -1815,     -3071,    -97760,   -141172,   -238932,     48043,     21945,     29783,      3483,  14134211,   6456360,   8762023,   1024692,     -1335,     -2724,     -4059,   -392795,   -801269,  -1194064,     49141,      6181,     21945,      4982,     80546,     82360,     49378,     52102
       368,     50368, 23.063030,      90.1,     932.7,     79610,     47212,     63058,     10974,   7172856,   4253772,   5681531,    988713,     -1362,     -1490,     -2851,   -122707,   -134208,   -256915,     48495,     20198,     29985,      3471,  45230977,  18838251,  27967330,   3237288,     -1436,     -2324,     -3761,  -1339793,  -2167660,  -3507453,     47212,      5154,     20198,      4588,     80972,     82461,     49931,     52255
       369,     50369, 22.357938,       1.0,     567.6,     79109,     48028,     63010,      8645,     79109,     48028,     63010,      8645,     -1431,     -1862,     -3293,     -1431,     -1862,     -3293,     48016,     22482,     29990,      3496,  27253887,  12760844,  17022272,   1984524,     -1442,     -2708,     -4150,   -818273,  -1537224,  -2355497,     48028,      6730,     22482,      5061,     80540,     82402,     49458,     52166
       370,     50370, 22.919266,      77.3,     641.2,     79583,     47707,     62941,     10733,   6151783,   3687768,   4865360,    829639,     -1378,     -1471,     -2848,   -106511,   -113672,   -220184,     48510,     20421,     30139,      3598,  31104671,  13094050,  19325337,   2307099,     -1418,     -2293,     -3711,   -909355,  -1470230,  -2379585,     47707,      6197,     20421,      4656,     80961,     82432,     49928,     52221
       371,     50371, 22.512998,     105.5,     200.2,     79241,     46099,     62694,     10072,   8359959,   4863497,   6614165,   1062592,     -1318,     -1757,     -3075,   -138996,   -185388,   -324385,     48239,     20893,     30242,      3571,   9657362,   4182855,   6054478,    714971,     -1308,     -2532,     -3839,   -261824,   -506827,   -768651,     46099,      6753,     20893,      4787,     80559,     82316,     49546,     52078
       372,     50372, 22.600715,     143.9,     107.5,     78677,     48397,     62211,      6186,  11321589,   6964306,   8952160,    890222,     -1514,     -2194,     -3708,   -217933,   -315667,   -533600,     47774,     21683,     30181,      3643,   5135684,   2330969,   3244476,    391661,     -1409,     -2965,     -4374,   -151465,   -318691,   -470156,     48397,      7754,     21683,      5496,     80191,     82385,     49183,     52147
       373,     50373, 65.089980,     488.1,      92.1,     79822,     43827,     61944,      6487,  38960982,  21391962,  30234770,   3166491,     -1213,     -1722,     -2934,   -591906,   -840328,  -1432234,     48934,     19089,     30262,      3532,   4506779,   1758096,   2787154,    325267,     -1218,     -2484,     -3702,   -112144,   -228786,   -340930,     43827,      6965,     19089,      4772,     81034,     82756,     50151,     52635
       374,     50374, 11.085365,      95.0,         0,     77986,     41636,     60919,      3485,   7408628,   3955414,   5787319,    331050,     -1625,     -2758,     -4383,   -154399,   -262001,   -416401,     47368,     19199,     29979,      3736,         0,         0,         0,         0,     -1382,     -3302,     -4684,         0,         0,         0,     41636,      7001,     19199,      4314,     79611,     82369,     48750,     52052
       375,     50375, 11.111394,      98.7,         0,     78137,     44781,     61507,      4296,   7712097,   4419920,   6070715,    424035,     -1598,     -2605,     -4202,   -157677,   -257084,   -414761,     47398,     20105,     30097,      3752,         0,         0,         0,         0,     -1392,     -3250,     -4642,         0,         0,         0,     44781,      8168,     20105,      5163,     79734,     82339,     48790,     52040
       376,     50376, 11.958776,      73.2,         0,     77514,     41143,     60917,      3350,   5673994,   3011685,   4459129,    245214,     -1506,     -2983,     -4489,   -110240,   -218364,   -328605,     46990,     18766,     30056,      3482,         0,         0,         0,         0,     -1258,     -3382,     -4640,         0,         0,         0,     41143,      6836,     18766,      4276,     79020,     82003,     48248,     51630
       377,     50377, 11.016893,      84.7,         0,     77574,     41275,     60212,      3240,   6570557,   3496010,   5099951,    274401,     -1741,     -3030,     -4770,   -147426,   -256607,   -404033,     47096,     19141,     29808,      3568,         0,         0,         0,         0,     -1429,     -3491,     -4920,         0,         0,         0,     41275,      7560,     19141,      4321,     79315,     82345,     48524,     52016
       378,     50378,122.244050,      58.5,    2302.3,     75934,     32750,     57787,      3481,   4442140,   1915856,   3380542,    203628,     -1837,     -4459,     -6296,   -107471,   -260836,   -368307,     46075,     16425,     28995,      2831, 106079014,  37816072,  66755672,   6517557,     -1378,     -4318,     -5696,  -3172587,  -9942441, -13115028,     32750,      7668,     16425,      4405,     77771,     82230,     47453,     51772
       379,     50379, 12.379978,         0,      36.3,     75940,     33607,     52248,      2985,         0,         0,         0,         0,     -1673,     -4697,     -6370,         0,         0,         0,     46229,     16766,     27031,      1508,   1678117,    608610,    981240,     54754,     -1276,     -4448,     -5723,    -46303,   -161446,   -207749,     33607,      8621,     16766,      4455,     77614,     82310,     47505,     51952
       380,     50380,128.172709,     138.3,     112.1,     74225,     33998,     53008,      3099,  10265376,   4701911,   7330978,    428633,     -2891,     -4765,     -7657,   -399883,   -659023,  -1058906,     45124,     16731,     27324,      1291,   5058388,   1875491,   3063076,    144703,     -1863,     -4683,     -6547,   -208862,   -525017,   -733879,     33998,       368,     16731,       727,     77117,     81882,     46987,     51671
       381,     50381,1088.92754,         0,         0,     71637,         0,      6786,         0,         0,         0,         0,         0,     -1895,     -9070,    -10965,         0,         0,         0,     43734,         0,      2668,         0,         0,         0,         0,         0,     -1135,     -7486,     -8621,         0,         0,         0,         0,         0,         0,         0,     73532,     82602,     44869,     52355
       382,     50382,553.708743,         0,      14.4,     73860,       350,     21924,        14,         0,         0,         0,         0,     -1772,     -7764,     -9536,         0,         0,         0,     45041,       644,      7676,         0,    648596,      9275,    110533,         3,     -1106,     -7112,     -8218,    -15929,   -102417,   -118346,         0,       350,         0,       644,     75632,     83396,     46148,     53260
       383,     50383,304.273919,       1.5,         0,     72609,       356,     34513,         2,    108914,       535,     51770,         3,     -2224,     -8806,    -11030,     -3336,    -13209,    -16545,     43747,       651,     12543,         6,         0,         0,         0,         0,     -1497,     -8434,     -9931,         0,         0,         0,         0,       356,         0,       651,     74833,     83640,     45244,     53678
       384,     50384,501.565570,       5.9,     454.8,     76125,     11614,     31192,       455,    449140,     68521,    184031,      2686,     -2002,     -5489,     -7491,    -11814,    -32385,    -44199,     46274,      5143,     12282,        10,  21045545,   2338858,   5585667,      4450,     -1439,     -5785,     -7224,   -654486,  -2631093,  -3285579,         0,     11614,         0,      5143,     78128,     83617,     47713,     53499
       385,     50385,253.612706,         0,         0,     72255,         0,     39731,       215,         0,         0,         0,         0,     -2234,     -8527,    -10762,         0,         0,         0,     43789,         0,     16847,       108,         0,         0,         0,         0,     -1517,     -7506,     -9023,         0,         0,         0,         0,         0,         0,         0,     74489,     83016,     45307,     52812
       386,     50386,175.503583,         0,     252.3,     77710,     11995,     49413,      1283,         0,         0,         0,         0,     -1964,     -3994,     -5958,         0,         0,         0,     47346,      5204,     21152,       114,  11945428,   1312844,   5336710,     28748,     -1519,     -4874,     -6394,   -383338,  -1229746,  -1613084,      3077,     11995,       951,      5204,     79674,     83668,     48866,     53740
       387,     50387,172.756344,      10.8,     798.0,     79083,     11790,     55372,      2821,    854100,    127335,    598021,     30468,     -1595,     -2875,     -4470,    -17227,    -31051,    -48278,     48376,      4768,     24384,       455,  38603804,   3804796,  19458496,    363327,     -1342,     -3929,     -5272,  -1071126,  -3135544,  -4206670,      6993,     11790,      2789,      4768,     80678,     83553,     49718,     53647
       388,     50388,169.654230,       6.1,    1081.6,     77666,     22526,     59357,      3471,    473763,    137406,    362077,     21170,     -1680,     -3735,     -5415,    -10246,    -22786,    -33033,     47199,      8102,     27309,      1559,  51050565,   8763249,  29537015,   1686461,     -1417,     -4309,     -5726,  -1532981,  -4660436,  -6193417,     22526,      7606,      8102,      4407,     79346,     83081,     48616,     52925
       389,     50389, 39.524085,     125.1,      99.4,     78149,     27270,     61421,      7746,   9776408,   3411515,   7683782,    968991,     -1623,     -3405,     -5028,   -203031,   -426018,   -629049,     47365,      9516,     28739,      2532,   4708052,    945891,   2856613,    251730,     -1443,     -4309,     -5752,   -143462,   -428290,   -571752,     27270,      6489,      9516,      4001,     79772,     83177,     48808,     53117
       390,     50390, 22.473844,     147.2,      14.5,     78630,     40126,     62235,     12036,  11574383,   5906488,   9160984,   1771772,     -1554,     -2259,     -3813,   -228703,   -332591,   -561294,     47735,     16270,     29555,      2986,    692160,    235909,    428553,     43300,     -1470,     -3065,     -4536,    -21322,    -44449,    -65771,     40126,      6023,     16270,      4301,     80184,     82443,     49206,     52271
       391,     50391, 22.475119,     117.3,       5.0,     78325,     36703,     61957,     10961,   9187504,   4305263,   7267593,   1285715,     -1618,     -2531,     -4149,   -189784,   -296908,   -486692,     47480,     14179,     29250,      2821,    237401,     70896,    146250,     14105,     -1497,     -3348,     -4845,     -7484,    -16741,    -24226,     36703,      6053,     14179,      4238,     79943,     82474,     48977,     52325
       392,     50392, 22.684077,     100.3,      38.7,     79009,     43659,     62354,     12280,   7924572,   4379037,   6254095,   1231722,     -1494,     -1879,     -3373,   -149849,   -188498,   -338347,     48056,     17769,     29803,      3198,   1859772,    687669,   1153394,    123760,     -1446,     -2677,     -4123,    -55952,   -103607,   -159559,     43659,      6448,     17769,      4501,     80503,     82382,     49502,     52179
       393,     50393, 31.706515,      70.9,    2785.2,     79311,     41908,     62191,     12357,   5623122,   2971265,   4409337,    876078,     -1557,     -1517,     -3074,   -110384,   -107535,   -217919,     48365,     18703,     29993,      3307, 134707064,  52091652,  83536479,   9212001,     -1521,     -2304,     -3825,  -4235336,  -6417596, -10652931,     41908,      6398,     18703,      4400,     80868,     82384,     49886,     52190
       394,     50394, 31.746444,      47.1,    1395.5,     79263,     43411,     62127,     12004,   3733290,   2044635,   2926172,    565378,     -1562,     -1555,     -3118,    -73585,    -73257,   -146842,     48339,     18840,     30146,      3453,  67457673,  26290928,  42069123,   4819359,     -1491,     -2351,     -3842,  -2080618,  -3280617,  -5361235,     43411,      5847,     18840,      3983,     80825,     82381,     49830,     52181
       395,     50395, 22.509958,     114.0,     187.7,     79103,     44329,     62229,     11031,   9017746,   5053555,   7094103,   1257526,     -1316,     -1814,     -3130,   -150047,   -206741,   -356788,     48194,     18875,     30260,      3477,   9046050,   3542879,   5679870,    652623,     -1271,     -2537,     -3808,   -238561,   -476110,   -714671,     44329,      6546,     18875,      4161,     80419,     82233,     49465,     52002
       396,     50396, 24.485172,      71.6,         0,     79751,     41616,     61776,      9142,   5710196,   2979680,   4423134,    654597,     -1223,     -1740,     -2963,    -87595,   -124566,   -212161,     48908,     18172,     30291,      3435,         0,         0,         0,         0,     -1195,     -2482,     -3676,         0,         0,         0,     41616,      7633,     18172,      4419,     80975,     82714,     50103,     52585
       397,     50397, 19.657486,         0,         0,     79344,     36800,     61273,      5562,         0,         0,         0,         0,     -1254,     -2033,     -3288,         0,         0,         0,     48567,     16704,     30207,      3302,         0,         0,         0,         0,     -1170,     -2723,     -3893,         0,         0,         0,     36800,      7576,     16704,      4441,     80598,     82631,     49737,     52461
       398,     50398, 29.002084,     124.5,       8.6,     78725,     25004,     60884,      5600,   9801203,   3112986,   7580053,    697198,     -1548,     -2307,     -3856,   -192771,   -287283,   -480055,     48130,     12797,     30194,      3190,    413921,    110057,    259665,     27431,     -1403,     -2841,     -4243,    -12062,    -24432,    -36494,     25004,      6818,     12797,      3979,     80273,     82580,     49533,     52374
       399,     50399, 38.132370,     218.9,      19.3,     77949,     31438,     60155,      2123,  17062953,   6881785,  13167927,    464661,     -2060,     -2564,     -4625,   -451038,   -561328,  -1012366,     47573,     14505,     29982,      2871,    918164,    279947,    578657,     55413,     -1686,     -3082,     -4768,    -32537,    -59485,    -92022,     31438,      6117,     14505,      3184,     80009,     82573,     49259,     52341
       400,     50400, 83.387366,     371.3,      15.4,     77367,     29626,     58926,      1859,  28726219,  11000127,  21879049,    690079,     -2266,     -2842,     -5108,   -841356,  -1055329,  -1896685,     47067,     13487,     29612,      2305,    724838,    207704,    456029,     35502,     -1782,     -3376,     -5158,    -27441,    -51994,    -79435,     29626,      6657,     13487,      3741,     79633,     82475,     48849,     52225
       401,     50401, 88.225925,     173.9,      15.7,     74469,     29963,     53820,      2820,  12950083,   5210480,   9359355,    490465,     -2858,     -4671,     -7530,   -497068,   -812373,  -1309440,     45289,     14781,     27658,      1232,    711039,    232064,    434232,     19342,     -1855,     -4616,     -6472,    -29129,    -72474,   -101603,     29963,       367,     14781,       707,     77327,     81998,     47144,     51761
       402,     50402,334.049838,     572.2,     138.1,     71009,     19968,     48294,       319,  40631446,  11425476,  27633764,    182561,     -3037,     -7469,    -10506,  -1737979,  -4273522,  -6011501,     43230,      9889,     25879,      1109,   5970093,   1365607,   3573834,    153108,     -1823,     -6216,     -8039,   -251705,   -858429,  -1110134,     19968,       362,      9889,       449,     74047,     81515,     45053,     51269
       403,     50403, 39.337991,     122.2,     293.8,     77511,     23861,     60258,      7424,   9471890,   2915825,   7363546,    907176,     -1504,     -3904,     -5409,   -183838,   -477122,   -660960,     47041,      9714,     28625,      2290,  13820535,   2854060,   8410003,    672755,     -1308,     -4489,     -5797,   -384151,  -1318881,  -1703032,     23861,      6661,      9714,      4256,     79016,     82920,     48348,     52837
       404,     50404, 22.581952,      94.3,       5.4,     77725,     33409,     60735,     10024,   7329463,   3150436,   5727273,    945219,     -1545,     -2875,     -4420,   -145708,   -271104,   -416812,     47142,     11985,     29127,      2562,    254569,     64719,    157284,     13834,     -1360,     -3427,     -4788,     -7346,    -18507,    -25854,     33409,      6389,     11985,      3910,     79270,     82145,     48503,     51930
       405,     50405, 22.516352,      68.6,     776.6,     78315,     39116,     61414,     12042,   5372401,   2683373,   4212976,    826085,     -1627,     -2342,     -3968,   -111584,   -160653,   -272237,     47537,     16142,     29603,      2860,  36917592,  12535627,  22989384,   2220958,     -1490,     -3069,     -4558,  -1156838,  -2383288,  -3540126,     39116,      6268,     16142,      3959,     79941,     82283,     49027,     52096
       406,     50406, 41.464886,      23.3,    1379.1,     77911,     37836,     60399,     12034,   1815337,    881590,   1407304,    280385,     -1807,     -2352,     -4158,    -42093,    -54796,    -96889,     47417,     15493,     29425,      2859,  65392808,  21366987,  40580558,   3942543,     -1559,     -2922,     -4481,  -2149413,  -4030385,  -6179798,     37836,      6970,     15493,      4070,     79718,     82070,     48976,     51898
       407,     50407, 23.395956,     179.9,     756.8,     78564,     40417,     60575,     13011,  14133657,   7271098,  10897357,   2340642,     -1971,     -1737,     -3708,   -354591,   -312534,   -667125,     48000,     16971,     29763,      3095,  36326644,  12843350,  22524395,   2342122,     -1724,     -2364,     -4088,  -1304757,  -1789184,  -3093941,     40417,      6568,     16971,      4158,     80535,     82272,     49724,     52089
       408,     50408, 23.999885,     104.7,    1068.7,     78548,     39969,     60496,     13084,   8223968,   4184787,   6333941,   1369860,     -1979,     -1728,     -3707,   -207175,   -180965,   -388141,     48048,     17001,     29917,      3153,  51349171,  18169451,  31972159,   3369297,     -1671,     -2353,     -4023,  -1785666,  -2514237,  -4299903,     39969,      6561,     17001,      4010,     80527,     82255,     49719,     52072
       409,     50409, 62.887087,     189.9,      93.2,     78103,     35572,     60373,     10529,  14831843,   6755139,  11464802,   1999432,     -1652,     -2264,     -3917,   -313775,   -430026,   -743801,     47642,     14840,     30112,      3113,   4440195,   1383090,   2806437,    290110,     -1398,     -2737,     -4135,   -130326,   -255057,   -385383,     35572,      6984,     14840,      3810,     79756,     82020,     49040,     51777
       410,     50410, 32.030449,     150.4,         0,     78650,     31837,     59858,      7683,  11828887,   4788250,   9002715,   1155564,     -1630,     -2264,     -3894,   -245215,   -340439,   -585654,     48154,     12542,     30061,      3049,         0,         0,         0,         0,     -1420,     -2779,     -4199,         0,         0,         0,     31837,      7862,     12542,      3920,     80280,     82543,     49574,     52353
       411,     50411, 65.945073,     198.5,     232.5,     78410,     20731,     59055,      3104,  15564479,   4115163,  11722345,    616227,     -1673,     -2390,     -4063,   -332094,   -474494,   -806587,     47969,      9675,     29887,      2776,  11152751,   2249455,   6948722,    645438,     -1429,     -2876,     -4305,   -332195,   -668727,  -1000922,     20731,      7886,      9675,      4097,     80083,     82474,     49398,     52274
       412,     50412, 15.662403,      36.2,       3.4,     77645,     15951,     58520,       728,   2810742,    577414,   2118414,     26370,     -1783,     -2991,     -4774,    -64552,   -108271,   -172823,     47304,      8422,     29658,      2189,    160835,     28634,    100837,      7443,     -1484,     -3387,     -4871,     -5047,    -11515,    -16561,     15951,      7886,      8422,      3681,     79428,     82419,     48789,     52175
       413,     50413, 30.241420,      47.1,       4.8,     75490,     21562,     56672,       497,   3555572,   1015564,   2669252,     23423,     -2118,     -4595,     -6714,    -99781,   -216426,   -316206,     45857,      8865,     29056,      1517,    220114,     42553,    139469,      7282,     -1584,     -4489,     -6074,     -7605,    -21549,    -29155,     21562,       474,      8865,       863,     77608,     82203,     47441,     51931
       414,     50414,324.619146,     524.8,      65.0,     68559,      9128,     47762,       203,  35979601,   4790492,  25065429,    106364,     -2633,     -9833,    -12467,  -1382012,  -5160525,  -6542537,     41314,      4104,     25774,       897,   2685399,    266737,   1675296,     58303,     -1860,     -7703,     -9562,   -120886,   -500671,   -621557,      9128,       372,      4104,       666,     71192,     81025,     43174,     50876
       415,     50415,167.558672,      43.4,     101.5,     76124,      6022,     47318,       568,   3303781,    261357,   2053597,     24630,     -1800,     -5468,     -7268,    -78107,   -237321,   -315428,     46351,      2310,     20822,       621,   4704673,    234424,   2113446,     63041,     -1371,     -5633,     -7004,   -139175,   -571755,   -710930,      6022,       375,      2310,       676,     77924,     83392,     47723,     53356
       416,     50416,169.236816,     291.0,      21.7,     80395,     14412,     53510,      1264,  23394878,   4193998,  15571389,    367784,     -1495,     -1986,     -3481,   -434988,   -577931,  -1012919,     49333,      5502,     24184,      1144,   1070521,    119398,    524798,     24829,     -1374,     -3062,     -4436,    -29806,    -66454,    -96260,     14412,      9572,      5502,      4580,     81890,     83876,     50706,     53769
       417,     50417, 89.149499,     291.6,     192.3,     78950,     19262,     57224,      2412,  23021845,   5616740,  16686437,    703333,     -1763,     -2843,     -4607,   -514219,   -829131,  -1343351,     48608,      7320,     26843,      1508,   9347408,   1407646,   5161997,    290081,     -1430,     -3600,     -5030,   -274959,   -692280,   -967239,     19262,      8222,      7320,      4007,     80714,     83557,     50038,     53638
       418,     50418, 44.155380,     149.1,       4.1,     78651,     18692,     55208,      1033,  11726829,   2786950,   8231557,    153986,     -1902,     -2989,     -4891,   -283605,   -445699,   -729304,     48446,      7573,     26174,      1582,    198630,     31050,    107315,      6485,     -1511,     -3643,     -5154,     -6195,    -14937,    -21131,     18692,      8429,      7573,      4044,     80553,     83542,     49957,     53600
       419,     50419,  7.678236,      39.4,       7.8,     77118,     22149,     59009,      5050,   3038455,    872656,   2324943,    198969,     -1624,     -4197,     -5821,    -63997,   -165344,   -229341,     46937,      8680,     28187,      2047,    366109,     67706,    219855,     15964,     -1405,     -4529,     -5934,    -10955,    -35328,    -46284,     22149,      6357,      8680,      3540,     78742,     82939,     48342,     52871
       420,     50420, 18.978428,     102.2,     100.2,     77083,     32567,     59604,      8305,   7877897,   3328342,   6091489,    848770,     -1634,     -3252,     -4886,   -167038,   -332352,   -499390,     46802,     12155,     28808,      2418,   4689524,   1217941,   2886592,    242237,     -1397,     -3616,     -5013,   -139990,   -362348,   -502338,     32567,      6152,     12155,      3373,     78718,     81970,     48199,     51815
       421,     50421, 15.409675,      65.4,       7.8,     78358,     25981,     58091,      3631,   5124617,   1699141,   3799170,    237447,     -1685,     -3284,     -4969,   -110209,   -214791,   -325000,     48176,      9429,     27897,      2011,    375769,     73544,    217595,     15682,     -1404,     -3781,     -5185,    -10955,    -29491,    -40445,     25981,      6826,      9429,      3536,     80043,     83327,     49580,     53361
       422,     50422, 22.440534,     124.5,      84.3,     78374,     31647,     58776,      7145,   9757542,   3940032,   7317641,    889544,     -1814,     -2471,     -4285,   -225805,   -307657,   -533462,     48095,     11876,     28579,      2345,   4054445,   1001151,   2409194,    197702,     -1522,     -2954,     -4476,   -128296,   -248998,   -377294,     31647,      6465,     11876,      3471,     80188,     82659,     49617,     52571
       423,     50423, 22.712217,      59.6,     198.3,     77460,     36514,     59223,     11159,   4616590,   2176255,   3529713,    665081,     -2054,     -2519,     -4574,   -122445,   -150145,   -272590,     47237,     14904,     29170,      2687,   9367170,   2955511,   5784388,    532801,     -1677,     -2957,     -4634,   -332503,   -586327,   -918830,     36514,      6918,     14904,      4233,     79514,     82033,     48914,     51871
       424,     50424, 11.415033,      51.2,      58.4,     78027,     42375,     59298,     12333,   3994976,   2169583,   3036049,    631444,     -2228,     -1877,     -4104,   -114059,    -96079,   -210139,     47734,     17712,     29482,      2919,   2787653,   1034374,   1721751,    170487,     -1852,     -2409,     -4261,   -108177,   -140674,   -248850,     42375,      7390,     17712,      4171,     80255,     82131,     49586,     51995
       425,     50425, 11.320286,      24.2,      38.1,     78048,     42287,     59196,     12136,   1888772,   1023355,   1432542,    293691,     -2212,     -1856,     -4068,    -53523,    -44926,    -98449,     47803,     18109,     29632,      2866,   1821279,    689944,   1128983,    109197,     -1791,     -2388,     -4179,    -68241,    -90981,   -159222,     42287,      7351,     18109,      4120,     80260,     82117,     49594,     51982
       426,     50426, 22.088077,      70.9,       3.2,     77776,     38695,     58980,     11213,   5514335,   2743455,   4181701,    794990,     -1995,     -2241,     -4236,   -141432,   -158867,   -300299,     47588,     15761,     29732,      2737,    152281,     50436,     95143,      8757,     -1617,     -2644,     -4261,     -5175,     -8460,    -13635,     38695,      7262,     15761,      3572,     79771,     82012,     49205,     51849
       427,     50427, 45.793979,      59.8,         0,     77852,     26526,     56427,      2094,   4655575,   1586241,   3374358,    125239,     -1839,     -3752,     -5590,   -109958,   -224347,   -334305,     47914,      9639,     27349,      1968,         0,         0,         0,         0,     -1485,     -4077,     -5562,         0,         0,         0,     26526,      7496,      9639,      3975,     79691,     83443,     49399,     53476
       428,     50428, 71.841090,      30.9,     146.0,     77610,     33542,     56818,      5407,   2398136,   1036445,   1755675,    167061,     -1869,     -2909,     -4778,    -57752,    -89884,   -147636,     47620,     12701,     28093,      2153,   6952585,   1854358,   4101519,    314364,     -1485,     -3189,     -4675,   -216869,   -465664,   -682533,     33542,      6675,     12701,      3653,     79479,     82387,     49106,     52295
       429,     50429, 41.831131,     155.2,         0,     76778,     37234,     57820,      9944,  11915876,   5778677,   8973637,   1543377,     -2219,     -2826,     -5045,   -344406,   -438575,   -782981,     46845,     14878,     28839,      2409,         0,         0,         0,         0,     -1755,     -3123,     -4878,         0,         0,         0,     37234,      5975,     14878,      3426,     78997,     81823,     48600,     51724
       430,     50430, 18.503321,      58.0,      61.9,     77441,     40141,     58007,     11202,   4491578,   2328191,   3364430,    649699,     -2478,     -2042,     -4520,   -143718,   -118448,   -262166,     47435,     16957,     29169,      2691,   2936234,   1049660,   1805555,    166556,     -1969,     -2475,     -4445,   -121899,   -153229,   -275127,     40141,      7280,     16957,      4390,     79919,     81961,     49404,     51880
       431,     50431, 13.525566,      18.9,     110.5,     77365,     40078,     58104,     11174,   1462205,    757477,   1098156,    211192,     -2552,     -2040,     -4592,    -48240,    -38550,    -86790,     47448,     16977,     29345,      2739,   5243046,   1875919,   3242609,    302652,     -1953,     -2464,     -4417,   -215810,   -272228,   -488038,     40078,      7489,     16977,      4535,     79918,     81957,     49401,     51865
       432,     50432,100.284894,     205.3,       5.0,     76100,       369,     44067,       129,  15623228,     75831,   9047003,     26531,     -2125,     -5085,     -7209,   -436229,  -1043856,  -1480085,     46330,       670,     19852,       647,    231652,      3351,     99262,      3233,     -1628,     -5259,     -6887,     -8138,    -26296,    -34434,         0,       369,         0,       670,     78224,     83309,     47958,     53217
       433,     50433,105.013153,      14.7,         0,     74665,       333,     41670,        67,   1097581,      4890,    612550,       987,     -2291,     -6139,     -8430,    -33681,    -90239,   -123920,     45273,       635,     19192,       545,         0,         0,         0,         0,     -1661,     -6034,     -7695,         0,         0,         0,         0,       333,         0,       635,     76957,     83095,     46935,     52968
       434,     50434,158.606554,     248.3,      17.0,     77228,      9571,     49557,       204,  19175768,   2376357,  12304906,     50704,     -2042,     -4125,     -6167,   -507126,  -1024165,  -1531291,     47181,      4160,     22898,      1172,    802070,     70723,    389271,     19920,     -1626,     -4567,     -6193,    -27634,    -77639,   -105273,      9571,      8843,      4160,      4140,     79271,     83395,     48806,     53373
       435,     50435, 44.286164,     114.0,      69.1,     78220,     17721,     53452,       559,   8917087,   2020179,   6093536,     63728,     -1947,     -3307,     -5254,   -222002,   -376951,   -598953,     48158,      7291,     25598,      1563,   3327717,    503816,   1768846,    107978,     -1533,     -3827,     -5359,   -105899,   -264429,   -370328,     17721,      8843,      7291,      4316,     80167,     83474,     49691,     53517
       436,     50436, 75.169710,     163.6,       4.1,     77166,     16587,     51695,      1285,  12624359,   2713633,   8457295,    210205,     -2038,     -4205,     -6243,   -333429,   -687908,  -1021337,     47523,      5929,     25231,      1287,    194846,     24310,    103446,      5277,     -1573,     -4303,     -5876,     -6450,    -17643,    -24093,     16587,      9662,      5929,      4198,     79204,     83409,     49097,     53400
       437,     50437, 76.704363,      83.0,      15.4,     77065,     23984,     53418,      2073,   6396419,   1990695,   4433684,    172020,     -2074,     -4020,     -6094,   -172164,   -333656,   -505820,     47521,      8790,     26564,      1559,    731819,    135372,    409083,     24012,     -1614,     -4100,     -5714,    -24857,    -63141,    -87998,     23984,      8794,      8790,      4058,     79140,     83160,     49135,     53235
       438,     50438, 19.193725,      58.4,       6.7,     76930,     31026,     54874,      5509,   4492700,   1811943,   3204630,    321736,     -2320,     -2969,     -5289,   -135473,   -173379,   -308852,     47244,     11864,     27660,      1621,    316534,     79489,    185324,     10861,     -1807,     -3138,     -4945,    -12109,    -21022,    -33131,     31026,      8558,     11864,      3835,     79250,     82218,     49051,     52189
       439,     50439, 23.916335,     181.9,       8.2,     76719,     29219,     53635,      4819,  13955215,   5315023,   9756140,    876493,     -2278,     -3083,     -5362,   -414443,   -560868,   -975311,     47145,     10372,     27201,      1549,    386592,     85054,    223047,     12700,     -1739,     -3206,     -4944,    -14256,    -26286,    -40542,     29219,      8414,     10372,      3801,     78998,     82081,     48884,     52090
       440,     50440, 47.793370,     380.8,      30.2,     75993,     36866,     55740,      8887,  28938150,  14038393,  21225661,   3384332,     -2429,     -3036,     -5465,   -924866,  -1156202,  -2081068,     46476,     15639,     28340,      1920,   1403575,    472305,    855872,     57988,     -1870,     -3172,     -5042,    -56475,    -95807,   -152281,     36866,      6782,     15639,      3601,     78422,     81458,     48346,     51518
       441,     50441, 10.629368,      26.4,     321.5,     75920,     39642,     54980,      8945,   2004291,   1046553,   1451459,    236156,     -2602,     -2934,     -5535,    -68681,    -77447,   -146128,     46561,     16459,     28242,      1905,  14969409,   5291638,   9079962,    612367,     -1955,     -3053,     -5007,   -628388,   -981508,  -1609896,     39642,       591,     16459,       909,     78522,     81455,     48516,     51569
       442,     50442, 21.902388,       6.7,     366.8,     76092,     38355,     55193,      9070,    509815,    256979,    369795,     60766,     -3158,     -2311,     -5470,    -21162,    -15485,    -36647,     46729,     17389,     28416,      2076,  17140243,   6378440,  10423114,    761348,     -2315,     -2600,     -4915,   -849171,   -953719,  -1802890,     38355,       608,     17389,       928,     79250,     81561,     49044,     51644
       443,     50443, 78.117142,      14.7,         0,         0,         0,     41123,        56,         0,         0,    604502,       824,         0,         0,         0,         0,         0,         0,         0,         0,     19625,       515,         0,         0,         0,         0,         0,         0,         0,         0,         0,         0,         0,         0,         0,         0,         0,         0,         0,         0
       444,     50444,179.504798,      96.0,       5.3,     76727,      9591,     45505,       663,   7365759,    920713,   4368477,     63661,     -2243,     -4383,     -6626,   -215320,   -420770,   -636090,     47006,      3747,     21816,       869,    249134,     19860,    115624,      4604,     -1770,     -4563,     -6333,     -9382,    -24184,    -33566,      9591,       405,      3747,       712,     78970,     83353,     48776,     53339
       445,     50445,107.324111,     179.7,      96.2,     77316,     10500,     47868,      3108,  13893611,   1886873,   8601873,    558586,     -2184,     -3883,     -6067,   -392392,   -697812,  -1090204,     47735,      3354,     23881,       862,   4592122,    322620,   2297320,     82899,     -1724,     -3919,     -5644,   -165886,   -377054,   -542940,     10500,       444,      3354,       755,     79499,     83382,     49460,     53379
       446,     50446,216.644307,      65.6,    1102.1,     76211,     27429,     50226,      3834,   4999430,   1799337,   3294796,    251485,     -2489,     -4095,     -6584,   -163293,   -268627,   -431920,     46980,     11746,     25840,      1233,  51776394,  12944942,  28478740,   1358501,     -1829,     -4221,     -6050,  -2015730,  -4652212,  -6667943,     27429,       481,     11746,       794,     78700,     82795,     48809,     53030
       447,     50447,188.932093,      10.3,         0,         0,         0,     35156,        63,         0,         0,    362112,       648,         0,         0,         0,         0,         0,         0,         0,         0,     17406,       296,         0,         0,         0,         0,         0,         0,         0,         0,         0,         0,         0,         0,         0,         0,         0,         0,         0,         0
       448,     50448, 95.597083,      37.1,         0,     72453,         0,     37370,        12,   2688018,         0,   1386410,       462,     -2261,     -8113,    -10374,    -83871,   -300992,   -384863,     44296,         0,     17224,       356,         0,         0,         0,         0,     -1507,     -6864,     -8370,         0,         0,         0,         0,         0,         0,         0,     74714,     82827,     45803,     52666
       449,     50449,173.049682,     404.5,     149.4,     73268,     13088,     39711,      3093,  29636822,   5294107,  16063037,   1251048,     -2736,     -5883,     -8619,  -1106671,  -2379779,  -3486450,     44724,      4304,     20353,      1107,   6681712,    642960,   3040666,    165425,     -1960,     -5351,     -7312,   -292892,   -799465,  -1092357,     13088,       352,      4304,       670,     76004,     81887,     46684,     52035
       450,     50450, 41.335858,         0,     912.1,     73124,     16339,     44584,      3671,         0,         0,         0,         0,     -2872,     -6396,     -9268,         0,         0,         0,     44770,      6074,     22758,       948,  40834311,   5540184,  20757999,    864545,     -2009,     -5491,     -7499,  -1832319,  -5007899,  -6840218,     16339,       364,      6074,       676,     75995,     82391,     46778,     52269
       451,     50451, 68.592254,         0,    1529.8,     73598,     17806,     42262,      3829,         0,         0,         0,         0,     -3137,     -4517,     -7655,         0,         0,         0,     45247,      6886,     22043,      1117,  69219410,  10534177,  33721239,   1709281,     -2158,     -4450,     -6608,  -3301237,  -6807891, -10109128,     17806,       413,      6886,       728,     76736,     81253,     47405,     51855
       452,     50452,159.723904,      53.7,         0,     69470,      5752,     29115,       212,   3730564,    308883,   1563449,     11374,     -3727,     -7833,    -11561,   -200145,   -420655,   -620800,     42717,      1780,     15658,       475,         0,         0,         0,         0,     -2371,     -6339,     -8710,         0,         0,         0,      5752,        31,      1780,        46,     73198,     81031,     45088,     51427
       453,     50453,179.530306,     342.4,     146.1,     73716,     10612,     34251,      1935,  25240258,   3633574,  11727594,    662646,     -2998,     -5069,     -8067,  -1026391,  -1735706,  -2762097,     45346,      3463,     18439,      1414,   6625013,    505903,   2693880,    206526,     -2104,     -4583,     -6687,   -307323,   -669597,   -976921,     10612,        38,      3463,        55,     76713,     81783,     47449,     52032
       454,     50454,238.631015,      76.0,      42.0,     70702,      5937,     24412,       639,   5373367,    451226,   1855309,     48591,     -4182,     -5415,     -9597,   -317853,   -411541,   -729394,     43637,      1978,     14183,       612,   1832752,     83085,    595682,     25688,     -2751,     -4705,     -7456,   -115533,   -197623,   -313156,      5937,         1,      1978,         9,     74884,     80299,     46388,     51093
       455,     50455, 43.441799,       9.8,         0,     72708,     11228,     28301,       727,    712539,    110031,    277350,      7128,     -3711,     -4584,     -8295,    -36370,    -44925,    -81295,     44794,      3855,     16012,      1030,         0,         0,         0,         0,     -2568,     -4241,     -6809,         0,         0,         0,     11228,         1,      3855,         9,     76419,     81003,     47362,     51603
       456,     50456, 53.859599,         0,    1111.1,     74421,     37297,     51785,      8035,         0,         0,         0,         0,     -3473,     -2997,     -6470,         0,         0,         0,     45728,     16156,     27220,      1499,  50808134,  17951163,  30244050,   1665842,     -2533,     -2996,     -5529,  -2814287,  -3329286,  -6143574,     37297,       556,     16156,       865,     77894,     80891,     48261,     51257
       457,     50457,211.623276,     434.4,     337.1,     74555,     31439,     47271,      4122,  32386772,  13656924,  20534329,   1790502,     -3347,     -2986,     -6333,  -1453737,  -1297132,  -2750869,     45916,     12886,     25195,       634,  15478301,   4343925,   8493091,    213863,     -2431,     -3048,     -5479,   -819545,  -1027365,  -1846909,     31439,        50,     12886,        65,     77902,     80888,     48347,     51395
       458,     50458, 42.851818,         0,     211.4,     73979,     13497,     43327,      2766,         0,         0,         0,         0,     -3137,     -4354,     -7490,         0,         0,         0,     45570,      4770,     23518,       635,   9633421,   1008289,   4971741,    134165,     -2158,     -4233,     -6391,   -456129,   -894874,  -1351003,     13497,        47,      4770,        62,     77116,     81470,     47727,     51960
       459,     50459, 11.519565,      32.3,      97.0,     74356,     11173,     32767,      1779,   2401688,    360884,   1058383,     57476,     -3217,     -3987,     -7204,   -103908,   -128792,   -232700,     45861,      4825,     18183,      1630,   4448523,    468044,   1763771,    158094,     -2300,     -3766,     -6065,   -223052,   -365290,   -588342,     11173,         1,      4825,         9,     77573,     81560,     48161,     51926
       460,     50460,128.660236,     367.2,     459.3,     72286,      2465,     36662,      3061,  26543579,    905095,  13462134,   1124162,     -3241,     -4477,     -7718,  -1189932,  -1644073,  -2834006,     44371,      2415,     20108,      1372,  20379423,   1109305,   9235621,    630014,     -2213,     -4466,     -6680,  -1016557,  -2051398,  -3067956,      2465,        23,      2415,        33,     75527,     80004,     46584,     51050
       461,     50461, 19.222663,         0,    3157.4,     76735,     36996,     56756,      9206,         0,         0,         0,         0,     -2676,     -2363,     -5038,         0,         0,         0,     47154,     16738,     29031,      2554, 148884604,  52849335,  91663594,   8063845,     -1930,     -2665,     -4596,  -6094211,  -8415678, -14509889,     36996,       641,     16738,       961,     79411,     81773,     49084,     51750
       462,     50462, 62.673050,     605.3,      61.2,     75666,     35839,     57470,      8550,  45800930,  21693176,  34786542,   5175461,     -2406,     -3585,     -5991,  -1456367,  -2169791,  -3626158,     46219,     14124,     29413,      2601,   2828593,    864407,   1800047,    159187,     -1752,     -3562,     -5314,   -107206,   -217996,   -325202,     35839,       599,     14124,       914,     78073,     81657,     47971,     51533
       463,     50463, 58.009710,     120.4,     282.3,     75559,     26394,     56953,      3513,   9097274,   3177813,   6857133,    422956,     -2374,     -3666,     -6040,   -285825,   -441371,   -727195,     45992,     10592,     29394,      2382,  12983661,   2990053,   8297825,    672484,     -1840,     -3643,     -5482,   -519354,  -1028343,  -1547697,     26394,       579,     10592,       897,     77933,     81599,     47832,     51475
       464,     50464, 84.308142,     106.6,       8.3,     74426,     19327,     56124,       684,   7933783,   2060244,   5982870,     72878,     -2165,     -5480,     -7645,   -230783,   -584121,   -814904,     45118,      8083,     29001,      1506,    374478,     67090,    240705,     12496,     -1650,     -5040,     -6690,    -13691,    -41834,    -55526,     19327,       533,      8083,       831,     76591,     82070,     46767,     51808
       465,     50465, 80.188615,     176.0,      18.2,     74631,     16677,     54615,       712,  13135059,   2935171,   9612187,    125392,     -2381,     -5036,     -7416,   -419019,   -886270,  -1305289,     45686,      6693,     28550,      1403,    831476,    121810,    519603,     25539,     -1748,     -4457,     -6205,    -31811,    -81123,   -112934,     16677,       498,      6693,       809,     77012,     82047,     47433,     51891
       466,     50466, 48.891137,      74.4,      61.6,     73525,     12271,     52599,       250,   5470235,    912935,   3913330,     18581,     -2128,     -6093,     -8221,   -158301,   -453311,   -611612,     44840,      5815,     27576,      1100,   2762160,    358212,   1698665,     67743,     -1596,     -5049,     -6645,    -98334,   -311026,   -409360,     12271,       436,      5815,       739,     75652,     81745,     46437,     51486
       467,     50467, 36.652678,      85.7,       4.1,     74977,     25391,     55633,      5302,   6425503,   2176008,   4767758,    454357,     -2317,     -4028,     -6345,   -198582,   -345169,   -543751,     45676,     10328,     28965,      2286,    187270,     42346,    118756,      9373,     -1735,     -3931,     -5667,     -7115,    -16118,    -23233,     25391,       582,     10328,       898,     77294,     81322,     47411,     51342
       468,     50468, 48.834466,      47.1,      29.2,     76347,     30741,     54759,      6621,   3595923,   1447903,   2579164,    311859,     -2538,     -3268,     -5806,   -119519,   -153922,   -273441,     46973,     12809,     28657,      2191,   1371616,    374027,    836792,     63976,     -1812,     -3292,     -5103,    -52905,    -96113,   -149018,     30741,       555,     12809,       869,     78884,     82152,     48785,     52077
       469,     50469, 49.118969,      21.5,      27.1,     74120,     22243,     53389,      1053,   1593578,    478223,   1147862,     22639,     -2398,     -5289,     -7687,    -51555,   -113724,   -165279,     45311,      9571,     28147,      1817,   1227922,    259387,    762772,     49234,     -1767,     -4643,     -6410,    -47889,   -125829,   -173718,     22243,       481,      9571,       791,     76518,     81807,     47078,     51721
       470,     50470, 43.700024,       3.8,       8.8,     74242,     13223,     51824,       452,    282121,     50246,    196931,      1719,     -2395,     -5062,     -7457,     -9099,    -19236,    -28335,     45413,      6247,     27459,      1079,    399633,     54976,    241637,      9495,     -1763,     -4460,     -6224,    -15517,    -39252,    -54769,     13223,       485,      6247,       795,     76637,     81699,     47176,     51637
       471,     50471, 64.140680,      21.8,      28.0,     72239,      7850,     49382,       216,   1574813,    171131,   1076528,      4712,     -2451,     -6806,     -9257,    -53424,   -148376,   -201800,     44189,      2741,     26397,       951,   1237284,     76743,    739113,     26632,     -1756,     -5459,     -7215,    -49180,   -152840,   -202020,      7850,       381,      2741,       682,     74690,     81496,     45945,     51404
       472,     50472, 32.662893,     224.0,      66.1,     74699,     34265,     53593,      8025,  16732512,   7675345,  12004757,   1797617,     -2594,     -3824,     -6418,   -581089,   -856465,  -1437554,     45754,     14229,     28196,      1942,   3024336,    940539,   1863787,    128379,     -1835,     -3613,     -5448,   -121292,   -238789,   -360081,     34265,       568,     14229,       884,     77293,     81116,     47589,     51201
       473,     50473, 50.849911,      12.9,     642.3,     75492,     36277,     54537,      8505,    973845,    467975,    703533,    109709,     -3167,     -2726,     -5893,    -40850,    -35163,    -76013,     46420,     16356,     28397,      2154,  29815427,  10505160,  18239449,   1383492,     -2200,     -2879,     -5078,  -1412802,  -1848941,  -3261743,     36277,       589,     16356,       907,     78659,     81384,     48619,     51498
       474,     50474, 20.277959,      35.0,       8.9,     75023,     24032,     53050,      4653,   2625793,    841109,   1856733,    162865,     -2360,     -4434,     -6795,    -82611,   -155204,   -237815,     46085,     10593,     28059,      1923,    410155,     94278,    249722,     17115,     -1740,     -3957,     -5697,    -15484,    -35217,    -50701,     24032,       516,     10593,       830,     77383,     81817,     47825,     51782
       475,     50475, 56.754865,         0,    1320.1,     73922,     35890,     51516,      7795,         0,         0,         0,         0,     -3609,     -3260,     -6869,         0,         0,         0,     45419,     15982,     27364,      1563,  59958032,  21098445,  36122750,   2062945,     -2516,     -3175,     -5692,  -3321648,  -4191887,  -7513535,     35890,       546,     15982,       856,     77531,     80791,     47936,     51111
       476,     50476, 37.228759,     148.4,      54.8,     74361,     29514,     51868,      5311,  11035245,   4379811,   7697158,    788100,     -2385,     -4899,     -7284,   -353985,   -726963,  -1080948,     45710,     12259,     27616,      1754,   2504925,    671812,   1513356,     96113,     -1754,     -4192,     -5946,    -96107,   -229728,   -325835,     29514,       493,     12259,       804,     76747,     81646,     47464,     51656
       477,     50477, 67.333591,     190.3,     183.5,     72564,     28483,     50116,      4917,  13808940,   5420279,   9537137,    935623,     -3089,     -4720,     -7809,   -587811,   -898211,  -1486022,     44512,     12219,     26927,      1512,   8167949,   2242247,   4941132,    277531,     -2131,     -4088,     -6219,   -390981,   -750145,  -1141126,     28483,       497,     12219,       811,     75653,     80373,     46643,     50731
       478,     50478, 59.603023,     195.4,      69.5,     74587,     21812,     50271,      1405,  14574325,   4262077,   9822938,    274489,     -2377,     -4546,     -6923,   -464523,   -888249,  -1352773,     45875,      9475,     26969,      1528,   3188303,    658518,   1874339,    106213,     -1747,     -3952,     -5700,   -121440,   -274691,   -396131,     21812,       501,      9475,       812,     76964,     81510,     47622,     51575
       479,     50479, 21.690520,      39.3,       2.0,     73706,     25870,     47774,      1604,   2896633,   1016687,   1877534,     63042,     -2502,     -4765,     -7268,    -98348,   -187273,   -285621,     45466,     10481,     25973,      1453,     90931,     20962,     51946,      2905,     -1822,     -3985,     -5808,     -3644,     -7971,    -11615,     25870,       473,     10481,       785,     76208,     80973,     47288,     51273
       480,     50480, 66.534288,     158.4,      15.4,     71221,     18408,     48892,       536,  11281337,   2915855,   7744559,     84927,     -2657,     -7348,    -10004,   -420811,  -1163879,  -1584690,     43756,      7263,     26379,      1089,    673840,    111844,    406238,     16773,     -1848,     -5676,     -7525,    -28460,    -87418,   -115878,     18408,       393,      7263,       707,     73877,     81225,     45604,     51280
       481,     50481, 22.291771,      35.1,       2.3,     72083,     17976,     45567,       690,   2530118,    630966,   1599413,     24225,     -2624,     -5923,     -8547,    -92090,   -207915,   -300005,     44413,      6849,     25084,      1267,    102149,     15753,     57694,      2914,     -1847,     -4757,     -6604,     -4249,    -10940,    -15189,     17976,       418,      6849,       730,     74707,     80630,     46260,     51017
       482,     50482, 50.973492,      47.7,         0,     72146,     12584,     46832,       232,   3441374,    600259,   2233900,     11047,     -2480,     -6488,     -8969,   -118318,   -309493,   -427811,     44262,      4414,     25525,       863,         0,         0,         0,         0,     -1762,     -5191,     -6954,         0,         0,         0,     12584,       411,      4414,       724,     74627,     81115,     46024,     51215
       483,     50483, 83.770573,      49.0,         0,     70309,       335,     43541,        96,   3445152,     16412,   2133524,      4715,     -2528,     -7900,    -10428,   -123868,   -387117,   -510985,     42913,       637,     24088,       546,         0,         0,         0,         0,     -1763,     -6249,     -8012,         0,         0,         0,         0,       335,         0,       637,     72837,     80738,     44675,     50924
       484,     50484, 40.637611,         0,     618.7,     73071,     34136,     48809,      5266,         0,         0,         0,         0,     -3750,     -3412,     -7162,         0,         0,         0,     44928,     14802,     26233,      1160,  27796795,   9158270,  16230268,    717484,     -2620,     -3264,     -5884,  -1621054,  -2019361,  -3640415,     34136,        52,     14802,        68,     76821,     80234,     47548,     50812
       485,     50485, 60.845689,      80.1,     480.0,     72323,     28177,     47884,      4178,   5793054,   2256997,   3835534,    334677,     -3043,     -4414,     -7458,   -243778,   -353584,   -597362,     44451,     11859,     25952,      1300,  21336524,   5692296,  12456726,    623863,     -2070,     -3962,     -6033,   -993743,  -1901959,  -2895702,     28177,       499,     11859,       808,     75366,     79780,     46521,     50484
       486,     50486, 40.049015,      16.7,     162.5,     74283,     27505,     45858,      3536,   1240532,    459338,    765828,     59057,     -3813,     -2706,     -6519,    -63679,    -45185,   -108864,     45797,     11420,     25054,       967,   7441951,   1855684,   4071273,    157152,     -2705,     -2865,     -5570,   -439601,   -465585,   -905186,     27505,       643,     11420,       975,     78096,     80802,     48502,     51367
       487,     50487, 60.521382,      85.3,       7.5,     72790,     22975,     45025,      2828,   6208952,   1959749,   3840659,    241249,     -3540,     -4279,     -7818,   -301931,   -364971,   -666902,     44935,      9937,     24787,      1080,    337015,     74525,    185901,      8099,     -2412,     -3788,     -6201,    -18093,    -28414,    -46507,     22975,        50,      9937,        66,     76329,     80608,     47348,     51136
       488,     50488, 98.709099,     152.6,     376.4,     72522,     21621,     45295,      1740,  11066802,   3299353,   6911981,    265525,     -2702,     -5168,     -7870,   -412344,   -788580,  -1200924,     44783,      9029,     24958,      1435,  16856368,   3398514,   9394130,    539965,     -1892,     -4225,     -6118,   -712321,  -1590440,  -2302761,     21621,       439,      9029,       755,     75224,     80391,     46676,     50901
       489,     50489, 76.211009,     131.1,      19.5,     70705,     15663,     42441,       710,   9269395,   2053371,   5564077,     93139,     -2857,     -6434,     -9290,   -374512,   -843470,  -1217982,     43644,      5806,     23793,      1456,    851051,    113210,    463966,     28385,     -1949,     -5039,     -6987,    -37996,    -98252,   -136249,     15663,       384,      5806,       698,     73561,     79995,     45592,     50631
       490,     50490, 42.946724,       4.5,      81.2,     73113,     23783,     43492,      1755,    329008,    107022,    195712,      7900,     -4085,     -3273,     -7359,    -18384,    -14730,    -33114,     45026,      9355,     23939,       683,   3656096,    759641,   1943839,     55425,     -2903,     -3230,     -6132,   -235699,   -262242,   -497941,     23783,       512,      9355,       954,     77198,     80472,     47929,     51158
       491,     50491, 49.670942,      44.2,       7.7,     73186,     17075,     42656,      1455,   3234825,    754728,   1885386,     64299,     -4065,     -3102,     -7167,   -179670,   -137105,   -316775,     45093,      7453,     23789,       762,    347215,     57388,    183173,      5871,     -2875,     -3124,     -5999,    -22136,    -24055,    -46191,     17075,       512,      7453,       936,     77251,     80353,     47968,     51092
       492,     50492, 53.519413,     118.2,      21.5,     71865,     18294,     41926,      1308,   8494450,   2162373,   4955702,    154552,     -3896,     -4383,     -8279,   -460527,   -518047,   -978574,     44338,      8355,     23504,       889,    953277,    179642,    505333,     19117,     -2596,     -3954,     -6551,    -55819,    -85021,   -140840,     18294,       621,      8355,       925,     75761,     80144,     46935,     50889
       493,     50493, 32.741716,      63.3,       5.7,     71150,     14856,     42220,      1151,   4503772,    940396,   2672529,     72842,     -3353,     -5871,     -9224,   -212237,   -371613,   -583850,     44002,      7049,     23662,      1271,    250813,     40181,    134872,      7244,     -2187,     -4645,     -6833,    -12468,    -26478,    -38946,     14856,       601,      7049,       895,     74503,     80373,     46190,     50835
       494,     50494, 32.136352,      59.3,      18.1,     70835,     19430,     40705,       881,   4200501,   1152227,   2413780,     52266,     -3551,     -5605,     -9156,   -210563,   -332380,   -542943,     43807,      8404,     23000,      1264,    792907,    152113,    416294,     22871,     -2280,     -4519,     -6800,    -41274,    -81802,   -123076,     19430,       613,      8404,       913,     74386,     79991,     46087,     50607
       495,     50495, 33.850238,      74.4,       9.6,     70126,     21304,     39161,       588,   5217405,   1585043,   2913603,     43764,     -3577,     -5734,     -9312,   -266164,   -426623,   -692788,     43377,      9142,     22315,      1135,    416416,     87761,    214225,     10894,     -2290,     -4597,     -6887,    -21984,    -44135,    -66120,     21304,       627,      9142,       919,     73704,     79438,     45667,     50264
       496,     50496,101.391175,     104.2,      53.8,     70226,     12234,     37009,       218,   7317552,   1274761,   3856359,     22757,     -3934,     -4661,     -8595,   -409938,   -485650,   -895588,     43386,      5827,     21442,       753,   2334181,    313471,   1153571,     40532,     -2481,     -4226,     -6707,   -133471,   -227344,   -360815,     12234,       566,      5827,       915,     74160,     78821,     45867,     50093
       497,     50497, 92.568404,     124.3,       4.5,     67561,     14554,     35433,       204,   8397876,   1809075,   4404349,     25382,     -3595,     -7316,    -10911,   -446846,   -909373,  -1356219,     41716,      5900,     20703,      1158,    187720,     26551,     93164,      5210,     -2293,     -5634,     -7926,    -10318,    -25351,    -35668,     14554,       597,      5900,       889,     71156,     78472,     44008,     49642
       498,     50498,171.272751,     297.3,      18.2,     67641,      9249,     35406,       205,  20109754,   2749624,  10526126,     60806,     -2816,     -7848,    -10664,   -837190,  -2333200,  -3170390,     41773,      3445,     20688,      1238,    760271,     62694,    376516,     22526,     -1914,     -5867,     -7781,    -34836,   -106780,   -141615,      9249,        58,      3445,        69,     70457,     78305,     43687,     49554
       499,     50499,584.972854,     647.9,      55.2,     70536,        35,     36039,        76,  45700039,     22561,  23349642,     48949,     -2993,     -6882,     -9874,  -1938854,  -4458832,  -6397686,     42779,        45,     21012,       893,   2361413,      2473,   1159846,     49308,     -2020,     -5518,     -7538,   -111485,   -304614,   -416100,         0,        35,         0,        45,     73528,     80410,     44799,     50317
       500,     50500, 73.489325,      68.1,       2.4,     66882,      8588,     30475,        92,   4554690,    584812,   2075323,      6268,     -3234,     -7682,    -10915,   -220208,   -523112,   -743320,     41368,      3436,     18570,      1114,     99283,      8245,     44569,      2673,     -2101,     -5859,     -7960,     -5042,    -14062,    -19104,      8588,       680,      3436,       952,     70116,     77798,     43469,     49328
       501,     50501,126.487086,     173.9,      15.4,     64254,      3811,     27994,        50,  11173803,    662652,   4868121,      8750,     -3729,    -10760,    -14489,   -648535,  -1871178,  -2519713,     39846,      1660,     17444,       849,    613631,     25563,    268642,     13082,     -2300,     -7600,     -9900,    -35416,   -117045,   -152461,         0,      3811,         0,      1660,     67984,     78744,     42146,     49746
       502,     50502, 45.427150,      30.8,         0,     65563,      7986,     26214,        70,   2019350,    245969,    807382,      2147,     -4692,     -8089,    -12780,   -144507,   -249132,   -393638,     40478,      3280,     16839,       891,         0,         0,         0,         0,     -2869,     -6464,     -9333,         0,         0,         0,      7986,      3331,      3280,      2199,     70255,     78344,     43346,     49810
       503,     50503,103.529469,     140.2,      14.5,     63182,      4343,     22987,        34,   8858151,    608896,   3222816,      4697,     -4528,     -9799,    -14327,   -634836,  -1373834,  -2008670,     39104,      2295,     15302,       646,    567013,     33276,    221872,      9369,     -2677,     -7401,    -10078,    -38821,   -107313,   -146134,         0,      4343,         0,      2295,     67710,     77509,     41782,     49183
       504,     50504,131.420071,     105.2,         0,     62026,      5209,     21822,        30,   6525160,    548009,   2295646,      3151,     -4489,    -10679,    -15168,   -472242,  -1123465,  -1595707,     38474,      2268,     14633,       466,         0,         0,         0,         0,     -2645,     -7629,    -10274,         0,         0,         0,         0,      5209,         0,      2268,     66515,     77195,     41120,     48749
       505,     50505,113.309078,      42.8,     348.4,     71392,     13789,     39893,      3163,   3055571,    590156,   1707422,    135375,     -3794,     -5115,     -8910,   -162397,   -218941,   -381339,     43788,      4831,     21759,       764,  15255578,   1683078,   7580992,    266281,     -2439,     -5015,     -7453,   -849642,  -1747104,  -2596746,     13789,        37,      4831,        45,     75186,     80302,     46226,     51241
       506,     50506,116.606286,       2.0,         0,     69031,      8992,     39360,      1124,    138062,     17983,     78719,      2249,     -3910,     -8214,    -12124,     -7821,    -16428,    -24249,     42472,      3084,     22025,       482,         0,         0,         0,         0,     -2436,     -6910,     -9346,         0,         0,         0,      8992,        36,      3084,        45,     72941,     81155,     44908,     51818
       507,     50507, 88.011659,         0,       5.4,     72986,      8295,     38231,       414,         0,         0,         0,         0,     -4180,     -2710,     -6890,         0,         0,         0,     44965,      2579,     21899,       289,    242811,     13927,    118252,      1561,     -2955,     -2948,     -5903,    -15958,    -15919,    -31877,      8295,       517,      2579,       969,     77166,     79876,     47920,     50868
       508,     50508, 96.315679,      20.7,         0,     72557,     10590,     38152,       284,   1501940,    219203,    789740,      5883,     -4234,     -2978,     -7212,    -87653,    -61635,   -149288,     44682,      4908,     21954,       458,         0,         0,         0,         0,     -2975,     -3120,     -6095,         0,         0,         0,     10590,       511,      4908,       958,     76792,     79769,     47657,     50777
       509,     50509, 39.282153,         0,         0,     70899,     11227,     32618,       267,         0,         0,         0,         0,     -4672,     -3581,     -8253,         0,         0,         0,     43812,      4858,     19654,       441,         0,         0,         0,         0,     -3121,     -3424,     -6545,         0,         0,         0,     11227,       906,      4858,      1340,     75572,     79153,     46933,     50357
       510,     50510, 93.382662,      14.5,      27.7,     70000,     14218,     30965,       356,   1015003,    206162,    448990,      5160,     -4682,     -3930,     -8612,    -67882,    -56988,   -124871,     43200,      6296,     19036,       584,   1196630,    174390,    527296,     16175,     -3081,     -3713,     -6793,    -85336,   -102840,   -188176,     14218,      1184,      6296,      1677,     74682,     78612,     46280,     49993
       511,     50511, 91.657283,     112.1,       9.9,     68783,     16990,     32201,       159,   7710598,   1904566,   3609718,     17811,     -4488,     -6169,    -10657,   -503156,   -691547,  -1194702,     42518,      7419,     19415,       978,    420926,     73449,    192208,      9684,     -2799,     -5160,     -7959,    -27712,    -51082,    -78795,     16990,      1595,      7419,      1332,     73272,     79441,     45317,     50477
       512,     50512, 35.427105,      33.2,      27.2,     68532,     16805,     29851,       252,   2275251,    557940,    991069,      8371,     -4563,     -5622,    -10185,   -151503,   -186640,   -338144,     42338,      7443,     18553,       763,   1151589,    202463,    504638,     20759,     -2860,     -4827,     -7688,    -77801,   -131303,   -209104,     16805,      2597,      7443,      1980,     73095,     78717,     45198,     50025
       513,     50513, 40.337034,      51.8,       3.0,     68653,     15140,     29558,       369,   3556224,    784263,   1531122,     19095,     -4560,     -5322,     -9882,   -236217,   -275661,   -511878,     42486,      6914,     18489,       665,    127458,     20741,     55468,      1996,     -2857,     -4603,     -7460,     -8572,    -13808,    -22380,     15140,      3600,      6914,      2364,     73213,     78535,     45343,     49946
       514,     50514, 42.891307,      58.4,       5.9,     67514,     12999,     27418,       357,   3942809,    759138,   1601205,     20871,     -4593,     -5835,    -10429,   -268259,   -340772,   -609031,     41787,      5958,     17548,       709,    246543,     35152,    103534,      4186,     -2860,     -4946,     -7807,    -16877,    -29184,    -46060,     12999,      4737,      5958,      2836,     72107,     77942,     44647,     49594
       515,     50515, 64.344747,     109.4,       2.2,     66716,     10872,     26887,       149,   7298755,   1189425,   2941473,     16311,     -4647,     -6764,    -11411,   -508392,   -740001,  -1248393,     41147,      4686,     17236,       825,     90524,     10309,     37919,      1815,     -2883,     -5660,     -8543,     -6343,    -12451,    -18794,     10872,      2638,      4686,      2134,     71363,     78127,     44031,     49690
       516,     50516, 37.929390,      44.2,         0,     62891,      7540,     23292,        59,   2779772,    333266,   1029488,      2609,     -4491,     -9891,    -14382,   -198484,   -437186,   -635671,     39124,      3316,     15589,       701,         0,         0,         0,         0,     -2640,     -7268,     -9908,         0,         0,         0,         0,      7540,         0,      3316,     67381,     77272,     41764,     49032
       517,     50517, 63.933185,      43.5,     203.0,     68057,     10011,     26338,       503,   2960463,    435486,   1145717,     21886,     -4843,     -4487,     -9330,   -210691,   -195182,   -405873,     41994,      5419,     17084,       596,   8524767,   1099998,   3468018,    121071,     -3151,     -4129,     -7280,   -639745,   -838172,  -1477918,     10011,      5173,      5419,      2969,     72900,     77387,     45145,     49274
       518,     50518, 44.004240,      49.3,         0,     66215,     12147,     24751,       398,   3264421,    598833,   1220246,     19632,     -4667,     -6070,    -10737,   -230098,   -299260,   -529358,     41110,      5661,     16373,       651,         0,         0,         0,         0,     -2850,     -5085,     -7935,         0,         0,         0,     12147,      7567,      5661,      3457,     70883,     76953,     43960,     49044
       519,     50519, 36.203703,      34.9,         0,     66863,     14011,     24269,       516,   2333532,    488973,    846983,     17995,     -5092,     -5320,    -10412,   -177713,   -185662,   -363375,     41504,      6676,     16179,       608,         0,         0,         0,         0,     -3243,     -4492,     -7735,         0,         0,         0,     14011,      8841,      6676,      3939,     71955,     77275,     44747,     49239
       520,     50520, 33.469234,      19.9,       2.2,     65251,     15271,     22393,       364,   1298503,    303883,    445621,      7244,     -4905,     -6776,    -11681,    -97618,   -134843,   -232461,     40626,      7013,     15303,       535,     89378,     15429,     33666,      1177,     -2977,     -5443,     -8419,     -6549,    -11974,    -18523,     15271,      9446,      7013,      3925,     70157,     76933,     43603,     49046
       521,     50521, 29.075305,      26.5,         0,     62386,     10274,     20892,       227,   1653223,    272268,    553629,      6006,     -4928,     -9152,    -14080,   -130584,   -242535,   -373119,     38907,      4703,     14551,       450,         0,         0,         0,         0,     -2950,     -6894,     -9844,         0,         0,         0,     10274,      9003,      4703,      3896,     67313,     76466,     41857,     48751
       522,     50522,112.081517,      43.7,         0,     63440,      8646,     21427,       125,   2772339,    377817,    936375,      5481,     -4683,     -7607,    -12290,   -204658,   -332429,   -537086,     39490,      3794,     14748,       540,         0,         0,         0,         0,     -2816,     -6058,     -8874,         0,         0,         0,      7348,      8646,      3340,      3794,     68123,     75731,     42305,     48364
       523,     50523, 53.733653,      10.1,         0,     61458,      8457,     19594,        40,    620726,     85416,    197897,       406,     -4478,    -10075,    -14553,    -45227,   -101759,   -146986,     38435,      3797,     13735,       424,         0,         0,         0,         0,     -2627,     -7288,     -9915,         0,         0,         0,         0,      8457,         0,      3797,     65936,     76011,     41062,     48350
       524,     50524, 69.285432,       1.1,         0,     60382,      7886,     17561,        29,     66420,      8674,     19317,        31,     -4470,    -10561,    -15030,     -4917,    -11617,    -16533,     37689,      3484,     12599,       274,         0,         0,         0,         0,     -2624,     -7681,    -10305,         0,         0,         0,         0,      7886,         0,      3484,     64852,     75413,     40313,     47993
       525,     50525, 65.622775,      41.0,     114.5,     66069,     15692,     21883,       440,   2708847,    643374,    897212,     18041,     -5115,     -5302,    -10417,   -209714,   -217386,   -427101,     41040,      7347,     15120,       536,   4699062,    841201,   1731266,     61398,     -3195,     -4571,     -7767,   -365857,   -523414,   -889271,     15692,      9104,      7347,      3993,     71184,     76487,     44235,     48806
       526,     50526, 34.088363,      34.1,         0,     62543,     10367,     19657,       215,   2132702,    353530,    670314,      7315,     -4928,     -8335,    -13263,   -168037,   -284240,   -452277,     38999,      4730,     13997,       367,         0,         0,         0,         0,     -2952,     -6449,     -9401,         0,         0,         0,     10367,      9036,      4730,      3912,     67470,     75806,     41952,     48401
       527,     50527, 44.813287,      17.2,      29.3,     60638,      8797,     16888,        39,   1042970,    151307,    290475,       675,     -4823,    -10077,    -14901,    -82963,   -173328,   -256290,     37984,      3882,     12531,       193,   1112921,    113756,    367166,      5642,     -2840,     -7360,    -10200,    -83208,   -215641,   -298849,         0,      8797,         0,      3882,     65461,     75538,     40824,     48183
       528,     50528, 57.432814,      13.1,         0,     60407,      8753,     16562,        32,    791328,    114665,    216966,       423,     -4820,    -10312,    -15132,    -63146,   -135082,   -198228,     37845,      3861,     12258,       174,         0,         0,         0,         0,     -2840,     -7497,    -10337,         0,         0,         0,         0,      8753,         0,      3861,     65227,     75539,     40685,     48182
       529,     50529,160.047698,      33.9,         0,     60182,         0,       473,        14,   2040183,         0,     16018,       467,     -1869,    -13136,    -15005,    -63352,   -445316,   -508669,     37077,         0,       920,        94,         0,         0,         0,         0,     -1043,     -9305,    -10349,         0,         0,         0,         0,         0,         0,         0,     62051,     75187,     38121,     47426
       530,     50530,196.936216,      25.3,         0,     59650,         0,       529,        30,   1509132,         0,     13378,       759,     -1871,    -15274,    -17145,    -47326,   -386433,   -433759,     36730,         0,       966,       137,         0,         0,         0,         0,     -1044,    -10659,    -11703,         0,         0,         0,         0,         0,         0,         0,     61520,     76794,     37774,     48433
       531,     50531,152.309496,      15.3,         0,     58892,         0,       440,        33,    901044,         0,      6736,       510,     -1738,    -13107,    -14845,    -26593,   -200535,   -227128,     36469,         0,       938,       222,         0,         0,         0,         0,      -977,     -9307,    -10284,         0,         0,         0,         0,         0,         0,         0,     60630,     73737,     37446,     46753
       532,     50532, 89.765935,      41.1,         0,     59254,         0,       449,        75,   2435335,         0,     18448,      3081,     -1737,    -13076,    -14813,    -71396,   -537407,   -608803,     36705,         0,       958,       318,         0,         0,         0,         0,      -978,     -9287,    -10264,         0,         0,         0,         0,         0,         0,         0,     60991,     74067,     37683,     46969
       533,     50533,108.571059,      88.2,      14.8,     59400,         0,       484,        89,   5239101,         0,     42665,      7872,     -1738,    -14204,    -15942,   -153273,  -1252806,  -1406080,     36799,         0,       985,       327,    544633,         0,     14571,      4834,      -978,     -9987,    -10965,    -14468,   -147807,   -162275,         0,         0,         0,         0,     61138,     75342,     37777,     47764
       534,     50534,119.100274,      67.1,      39.3,     60805,         0,       519,        66,   4080005,         0,     34800,      4405,     -2269,    -10455,    -12724,   -152250,   -701550,   -853800,     37256,         0,      1018,       246,   1464155,         0,     40003,      9654,     -1451,     -7866,     -9317,    -57009,   -309144,   -366153,         0,         0,         0,         0,     63074,     73529,     38706,     46573
       535,     50535, 91.635457,         0,         0,     61307,         0,       578,        49,         0,         0,         0,         0,     -2220,    -11534,    -13754,         0,         0,         0,     37630,         0,      1066,       151,         0,         0,         0,         0,     -1391,     -8470,     -9861,         0,         0,         0,         0,         0,         0,         0,     63527,     75061,     39021,     47491
       536,     50536, 89.202735,      17.5,         0,     61707,         0,       529,        75,   1079875,         0,      9259,      1311,     -2228,    -10799,    -13027,    -38986,   -188979,   -227965,     37960,         0,      1095,       185,         0,         0,         0,         0,     -1403,     -7991,     -9394,         0,         0,         0,         0,         0,         0,         0,     63935,     74734,     39362,     47354
       537,     50537, 80.305679,      11.1,         0,     54694,         0,       376,         5,    607108,         0,      4174,        51,     -1741,    -14802,    -16543,    -19323,   -164306,   -183630,     33873,         0,       915,        87,         0,         0,         0,         0,      -988,    -10423,    -11411,         0,         0,         0,         0,         0,         0,         0,     56435,     71238,     34861,     45284
       538,     50538, 92.189154,         0,         0,     53392,         0,       363,         5,         0,         0,         0,         0,     -1741,    -15844,    -17584,         0,         0,         0,     33021,         0,       912,        72,         0,         0,         0,         0,      -988,    -11133,    -12120,         0,         0,         0,         0,         0,         0,         0,     55132,     70976,     34008,     45141
       539,     50539, 41.130903,         0,         0,     54605,         0,       367,        66,         0,         0,         0,         0,     -1838,    -13414,    -15252,         0,         0,         0,     34095,         0,       941,       208,         0,         0,         0,         0,     -1052,     -9525,    -10577,         0,         0,         0,         0,         0,         0,         0,     56442,     69856,     35147,     44672
       540,     50540,130.579028,      80.4,       6.5,     56814,         0,       403,        89,   4567877,         0,     32417,      7179,     -1749,    -14493,    -16242,   -140630,  -1165221,  -1305852,     35413,         0,       956,       290,    230186,         0,      6216,      1887,      -998,    -10020,    -11017,     -6486,    -65127,    -71613,         0,         0,         0,         0,     58564,     73056,     36411,     46431
       541,     50541, 52.691793,      45.6,      20.0,     58004,         0,       450,       119,   2644965,         0,     20535,      5421,     -1836,    -12862,    -14698,    -83720,   -586503,   -670223,     36078,         0,       994,       375,    721551,         0,     19877,      7509,     -1039,     -9245,    -10284,    -20780,   -184896,   -205676,         0,         0,         0,         0,     59840,     72701,     37117,     46361
       542,     50542, 52.251386,      34.1,      49.3,     57952,         0,       425,        97,   1976150,         0,     14479,      3321,     -1931,    -12152,    -14083,    -65856,   -414371,   -480227,     36055,         0,      1011,       327,   1777495,         0,     49861,     16122,     -1119,     -8721,     -9841,    -55190,   -429964,   -485155,         0,         0,         0,         0,     59883,     72035,     37174,     45896
       543,     50543, 40.704872,       5.2,         0,     58629,         0,       479,       119,    304870,         0,      2489,       617,     -2102,    -12582,    -14684,    -10931,    -65428,    -76359,     36141,         0,      1042,       308,         0,         0,         0,         0,     -1281,     -9117,    -10398,         0,         0,         0,         0,         0,         0,         0,     60731,     73313,     37423,     46540
       544,     50544,104.705557,       9.2,         0,     59536,         0,       473,        85,    547729,         0,      4354,       780,     -2169,    -12189,    -14358,    -19954,   -112143,   -132096,     36747,         0,      1106,       226,         0,         0,         0,         0,     -1358,     -8837,    -10195,         0,         0,         0,         0,         0,         0,         0,     61705,     73894,     38104,     46942
       545,     50545, 83.251160,      35.2,       2.7,     55344,         0,       366,        72,   1948099,         0,     12897,      2548,     -1846,    -13793,    -15639,    -64990,   -485497,   -550487,     34715,         0,      1004,       221,     93730,         0,      2712,       598,     -1064,     -9665,    -10728,     -2872,    -26095,    -28967,         0,         0,         0,         0,     57190,     70983,     35778,     45443
       546,     50546, 67.984688,      40.5,      11.9,     55414,         0,       402,        83,   2244256,         0,     16277,      3369,     -1848,    -14838,    -16685,    -74828,   -600932,   -675761,     34761,         0,      1058,       265,    413651,         0,     12595,      3153,     -1064,    -10278,    -11342,    -12656,   -122310,   -134966,         0,         0,         0,         0,     57261,     72099,     35824,     46102
       547,     50547,240.317151,      84.5,       7.1,     51869,         0,       463,        43,   4382891,         0,     39085,      3653,     -2015,    -21144,    -23160,   -170309,  -1786686,  -1956995,     32761,         0,      1192,       170,    232601,         0,      8460,      1207,     -1169,    -13690,    -14859,     -8302,    -97198,   -105499,         0,         0,         0,         0,     53884,     75028,     33930,     47620
       548,     50548,125.518578,     329.7,     369.7,     69965,     10740,     28152,       903,  23067414,   3541022,   9281632,    297689,     -4247,     -5765,    -10012,  -1400206,  -1900764,  -3300970,     43106,      3746,     16297,      1315,  15936123,   1384735,   6025108,    486286,     -2764,     -4970,     -7733,  -1021733,  -1837313,  -2859046,     10740,         1,      3746,         9,     74212,     79977,     45869,     50839
       549,     50549,157.308826,     282.4,      42.8,     69129,     10190,     30912,      1168,  19521983,   2877780,   8729453,    329848,     -4105,     -6012,    -10116,  -1159128,  -1697756,  -2856885,     42803,      3603,     17982,      1510,   1831954,    154207,    769648,     64611,     -2532,     -5372,     -7904,   -108351,   -229930,   -338280,     10190,         3,      3603,        13,     73233,     79245,     45334,     50706
       550,     50550, 75.645829,     126.1,         0,     69950,      6928,     32334,       855,   8820710,    873568,   4077347,    107876,     -4031,     -5664,     -9694,   -508300,   -714172,  -1222473,     43328,      3196,     18954,       989,         0,         0,         0,         0,     -2517,     -5144,     -7660,         0,         0,         0,      6928,       697,      3196,      1295,     73981,     79645,     45845,     50989
       551,     50551, 76.120345,       8.6,         0,     70242,      5201,     34718,       303,    604080,     44732,    298575,      2608,     -4657,     -4429,     -9086,    -40049,    -38087,    -78137,     43265,      1825,     20311,       344,         0,         0,         0,         0,     -3091,     -4062,     -7153,         0,         0,         0,      5201,       585,      1825,      1115,     74899,     79327,     46357,     50419
       552,     50552,118.775006,      42.3,         0,     69900,      6041,     31773,       420,   2956777,    255516,   1343997,     17757,     -4720,     -4168,     -8888,   -199644,   -176327,   -375970,     43181,      2117,     19127,       491,         0,         0,         0,         0,     -3121,     -3789,     -6911,         0,         0,         0,      6041,      1164,      2117,      1532,     74620,     78788,     46302,     50091
       553,     50553,148.664847,      67.1,     327.7,     69189,       176,     19916,       795,   4642564,     11834,   1336343,     53318,     -4620,     -5025,     -9644,   -309977,   -337149,   -647126,     42868,        86,     12736,       653,  14047840,     28299,   4173425,    214126,     -2921,     -4423,     -7343,   -957210,  -1449255,  -2406465,         0,       176,         0,        86,     73808,     78833,     45789,     50211
       554,     50554,104.289295,     100.8,         0,     67001,      5909,     24533,      1170,   6753657,    595655,   2472937,    117887,     -4449,     -6875,    -11324,   -448481,   -693004,  -1141486,     41584,      2117,     14878,      1300,         0,         0,         0,         0,     -2794,     -5475,     -8269,         0,         0,         0,      5909,       472,      2117,       178,     71450,     78325,     44379,     49853
       555,     50555,124.170008,     231.9,     449.4,     65039,      3946,     21629,       901,  15082454,    915077,   5015798,    208862,     -4533,     -8651,    -13185,  -1051299,  -2006235,  -3057535,     40641,      2079,     13883,      1068,  18264024,    934286,   6239151,    479763,     -2836,     -6349,     -9185,  -1274632,  -2853086,  -4127718,      2868,      3946,      1243,      2079,     69572,     78223,     43477,     49826
       556,     50556,236.703503,     501.3,      65.5,     66266,      5409,     24876,      1012,  33219308,   2711777,  12470588,    507388,     -4405,     -6329,    -10733,  -2208067,  -3172574,  -5380642,     41303,      1990,     15591,      1338,   2705365,    130342,   1021242,     87624,     -2703,     -5409,     -8111,   -177026,   -354266,   -531292,      5409,      3054,      1866,      1990,     70671,     77000,     44006,     49415
       557,     50557, 99.682009,      93.1,     378.3,     67119,      5950,     25845,       771,   6248754,    553957,   2406195,     71802,     -4281,     -5811,    -10092,   -398569,   -541031,   -939600,     41787,      2228,     16317,      1133,  15807959,    842694,   6172660,    428540,     -2599,     -5209,     -7809,   -983314,  -1970721,  -2954035,      5950,      3076,      2163,      2228,     71400,     77211,     44386,     49596
       558,     50558,173.545012,     193.7,     260.3,     67053,      4837,     26184,       832,  12988138,    936962,   5071860,    161130,     -4751,     -5060,     -9810,   -920211,   -980036,  -1900247,     41352,      2887,     16658,       892,  10763946,    751588,   4336182,    232218,     -3064,     -4484,     -7547,   -797495,  -1167104,  -1964599,      4837,      2186,      2887,      1985,     71804,     76863,     44416,     48900
       559,     50559, 88.001392,      94.5,         0,     69559,      6559,     28188,       764,   6573367,    619819,   2663797,     72190,     -4863,     -3676,     -8538,   -459507,   -347367,   -806873,     43021,      3017,     17731,       597,         0,         0,         0,         0,     -3206,     -3505,     -6711,         0,         0,         0,      6559,      3908,      3017,      2597,     74422,     78098,     46227,     49732
       560,     50560, 98.038971,      90.4,     143.6,     67874,      6693,     24229,       763,   6135828,    605057,   2190311,     69020,     -5022,     -3922,     -8944,   -454023,   -354522,   -808545,     42137,      3802,     16046,       816,   6050883,    545959,   2304156,    117128,     -3274,     -3575,     -6849,   -470144,   -513422,   -983566,      6693,      6459,      3802,      3355,     72897,     76818,     45411,     48986
       561,     50561, 23.888206,      23.6,      12.8,     70095,      9073,     28824,       551,   1654249,    214112,    680245,     12997,     -4846,     -3486,     -8332,   -114363,    -82270,   -196632,     43387,      4122,     18102,       550,    555359,     52759,    231706,      7041,     -3197,     -3366,     -6563,    -40923,    -43089,    -84012,      9073,      3155,      4122,      2526,     74941,     78427,     46585,     49951
       562,     50562, 15.235790,      15.9,      25.4,     68606,      9448,     24467,       651,   1090840,    150224,    389022,     10346,     -5001,     -3575,     -8576,    -79518,    -56848,   -136366,     42552,      4957,     16222,       698,   1080826,    125905,    412034,     17736,     -3277,     -3390,     -6667,    -83227,    -86107,   -169334,      9448,      6242,      4957,      3331,     73607,     77183,     45829,     49219
       563,     50563,177.799311,     164.4,      30.8,     67128,      1377,     15859,       443,  11035885,    226435,   2607281,     72908,     -5029,     -5631,    -10660,   -826783,   -925783,  -1752565,     41723,       244,     11277,       334,   1285077,      7529,    347342,     10290,     -3127,     -4721,     -7847,    -96308,   -145395,   -241703,         0,      1377,         0,       244,     72157,     77789,     44850,     49571
       564,     50564,102.384789,     140.1,         0,     64912,      3988,     19016,       697,   9094159,    558775,   2664163,     97712,     -4777,     -8655,    -13432,   -669316,  -1212542,  -1881858,     40609,      2102,     13029,       772,         0,         0,         0,         0,     -2958,     -6351,     -9309,         0,         0,         0,         0,      3988,         0,      2102,     69689,     78344,     43567,     49918
       565,     50565,161.792445,     169.1,      15.9,     64550,      6877,     20292,       423,  10915434,   1162966,   3431321,     71587,     -4596,     -8335,    -12931,   -777151,  -1409501,  -2186652,     40377,      3208,     13937,       843,    641986,     51009,    221599,     13410,     -2740,     -6498,     -9238,    -43567,   -103324,   -146891,      1158,      6877,       615,      3208,     69146,     77481,     43117,     49615
       566,     50566,102.816615,     105.6,         0,     63939,      6586,     19760,       297,   6751939,    695508,   2086610,     31366,     -4626,     -6855,    -11481,   -488536,   -723861,  -1212397,     39875,      3076,     13950,       754,         0,         0,         0,         0,     -2762,     -5510,     -8273,         0,         0,         0,      2201,      6586,      1637,      3076,     68565,     75420,     42637,     48148
       567,     50567,102.758262,     121.9,       9.9,     65588,      7469,     19684,       236,   7995131,    910459,   2399430,     28793,     -5127,     -4382,     -9509,   -624957,   -534227,  -1159184,     40733,      3712,     13999,       781,    403254,     36747,    138590,      7732,     -3287,     -4022,     -7309,    -32541,    -39819,    -72360,      5192,      7469,      3015,      3712,     70714,     75097,     44020,     48042
       568,     50568, 97.646566,      94.3,      17.0,     66769,      8543,     19576,       244,   6296287,    805619,   1846004,     23006,     -5189,     -3442,     -8631,   -489296,   -324612,   -813907,     41523,      4677,     14021,       727,    705896,     79505,    238351,     12365,     -3333,     -3357,     -6690,    -56654,    -57074,   -113729,      8543,      7193,      4677,      3502,     71957,     75400,     44856,     48213
       569,     50569,148.461639,     126.4,      10.4,     66742,      8199,     19251,       283,   8436165,   1036352,   2433272,     35833,     -5197,     -3530,     -8727,   -656845,   -446215,  -1103061,     41470,      4448,     13922,       582,    431287,     46261,    144790,      6050,     -3341,     -3476,     -6817,    -34746,    -36154,    -70899,      8199,      7496,      4448,      3639,     71938,     75469,     44811,     48287
       570,     50570, 66.266187,     123.5,         0,     61021,      4646,     15703,        22,   7536079,    573737,   1939362,      2763,     -4628,     -7189,    -11817,   -571597,   -887795,  -1459392,     38225,      2213,     12284,       490,         0,         0,         0,         0,     -2747,     -5709,     -8456,         0,         0,         0,      1782,      4646,      1433,      2213,     65649,     72838,     40972,     46681
       571,     50571, 57.678100,      62.2,       6.8,     61077,      5804,     15652,        34,   3798988,    361016,    973569,      2098,     -5374,     -7282,    -12656,   -334263,   -452967,   -787230,     38239,      3184,     12262,       600,    260026,     21652,     83384,      4078,     -3351,     -5570,     -8921,    -22786,    -37875,    -60661,      5804,      5186,      3184,      2367,     66451,     73733,     41590,     47160
       572,     50572, 87.564471,     101.5,       4.5,     64464,      9215,     15523,        45,   6543117,    935280,   1575610,      4544,     -5340,     -3924,     -9264,   -542056,   -398283,   -940340,     40146,      4713,     12199,       648,    180657,     21210,     54896,      2916,     -3368,     -3730,     -7098,    -15157,    -16784,    -31941,      9215,      7084,      4713,      3435,     69805,     73729,     43514,     47244
       573,     50573,100.170831,      89.9,       8.7,     64057,      8762,     14572,        53,   5758702,    787719,   1310041,      4759,     -5355,     -4008,     -9364,   -481436,   -360349,   -841784,     39872,      4661,     11714,       431,    346884,     40551,    101910,      3750,     -3378,     -3871,     -7248,    -29386,    -33675,    -63061,      8762,      7077,      4661,      3534,     69412,     73420,     43249,     47120
       574,     50574,146.004382,         0,         0,     59252,      4847,     12503,         7,         0,         0,         0,         0,     -4972,     -7648,    -12620,         0,         0,         0,     37215,      2202,     10859,       259,         0,         0,         0,         0,     -3053,     -5928,     -8980,         0,         0,         0,      2623,      4847,       830,      2202,     64223,     71871,     40268,     46196
       575,     50575,170.151255,      60.9,         0,     60469,      6023,     12261,        66,   3682567,    366821,    746694,      4002,     -5373,     -5370,    -10743,   -327200,   -327036,   -654236,     37870,      3385,     10622,       380,         0,         0,         0,         0,     -3351,     -4564,     -7915,         0,         0,         0,      6023,      5143,      3385,      2442,     65842,     71212,     41221,     45785
       576,     50576,262.161697,      89.6,      64.9,     60684,      7843,     10297,       110,   5437294,    702738,    922591,      9821,     -5429,     -4524,     -9952,   -486396,   -405314,   -891710,     38045,      3402,      9392,       282,   2469114,    220780,    609537,     18296,     -3387,     -4040,     -7427,   -219835,   -262165,   -481999,      7843,      5415,      3402,      2614,     66113,     70636,     41432,     45472
       577,     50577, 64.200621,      48.5,      19.6,     55466,      7897,     11162,        93,   2690124,    383016,    541373,      4523,     -4880,     -9610,    -14490,   -236678,   -466063,   -702742,     34662,      3626,      9848,       265,    679380,     71072,    193027,      5186,     -2911,     -7430,    -10340,    -57055,   -145618,   -202673,      4404,      7897,      1868,      3626,     60346,     69956,     37573,     45003
       578,     50578, 78.178084,      52.0,         0,     57687,      5027,      8455,       142,   2999704,    261411,    439637,      7386,     -5413,     -5865,    -11278,   -281484,   -304984,   -586468,     36198,      2587,      8289,       199,         0,         0,         0,         0,     -3378,     -4944,     -8322,         0,         0,         0,      2520,      5027,      1303,      2587,     63100,     68965,     39576,     44520
       579,     50579, 43.956838,      28.6,         0,     50336,      3034,      7216,       225,   1439612,     86761,    206384,      6442,     -5376,    -12548,    -17924,   -153759,   -358876,   -512634,     31830,      2061,      7466,       158,         0,         0,         0,         0,     -3333,     -8862,    -12195,         0,         0,         0,      3034,      2332,      2061,      1419,     55712,     68260,     35163,     44025
       580,     50580,125.185060,      68.7,         0,     55878,      2589,      7244,        49,   3838816,    177850,    497682,      3394,     -6107,    -13626,    -19733,   -419542,   -936089,  -1355632,     35559,      1129,      7350,       140,         0,         0,         0,         0,     -3660,     -9021,    -12681,         0,         0,         0,         0,      2589,         0,      1129,     61985,     75611,     39219,     48240
       581,     50581,198.163835,     161.5,     143.3,     53011,      3995,      8058,       853,   8561281,    645190,   1301436,    137685,     -5989,    -17229,    -23218,   -967209,  -2782513,  -3749722,     34002,      2724,      8196,       542,   4872421,    390350,   1174437,     77733,     -3559,    -11069,    -14628,   -509945,  -1586213,  -2096158,      3995,      1841,      2724,       954,     59000,     76229,     37560,     48629
       582,     50582, 84.930786,      22.2,    1741.4,     56294,      3498,      8337,      2340,   1249734,     77650,    185076,     51939,     -4927,     -8264,    -13191,   -109382,   -183461,   -292844,     36799,      2463,      8465,       415,  64082443,   4288353,  14740121,    722937,     -2878,     -6280,     -9158,  -5011719, -10936511, -15948230,      2742,      3498,      2463,      1668,     61221,     69485,     39677,     45958
       583,     50583,115.905373,      10.2,         0,     54160,      3626,      8741,      1499,    552434,     36986,     89157,     15285,     -4913,     -7640,    -12553,    -50108,    -77931,   -128039,     34369,      1913,      8648,       356,         0,         0,         0,         0,     -3001,     -6061,     -9062,         0,         0,         0,      2085,      3626,       873,      1913,     59073,     66713,     37370,     43431
       584,     50584, 77.045110,      41.3,         0,     58502,      5186,      8720,       130,   2416137,    214173,    360121,      5370,     -5444,     -4651,    -10095,   -224824,   -192100,   -416924,     36874,      2913,      8598,       373,         0,         0,         0,         0,     -3386,     -4073,     -7458,         0,         0,         0,      5186,      5180,      2913,      2560,     63946,     68597,     40259,     44332
       585,     50585, 45.525394,       3.5,         0,     55943,      2601,      6782,        31,    195800,      9102,     23736,       109,     -6117,    -12562,    -18679,    -21408,    -43968,    -65376,     35556,      1167,      6966,       109,         0,         0,         0,         0,     -3675,     -8433,    -12108,         0,         0,         0,         0,      2601,         0,      1167,     62059,     74622,     39231,     47665
       586,     50586,160.175982,       4.3,         0,     52819,      2196,      6474,       129,    227121,      9444,     27838,       557,     -6119,    -13724,    -19843,    -26313,    -59014,    -85327,     33473,      1101,      6760,       291,         0,         0,         0,         0,     -3695,     -9422,    -13117,         0,         0,         0,         0,      2196,         0,      1101,     58938,     72662,     37169,     46590
       587,     50587, 63.466050,     120.9,      10.0,     53760,      3515,      7418,       584,   6499549,    424972,    896883,     70558,     -5999,    -15566,    -21565,   -725252,  -1881957,  -2607208,     34454,      2433,      7656,       780,    344544,     24330,     76560,      7801,     -3562,    -10069,    -13631,    -35622,   -100690,   -136312,      3515,      2234,      2433,      1523,     59758,     75325,     38017,     48086
       588,     50588, 80.518913,     134.5,     153.7,     52056,      5721,      7248,      2234,   7001530,    769411,    974855,    300407,     -4901,    -12326,    -17227,   -659183,  -1657881,  -2317064,     33519,      3534,      7562,       983,   5151890,    543178,   1162226,    151031,     -2899,     -9014,    -11912,   -445505,  -1385421,  -1830925,      5721,      2592,      3534,      1507,     56957,     69283,     36418,     45431
       589,     50589, 39.088203,      72.7,      21.3,     53401,      5472,      7709,      2629,   3882236,    397824,    560459,    191152,     -4919,    -12299,    -17218,   -357633,   -894103,  -1251736,     34328,      3335,      7991,       800,    731195,     71031,    170216,     17047,     -2911,     -8936,    -11847,    -61998,   -190341,   -252339,      5472,      2466,      3335,      1451,     58320,     70619,     37239,     46175
       590,     50590,120.185094,     130.5,     326.9,     50606,      5207,      7432,      2514,   6604052,    679494,    969935,    328067,     -5064,     -7438,    -12502,   -660839,   -970665,  -1631504,     32372,      3376,      7768,       750,  10582511,   1103540,   2539348,    245125,     -3028,     -5741,     -8769,   -989756,  -1876789,  -2866546,      5207,      3570,      3376,      1635,     55670,     63108,     35400,     41141
       591,     50591,104.014042,      58.1,      17.6,     55519,      4320,      7469,      1301,   3225645,    250978,    433926,     75577,     -5423,     -5460,    -10882,   -315051,   -317209,   -632260,     35251,      3083,      7768,       682,    620425,     54265,    136721,     11997,     -3363,     -4469,     -7832,    -59194,    -78652,   -137846,      3845,      4320,      3083,      2089,     60941,     66401,     38615,     43084
       592,     50592, 56.052048,      60.5,         0,     54491,      6376,      6960,       869,   3296709,    385766,    421066,     52582,     -5398,     -4839,    -10238,   -326598,   -292776,   -619374,     34547,      3967,      7295,       826,         0,         0,         0,         0,     -3352,     -4260,     -7612,         0,         0,         0,      6376,      3927,      3967,      2122,     59889,     64729,     37898,     42159
       593,     50593,156.519550,     192.3,      17.1,     57752,      7562,      7492,       410,  11105666,   1454158,   1440668,     78785,     -5434,     -4512,     -9946,  -1044959,   -867721,  -1912680,     36499,      3863,      7739,       488,    624139,     66053,    132331,      8340,     -3377,     -3963,     -7340,    -57754,    -67763,   -125517,      7562,      4570,      3863,      2289,     63186,     67698,     39877,     43840
       594,     50594,238.428027,       6.5,     196.7,     56927,      6306,      7154,       543,    370028,     40987,     46502,      3529,     -5428,     -5219,    -10647,    -35283,    -33921,    -69205,     35836,      3661,      7451,       482,   7048915,    720151,   1465594,     94762,     -3380,     -4542,     -7922,   -664903,   -893398,  -1558301,      6306,      4631,      3661,      2248,     62356,     67574,     39216,     43758
       595,     50595,105.506175,       9.0,         0,     52067,      3756,      5847,       597,    468602,     33805,     52620,      5375,     -5399,     -8595,    -13994,    -48590,    -77353,   -125943,     32900,      1757,      6379,       337,         0,         0,         0,         0,     -3353,     -6619,     -9971,         0,         0,         0,      1511,      3756,      1403,      1757,     57466,     66061,     36252,     42871
       596,     50596, 59.748124,      10.0,         0,     50009,      2361,      5406,       204,    500094,     23612,     54059,      2041,     -5371,    -11062,    -16433,    -53714,   -110615,   -164329,     31602,      1464,      6048,       154,         0,         0,         0,         0,     -3329,     -8135,    -11464,         0,         0,         0,      1633,      2361,      1464,      1295,     55381,     66442,     34931,     43066
       597,     50597,324.281490,     354.3,     273.2,     48805,      3284,      6576,       497,  17291752,   1163417,   2329897,    176254,     -5411,    -16437,    -21849,  -1917128,  -5823805,  -7740932,     31494,      2207,      6943,       741,   8604184,    603088,   1896725,    202573,     -3228,    -10866,    -14093,   -881795,  -2968510,  -3850305,      3284,      1693,      2207,       791,     54216,     70654,     34722,     45587
       598,     50598,120.001380,     160.3,     116.2,     49938,      5095,      6560,       832,   8005065,    816678,   1051497,    133407,     -5214,    -12337,    -17552,   -835864,  -1977667,  -2813531,     32207,      3329,      6923,       938,   3742430,    386802,    804400,    109003,     -3063,     -9080,    -12143,   -355945,  -1055115,  -1411060,      5095,      2488,      3329,      1396,     55152,     67490,     35270,     44350
       599,     50599,120.063034,     143.0,     194.9,     50266,      5369,      6583,      1020,   7188023,    767801,    941364,    145842,     -4999,     -9787,    -14786,   -714832,  -1399512,  -2114344,     32246,      3635,      6930,       905,   6284758,    708368,   1350567,    176421,     -2962,     -7427,    -10389,   -577245,  -1447481,  -2024726,      5369,      2648,      3635,      1476,     55265,     65052,     35208,     42635
       600,     50600,121.307442,     137.2,      34.9,     52410,      4970,      6462,       683,   7190685,    681889,    886613,     93735,     -5365,     -6529,    -11894,   -736031,   -895796,  -1631828,     33331,      3430,      6772,      1036,   1163238,    119704,    236333,     36146,     -3325,     -5165,     -8490,   -116037,   -180275,   -296313,      4970,      3481,      3430,      1669,     57775,     64304,     36655,     41821
       601,     50601,126.447843,     195.2,     255.0,     54810,      5271,      6252,       660,  10698996,   1028916,   1220373,    128844,     -5403,     -4040,     -9443,  -1054653,   -788543,  -1843196,     34703,      3567,      6506,      1023,   8849180,    909516,   1658930,    260929,     -3356,     -3828,     -7185,   -855816,   -976262,  -1832078,      5271,      4570,      3567,      1927,     60213,     64253,     38059,     41887
       602,     50602,239.585572,     361.0,     592.5,     52345,      4085,      5817,       865,  18896497,   1474844,   2099972,    312355,     -5402,     -6296,    -11697,  -1949967,  -2272726,  -4222693,     33102,      2978,      6085,       930,  19612939,   1764634,   3605067,    550748,     -3354,     -5283,     -8636,  -1987104,  -3129887,  -5116991,      4085,      3777,      2978,      1660,     57746,     64042,     36456,     41738
       603,     50603, 12.954775,      23.2,         0,     47654,      2489,      6213,       455,   1105576,     57752,    144136,     10566,     -5176,    -13401,    -18577,   -120082,   -310908,   -430989,     30746,      1589,      6477,       612,         0,         0,         0,         0,     -3024,     -9744,    -12769,         0,         0,         0,      2489,      2192,      1589,      1330,     52830,     66231,     33770,     43515
       604,     50604, 50.063291,      77.4,      10.9,     46788,      2800,      6117,       370,   3621373,    216711,    473486,     28619,     -5279,    -13694,    -18973,   -408578,  -1059940,  -1468518,     30226,      2123,      6369,       561,    329466,     23139,     69418,      6120,     -3096,     -9971,    -13067,    -33751,   -108679,   -142430,      2800,      2370,      2123,      1533,     52067,     65761,     33323,     43293
       605,     50605, 65.282860,      90.5,       8.7,     48206,      2800,      6146,       371,   4362632,    253355,    556241,     33593,     -5182,     -9303,    -14485,   -468949,   -841943,  -1310892,     30908,      1448,      6360,       754,    268903,     12593,     55336,      6564,     -3150,     -6680,     -9830,    -27404,    -58113,    -85518,      2800,      2324,      1448,      1420,     53388,     62691,     34058,     40738
       606,     50606, 45.971901,      20.7,       1.4,     47128,      2819,      5736,        99,    975559,     58346,    118729,      2051,     -5244,     -7651,    -12895,   -108551,   -158366,   -266917,     30159,      1455,      5783,       534,     42222,      2037,      8096,       747,     -3249,     -6008,     -9257,     -4549,     -8411,    -12959,      1678,      2819,      1198,      1455,     52372,     60023,     33408,     39415
       607,     50607,283.452567,     435.5,      40.2,     50480,      2603,      5817,       276,  21984143,   1133704,   2533302,    120329,     -5542,     -5986,    -11528,  -2413563,  -2607005,  -5020568,     32082,      1203,      5862,       765,   1289691,     48360,    235657,     30745,     -3428,     -5026,     -8454,   -137790,   -202047,   -339838,      2603,      1840,      1203,      1010,     56022,     62009,     35509,     40536
       608,     50608,400.292113,     504.7,      45.5,     49577,      2301,      5038,       575,  25021514,   1161497,   2542543,    290110,     -5564,     -6789,    -12353,  -2808272,  -3426261,  -6234533,     31387,      1764,      5233,       820,   1428094,     80279,    238080,     37294,     -3447,     -5667,     -9114,   -156851,   -257852,   -414702,      2276,      2301,      1764,      1182,     55141,     61930,     34834,     40501
       609,     50609,285.760959,      11.5,     285.2,     46788,      1175,      4016,       303,    538066,     13515,     46189,      3488,     -5313,     -9035,    -14348,    -61103,   -103897,   -164999,     29600,       661,      4337,        67,   8441995,    188579,   1236902,     19017,     -3287,     -7128,    -10414,   -937314,  -2032871,  -2970185,       608,      1175,       661,       277,     52102,     61136,     32887,     40015
       610,     50610, 52.394740,      21.8,      13.6,     48326,      2205,      4305,       317,   1053501,     48074,     93857,      6904,     -5344,     -9616,    -14960,   -116499,   -209628,   -326127,     30533,      1304,      4776,        49,    415248,     17733,     64948,       664,     -3306,     -7437,    -10743,    -44959,   -101146,   -146105,      1113,      2205,      1054,      1304,     53670,     63286,     33839,     41276
       611,     50611,261.446492,       7.9,         0,     49481,        25,       990,         7,    390900,       200,      7818,        53,     -5933,     -9588,    -15521,    -46870,    -75747,   -122617,     31342,        22,      2062,        42,         0,         0,         0,         0,     -3508,     -6948,    -10456,         0,         0,         0,         0,        25,         0,        22,     55414,     65002,     34850,     41798
       612,     50612,137.196025,      61.4,      12.2,     49366,        25,      1615,        50,   3031094,      1517,     99177,      3081,     -5933,    -11250,    -17183,   -364288,   -690765,  -1055053,     31268,        21,      2503,       267,    381469,       260,     30534,      3253,     -3509,     -8020,    -11529,    -42804,    -97847,   -140651,         0,        25,         0,        21,     55299,     66550,     34776,     42797
       613,     50613, 90.354967,         0,         0,     50490,        36,      1591,       135,         0,         0,         0,         0,     -5994,     -8850,    -14845,         0,         0,         0,     31976,        27,      2460,       403,         0,         0,         0,         0,     -3571,     -6543,    -10114,         0,         0,         0,         0,        36,         0,        27,     56485,     65335,     35547,     42090
       614,     50614, 67.431868,      81.4,       3.4,     54938,        63,      2147,       166,   4471966,      5140,    174804,     13485,     -6034,     -7734,    -13768,   -491145,   -629552,  -1120697,     34827,        42,      2909,       475,    118413,       142,      9890,      1614,     -3600,     -5723,     -9323,    -12240,    -19459,    -31699,         0,        63,         0,        42,     60972,     68706,     38427,     44150
       615,     50615, 79.293089,     101.6,       2.9,     54138,       133,      2030,       296,   5500383,     13473,    206247,     30111,     -6117,     -6845,    -12963,   -621524,   -695499,  -1317024,     34266,        44,      2747,       598,     99371,       127,      7966,      1735,     -3686,     -5261,     -8947,    -10689,    -15257,    -25946,         0,       133,         0,        44,     60255,     67100,     37952,     43213
       616,     50616, 93.930454,      61.0,         0,     55941,        50,      2840,       108,   3412412,      3048,    173262,      6615,     -6121,     -8556,    -14677,   -373376,   -521943,   -895320,     35382,        12,      3586,       361,         0,         0,         0,         0,     -3695,     -6192,     -9887,         0,         0,         0,         0,        50,         0,        12,     62062,     70619,     39078,     45269
       617,     50617,105.608963,     119.5,      85.3,     55238,        69,      2507,       307,   6600938,      8250,    299592,     36632,     -6111,     -7209,    -13320,   -730277,   -861513,  -1591790,     34947,        44,      3193,       601,   2980947,      3731,    272346,     51265,     -3685,     -5475,     -9160,   -314299,   -467037,   -781337,         0,        69,         0,        44,     61349,     68558,     38631,     44106
       618,     50618,149.312869,      99.9,      19.5,     57761,        96,      3097,       265,   5770320,      9569,    309355,     26430,     -6128,     -5939,    -12067,   -612190,   -593322,  -1205512,     36468,        18,      3778,       453,    711119,       342,     73669,      8832,     -3703,     -4673,     -8376,    -72210,    -91119,   -163329,         0,        96,         0,        18,     63889,     69828,     40171,     44843
       619,     50619,268.440791,     132.6,      59.3,     62786,      1654,      6269,       216,   8325424,    219376,    831210,     28589,     -5732,     -6385,    -12117,   -760051,   -846716,  -1606767,     39343,       234,      6409,       151,   2333055,     13883,    380066,      8947,     -3503,     -4961,     -8464,   -207707,   -294206,   -501913,         0,      1654,         0,       234,     68518,     74903,     42846,     47807
       620,     50620,125.982058,       1.3,     156.3,     61926,      1582,      7443,       216,     80504,      2057,      9676,       280,     -5769,     -8022,    -13791,     -7500,    -10428,    -17928,     38805,       219,      7346,       135,   6065244,     34215,   1148138,     21074,     -3512,     -5972,     -9484,   -548919,   -933467,  -1482386,         0,      1582,         0,       219,     67695,     75717,     42317,     48289
       621,     50621,280.644244,       1.0,         0,     61443,      1540,      6319,       295,     61443,      1540,      6319,       295,     -5783,     -5692,    -11475,     -5783,     -5692,    -11475,     38501,       210,      6575,       112,         0,         0,         0,         0,     -3513,     -4701,     -8214,         0,         0,         0,         0,      1540,         0,       210,     67226,     72918,     42014,     46715
       622,     50622,237.978819,      26.4,     143.2,     58206,      1835,      5769,       143,   1536628,     48456,    152313,      3780,     -6152,     -8949,    -15101,   -162408,   -236258,   -398666,     36747,      1032,      6205,        64,   5262163,    147723,    888585,      9225,     -3723,     -6453,    -10176,   -533175,   -924073,  -1457248,         0,      1835,         0,      1032,     64357,     73307,     40470,     46923
       623,     50623,352.442259,      29.6,         0,     58109,      1827,      5036,       144,   1720029,     54090,    149073,      4264,     -6151,     -7456,    -13606,   -182057,   -220688,   -402746,     36685,      1028,      5675,        86,         0,         0,         0,         0,     -3724,     -5609,     -9332,         0,         0,         0,         0,      1827,         0,      1028,     64260,     71715,     40409,     46017
       624,     50624, 53.544531,      54.7,     156.4,     55073,       143,      2365,       330,   3012495,      7806,    129356,     18059,     -6129,     -5854,    -11983,   -335279,   -320216,   -655495,     34825,        14,      3010,       655,   5446566,      2126,    470810,    102382,     -3703,     -4709,     -8412,   -579159,   -736512,  -1315671,         0,       143,         0,        14,     61202,     67056,     38528,     43237
       625,     50625,144.051004,      66.8,      59.8,     57860,       212,      3138,       261,   3865034,     14139,    209632,     17466,     -6244,     -4998,    -11242,   -417095,   -333889,   -750984,     36521,        20,      3769,       363,   2183941,      1191,    225369,     21706,     -3777,     -4164,     -7942,   -225876,   -249027,   -474902,         0,       212,         0,        20,     64104,     69102,     40298,     44462
       626,     50626, 85.625455,      27.3,       2.7,     58561,       244,      3658,        89,   1598724,      6664,     99853,      2420,     -6253,     -5117,    -11369,   -170700,   -139681,   -310381,     36930,        22,      4259,       187,     99712,        59,     11499,       505,     -3781,     -4261,     -8042,    -10208,    -11506,    -21713,         0,       244,         0,        22,     64814,     69931,     40711,     44972
       627,     50627,294.790524,      21.6,         0,     51546,       132,      4684,        25,   1113387,      2859,    101175,       534,     -6271,    -12143,    -18414,   -135445,   -262293,   -397738,     32521,        12,      5253,        72,         0,         0,         0,         0,     -3809,     -8617,    -12425,         0,         0,         0,         0,       132,         0,        12,     57816,     69959,     36329,     44946
       628,     50628,323.242314,         0,         0,     49048,        29,       943,         1,         0,         0,         0,         0,     -6069,     -7739,    -13809,         0,         0,         0,     30970,        24,      1996,         5,         0,         0,         0,         0,     -3657,     -5898,     -9555,         0,         0,         0,         0,        29,         0,        24,     55117,     62857,     34626,     40524
       629,     50629,148.428136,         0,         0,     48001,        24,      1250,        32,         0,         0,         0,         0,     -6067,     -8782,    -14849,         0,         0,         0,     30283,        21,      2230,       262,         0,         0,         0,         0,     -3656,     -6619,    -10275,         0,         0,         0,         0,        24,         0,        21,     54068,     62850,     33939,     40558
       630,     50630,140.515187,     136.6,      27.2,     51567,        70,      1767,       193,   7044090,      9500,    241356,     26383,     -6095,     -7376,    -13471,   -832585,  -1007514,  -1840100,     32608,        33,      2540,       517,    886940,       886,     69096,     14058,     -3674,     -5680,     -9354,    -99943,   -154484,   -254427,         0,        70,         0,        33,     57662,     65038,     36282,     41962
       631,     50631,184.495970,     153.2,       6.2,     49596,        32,      1580,        40,   7598060,      4944,    242054,      6118,     -6084,     -7468,    -13552,   -932075,  -1144084,  -2076158,     31340,        26,      2406,       442,    194308,       160,     14917,      2740,     -3669,     -5833,     -9502,    -22747,    -36164,    -58911,         0,        32,         0,        26,     55680,     63148,     35009,     40842
       632,     50632,115.588133,      92.0,         0,     51640,        71,      2155,       172,   4750926,      6551,    198261,     15836,     -6103,     -7447,    -13551,   -561487,   -685169,  -1246656,     32645,        33,      2814,       506,         0,         0,         0,         0,     -3684,     -5801,     -9484,         0,         0,         0,         0,        71,         0,        33,     57744,     65191,     36329,     42130
       633,     50633,138.230013,      53.8,       5.5,     55648,       162,      2504,       138,   2993878,      8728,    134703,      7443,     -6362,     -5075,    -11437,   -342299,   -273030,   -615329,     35057,        15,      3106,       328,    192812,        85,     17083,      1803,     -3875,     -4377,     -8252,    -21311,    -24072,    -45384,         0,       162,         0,        15,     62011,     67086,     38931,     43308
       634,     50634,358.795941,      14.0,       2.0,     54397,       127,      3050,        18,    761555,      1773,     42694,       247,     -6360,     -6533,    -12893,    -89038,    -91464,   -180501,     34283,        12,      3602,       107,     68565,        24,      7204,       215,     -3868,     -5264,     -9132,     -7736,    -10527,    -18264,         0,       127,         0,        12,     60757,     67290,     38151,     43414
       635,     50635,321.468781,      16.6,      12.9,     49315,       196,      4399,        14,    818622,      3257,     73016,       241,     -6236,    -12180,    -18416,   -103524,   -202184,   -305709,     31239,        18,      4883,        41,    402982,       237,     62989,       527,     -3766,     -8672,    -12438,    -48580,   -111865,   -160444,         0,       196,         0,        18,     55551,     67731,     35005,     43676
       636,     50636, 89.313919,         0,         0,     45679,         0,      1105,        13,         0,         0,         0,         0,     -6041,     -8346,    -14387,         0,         0,         0,     28819,         0,      2113,       214,         0,         0,         0,         0,     -3632,     -6430,    -10062,         0,         0,         0,         0,         0,         0,         0,     51720,     60066,     32451,     38881
       637,     50637, 67.097735,      26.4,         0,     45315,         0,      1213,        67,   1196328,         0,     32034,      1775,     -6415,    -10194,    -16609,   -169352,   -269115,   -438467,     28577,         0,      2138,       251,         0,         0,         0,         0,     -3864,     -7614,    -11478,         0,         0,         0,         0,         0,         0,         0,     51730,     61924,     32441,     40055
       638,     50638,135.422979,      64.4,      12.4,     50462,        49,      1428,       112,   3249747,      3139,     91992,      7211,     -6476,     -6441,    -12917,   -417076,   -414781,   -831857,     31849,        29,      2267,       284,    394933,       358,     28106,      3524,     -3925,     -5216,     -9142,    -48676,    -64683,   -113359,         0,        49,         0,        29,     56938,     63379,     35775,     40991
       639,     50639, 69.413792,      47.9,         0,     50715,        54,      1819,        67,   2429231,      2565,     87140,      3228,     -6478,     -7896,    -14374,   -310277,   -378235,   -688512,     32013,        30,      2577,       365,         0,         0,         0,         0,     -3927,     -6102,    -10029,         0,         0,         0,         0,        54,         0,        30,     57192,     65089,     35940,     42043
       640,     50640,160.887363,      81.0,      97.6,     50473,        48,      1447,       111,   4088337,      3906,    117238,      9021,     -6527,     -5836,    -12363,   -528713,   -472730,  -1001443,     31926,        29,      2253,       191,   3115943,      2809,    219893,     18598,     -3954,     -4782,     -8736,   -385914,   -466711,   -852625,         0,        48,         0,        29,     57001,     62837,     35880,     40662
       641,     50641,666.215436,      32.9,       5.6,     45942,        33,      2294,        31,   1511500,      1072,     75480,      1015,     -6207,    -10526,    -16733,   -204210,   -346316,   -550527,     29107,        26,      2926,        60,    163000,       145,     16383,       338,     -3749,     -7815,    -11564,    -20997,    -43763,    -64760,         0,        33,         0,        26,     52149,     62676,     32857,     40671
       642,     50642,620.366019,      24.9,       6.3,     46179,        94,      3547,        10,   1149862,      2339,     88318,       238,     -6208,    -12305,    -18513,   -154586,   -306386,   -460972,     29350,         5,      4005,        29,    184904,        32,     25234,       183,     -3751,     -8817,    -12567,    -23629,    -55544,    -79173,         0,        94,         0,         5,     52388,     64692,     33100,     41917
       643,     50643,614.915831,         0,      10.0,     39648,         0,       250,        10,         0,         0,         0,         0,     -6838,     -9373,    -16211,         0,         0,         0,     24963,         0,       659,         0,    249632,         0,      6595,         0,     -4129,     -7006,    -11135,    -41292,    -70057,   -111349,         0,         0,         0,         0,     46486,     55859,     29092,     36098
       644,     50644,359.691865,      76.5,         0,     44128,         0,       615,         0,   3375807,         0,     47027,         0,     -6569,     -8471,    -15040,   -502520,   -648021,  -1150541,     27834,         0,      1444,        77,         0,         0,         0,         0,     -3960,     -6442,    -10402,         0,         0,         0,         0,         0,         0,         0,     50697,     59168,     31795,     38237
       645,     50645,253.187530,         0,         0,     39567,         0,       280,        10,         0,         0,         0,         0,     -6838,     -9835,    -16673,         0,         0,         0,     24912,         0,       721,         0,         0,         0,         0,         0,     -4129,     -7334,    -11462,         0,         0,         0,         0,         0,         0,         0,     46406,     56241,     29041,     36375
       646,     50646, 64.024858,      11.0,         0,     40022,       706,      1397,        77,    440237,      7762,     15363,       844,     -5490,     -5251,    -10741,    -60387,    -57763,   -118150,     25467,       173,      2080,       138,         0,         0,         0,         0,     -3336,     -4742,     -8078,         0,         0,         0,         0,       706,         0,       173,     45511,     50762,     28803,     33545
       647,     50647, 42.457196,      16.3,       3.5,     42040,       835,      1376,        50,    685245,     13603,     22431,       814,     -5543,     -3822,     -9365,    -90347,    -62302,   -152649,     26682,       198,      2065,       159,     93388,       693,      7226,       557,     -3400,     -3906,     -7306,    -11901,    -13672,    -25573,         0,       835,         0,       198,     47582,     51405,     30083,     33989
       648,     50648, 83.307907,      25.3,         0,     39893,       702,      1058,        24,   1009293,     17770,     26777,       604,     -5532,     -5049,    -10581,   -139960,   -127749,   -267709,     25369,       172,      1803,       209,         0,         0,         0,         0,     -3363,     -4651,     -8014,         0,         0,         0,         0,       702,         0,       172,     45425,     50474,     28732,     33383
       649,     50649,109.820957,      60.3,       9.5,     38848,       639,       721,        40,   2342516,     38560,     43472,      2426,     -5519,     -4491,    -10010,   -332812,   -270784,   -603596,     24750,       160,      1533,       231,    235127,      1522,     14564,      2193,     -3339,     -4279,     -7618,    -31720,    -40648,    -72368,         0,       639,         0,       160,     44367,     48858,     28089,     32368
       650,     50650,133.602837,      59.8,       9.9,     37829,       583,       652,        37,   2262185,     34858,     38993,      2239,     -5516,     -5383,    -10899,   -329869,   -321893,   -651762,     24118,       152,      1449,       316,    238764,      1500,     14346,      3125,     -3321,     -4842,     -8163,    -32880,    -47937,    -80817,         0,       583,         0,       152,     43345,     48728,     27439,     32281
       651,     50651,129.169407,      56.0,       3.6,     35840,       373,       649,        30,   2007058,     20868,     36317,      1660,     -5493,     -6772,    -12265,   -307608,   -379251,   -686859,     22935,       147,      1418,       218,     82565,       530,      5103,       785,     -3248,     -5702,     -8950,    -11694,    -20527,    -32221,         0,       373,         0,       147,     41333,     48106,     26183,     31885
       652,     50652, 58.686406,      25.8,         0,     34809,       327,       386,        29,    898067,      8449,      9958,       761,     -5487,     -5993,    -11480,   -141555,   -154620,   -296176,     22321,       139,      1114,       220,         0,         0,         0,         0,     -3205,     -5229,     -8433,         0,         0,         0,         0,       327,         0,       139,     40295,     46288,     25525,     30754
       653,     50653,108.589994,      61.1,       2.7,     33613,         0,       381,        38,   2053734,         0,     23308,      2296,     -5467,     -7715,    -13182,   -334061,   -471360,   -805420,     21612,         0,      1086,       302,     58352,         0,      2932,       815,     -3141,     -6295,     -9436,     -8482,    -16996,    -25478,         0,         0,         0,         0,     39080,     46795,     24753,     31048
       654,     50654,100.404222,      49.3,      14.4,     34479,         0,       369,        32,   1699810,         0,     18191,      1582,     -5485,     -6721,    -12206,   -270423,   -331332,   -601754,     22126,         0,      1042,       244,    318618,         0,     15003,      3515,     -3190,     -5661,     -8851,    -45933,    -81515,   -127448,         0,         0,         0,         0,     39964,     46685,     25316,     30977
       655,     50655, 70.705690,      30.6,       6.8,     33343,         0,       225,        23,   1020288,         0,      6878,       702,     -5461,     -6734,    -12196,   -167118,   -206075,   -373193,     21451,         0,       824,       151,    145869,         0,      5604,      1026,     -3126,     -5667,     -8793,    -21260,    -38532,    -59793,         0,         0,         0,         0,     38804,     45539,     24578,     30244
       656,     50656,104.531227,      20.9,         0,     33053,         0,       221,        20,    690811,         0,      4617,       426,     -5454,     -6771,    -12226,   -113997,   -141522,   -255519,     21279,         0,       832,       176,         0,         0,         0,         0,     -3111,     -5700,     -8810,         0,         0,         0,         0,         0,         0,         0,     38508,     45279,     24389,     30089
       657,     50657,2116.45449,         0,         0,      4334,         0,        24,         0,         0,         0,         0,         0,      -527,    -15768,    -16295,         0,         0,         0,      3383,         0,        79,         0,         0,         0,         0,         0,      -215,     -9113,     -9328,         0,         0,         0,         0,         0,         0,         0,      4861,     20629,      3598,     12711
       658,     50658,1601.08544,         0,         0,      1041,         0,         6,         0,         0,         0,         0,         0,       -74,    -15512,    -15586,         0,         0,         0,      1429,         0,         4,         0,         0,         0,         0,         0,       -16,     -9055,     -9071,         0,         0,         0,         0,         0,         0,         0,      1115,     16627,      1445,     10500
       659,     50659,1749.17625,         0,         0,      5764,         0,        48,         0,         0,         0,         0,         0,      -785,    -18109,    -18894,         0,         0,         0,      4283,         0,       154,         0,         0,         0,         0,         0,      -292,    -10817,    -11109,         0,         0,         0,         0,         0,         0,         0,      6549,     24658,      4575,     15392
       660,     50660,3201.84129,         0,         0,      4755,         0,        39,         0,         0,         0,         0,         0,      -585,    -19407,    -19992,         0,         0,         0,      3658,         0,       110,         0,         0,         0,         0,         0,      -243,    -11654,    -11897,         0,         0,         0,         0,         0,         0,         0,      5341,     24748,      3901,     15555
       661,     50661,2171.99061,         0,         0,      7303,         0,        52,         0,         0,         0,         0,         0,      -972,    -22484,    -23456,         0,         0,         0,      5230,         0,       168,         0,         0,         0,         0,         0,      -372,    -13893,    -14266,         0,         0,         0,         0,         0,         0,         0,      8276,     30759,      5602,     19495
       662,     50662,5173.48962,         0,         0,     11678,         0,        37,         0,         0,         0,         0,         0,     -1483,    -20945,    -22428,         0,         0,         0,      7773,         0,       168,         0,         0,         0,         0,         0,      -687,    -13184,    -13871,         0,         0,         0,         0,         0,         0,         0,     13161,     34106,      8460,     21644
       663,     50663,1583.37907,         0,         0,      9051,         0,        87,         0,         0,         0,         0,         0,     -1116,    -21893,    -23009,         0,         0,         0,      6104,         0,       318,         0,         0,         0,         0,         0,      -502,    -13498,    -14000,         0,         0,         0,         0,         0,         0,         0,     10166,     32059,      6607,     20104
       664,     50664,200.624584,         0,      35.8,     17984,         0,        93,        40,         0,         0,         0,         0,     -1675,    -17157,    -18832,         0,         0,         0,     11198,         0,       353,        70,    400897,         0,     12633,      2512,      -810,    -11088,    -11899,    -29015,   -396964,   -425979,         0,         0,         0,         0,     19660,     36817,     12009,     23097
       665,     50665,329.922295,       3.3,         0,     22791,         0,        93,        19,     75211,         0,       308,        64,     -1702,    -15796,    -17498,     -5616,    -52126,    -57743,     13864,         0,       356,         3,         0,         0,         0,         0,      -896,    -10435,    -11331,         0,         0,         0,         0,         0,         0,         0,     24493,     40289,     14760,     25196
       666,     50666,322.327247,         0,         0,     17353,         0,        94,         0,         0,         0,         0,         0,     -1665,    -19597,    -21263,         0,         0,         0,     10944,         0,       367,         3,         0,         0,         0,         0,      -791,    -12700,    -13492,         0,         0,         0,         0,         0,         0,         0,     19018,     38616,     11735,     24435
       667,     50667,297.995664,       8.2,      21.7,     22752,         0,        94,        27,    186565,         0,       775,       222,     -1704,    -18168,    -19872,    -13970,   -148978,   -162948,     14111,         0,       376,        71,    306202,         0,      8170,      1547,      -903,    -11937,    -12840,    -19598,   -259036,   -278634,         0,         0,         0,         0,     24456,     42624,     15014,     26951
       668,     50668,639.430692,         0,         0,     17386,         0,        93,         0,         0,         0,         0,         0,     -1935,    -21335,    -23270,         0,         0,         0,     11148,         0,       376,         0,         0,         0,         0,         0,      -909,    -13790,    -14699,         0,         0,         0,         0,         0,         0,         0,     19321,     40656,     12057,     25847
       669,     50669,565.673928,         0,         0,     22148,         0,       101,         1,         0,         0,         0,         0,     -2014,    -20464,    -22478,         0,         0,         0,     13907,         0,       436,         2,         0,         0,         0,         0,     -1051,    -13392,    -14443,         0,         0,         0,         0,         0,         0,         0,     24162,     44626,     14958,     28350
       670,     50670,1238.59013,       4.0,         0,     16715,         0,        85,         0,     66861,         0,       340,         0,     -1915,    -25829,    -27743,     -7659,   -103315,   -110974,     10654,         0,       404,         4,         0,         0,         0,         0,      -887,    -16761,    -17648,         0,         0,         0,         0,         0,         0,         0,     18630,     44459,     11541,     28302
       671,     50671,1548.56990,       7.6,         0,     23302,         0,        68,         0,    177097,         0,       520,         0,     -2021,    -19902,    -21923,    -15358,   -151258,   -166616,     14365,         0,       405,         8,         0,         0,         0,         0,     -1084,    -13299,    -14382,         0,         0,         0,         0,         0,         0,         0,     25323,     45225,     15448,     28747
       672,     50672,1339.82774,       9.0,         0,     18261,         0,        92,         0,    164348,         0,       828,         0,     -1680,    -16576,    -18256,    -15120,   -149182,   -164302,     11390,         0,       345,         9,         0,         0,         0,         0,      -820,    -10659,    -11479,         0,         0,         0,         0,         0,         0,         0,     19941,     36517,     12210,     22868
       673,     50673,313.848290,         0,         0,     27025,         0,        94,         3,         0,         0,         0,         0,     -1703,    -14786,    -16488,         0,         0,         0,     16645,         0,       380,        32,         0,         0,         0,         0,      -931,     -9768,    -10699,         0,         0,         0,         0,         0,         0,         0,     28727,     43513,     17576,     27344
       674,     50674,135.467835,       1.7,         0,     30232,         0,       105,        12,     51394,         0,       178,        21,     -1707,    -13688,    -15395,     -2902,    -23269,    -26171,     18698,         0,       417,        61,         0,         0,         0,         0,      -936,     -9087,    -10023,         0,         0,         0,         0,         0,         0,         0,     31939,     45627,     19634,     28721
       675,     50675, 79.070425,         0,         0,     27882,         0,       105,        17,         0,         0,         0,         0,     -1706,    -16253,    -17959,         0,         0,         0,     17263,         0,       423,        96,         0,         0,         0,         0,      -933,    -10701,    -11634,         0,         0,         0,         0,         0,         0,         0,     29589,     45842,     18196,     28897
       676,     50676,324.225602,         0,         0,     29601,         0,       113,         0,         0,         0,         0,         0,     -1708,    -15950,    -17658,         0,         0,         0,     18313,         0,       458,         4,         0,         0,         0,         0,      -935,    -10538,    -11473,         0,         0,         0,         0,         0,         0,         0,     31309,     47259,     19249,     29786
       677,     50677, 82.849179,       1.5,         0,     24685,         0,       106,         9,     37028,         0,       159,        13,     -1704,    -19402,    -21106,     -2556,    -29103,    -31659,     15290,         0,       437,        34,         0,         0,         0,         0,      -919,    -12735,    -13653,         0,         0,         0,         0,         0,         0,         0,     26389,     45791,     16209,     28944
       678,     50678, 90.035141,         0,         0,     26641,         0,       114,         0,         0,         0,         0,         0,     -1706,    -18791,    -20498,         0,         0,         0,     16495,         0,       464,        18,         0,         0,         0,         0,      -928,    -12326,    -13254,         0,         0,         0,         0,         0,         0,         0,     28348,     47139,     17423,     29749
       679,     50679,101.073650,       1.6,         0,     23634,         0,       113,         0,     37814,         0,       181,         0,     -1914,    -21025,    -22939,     -3062,    -33641,    -36703,     14805,         0,       482,         4,         0,         0,         0,         0,     -1020,    -13733,    -14753,         0,         0,         0,         0,         0,         0,         0,     25548,     46573,     15825,     29558
       680,     50680,456.662415,       1.1,         0,     20917,         0,       123,         0,     23008,         0,       135,         0,     -1698,    -26232,    -27931,     -1868,    -28855,    -30724,     13007,         0,       521,         5,         0,         0,         0,         0,      -880,    -17060,    -17941,         0,         0,         0,         0,         0,         0,         0,     22615,     48847,     13887,     30948
       681,     50681,282.891112,         0,         0,     24193,         0,       117,         0,         0,         0,         0,         0,     -2020,    -22451,    -24471,         0,         0,         0,     15081,         0,       518,         1,         0,         0,         0,         0,     -1087,    -14727,    -15813,         0,         0,         0,         0,         0,         0,         0,     26213,     48663,     16167,     30894
       682,     50682,503.416922,         0,         0,     28337,         0,       105,         0,         0,         0,         0,         0,     -2047,    -20129,    -22176,         0,         0,         0,     17553,         0,       527,         0,         0,         0,         0,         0,     -1125,    -13341,    -14466,         0,         0,         0,         0,         0,         0,         0,     30384,     50513,     18678,     32019
       683,     50683,369.743904,       4.8,         0,     26869,         0,       128,         0,    128970,         0,       615,         0,     -1704,    -20892,    -22595,     -8178,   -100280,   -108457,     16519,         0,       527,         5,         0,         0,         0,         0,      -929,    -13791,    -14720,         0,         0,         0,         0,         0,         0,         0,     28572,     49464,     17448,     31239
       684,     50684,1237.74679,       2.1,         0,     29531,         0,        82,         0,     62015,         0,       172,         0,     -1701,    -15867,    -17568,     -3572,    -33320,    -36892,     18159,         0,       355,         2,         0,         0,         0,         0,      -933,    -10502,    -11435,         0,         0,         0,         0,         0,         0,         0,     31232,     47099,     19093,     29595
       685,     50685,541.685784,         0,         0,     31825,         0,       104,         0,         0,         0,         0,         0,     -1704,    -13444,    -15148,         0,         0,         0,     19661,         0,       441,         0,         0,         0,         0,         0,      -935,     -8950,     -9886,         0,         0,         0,         0,         0,         0,         0,     33529,     46973,     20597,     29547
       686,     50686,666.642965,         0,         0,     30655,         0,       129,         0,         0,         0,         0,         0,     -1705,    -18323,    -20028,         0,         0,         0,     18914,         0,       524,         3,         0,         0,         0,         0,      -935,    -12114,    -13049,         0,         0,         0,         0,         0,         0,         0,     32360,     50683,     19849,     31963
       687,     50687,1299.52368,         0,         0,     33839,         0,       129,         0,         0,         0,         0,         0,     -2020,    -14105,    -16125,         0,         0,         0,     20941,         0,       572,         0,         0,         0,         0,         0,     -1122,     -9548,    -10671,         0,         0,         0,         0,         0,         0,         0,     35859,     49964,     22063,     31611
       688,     50688,263.047125,         0,         0,     33317,         0,       140,         0,         0,         0,         0,         0,     -2017,    -18215,    -20232,         0,         0,         0,     20598,         0,       569,         2,         0,         0,         0,         0,     -1122,    -12204,    -13326,         0,         0,         0,         0,         0,         0,         0,     35334,     53549,     21720,     33924
       689,     50689,267.518979,         0,         0,     37554,         0,       125,         0,         0,         0,         0,         0,     -1705,    -14096,    -15801,         0,         0,         0,     23281,         0,       484,         1,         0,         0,         0,         0,      -937,     -9393,    -10330,         0,         0,         0,         0,         0,         0,         0,     39259,     53355,     24218,     33612
       690,     50690,565.100310,         0,         0,     31783,         0,       110,         0,         0,         0,         0,         0,     -1701,    -17539,    -19240,         0,         0,         0,     19597,         0,       439,         0,         0,         0,         0,         0,      -935,    -11601,    -12537,         0,         0,         0,         0,         0,         0,         0,     33484,     51023,     20532,     32134
       691,     50691,742.022935,         0,         0,     36008,         0,       141,         0,         0,         0,         0,         0,     -1703,    -16683,    -18386,         0,         0,         0,     22322,         0,       545,         0,         0,         0,         0,         0,      -936,    -11048,    -11984,         0,         0,         0,         0,         0,         0,         0,     37711,     54393,     23258,     34306
       692,     50692,248.661333,       3.4,         0,     38414,         0,       151,         0,    130608,         0,       512,         0,     -2023,    -13576,    -15599,     -6877,    -46159,    -53036,     23808,         0,       565,         7,         0,         0,         0,         0,     -1127,     -9201,    -10328,         0,         0,         0,         0,         0,         0,         0,     40437,     54013,     24935,     34136
       693,     50693,174.609869,       2.9,         0,     38672,         0,       151,         0,    112150,         0,       437,         0,     -2023,    -14087,    -16110,     -5866,    -40852,    -46718,     23968,         0,       566,         6,         0,         0,         0,         0,     -1129,     -9558,    -10686,         0,         0,         0,         0,         0,         0,         0,     40695,     54782,     25096,     34654
       694,     50694,464.381183,       2.0,         0,     38594,         0,       126,         0,     77189,         0,       253,         0,     -1703,    -14345,    -16047,     -3405,    -28689,    -32094,     23948,         0,       460,         2,         0,         0,         0,         0,      -937,     -9514,    -10451,         0,         0,         0,         0,         0,         0,         0,     40297,     54642,     24884,     34398
       695,     50695,343.953606,       1.9,         0,     40553,         0,       147,         0,     77050,         0,       280,         0,     -1703,    -15101,    -16804,     -3235,    -28692,    -31928,     25216,         0,       501,         5,         0,         0,         0,         0,      -937,    -10019,    -10957,         0,         0,         0,         0,         0,         0,         0,     42255,     57357,     26153,     36173
       696,     50696,233.274442,       4.4,         0,     41965,         0,       147,         6,    184647,         0,       647,        26,     -2027,    -12593,    -14620,     -8919,    -55410,    -64329,     26033,         0,       495,        67,         0,         0,         0,         0,     -1132,     -8561,     -9693,         0,         0,         0,         0,         0,         0,         0,     43992,     56585,     27165,     35726
       697,     50697,153.153939,       5.5,         0,     42179,         0,       154,        12,    231984,         0,       845,        65,     -2026,    -13772,    -15798,    -11145,    -75746,    -86891,     26172,         0,       492,        83,         0,         0,         0,         0,     -1131,     -9331,    -10462,         0,         0,         0,         0,         0,         0,         0,     44205,     57977,     27303,     36634
       698,     50698,2262.74316,       9.8,         0,     42569,         0,       200,         0,    417172,         0,      1965,         0,     -2157,    -12834,    -14991,    -21136,   -125772,   -146908,     26224,         0,       536,        10,         0,         0,         0,         0,     -1237,     -9083,    -10321,         0,         0,         0,         0,         0,         0,         0,     44725,     57559,     27461,     36544
       699,     50699,2244.70066,      13.6,         0,     45348,         0,       486,         0,    616733,         0,      6616,         0,     -2312,    -13507,    -15819,    -31447,   -183689,   -215136,     28046,         0,       514,        14,         0,         0,         0,         0,     -1346,     -9515,    -10861,         0,         0,         0,         0,         0,         0,         0,     47660,     61167,     29392,     38907
       700,     50700,202.559583,       1.8,         0,     43338,         0,       458,         7,     78008,         0,       824,        12,     -2378,    -15170,    -17548,     -4281,    -27305,    -31586,     26541,         0,       512,         7,         0,         0,         0,         0,     -1451,    -10872,    -12323,         0,         0,         0,         0,         0,         0,         0,     45716,     60886,     27992,     38865
       701,     50701,106.849779,         0,         0,     48527,         0,       655,        34,         0,         0,         0,         0,     -2385,    -11389,    -13774,         0,         0,         0,     29838,         0,       760,        14,         0,         0,         0,         0,     -1456,     -8469,     -9925,         0,         0,         0,         0,         0,         0,         0,     50912,     62301,     31294,     39763
       702,     50702,130.528334,         0,         0,     48660,         0,       715,         0,         0,         0,         0,         0,     -2385,    -12454,    -14839,         0,         0,         0,     29794,         0,       786,         3,         0,         0,         0,         0,     -1458,     -9205,    -10663,         0,         0,         0,         0,         0,         0,         0,     51045,     63499,     31253,     40457
       703,     50703,202.045400,         0,         0,     48743,         0,       899,         8,         0,         0,         0,         0,     -2387,    -13264,    -15651,         0,         0,         0,     29850,         0,      1033,        14,         0,         0,         0,         0,     -1458,     -9729,    -11187,         0,         0,         0,         0,         0,         0,         0,     51130,     64394,     31307,     41036
       704,     50704,285.187886,         0,         0,     51554,         0,       886,         0,         0,         0,         0,         0,     -2395,    -12171,    -14566,         0,         0,         0,     31711,         0,       933,         0,         0,         0,         0,         0,     -1468,     -8810,    -10278,         0,         0,         0,         0,         0,         0,         0,     53948,     66119,     33180,     41989
       705,     50705,162.077250,         0,         0,     53602,      1335,      1234,        29,         0,         0,         0,         0,     -2399,    -10802,    -13201,         0,         0,         0,     33014,      1308,      1386,        13,         0,         0,         0,         0,     -1472,     -7981,     -9453,         0,         0,         0,         0,      1335,         0,      1308,     56001,     66803,     34486,     42467
       706,     50706,637.109490,         0,         0,     21836,         0,        92,         0,         0,         0,         0,         0,     -1695,    -32486,    -34180,         0,         0,         0,     13293,         0,       313,         0,         0,         0,         0,         0,      -896,    -21146,    -22043,         0,         0,         0,         0,         0,         0,         0,     23530,     56016,     14190,     35336
       707,     50707,248.699320,         0,         0,     39478,         0,       134,         0,         0,         0,         0,         0,     -1699,    -15206,    -16905,         0,         0,         0,     24513,         0,       439,         3,         0,         0,         0,         0,      -935,    -10042,    -10977,         0,         0,         0,         0,         0,         0,         0,     41177,     56382,     25448,     35490
       708,     50708,112.458946,         0,         0,     43226,         0,       143,         5,         0,         0,         0,         0,     -1701,    -13860,    -15561,         0,         0,         0,     26944,         0,       436,        44,         0,         0,         0,         0,      -936,     -9147,    -10083,         0,         0,         0,         0,         0,         0,         0,     44927,     58787,     27880,     37027
       709,     50709, 77.774432,         0,         0,     42969,         0,       140,         5,         0,         0,         0,         0,     -1694,    -14871,    -16565,         0,         0,         0,     26784,         0,       404,        38,         0,         0,         0,         0,      -934,     -9791,    -10725,         0,         0,         0,         0,         0,         0,         0,     44663,     59534,     27718,     37509
       710,     50710,365.664303,       6.2,         0,     41472,         0,       136,         2,    257124,         0,       846,        10,     -1688,    -16034,    -17721,    -10464,    -99408,   -109872,     25809,         0,       389,        11,         0,         0,         0,         0,      -933,    -10534,    -11467,         0,         0,         0,         0,         0,         0,         0,     43159,     59193,     26742,     37276
       711,     50711,161.966549,       1.8,         0,     44973,         0,       150,         6,     80952,         0,       270,        11,     -1693,    -16718,    -18412,     -3048,    -30093,    -33141,     28063,         0,       395,        28,         0,         0,         0,         0,      -944,    -10922,    -11866,         0,         0,         0,         0,         0,         0,         0,     46667,     63385,     29007,     39930
       712,     50712,170.854772,       7.6,       1.0,     44778,         0,       160,        21,    340310,         0,      1216,       158,     -1679,    -18260,    -19940,    -12763,   -138779,   -151542,     27921,         0,       412,        36,     27921,         0,       412,        36,      -924,    -11938,    -12862,      -924,    -11938,    -12862,         0,         0,         0,         0,     46457,     64717,     28845,     40783
       713,     50713,130.301722,         0,       3.5,     43388,         0,       227,         4,         0,         0,         0,         0,     -1697,    -20902,    -22598,         0,         0,         0,     27013,         0,       440,        11,     94544,         0,      1539,        40,      -934,    -13632,    -14566,     -3268,    -47711,    -50979,         0,         0,         0,         0,     45085,     65986,     27946,     41578
       714,     50714, 87.247128,         0,         0,     52249,         0,       292,         4,         0,         0,         0,         0,     -2196,    -11191,    -13388,         0,         0,         0,     32225,         0,       463,         6,         0,         0,         0,         0,     -1289,     -7948,     -9237,         0,         0,         0,         0,         0,         0,         0,     54445,     65637,     33514,     41462
       715,     50715,773.970088,      10.7,         0,     50396,         0,       353,         0,    539240,         0,      3779,         0,     -2174,    -12372,    -14546,    -23257,   -132382,   -155639,     31098,         0,       502,        11,         0,         0,         0,         0,     -1261,     -8689,     -9950,         0,         0,         0,         0,         0,         0,         0,     52570,     64942,     32359,     41048
       716,     50716,766.065152,       5.2,         0,     51963,         0,       530,         0,    270209,         0,      2754,         0,     -2209,    -14268,    -16476,    -11485,    -74192,    -85677,     32218,         0,       513,         5,         0,         0,         0,         0,     -1311,     -9738,    -11049,         0,         0,         0,         0,         0,         0,         0,     54172,     68440,     33530,     43268
       717,     50717,186.306548,         0,         0,     49074,         0,       752,         0,         0,         0,         0,         0,     -2382,    -15831,    -18213,         0,         0,         0,     30211,         0,       751,         0,         0,         0,         0,         0,     -1435,    -10990,    -12425,         0,         0,         0,         0,         0,         0,         0,     51456,     67287,     31646,     42636
       718,     50718, 98.132977,         0,         0,     51774,         0,      1116,         0,         0,         0,         0,         0,     -2396,    -14238,    -16634,         0,         0,         0,     31857,         0,      1177,         0,         0,         0,         0,         0,     -1469,    -10049,    -11518,         0,         0,         0,         0,         0,         0,         0,     54171,     68409,     33327,     43376
       719,     50719,147.784292,         0,         0,     54032,      1349,      1616,        11,         0,         0,         0,         0,     -2397,    -12860,    -15256,         0,         0,         0,     33287,      1323,      1742,         9,         0,         0,         0,         0,     -1472,     -9211,    -10683,         0,         0,         0,         0,      1349,         0,      1323,     56429,     69289,     34759,     43970
       720,     50720,244.647320,         0,         0,     55521,      1396,       766,         0,         0,         0,         0,         0,     -2383,    -13089,    -15471,         0,         0,         0,     34349,      1377,       756,         0,         0,         0,         0,         0,     -1440,     -9132,    -10572,         0,         0,         0,         0,      1396,         0,      1377,     57904,     70992,     35790,     44921
       721,     50721, 99.383757,         0,         0,     58316,      1502,      1326,         0,         0,         0,         0,         0,     -2386,    -11023,    -13408,         0,         0,         0,     36025,      1494,      1330,         0,         0,         0,         0,         0,     -1469,     -7935,     -9404,         0,         0,         0,         0,      1502,         0,      1494,     60702,     71724,     37494,     45429
       722,     50722,1780.75816,       6.0,         0,     44097,         0,       111,         0,    264583,         0,       664,         0,     -1628,    -15595,    -17223,     -9766,    -93569,   -103336,     27170,         0,       299,         6,         0,         0,         0,         0,      -919,    -10425,    -11344,         0,         0,         0,         0,         0,         0,         0,     45725,     61320,     28088,     38514
       723,     50723,611.546225,       8.3,         0,     49863,         0,       152,         0,    413867,         0,      1262,         0,     -1630,    -14487,    -16118,    -13531,   -120245,   -133777,     30571,         0,       302,         8,         0,         0,         0,         0,      -930,    -10070,    -11000,         0,         0,         0,         0,         0,         0,         0,     51494,     65981,     31501,     41571
       724,     50724,166.747722,       9.5,      20.0,     46543,         0,       153,        20,    442161,         0,      1458,       190,     -1631,    -17568,    -19199,    -15494,   -166894,   -182389,     28767,         0,       384,        11,    575341,         0,      7672,       211,      -919,    -11660,    -12579,    -18380,   -233193,   -251574,         0,         0,         0,         0,     48174,     65742,     29686,     41346
       725,     50725,437.322906,       6.0,         0,     42989,         0,       168,         5,    257934,         0,      1008,        30,     -1678,    -21815,    -23492,    -10065,   -130887,   -140953,     26756,         0,       417,        13,         0,         0,         0,         0,      -922,    -14226,    -15147,         0,         0,         0,         0,         0,         0,         0,     44667,     66481,     27677,     41903
       726,     50726,110.482078,       1.4,         0,     53220,         0,       321,         1,     74508,         0,       449,         2,     -2206,    -11577,    -13783,     -3088,    -16208,    -19296,     32667,         0,       459,         1,         0,         0,         0,         0,     -1304,     -8387,     -9691,         0,         0,         0,         0,         0,         0,         0,     55426,     67003,     33972,     42358
       727,     50727,424.659216,         0,         0,     50697,         0,       264,         0,         0,         0,         0,         0,     -2205,    -15155,    -17360,         0,         0,         0,     31019,         0,       425,         1,         0,         0,         0,         0,     -1301,    -10646,    -11947,         0,         0,         0,         0,         0,         0,         0,     52903,     68057,     32319,     42965
       728,     50728,434.922949,       4.9,      42.3,     55382,         0,       415,        42,    271372,         0,      2032,       207,     -2200,    -13333,    -15533,    -10782,    -65329,    -76112,     34052,         0,       454,         6,   1440415,         0,     19186,       257,     -1305,     -9374,    -10680,    -55220,   -396540,   -451760,         0,         0,         0,         0,     57583,     70915,     35358,     44732
       729,     50729,604.857917,       6.5,         0,     54772,         0,       529,         8,    356021,         0,      3441,        49,     -2190,    -13757,    -15947,    -14235,    -89423,   -103658,     33892,         0,       502,         7,         0,         0,         0,         0,     -1294,     -9456,    -10750,         0,         0,         0,         0,         0,         0,         0,     56962,     70720,     35186,     44642
       730,     50730,401.754527,         0,         0,     54431,      1361,      1113,         0,         0,         0,         0,         0,     -2382,    -16641,    -19023,         0,         0,         0,     33641,      1337,      1027,         1,         0,         0,         0,         0,     -1437,    -11419,    -12856,         0,         0,         0,         0,      1361,         0,      1337,     56813,     73454,     35079,     46498
       731,     50731,382.169738,         0,         0,     57100,         0,       762,         0,         0,         0,         0,         0,     -2165,    -14713,    -16878,         0,         0,         0,     34858,         0,       680,         1,         0,         0,         0,         0,     -1293,    -10700,    -11992,         0,         0,         0,         0,         0,         0,         0,     59264,     73978,     36150,     46850
       732,     50732,1208.60530,       2.1,         0,     46864,         0,       169,         0,     98413,         0,       355,         0,     -1630,    -22479,    -24109,     -3424,    -47206,    -50630,     28607,         0,       373,         2,         0,         0,         0,         0,      -930,    -15203,    -16133,         0,         0,         0,         0,         0,         0,         0,     48494,     70973,     29536,     44739
       733,     50733,852.565438,       3.7,         0,     58298,         0,       433,         0,    215703,         0,      1601,         0,     -2152,    -14721,    -16874,     -7964,    -54468,    -62432,     35465,         0,       415,         4,         0,         0,         0,         0,     -1294,    -10772,    -12066,         0,         0,         0,         0,         0,         0,         0,     60450,     75172,     36760,     47531
       734,     50734,493.091026,       3.4,         0,     60827,         0,      1106,         0,    206811,         0,      3761,         0,     -2059,    -11967,    -14026,     -6999,    -40689,    -47688,     37341,         0,       788,         4,         0,         0,         0,         0,     -1234,     -8762,     -9996,         0,         0,         0,         0,         0,         0,         0,     62885,     74853,     38574,     47336
       735,     50735,216.728995,       6.5,         0,     62046,         0,      2759,         0,    403298,         0,     17933,         0,     -2070,    -12325,    -14396,    -13457,    -80116,    -93573,     37927,         0,      1680,        24,         0,         0,         0,         0,     -1258,     -9230,    -10489,         0,         0,         0,         0,         0,         0,         0,     64116,     76442,     39186,     48416
       736,     50736,671.830062,      26.5,         0,     67821,      2567,      4716,         0,   1797269,     68032,    124972,         9,     -2358,     -7464,     -9822,    -62487,   -197794,   -260281,     41613,      2646,      2741,        32,         0,         0,         0,         0,     -1528,     -6124,     -7653,         0,         0,         0,         0,      2567,         0,      2646,     70179,     77643,     43142,     49266
       737,     50737,1481.42682,         0,         0,     53461,         0,       210,         0,         0,         0,         0,         0,     -1683,    -12842,    -14524,         0,         0,         0,     32725,         0,       248,         0,         0,         0,         0,         0,      -988,     -9145,    -10133,         0,         0,         0,         0,         0,         0,         0,     55143,     67985,     33713,     42858
       738,     50738,2189.25543,         0,         0,     56129,         0,       217,         0,         0,         0,         0,         0,     -1484,    -15283,    -16767,         0,         0,         0,     34364,         0,       319,         0,         0,         0,         0,         0,      -866,    -10703,    -11569,         0,         0,         0,         0,         0,         0,         0,     57613,     72896,     35231,     45933
       739,     50739,891.678115,      15.2,      12.8,     63365,         0,       314,        13,    963151,         0,      4778,       195,     -1662,    -12119,    -13782,    -25267,   -184215,   -209482,     38529,         0,       335,        15,    493167,         0,      4290,       195,     -1011,     -9192,    -10203,    -12942,   -117655,   -130598,         0,         0,         0,         0,     65028,     77147,     39540,     48732
       740,     50740,484.546555,      14.6,         0,     65883,      1777,      1877,         0,    961894,     25938,     27410,         0,     -2042,     -9515,    -11557,    -29810,   -138916,   -168726,     40223,      1943,       702,        21,         0,         0,         0,         0,     -1260,     -7629,     -8890,         0,         0,         0,         0,      1777,         0,      1943,     67925,     77440,     41483,     49113
       741,     50741,320.771503,      14.5,         0,     66177,      1915,      4212,         0,    959564,     27761,     61069,         0,     -2055,    -10568,    -12624,    -29798,   -153243,   -183041,     40255,      2059,      1776,        22,         0,         0,         0,         0,     -1284,     -8482,     -9765,         0,         0,         0,         0,      1915,         0,      2059,     68232,     78800,     41538,     50020
       742,     50742,157.096812,       7.9,         0,     67263,         0,      1900,        11,    531375,         0,     15007,        87,     -1620,    -11507,    -13127,    -12798,    -90906,   -103704,     41022,         0,       490,        26,         0,         0,         0,         0,      -992,     -8993,     -9985,         0,         0,         0,         0,         0,         0,         0,     68883,     80390,     42014,     51007
       743,     50743,273.461924,       4.8,         0,     67391,      1969,      3130,         1,    323479,      9452,     15026,         7,     -2092,    -10214,    -12306,    -10043,    -49027,    -59069,     41035,      2101,       798,        19,         0,         0,         0,         0,     -1340,     -8209,     -9549,         0,         0,         0,         0,      1969,         0,      2101,     69484,     79698,     42376,     50585
       744,     50744,133.084417,       7.9,       1.4,     70048,      2079,      5710,         3,    553381,     16421,     45107,        24,     -2025,     -8436,    -10461,    -16001,    -66643,    -82644,     42822,      2169,      1543,        38,     59950,      3037,      2161,        53,     -1328,     -6986,     -8314,     -1859,     -9780,    -11639,         0,      2079,         0,      2169,     72074,     80509,     44149,     51135
       745,     50745,241.557851,       9.5,         0,     71255,      2148,      8772,         2,    676918,     20402,     83331,        17,     -2332,     -6827,     -9159,    -22152,    -64857,    -87010,     43689,      2173,      3109,        35,         0,         0,         0,         0,     -1536,     -5908,     -7444,         0,         0,         0,         0,      2148,         0,      2173,     73586,     80413,     45225,     51133
       746,     50746,1060.35985,       3.9,       3.7,     22889,       652,      1469,         4,     89267,      2544,      5727,        14,     -8274,     -6403,    -14677,    -32268,    -24972,    -57240,     14643,       601,       759,         4,     54179,      2222,      2807,        14,     -4360,     -5341,     -9701,    -16132,    -19761,    -35894,         0,       652,         0,       601,     31163,     37566,     19003,     24344
       747,     50747,755.523598,       2.0,         0,     23682,       671,      1398,         0,     47363,      1343,      2797,         0,     -8299,     -5614,    -13913,    -16598,    -11228,    -27826,     15095,       617,       670,         2,         0,         0,         0,         0,     -4428,     -4841,     -9268,         0,         0,         0,       314,       671,        89,       617,     31981,     37595,     19523,     24364
       748,     50748,711.207496,         0,         0,     23301,       583,      1100,         0,         0,         0,         0,         0,     -8256,     -6871,    -15127,         0,         0,         0,     14692,       538,       489,         0,         0,         0,         0,         0,     -4322,     -5640,     -9962,         0,         0,         0,         0,       583,         0,       538,     31557,     38428,     19014,     24654
       749,     50749,1727.77092,      36.1,       1.3,     16134,         0,       613,         1,    582434,         0,     22135,        47,     -7714,    -10606,    -18320,   -278477,   -382890,   -661368,     10870,         0,       263,        36,     14131,         0,       342,        47,     -3605,     -7909,    -11514,     -4686,    -10282,    -14968,         0,         0,         0,         0,     23848,     34454,     14475,     22384
       750,     50750,477.132395,      11.4,      92.9,     27553,      1071,      2155,       296,    314099,     12215,     24565,      3372,     -8458,     -6068,    -14526,    -96421,    -69180,   -165602,     17352,      1009,      1248,        39,   1612023,     93753,    115930,      3630,     -4682,     -5194,     -9876,   -434971,   -482513,   -917485,       565,      1071,       284,      1009,     36011,     42079,     22034,     27228
       751,     50751,835.764292,      59.5,      50.2,     27514,      1071,      2073,        50,   1637086,     63713,    123346,      2987,     -8451,     -4901,    -13352,   -502847,   -291605,   -794452,     17322,      1008,      1140,        60,    869544,     50627,     57216,      2987,     -4676,     -4450,     -9126,   -234722,   -223408,   -458130,       385,      1071,       141,      1008,     35965,     40866,     21997,     26448
       752,     50752,512.368111,      11.8,      68.4,     19119,       561,      1587,        68,    225610,      6624,     18722,       807,     -8075,    -14111,    -22186,    -95290,   -166508,   -261798,     12544,       520,       869,        12,    858001,     35562,     59447,       807,     -3975,    -10220,    -14195,   -271885,   -699082,   -970967,         0,       561,         0,       520,     27195,     41306,     16519,     26739
       753,     50753,771.712892,      23.8,     285.1,     29661,      1127,      2488,       287,    705922,     26817,     59210,      6827,     -8540,     -7185,    -15724,   -203251,   -170991,   -374242,     18599,      1067,      1575,        33,   5302697,    304310,    449067,      9376,     -4781,     -5957,    -10739,  -1363161,  -1698450,  -3061611,         0,      1127,         0,      1067,     38201,     45385,     23381,     29338
       754,     50754,345.470383,      16.1,         0,     31312,      1241,      2462,       137,    504120,     19987,     39640,      2211,     -8631,     -6354,    -14985,   -138961,   -102296,   -241256,     19618,      1316,      1533,        23,         0,         0,         0,         0,     -4872,     -5432,    -10304,         0,         0,         0,       568,      1241,       455,      1316,     39943,     46297,     24490,     29922
       755,     50755,711.396707,      25.9,      10.6,     27397,      1068,      2119,        11,    709586,     27665,     54870,       275,     -8436,     -8884,    -17320,   -218481,   -230098,   -448579,     17210,      1006,      1238,        26,    182430,     10661,     13126,       275,     -4663,     -7037,    -11700,    -49430,    -74595,   -124025,         0,      1068,         0,      1006,     35833,     44717,     21874,     28911
       756,     50756,524.892057,      20.7,       4.1,     27005,      1063,      2095,         4,    559013,     21994,     43365,        85,     -8423,    -11141,    -19564,   -174362,   -230608,   -404971,     16952,       999,      1330,        22,     69502,      4095,      5455,        90,     -4648,     -8526,    -13175,    -19059,    -34957,    -54016,         0,      1063,         0,       999,     35429,     46569,     21600,     30126
       757,     50757,1357.97630,       1.4,         0,     21890,       629,      1322,         0,     30646,       881,      1850,         0,     -8211,    -13221,    -21432,    -11495,    -18510,    -30005,     13971,       580,       830,         1,         0,         0,         0,         0,     -4261,     -9777,    -14038,         0,         0,         0,         0,       629,         0,       580,     30101,     43322,     18232,     28009
       758,     50758,1059.00368,       7.1,         0,     35824,      1445,      2447,         0,    254353,     10259,     17373,         0,     -8841,     -7911,    -16752,    -62773,    -56168,   -118941,     22492,      1479,      1652,         7,         0,         0,         0,         0,     -5107,     -6321,    -11429,         0,         0,         0,         0,      1445,         0,      1479,     44666,     52577,     27599,     33921
       759,     50759, 49.201086,       1.1,     493.2,     36474,      4073,      2500,       627,     40121,      4480,      2750,       689,     -8915,     -4740,    -13655,     -9807,     -5214,    -15020,     22817,      2088,      1627,        50,  11253478,   1029569,    802237,     24700,     -5179,     -4368,     -9547,  -2554246,  -2154486,  -4708733,      4073,      1403,      2088,      1502,     45389,     50129,     27996,     32365
       760,     50760,163.257387,       1.7,         0,     38761,      1301,      2403,       543,     65893,      2212,      4086,       923,     -8975,     -5185,    -14159,    -15257,     -8814,    -24071,     24204,      1458,      1588,       137,         0,         0,         0,         0,     -5286,     -4653,     -9938,         0,         0,         0,      1036,      1301,      1006,      1458,     47735,     52920,     29490,     34143
       761,     50761,142.910307,         0,         0,     32509,      1344,      2130,        20,         0,         0,         0,         0,     -8724,     -9073,    -17797,         0,         0,         0,     20286,      1285,      1390,       107,         0,         0,         0,         0,     -4960,     -7266,    -12226,         0,         0,         0,         0,      1344,         0,      1285,     41234,     50306,     25245,     32511
       762,     50762,276.687837,         0,         0,     29486,      1128,      1446,         0,         0,         0,         0,         0,     -8342,    -17801,    -26143,         0,         0,         0,     18174,      1052,      1154,         1,         0,         0,         0,         0,     -4673,    -12953,    -17626,         0,         0,         0,         0,      1128,         0,      1052,     37828,     55629,     22847,     35799
       763,     50763,393.491267,         0,         0,     33950,      1385,      1982,         0,         0,         0,         0,         0,     -8698,    -15373,    -24072,         0,         0,         0,     21445,      1420,      1444,         1,         0,         0,         0,         0,     -4943,    -10877,    -15820,         0,         0,         0,         0,      1385,         0,      1420,     42649,     58022,     26388,     37264
       764,     50764,428.695638,       3.4,         0,     39797,      1382,      2186,         1,    135310,      4700,      7434,         4,     -8919,     -7762,    -16681,    -30325,    -26390,    -56714,     24920,      1524,      1566,        19,         0,         0,         0,         0,     -5275,     -6170,    -11445,         0,         0,         0,         0,      1382,         0,      1524,     48716,     56478,     30195,     36365
       765,     50765,1964.33273,      19.2,         0,     26035,       979,      1467,         0,    499871,     18793,     28175,         0,     -8265,    -19103,    -27368,   -158693,   -366769,   -525462,     16281,       948,      1183,        19,         0,         0,         0,         0,     -4533,    -13676,    -18209,         0,         0,         0,         0,       979,         0,       948,     34300,     53403,     20815,     34491
       766,     50766,686.773430,         0,         0,     42117,         0,       584,         0,         0,         0,         0,         0,     -2374,    -12098,    -14472,         0,         0,         0,     25624,         0,       629,         0,         0,         0,         0,         0,     -1449,     -9223,    -10672,         0,         0,         0,         0,         0,         0,         0,     44491,     56589,     27073,     36296
       767,     50767,984.725376,         0,         0,     33727,      1169,      1388,         0,         0,         0,         0,         0,     -8584,    -17497,    -26082,         0,         0,         0,     20817,      1094,      1413,         0,         0,         0,         0,         0,     -4916,    -12620,    -17537,         0,         0,         0,         0,      1169,         0,      1094,     42311,     59808,     25733,     38354
       768,     50768,323.520619,         0,         0,     38131,      1302,      1833,         0,         0,         0,         0,         0,     -8787,    -11564,    -20352,         0,         0,         0,     23582,      1222,      1656,         1,         0,         0,         0,         0,     -5162,     -8838,    -14000,         0,         0,         0,         0,      1302,         0,      1222,     46918,     58482,     28743,     37582
       769,     50769,319.767419,       4.6,         0,     42018,      1501,      2000,         0,    193282,      6903,      9200,         0,     -8940,     -8850,    -17790,    -41124,    -40712,    -81835,     26091,      1579,      1850,         7,         0,         0,         0,         0,     -5340,     -6963,    -12303,         0,         0,         0,         0,      1501,         0,      1579,     50958,     59808,     31431,     38394
       770,     50770,144.700961,       1.7,         0,     42047,      2428,      2024,       172,     71479,      4128,      3440,       293,     -8939,     -8423,    -17362,    -15196,    -14320,    -29515,     26160,      1682,      1826,        36,         0,         0,         0,         0,     -5334,     -6651,    -11986,         0,         0,         0,      2428,      1446,      1682,      1577,     50985,     59409,     31494,     38146
       771,     50771,341.509747,         0,         0,     41465,      1401,      1951,         0,         0,         0,         0,         0,     -8880,    -11397,    -20277,         0,         0,         0,     25677,      1328,      2257,         2,         0,         0,         0,         0,     -5291,     -8586,    -13877,         0,         0,         0,         0,      1401,         0,      1328,     50345,     61742,     30968,     39554
       772,     50772,265.519533,       3.2,         0,     44047,      1693,      2146,         0,    140951,      5418,      6866,         0,     -8941,     -9709,    -18650,    -28611,    -31070,    -59681,     27338,      1661,      2561,         5,         0,         0,         0,         0,     -5374,     -7429,    -12803,         0,         0,         0,         0,      1693,         0,      1661,     52988,     62698,     32712,     40140
       773,     50773,150.170903,       1.6,         0,     45697,      1611,      2037,         0,     73115,      2578,      3259,         0,     -8948,     -6644,    -15592,    -14317,    -10630,    -24947,     28391,      1654,      2271,         9,         0,         0,         0,         0,     -5386,     -5521,    -10907,         0,         0,         0,      1611,      1574,      1503,      1654,     54645,     61289,     33777,     39297
       774,     50774, 87.254785,         0,         0,     47850,      2460,      1985,       125,         0,         0,         0,         0,     -8944,     -4772,    -13716,         0,         0,         0,     29761,      2411,      2222,        36,         0,         0,         0,         0,     -5397,     -4315,     -9712,         0,         0,         0,      2460,      1630,      2411,      1694,     56794,     61566,     35157,     39473
       775,     50775,271.190637,       1.9,         0,     47834,      1843,      2247,         0,     90885,      3502,      4270,         0,     -8919,     -6248,    -15167,    -16947,    -11871,    -28818,     29718,      1737,      2920,        10,         0,         0,         0,         0,     -5382,     -5245,    -10627,         0,         0,         0,      1843,      1705,      1712,      1737,     56754,     63001,     35100,     40345
       776,     50776,333.576359,      13.1,       9.2,     46813,      2314,      1916,       110,    613254,     30307,     25106,      1444,     -8958,     -5840,    -14798,   -117354,    -76498,   -193853,     29107,      2105,      2201,        64,    267785,     19370,     20248,       587,     -5398,     -5004,    -10402,    -49658,    -46038,    -95696,      2314,      1793,      2105,      1836,     55772,     61611,     34505,     39509
       777,     50777,312.193637,      13.3,         0,     48877,      1649,      2247,         2,    650070,     21934,     29891,        28,     -8904,     -5695,    -14600,   -118424,    -75749,   -194174,     30360,      1679,      3173,        17,         0,         0,         0,         0,     -5378,     -4910,    -10289,         0,         0,         0,      1467,      1649,      1367,      1679,     57782,     63477,     35739,     40649
       778,     50778,547.001389,         0,         0,     41629,      1466,      2135,         0,         0,         0,         0,         0,     -6511,    -15698,    -22209,         0,         0,         0,     25768,      1413,      2729,         0,         0,         0,         0,         0,     -3835,    -11150,    -14984,         0,         0,         0,         0,      1466,         0,      1413,     48140,     63838,     29603,     40752
       779,     50779,678.866563,       2.0,         0,     46211,      1701,      2687,         0,     92422,      3402,      5375,         0,     -8868,     -8823,    -17691,    -17736,    -17647,    -35382,     28621,      1671,      3535,         2,         0,         0,         0,         0,     -5337,     -6896,    -12234,         0,         0,         0,         0,      1701,         0,      1671,     55079,     63902,     33958,     40854
       780,     50780,402.102010,      10.4,         0,     50686,      1939,      2836,         0,    527137,     20161,     29497,         0,     -8862,     -4903,    -13764,    -92161,    -50986,   -143147,     31461,      1913,      3864,        11,         0,         0,         0,         0,     -5368,     -4400,     -9768,         0,         0,         0,         0,      1939,         0,      1913,     59548,     64450,     36830,     41229
       781,     50781,622.964899,      17.5,       1.2,     46334,      1475,      2672,         1,    810843,     25821,     46760,        21,     -4568,    -15105,    -19672,    -79939,   -264329,   -344268,     28635,      1442,      3101,        23,     34362,      1731,      3722,        27,     -2670,    -10746,    -13415,     -3203,    -12895,    -16099,         0,      1475,         0,      1442,     50902,     66006,     31305,     42051
       782,     50782,497.329241,         0,         0,     41900,      1473,      3032,         0,         0,         0,         0,         0,     -6515,    -19198,    -25713,         0,         0,         0,     25934,      1424,      3775,         4,         0,         0,         0,         0,     -3839,    -13240,    -17079,         0,         0,         0,         0,      1473,         0,      1424,     48415,     67613,     29773,     43013
       783,     50783,422.112417,       6.2,         0,     49565,      1829,      3614,         4,    307305,     11337,     22407,        27,     -8809,     -7343,    -16153,    -54617,    -45528,   -100146,     30703,      1760,      4743,        12,         0,         0,         0,         0,     -5324,     -5928,    -11252,         0,         0,         0,       913,      1829,       873,      1760,     58375,     65718,     36027,     41954
       784,     50784,218.827908,      15.1,      10.9,     53100,      2460,      3731,        11,    801813,     37151,     56339,       165,     -8803,     -4951,    -13754,   -132923,    -74766,   -207689,     32923,      2387,      5109,        18,    358862,     26013,     55686,       197,     -5358,     -4393,     -9751,    -58400,    -47883,   -106283,      2460,      1845,      2387,      1932,     61903,     66854,     38281,     42674
       785,     50785,729.889724,      27.7,         0,     49410,      1869,      3257,         0,   1368657,     51762,     90221,         0,     -8873,     -8801,    -17674,   -245769,   -243798,   -489567,     30658,      1864,      4791,        28,         0,         0,         0,         0,     -5362,     -6787,    -12149,         0,         0,         0,       731,      1869,       717,      1864,     58283,     67084,     36021,     42808
       786,     50786,2532.82516,      11.0,         0,     23274,       631,      1538,         0,    256010,      6941,     16920,         0,     -8158,    -31688,    -39846,    -89741,   -348567,   -438307,     14676,       556,      2493,        11,         0,         0,         0,         0,     -4343,    -21380,    -25724,         0,         0,         0,         0,       631,         0,       556,     31432,     63120,     19020,     40400
       787,     50787,462.946686,      14.6,         0,     42759,      1356,      4007,        10,    624281,     19793,     58497,       145,     -4554,    -20815,    -25369,    -66490,   -303900,   -370390,     26304,      1331,      4697,        24,         0,         0,         0,         0,     -2661,    -14387,    -17048,         0,         0,         0,         0,      1356,         0,      1331,     47313,     68128,     28965,     43352
       788,     50788,143.081996,         0,         0,     49793,      1835,      4363,         0,         0,         0,         0,         0,     -8809,     -9746,    -18554,         0,         0,         0,     30825,      1770,      5408,        12,         0,         0,         0,         0,     -5327,     -7353,    -12680,         0,         0,         0,         0,      1835,         0,      1770,     58602,     68347,     36152,     43505
       789,     50789,111.060206,       1.7,         0,     51443,      1819,      4883,         1,     87454,      3092,      8301,         2,     -8378,     -7458,    -15835,    -14242,    -12678,    -26920,     31823,      1652,      5861,        37,         0,         0,         0,         0,     -5055,     -5970,    -11026,         0,         0,         0,         0,      1819,         0,      1652,     59821,     67279,     36878,     42849
       790,     50790,306.727558,       8.3,         0,     54708,      2923,      4759,        57,    454073,     24264,     39498,       475,     -8731,     -4925,    -13657,    -72470,    -40881,   -113351,     33862,      2935,      6068,        82,         0,         0,         0,         0,     -5323,     -4384,     -9708,         0,         0,         0,      2923,      2198,      2935,      2031,     63439,     68364,     39185,     43570
       791,     50791,402.273411,       6.4,     199.7,     53709,      2239,      4618,       246,    343737,     14329,     29554,      1573,     -8738,     -5508,    -14246,    -55920,    -35251,    -91171,     33235,      2297,      6260,       156,   6637018,    458743,   1250195,     31105,     -5321,     -4794,    -10115,  -1062609,   -957395,  -2020005,      2239,      2098,      2297,      1986,     62446,     67954,     38556,     43350
       792,     50792,755.611943,       6.4,      60.4,     46866,      1778,      3689,        60,    299942,     11381,     23608,       387,     -8759,     -9512,    -18271,    -56056,    -60875,   -116932,     28906,      1618,      5589,         6,   1745896,     97756,    337554,       387,     -5275,     -7519,    -12794,   -318621,   -454127,   -772749,         0,      1778,         0,      1618,     55625,     65136,     34181,     41699
       793,     50793,378.126129,      12.0,       4.1,     56748,      1841,      4621,       169,    680978,     22092,     55457,      2027,     -3394,    -12082,    -15476,    -40728,   -144982,   -185710,     35214,      1770,      4762,        28,    144379,      7255,     19525,       114,     -2004,     -8719,    -10722,     -8216,    -35746,    -43962,         0,      1841,         0,      1770,     60142,     72224,     37218,     45937
       794,     50794,304.394303,      15.9,      17.7,     53418,      1774,      4876,        20,    849351,     28204,     77525,       311,     -4558,    -12000,    -16558,    -72472,   -190795,   -263267,     33113,      1711,      5379,        35,    586108,     30291,     95201,       622,     -2688,     -8704,    -11392,    -47572,   -154062,   -201634,         0,      1774,         0,      1711,     57976,     69976,     35801,     44505
       795,     50795,152.062770,       6.0,         0,     51870,      1844,      5572,        26,    311219,     11062,     33430,       158,     -8377,     -8919,    -17296,    -50261,    -53512,   -103773,     32092,      1673,      6306,       358,         0,         0,         0,         0,     -5057,     -6809,    -11866,         0,         0,         0,         0,      1844,         0,      1673,     60247,     69165,     37149,     43958
       796,     50796, 91.652763,       8.1,         0,     51600,      6407,      5621,       178,    417962,     51898,     45534,      1445,     -8379,     -8580,    -16959,    -67869,    -69502,   -137371,     31922,      3583,      6619,       706,         0,         0,         0,         0,     -5055,     -6637,    -11693,         0,         0,         0,      6407,      1828,      3583,      1660,     59979,     68560,     36978,     43615
       797,     50797,172.719661,       6.5,         0,     55791,      1927,      6081,        26,    362640,     12524,     39528,       170,     -5381,    -10979,    -16361,    -34980,    -71364,   -106344,     34645,      1846,      6239,       261,         0,         0,         0,         0,     -3213,     -7918,    -11132,         0,         0,         0,         0,      1927,         0,      1846,     61172,     72151,     37858,     45776
       798,     50798,336.605483,      10.0,         0,     56371,      1876,      6198,         2,    563709,     18758,     61983,        15,     -4455,    -13583,    -18038,    -44548,   -135834,   -180382,     34998,      1802,      5642,        19,         0,         0,         0,         0,     -2640,     -9587,    -12227,         0,         0,         0,         0,      1876,         0,      1802,     60826,     74409,     37638,     47225
       799,     50799,170.340674,       6.6,         0,     56349,      1961,      7389,        42,    371903,     12940,     48766,       278,     -5379,    -12946,    -18325,    -35500,    -85444,   -120944,     34998,      1875,      6810,       204,         0,         0,         0,         0,     -3215,     -9123,    -12337,         0,         0,         0,         0,      1961,         0,      1875,     61728,     74674,     38213,     47336
       800,     50800,696.025198,      23.1,      11.0,     64064,      2571,      6121,        11,   1479882,     59396,    141402,       254,     -2395,    -11612,    -14007,    -55327,   -268233,   -323560,     39426,      2685,      4423,        24,    433685,     29536,     48658,       263,     -1488,     -8563,    -10052,    -16373,    -94196,   -110570,         0,      2571,         0,      2685,     66459,     78071,     40914,     49478
       801,     50801,657.644349,      17.8,       7.7,     62214,      2266,      9844,        13,   1107417,     40335,    175215,       237,     -4369,     -9948,    -14317,    -77771,   -177075,   -254845,     38437,      2482,      7328,        22,    295963,     19109,     56425,       166,     -2612,     -7465,    -10076,    -20112,    -57477,    -77589,         0,      2266,         0,      2482,     66584,     76532,     41049,     48513
       802,     50802,477.145850,       9.6,         0,     67468,      2685,     11027,         0,    647693,     25779,    105859,         0,     -2333,    -10071,    -12404,    -22394,    -96681,   -119075,     41481,      2803,      6166,        14,         0,         0,         0,         0,     -1496,     -7777,     -9273,         0,         0,         0,         0,      2685,         0,      2803,     69801,     79872,     42978,     50754
       803,     50803,163.630247,         0,         0,     65296,     10957,     15828,         0,         0,         0,         0,         0,     -4763,     -8940,    -13703,         0,         0,         0,     40288,      5523,      9475,        10,         0,         0,         0,         0,     -2928,     -6936,     -9864,         0,         0,         0,         0,     10957,         0,      5523,     70059,     78999,     43216,     50152
       804,     50804,160.369172,       9.3,         0,     65340,     10928,     17318,        38,    607662,    101628,    161053,       349,     -4762,     -9153,    -13915,    -44284,    -85125,   -129408,     40293,      5528,     10995,        20,         0,         0,         0,         0,     -2928,     -7122,    -10050,         0,         0,         0,      1577,     10928,      1247,      5528,     70102,     79255,     43222,     50344
       805,     50805, 89.770828,       1.7,         0,     68010,     10797,     18020,       876,    115617,     18355,     30633,      1489,     -5712,     -4765,    -10477,     -9710,     -8101,    -17811,     41904,      5589,     11938,        59,         0,         0,         0,         0,     -3620,     -4310,     -7931,         0,         0,         0,      3746,     10797,      3337,      5589,     73722,     78487,     45524,     49834
       806,     50806,655.292178,      18.5,         0,     70223,     10083,     14736,         0,   1299122,    186527,    272608,         0,     -2303,     -8565,    -10869,    -42615,   -158459,   -201073,     43269,      5174,      6587,        21,         0,         0,         0,         0,     -1519,     -6843,     -8362,         0,         0,         0,         0,     10083,         0,      5174,     72526,     81092,     44788,     51631
       807,     50807,434.658557,       1.9,         0,     65467,     10645,     20729,         0,    124387,     20226,     39385,         0,     -4127,    -11479,    -15606,     -7841,    -21811,    -29652,     40364,      5447,     10616,         2,         0,         0,         0,         0,     -2508,     -8730,    -11238,         0,         0,         0,         0,     10645,         0,      5447,     69594,     81073,     42872,     51603
       808,     50808,850.752107,      33.6,         0,     45928,      1602,      3499,         0,   1543194,     53826,    117552,         0,     -6924,    -12563,    -19487,   -232643,   -422114,   -654758,     29465,      1499,      5622,        34,         0,         0,         0,         0,     -3597,     -8696,    -12293,         0,         0,         0,         0,      1602,         0,      1499,     52852,     65415,     33062,     41758
       809,     50809,698.478557,         0,         0,     50414,      2449,      7773,         0,         0,         0,         0,         0,     -6915,    -15890,    -22805,         0,         0,         0,     31752,      1955,      8709,         0,         0,         0,         0,         0,     -3817,    -10695,    -14512,         0,         0,         0,         0,      2449,         0,      1955,     57328,     73218,     35570,     46264
       810,     50810,853.080136,       2.1,         0,     58641,      3429,     10996,         0,    123145,      7200,     23093,         0,     -2591,    -12617,    -15208,     -5441,    -26496,    -31937,     36446,      3204,      9816,         2,         0,         0,         0,         0,     -1648,     -8676,    -10324,         0,         0,         0,         0,      3429,         0,      3204,     61231,     73849,     38095,     46771
       811,     50811,1417.81867,      36.7,       2.7,     57536,         0,       311,         3,   2111574,         0,     11409,        99,     -1693,    -11716,    -13409,    -62119,   -429988,   -492107,     35284,         0,       325,        37,     95268,         0,       878,        99,     -1015,     -8351,     -9366,     -2741,    -22547,    -25288,         0,         0,         0,         0,     59229,     70945,     36300,     44650
       812,     50812,1382.37334,         0,       6.3,     59559,         0,       325,         6,         0,         0,         0,         0,     -1663,    -16340,    -18004,         0,         0,         0,     36561,         0,       411,         0,    230334,         0,      2590,         0,      -969,    -11295,    -12265,     -6107,    -71161,    -77268,         0,         0,         0,         0,     61222,     77563,     37530,     48826
       813,     50813,550.895786,      23.4,         0,     55129,         0,       362,         0,   1290025,         0,      8472,         0,     -2268,    -16356,    -18624,    -53078,   -382733,   -435811,     33188,         0,       516,        27,         0,         0,         0,         0,     -1313,    -12087,    -13400,         0,         0,         0,         0,         0,         0,         0,     57398,     73754,     34501,     46588
       814,     50814,348.130813,       8.0,         0,     61200,         0,       397,         0,    489602,         0,      3179,         0,     -1985,    -11926,    -13911,    -15882,    -95405,   -111288,     37515,         0,       603,        14,         0,         0,         0,         0,     -1117,     -8670,     -9787,         0,         0,         0,         0,         0,         0,         0,     63186,     75111,     38632,     47302
       815,     50815,1162.79484,       7.0,       3.8,     63654,         0,       496,         4,    445575,         0,      3474,        27,     -2171,    -12209,    -14380,    -15199,    -85465,   -100663,     38686,         0,       659,         7,    147009,         0,      2504,        27,     -1254,     -9318,    -10572,     -4766,    -35409,    -40175,         0,         0,         0,         0,     65825,     78034,     39941,     49259
       816,     50816,227.067481,         0,         0,     66788,         0,      1779,         0,         0,         0,         0,         0,     -2159,    -11712,    -13871,         0,         0,         0,     40404,         0,       760,         0,         0,         0,         0,         0,     -1271,     -9373,    -10644,         0,         0,         0,         0,         0,         0,         0,     68948,     80660,     41675,     51048
       817,     50817,1291.60173,      54.5,     197.0,     55314,         0,       315,       197,   3014635,         0,     17151,     10737,     -2269,    -11328,    -13597,   -123667,   -617349,   -741016,     33309,         0,       409,        55,   6561936,         0,     80533,     10737,     -1314,     -8985,    -10299,   -258820,  -1770102,  -2028922,         0,         0,         0,         0,     57584,     68911,     34623,     43608
       818,     50818,659.429735,      13.8,         0,     60053,         0,       395,         0,    828727,         0,      5452,         0,     -2243,     -9633,    -11876,    -30954,   -132940,   -163894,     36418,         0,       645,        15,         0,         0,         0,         0,     -1298,     -7736,     -9034,         0,         0,         0,         0,         0,         0,         0,     62296,     71929,     37716,     45452
       819,     50819,197.056045,      16.9,      41.9,     63568,         0,       463,        42,   1074306,         0,      7826,       716,     -2230,     -9474,    -11705,    -37689,   -160118,   -197808,     38783,         0,       764,        21,   1625001,         0,     32017,       891,     -1287,     -7436,     -8723,    -53922,   -311583,   -365505,         0,         0,         0,         0,     65799,     75273,     40070,     47506
       820,     50820,612.758834,      12.4,         0,     53715,         0,       410,         4,    666062,         0,      5089,        44,     -2069,    -14371,    -16440,    -25653,   -178198,   -203851,     32667,         0,       734,        20,         0,         0,         0,         0,     -1148,    -10456,    -11604,         0,         0,         0,         0,         0,         0,         0,     55784,     70154,     33816,     44272
       821,     50821,477.100695,      21.3,      10.2,     57559,         0,       421,        16,   1226013,         0,      8974,       344,     -2213,    -12593,    -14805,    -47130,   -268223,   -315353,     35042,         0,       809,        32,    357432,         0,      8252,       324,     -1249,     -9366,    -10615,    -12737,    -95535,   -108272,         0,         0,         0,         0,     59772,     72365,     36291,     45657
       822,     50822,241.771074,       7.2,         0,     61152,         0,       480,        19,    440292,         0,      3453,       135,     -2210,    -12225,    -14436,    -15915,    -88022,   -103937,     37395,         0,       870,        40,         0,         0,         0,         0,     -1248,     -9019,    -10267,         0,         0,         0,         0,         0,         0,         0,     63362,     75587,     38644,     47662
       823,     50823, 83.673403,       9.4,         0,     43616,       945,      2137,        16,    409987,      8885,     20091,       149,     -5560,     -4078,     -9638,    -52260,    -38334,    -90594,     27658,       222,      2683,        71,         0,         0,         0,         0,     -3425,     -4089,     -7513,         0,         0,         0,         0,       945,         0,       222,     49175,     53253,     31083,     35171
       824,     50824,285.314009,       5.4,       1.4,     62643,         0,       523,        16,    338270,         0,      2827,        87,     -2221,    -12543,    -14764,    -11995,    -67730,    -79725,     38256,         0,       876,        18,     53558,         0,      1226,        25,     -1273,     -9309,    -10583,     -1783,    -13033,    -14816,         0,         0,         0,         0,     64864,     77407,     39529,     48838
       825,     50825,180.337808,       6.1,         0,     43422,       933,      2650,         0,    264877,      5689,     16165,         0,     -5539,     -5793,    -11332,    -33787,    -35338,    -69124,     27530,       219,      3085,        13,         0,         0,         0,         0,     -3411,     -5176,     -8587,         0,         0,         0,         0,       933,         0,       219,     48961,     54754,     30941,     36117
       826,     50826,157.101289,      12.3,      15.6,     57465,         0,       411,        19,    706816,         0,      5059,       240,     -2084,    -14452,    -16535,    -25631,   -177755,   -203386,     35218,         0,       886,        55,    549396,         0,     13818,       854,     -1165,    -10273,    -11438,    -18179,   -160257,   -178435,         0,         0,         0,         0,     59549,     74000,     36383,     46656
       827,     50827,1200.12125,         0,       7.7,     62923,         0,       742,         8,         0,         0,         0,         0,     -1775,    -14246,    -16022,         0,         0,         0,     38705,         0,      1048,         0,    298030,         0,      8072,         0,      -995,    -10063,    -11058,     -7660,    -77483,    -85143,         0,         0,         0,         0,     64699,     78945,     39700,     49763
       828,     50828,168.473313,       2.9,         0,     42919,       897,      2097,         2,    124466,      2602,      6083,         6,     -5551,     -4969,    -10520,    -16098,    -14410,    -30508,     27229,       211,      2647,        39,         0,         0,         0,         0,     -3413,     -4646,     -8058,         0,         0,         0,         0,       897,         0,       211,     48470,     53439,     30641,     35287
       829,     50829,185.207415,         0,         0,     28923,         0,      1917,         0,         0,         0,         0,         0,     -5309,    -20045,    -25354,         0,         0,         0,     18883,         0,      2484,         9,         0,         0,         0,         0,     -2841,    -13950,    -16791,         0,         0,         0,         0,         0,         0,         0,     34231,     54277,     21724,     35674
       830,     50830,383.966915,         0,         0,     71373,       317,      3646,         0,         0,         0,         0,         0,     -2080,     -8072,    -10152,         0,         0,         0,     43309,       612,      1760,         0,         0,         0,         0,         0,     -1267,     -7053,     -8320,         0,         0,         0,         0,       317,         0,       612,     73453,     81525,     44576,     51629
       831,     50831,1127.67921,      11.1,       5.8,     69023,         0,      4183,         6,    766151,         0,     46435,        64,     -2304,    -10282,    -12586,    -25574,   -114128,   -139702,     41618,         0,      2338,        11,    241382,         0,     13558,        64,     -1514,     -8356,     -9870,     -8781,    -48464,    -57245,         0,         0,         0,         0,     71327,     81608,     43131,     51487
       832,     50832,159.378108,       2.9,         0,     40991,       772,      1436,        10,    118875,      2240,      4165,        30,     -5540,     -5426,    -10966,    -16067,    -15735,    -31802,     26062,       186,      2113,       113,         0,         0,         0,         0,     -3383,     -4877,     -8260,         0,         0,         0,         0,       772,         0,       186,     46532,     51957,     29445,     34322
       833,     50833,817.581324,      15.3,       1.8,     69854,         0,     19901,       117,   1068759,         0,    304482,      1794,     -2283,    -10209,    -12493,    -34933,   -156204,   -191137,     42281,         0,      8211,        17,     76105,         0,     14780,        30,     -1519,     -8284,     -9803,     -2735,    -14911,    -17646,         0,         0,         0,         0,     72137,     82346,     43800,     52084
       834,     50834,164.491105,       2.9,         0,     33291,         0,      1266,         4,     96543,         0,      3672,        12,     -5452,    -12548,    -18001,    -15811,    -36390,    -52202,     21452,         0,      1960,        53,         0,         0,         0,         0,     -3122,     -9278,    -12399,         0,         0,         0,         0,         0,         0,         0,     38743,     51291,     24574,     33852
       835,     50835,3060.57854,         0,      34.1,     45235,         0,       231,        34,         0,         0,         0,         0,     -1753,    -17664,    -19417,         0,         0,         0,     28107,         0,       641,         0,    958444,         0,     21843,         0,     -1015,    -12270,    -13284,    -34600,   -418397,   -452997,         0,         0,         0,         0,     46988,     64651,     29122,     41391
       836,     50836,993.703415,      16.2,         0,     27030,         0,      1440,         0,    437888,         0,     23327,         0,     -5212,    -21782,    -26994,    -84439,   -352866,   -437305,     17784,         0,      2024,        16,         0,         0,         0,         0,     -2689,    -15026,    -17715,         0,         0,         0,         0,         0,         0,         0,     32242,     54024,     20473,     35499
       837,     50837,164.250621,       7.3,      52.7,     38704,       631,      1575,        65,    282541,      4610,     11495,       478,     -5476,     -7243,    -12719,    -39973,    -52875,    -92848,     24691,       159,      2212,        57,   1301214,      8383,    116561,      2994,     -3308,     -5953,     -9261,   -174349,   -313716,   -488065,         0,       631,         0,       159,     44180,     51423,     27999,     33952
       838,     50838,235.049874,         0,         0,     53895,         0,       394,         2,         0,         0,         0,         0,     -1878,    -14717,    -16595,         0,         0,         0,     33072,         0,       871,         7,         0,         0,         0,         0,     -1065,    -10398,    -11463,         0,         0,         0,         0,         0,         0,         0,     55772,     70489,     34137,     44535
       839,     50839,4364.70820,         0,         0,     24828,         0,       145,         0,         0,         0,         0,         0,     -5247,    -14389,    -19636,         0,         0,         0,     16923,         0,       405,         0,         0,         0,         0,         0,     -2574,     -9636,    -12210,         0,         0,         0,         0,         0,         0,         0,     30075,     44464,     19497,     29133
       840,     50840,237.005605,       3.2,         0,     56434,         0,       395,         8,    180590,         0,      1265,        27,     -1807,    -14002,    -15809,     -5783,    -44806,    -50589,     34799,         0,       911,        63,         0,         0,         0,         0,     -1040,     -9865,    -10904,         0,         0,         0,         0,         0,         0,         0,     58242,     72243,     35838,     45703
       841,     50841,115.279626,       7.1,      16.3,     38414,       618,       737,        53,    272739,      4387,      5235,       374,     -5514,     -5593,    -11107,    -39152,    -39708,    -78860,     24521,       157,      1539,       106,    399690,      2559,     25094,      1728,     -3330,     -4921,     -8251,    -54286,    -80213,   -134499,         0,       618,         0,       157,     43928,     49521,     27851,     32772
       842,     50842,221.514803,       1.6,         0,     49253,         0,       352,         0,     78805,         0,       563,         0,     -1735,    -18139,    -19874,     -2775,    -29023,    -31798,     30294,         0,       874,         9,         0,         0,         0,         0,      -984,    -12706,    -13690,         0,         0,         0,         0,         0,         0,         0,     50988,     69127,     31278,     43984
       843,     50843,186.045821,      10.6,         0,     32265,         0,       235,         5,    342006,         0,      2496,        48,     -5434,     -8290,    -13724,    -57605,    -87870,   -145475,     20844,         0,       893,       119,         0,         0,         0,         0,     -3068,     -6639,     -9707,         0,         0,         0,         0,         0,         0,         0,     37699,     45989,     23912,     30551
       844,     50844, 97.599572,         0,         0,     50344,         0,       345,         2,         0,         0,         0,         0,     -1853,    -16025,    -17878,         0,         0,         0,     31531,         0,       904,        28,         0,         0,         0,         0,     -1085,    -11145,    -12230,         0,         0,         0,         0,         0,         0,         0,     52197,     68222,     32616,     43761
       845,     50845,258.948221,       1.7,         0,     51884,         0,       336,         5,     88202,         0,       571,         9,     -1857,    -15216,    -17073,     -3157,    -25867,    -29024,     32535,         0,       943,        55,         0,         0,         0,         0,     -1086,    -10618,    -11704,         0,         0,         0,         0,         0,         0,         0,     53741,     68957,     33621,     44239
       846,     50846,358.845311,      12.9,         0,     28716,         0,       176,         0,    370433,         0,      2266,         0,     -5308,     -8008,    -13316,    -68478,   -103302,   -171781,     18768,         0,       658,        26,         0,         0,         0,         0,     -2830,     -6476,     -9306,         0,         0,         0,         0,         0,         0,         0,     34024,     42032,     21598,     28073
       847,     50847,219.990849,      17.1,         0,     51618,         0,       349,         6,    882676,         0,      5962,       105,     -1858,    -16322,    -18180,    -31772,   -279104,   -310876,     32362,         0,      1043,        71,         0,         0,         0,         0,     -1086,    -11316,    -12402,         0,         0,         0,         0,         0,         0,         0,     53477,     69798,     33448,     44764
       848,     50848,207.199252,       9.5,         0,     30014,         0,       171,         1,    285136,         0,      1622,        11,     -5359,     -6049,    -11409,    -50913,    -57470,   -108383,     19520,         0,       647,        33,         0,         0,         0,         0,     -2926,     -5249,     -8175,         0,         0,         0,         0,         0,         0,         0,     35374,     41423,     22447,     27696
       849,     50849,172.594168,       7.6,         0,     29808,         0,       180,         5,    226542,         0,      1367,        36,     -5351,     -8075,    -13426,    -40666,    -61368,   -102034,     19400,         0,       680,        53,         0,         0,         0,         0,     -2911,     -6513,     -9424,         0,         0,         0,         0,         0,         0,         0,     35159,     43234,     22312,     28824
       850,     50850,205.280011,       4.9,         0,     50163,         0,       377,         1,    245799,         0,      1847,         4,     -1855,    -16887,    -18742,     -9089,    -82748,    -91836,     31414,         0,      1096,        39,         0,         0,         0,         0,     -1085,    -11752,    -12837,         0,         0,         0,         0,         0,         0,         0,     52018,     68905,     32499,     44250
       851,     50851, 80.238121,       7.0,         0,     26353,         0,       142,        15,    184472,         0,       996,       106,     -5186,     -8251,    -13437,    -36302,    -57756,    -94059,     17397,         0,       550,        26,         0,         0,         0,         0,     -2642,     -6592,     -9234,         0,         0,         0,         0,         0,         0,         0,     31539,     39790,     20040,     26631
       852,     50852,245.502759,      27.0,       1.4,     54651,         0,       451,         2,   1475590,         0,     12177,        52,     -2229,    -15873,    -18101,    -60176,   -428560,   -488736,     34378,         0,      1279,        53,     48129,         0,      1791,        74,     -1371,    -10544,    -11915,     -1919,    -14762,    -16681,         0,         0,         0,         0,     56880,     72753,     35749,     46293
       853,     50853, 98.892316,       3.9,         0,     56778,         0,       535,         6,    221434,         0,      2088,        22,     -2197,    -14152,    -16350,     -8569,    -55195,    -63764,     35523,         0,      1360,        94,         0,         0,         0,         0,     -1413,     -9657,    -11070,         0,         0,         0,         0,         0,         0,         0,     58975,     73128,     36936,     46593
       854,     50854,247.533691,      12.2,       4.7,     32132,         0,       668,         7,    392016,         0,      8149,        84,     -5424,    -11345,    -16769,    -66170,   -138410,   -204581,     20765,         0,      1406,        54,     97596,         0,      6609,       253,     -3055,     -8528,    -11582,    -14356,    -40081,    -54438,         0,         0,         0,         0,     37556,     48901,     23820,     32348
       855,     50855,113.950636,       1.6,         0,     32853,         0,       430,        20,     52565,         0,       687,        32,     -5450,     -9248,    -14698,     -8720,    -14796,    -23516,     21194,         0,      1102,       107,         0,         0,         0,         0,     -3102,     -7220,    -10322,         0,         0,         0,         0,         0,         0,         0,     38304,     47551,     24296,     31515
       856,     50856,413.314115,      12.0,         0,     48781,         0,       460,         1,    585368,         0,      5525,         9,     -2445,    -17303,    -19748,    -29344,   -207637,   -236981,     31026,         0,      1253,        23,         0,         0,         0,         0,     -1335,    -11451,    -12785,         0,         0,         0,         0,         0,         0,         0,     51226,     68529,     32361,     43811
       857,     50857,703.484294,      36.4,       2.7,     52704,         0,       639,         3,   1918426,         0,     23277,        98,     -2647,    -16415,    -19062,    -96348,   -597499,   -693846,     33300,         0,      1601,        41,     89911,         0,      4323,       110,     -1553,    -10813,    -12366,     -4194,    -29194,    -33388,         0,         0,         0,         0,     55351,     71766,     34854,     45666
       858,     50858,149.489878,       4.6,         0,     32149,         0,       268,        18,    147887,         0,      1235,        84,     -5429,     -8027,    -13456,    -24975,    -36922,    -61897,     20774,         0,       872,        80,         0,         0,         0,         0,     -3060,     -6478,     -9538,         0,         0,         0,         0,         0,         0,         0,     37579,     45605,     23835,     30312
       859,     50859,694.084548,      17.1,         0,     29391,         0,       417,         1,    502589,         0,      7131,        25,     -5333,    -13451,    -18785,    -91203,   -230019,   -321221,     19156,         0,      1018,        21,         0,         0,         0,         0,     -2881,     -9841,    -12721,         0,         0,         0,         0,         0,         0,         0,     34725,     48176,     22037,     31877
       860,     50860,258.469833,         0,         0,     28416,         0,       175,         3,         0,         0,         0,         0,     -5292,     -9737,    -15028,         0,         0,         0,     18594,         0,       671,        25,         0,         0,         0,         0,     -2805,     -7547,    -10352,         0,         0,         0,         0,         0,         0,         0,     33708,     43445,     21399,     28946
       861,     50861,327.009345,      19.1,         0,     55353,         0,       764,         0,   1057241,         0,     14597,         6,     -2330,    -16932,    -19262,    -44500,   -323406,   -367906,     34743,         0,      1696,        28,         0,         0,         0,         0,     -1476,    -11198,    -12674,         0,         0,         0,         0,         0,         0,         0,     57683,     74615,     36219,     47417
       862,     50862,1884.02739,       3.9,         0,     57074,         0,      1263,         0,    222589,         0,      4927,         0,     -2274,    -18023,    -20297,     -8868,    -70289,    -79157,     35284,         0,      2026,         4,         0,         0,         0,         0,     -1495,    -12225,    -13720,         0,         0,         0,         0,         0,         0,         0,     59348,     77371,     36779,     49004
       863,     50863,773.791480,         0,         0,     25430,         0,       157,         0,         0,         0,         0,         0,     -5137,    -12733,    -17870,         0,         0,         0,     16866,         0,       619,         0,         0,         0,         0,         0,     -2571,     -9398,    -11969,         0,         0,         0,         0,         0,         0,         0,     30567,     43300,     19437,     28835
       864,     50864,151.515006,       4.1,       6.9,     25384,         0,       145,        16,    104074,         0,       593,        67,     -5134,     -9973,    -15107,    -21050,    -40890,    -61940,     16839,         0,       563,        25,    116191,         0,      3885,       172,     -2568,     -7660,    -10228,    -17720,    -52856,    -70576,         0,         0,         0,         0,     30518,     40491,     19407,     27068
       865,     50865,521.473561,         0,         0,     65926,         0,      4336,         0,         0,         0,         0,         0,     -2321,    -10460,    -12781,         0,         0,         0,     39889,         0,      3204,         3,         0,         0,         0,         0,     -1517,     -8406,     -9922,         0,         0,         0,         0,         0,         0,         0,     68247,     78707,     41405,     49811
       866,     50866,470.539520,      27.9,       2.0,     67344,         0,     11999,         2,   1878898,         0,    334780,        56,     -2314,    -11774,    -14088,    -64565,   -328498,   -393063,     40799,         0,      5833,        31,     81598,         0,     11667,        61,     -1516,     -9209,    -10724,     -3031,    -18418,    -21449,         0,         0,         0,         0,     69658,     81432,     42315,     51523
       867,     50867,188.549715,      12.3,       8.2,     27072,         0,       131,        14,    332988,         0,      1610,       169,     -5222,     -6022,    -11245,    -64234,    -74076,   -138310,     17814,         0,       505,        25,    146072,         0,      4142,       201,     -2697,     -5193,     -7891,    -22118,    -42586,    -64703,         0,         0,         0,         0,     32294,     38317,     20511,     25704
       868,     50868,363.826804,      10.2,         0,     70684,         0,     21555,         1,    720972,         0,    219858,         8,     -2276,     -9333,    -11609,    -23217,    -95193,   -118410,     42829,         0,      9792,        50,         0,         0,         0,         0,     -1518,     -7802,     -9320,         0,         0,         0,         0,         0,         0,         0,     72960,     82292,     44347,     52149
       869,     50869,566.052334,      26.4,      33.9,     22981,         0,       122,        35,    606707,         0,      3210,       911,     -4982,    -11971,    -16953,   -131526,   -316030,   -447556,     15462,         0,       479,        27,    524165,         0,     16228,       907,     -2398,     -8830,    -11228,    -81301,   -299320,   -380621,         0,         0,         0,         0,     27963,     39934,     17860,     26690
       870,     50870,134.581846,       9.4,         0,     19909,         0,       103,         6,    187144,         0,       967,        59,     -4788,     -8641,    -13429,    -45008,    -81221,   -126229,     13722,         0,       384,        28,         0,         0,         0,         0,     -2219,     -6625,     -8844,         0,         0,         0,         0,         0,         0,         0,     24697,     33338,     15941,     22566
       871,     50871,286.021771,      87.6,         0,     73178,         0,     31759,         1,   6410352,         0,   2782092,        69,     -2221,     -7216,     -9437,   -194548,   -632126,   -826673,     44425,         0,     14404,       178,         0,         0,         0,         0,     -1512,     -6519,     -8031,         0,         0,         0,         0,         0,         0,         0,     75398,     82614,     45937,     52456
       872,     50872,909.059789,      22.2,         0,     63762,         0,      5399,         0,   1415526,         0,    119868,         0,     -2378,    -11962,    -14340,    -52796,   -265555,   -318351,     39032,         0,      4326,        22,         0,         0,         0,         0,     -1557,     -8783,    -10340,         0,         0,         0,         0,         0,         0,         0,     66141,     78103,     40588,     49372
       873,     50873,560.160231,      28.4,       8.2,     18139,         0,        92,         8,    515140,         0,      2612,       233,     -4660,    -10182,    -14842,   -132353,   -289162,   -421515,     12733,         0,       341,        34,    104412,         0,      2796,       275,     -2106,     -7489,     -9595,    -17270,    -61408,    -78677,         0,         0,         0,         0,     22799,     32981,     14839,     22328
       874,     50874,3900.09247,       9.0,         0,     17646,         0,        66,         0,    158814,         0,       594,         0,     -4619,    -10799,    -15418,    -41570,    -97195,   -138765,     12457,         0,       249,         9,         0,         0,         0,         0,     -2077,     -7826,     -9903,         0,         0,         0,         0,         0,         0,         0,     22265,     33064,     14533,     22360
       875,     50875,355.186107,      12.2,       1.4,     65000,         0,     18417,         4,    793006,         0,    224684,        45,     -2394,    -14673,    -17066,    -29201,   -179006,   -208207,     39796,         0,      9208,        37,     55714,         0,     12891,        52,     -1562,    -10632,    -12194,     -2187,    -14885,    -17072,         0,         0,         0,         0,     67394,     82067,     41358,     51990
       876,     50876,728.196650,         0,         0,      5403,         0,        57,         0,         0,         0,         0,         0,     -1360,    -14585,    -15945,         0,         0,         0,      4989,         0,       166,         0,         0,         0,         0,         0,      -569,     -9872,    -10441,         0,         0,         0,         0,         0,         0,         0,      6763,     21348,      5558,     15430
       877,     50877,353.832760,      50.2,         0,     68946,         0,     27633,         0,   3461095,         0,   1387196,        14,     -2392,     -9959,    -12352,   -120093,   -499958,   -620051,     42171,         0,     13666,       117,         0,         0,         0,         0,     -1574,     -7772,     -9346,         0,         0,         0,         0,         0,         0,         0,     71338,     81298,     43746,     51518
       878,     50878,5169.38825,         0,         0,       644,         0,         0,         0,         0,         0,         0,         0,       -24,     -3372,     -3396,         0,         0,         0,       895,         0,         2,         0,         0,         0,         0,         0,       -21,     -3792,     -3813,         0,         0,         0,         0,         0,         0,         0,       668,      4040,       916,      4708
       879,     50879,320.894398,      26.7,       4.8,     66610,        34,     16903,         5,   1778477,       895,    451298,       146,     -3089,     -9116,    -12205,    -82471,   -243392,   -325862,     41089,        40,      9267,        46,    197225,       192,     44482,       222,     -1956,     -6769,     -8725,     -9387,    -32493,    -41880,         0,        34,         0,        40,     69698,     78814,     43044,     49813
       880,     50880,34209.9510,         0,      32.2,      2074,         0,        32,        32,         0,         0,         0,         0,      -310,    -49298,    -49608,         0,         0,         0,      1531,         0,         0,         0,     49312,         0,         0,         0,      -115,    -31786,    -31901,     -3693,  -1023512,  -1027205,         0,         0,         0,         0,      2384,     51682,      1646,     33432
       881,     50881,147.010068,      46.7,         0,     69243,        35,     24507,         1,   3233668,      1631,   1144467,        45,     -3143,     -8070,    -11213,   -146759,   -376870,   -523629,     42670,        51,     13087,       139,         0,         0,         0,         0,     -2016,     -6248,     -8264,         0,         0,         0,         0,        35,         0,        51,     72386,     80456,     44686,     50934
       882,     50882,94715.3538,       6.1,      37.6,     24848,         0,        38,        38,    151574,         0,       229,       229,     -1606,    -22725,    -24331,     -9797,   -138622,   -148419,     13666,         0,         6,         6,    513825,         0,       229,       229,      -923,    -17161,    -18084,    -34719,   -645248,   -679967,         0,         0,         0,         0,     26454,     49179,     14589,     31750
       883,     50883,794.675642,      14.6,         0,     60383,         0,      4753,         0,    881589,         0,     69396,         0,     -2638,    -13012,    -15649,    -38511,   -189969,   -228480,     37076,         0,      4711,        15,         0,         0,         0,         0,     -1683,     -9407,    -11090,         0,         0,         0,         0,         0,         0,         0,     63021,     76032,     38760,     48166
       884,     50884,631.439386,      20.3,         0,     64242,       764,     13204,         1,   1304117,     15510,    268051,        21,     -3702,     -9593,    -13295,    -75156,   -194729,   -269884,     39912,       170,      8570,        46,         0,         0,         0,         0,     -2303,     -6971,     -9274,         0,         0,         0,         0,       764,         0,       170,     67944,     77537,     42215,     49186
       885,     50885,38348.9595,       3.4,       2.7,         2,         0,         3,         3,         7,         0,         9,         9,         0,    -31523,    -31523,         0,   -107180,   -107180,         3,         0,         3,         3,         7,         0,         9,         9,         0,    -21046,    -21046,         0,    -56824,    -56824,         0,         0,         0,         0,         2,     31525,         3,     21048
       886,     50886,404.295707,       3.0,         0,     14132,         0,        73,         0,     42395,         0,       220,         0,     -4206,    -14096,    -18302,    -12618,    -42287,    -54905,     10448,         0,       248,         3,         0,         0,         0,         0,     -1845,     -9660,    -11505,         0,         0,         0,         0,         0,         0,         0,     18338,     32433,     12293,     21953
       887,     50887,321.390248,      93.6,         0,     66078,       286,     19386,       122,   6184919,     26734,   1814537,     11397,     -3748,     -8235,    -11983,   -350848,   -770804,  -1121652,     40976,       126,     11643,       172,         0,         0,         0,         0,     -2350,     -6194,     -8544,         0,         0,         0,         0,       286,         0,       126,     69827,     78062,     43326,     49520
       888,     50888,27055.9254,         0,         0,        87,         0,         0,         0,         0,         0,         0,         0,        -5,     -2607,     -2612,         0,         0,         0,       277,         0,         0,         0,         0,         0,         0,         0,        -5,     -3062,     -3068,         0,         0,         0,         0,         0,         0,         0,        92,      2699,       283,      3345
       889,     50889,188.416063,       4.9,         0,     53278,         0,       986,        41,    261063,         0,      4833,       203,     -2707,    -19041,    -21747,    -13262,    -93299,   -106562,     33700,         0,      2078,        18,         0,         0,         0,         0,     -1589,    -12342,    -13932,         0,         0,         0,         0,         0,         0,         0,     55985,     75026,     35290,     47632
       890,     50890,39397.9475,         0,         0,         2,         0,         0,         0,         0,         0,         0,         0,         0,     -3581,     -3581,         0,         0,         0,         3,         0,         0,         0,         0,         0,         0,         0,         0,     -3427,     -3427,         0,         0,         0,         0,         0,         0,         0,         2,      3583,         3,      3430
       891,     50891,1070.07830,      29.3,         0,     50406,        19,       976,         0,   1476890,       551,     28610,         0,     -3861,    -13718,    -17579,   -113120,   -401945,   -515065,     32018,        18,      2072,        29,         0,         0,         0,         0,     -2279,     -9221,    -11499,         0,         0,         0,         0,        19,         0,        18,     54267,     67985,     34296,     43517
       892,     50892,192.010100,       9.1,      94.0,     52374,        26,      1325,        94,    476606,       239,     12055,       855,     -3471,    -18374,    -21845,    -31584,   -167205,   -198790,     33254,        22,      2558,        13,   3125917,      2085,    240444,      1254,     -2056,    -11808,    -13864,   -193231,  -1109954,  -1303185,         0,        26,         0,        22,     55845,     74219,     35310,     47118
       893,     50893,289.120654,      14.7,       4.0,     51738,        39,      1984,         7,    760551,       578,     29168,        96,     -5734,    -12855,    -18589,    -84290,   -188971,   -273261,     32897,        28,      2946,        54,    131589,       112,     11785,       217,     -3342,     -8721,    -12063,    -13367,    -34883,    -48250,         0,        39,         0,        28,     57472,     70327,     36239,     44960
       894,     50894,503.299384,       3.4,         0,     47859,         0,      2377,        58,    162720,         0,      8082,       198,     -4251,    -23492,    -27743,    -14454,    -79871,    -94325,     30395,         0,      3376,        11,         0,         0,         0,         0,     -2500,    -15071,    -17572,         0,         0,         0,         0,         0,         0,         0,     52110,     75601,     32896,     47967
       895,     50895,245.846695,      13.8,       1.2,     50862,        35,      2932,         4,    701892,       478,     40465,        53,     -6039,    -16283,    -22322,    -83340,   -224707,   -308047,     32168,        26,      3774,        33,     38601,        32,      4528,        40,     -3618,    -10856,    -14474,     -4341,    -13027,    -17369,         0,        35,         0,        26,     56901,     73184,     35785,     46641
       896,     50896,305.148419,       9.8,         0,     50258,        30,      4021,         1,    492531,       295,     39402,        11,     -6034,    -18011,    -24046,    -59137,   -176511,   -235648,     31784,        24,      4621,        36,         0,         0,         0,         0,     -3614,    -11932,    -15546,         0,         0,         0,         0,        30,         0,        24,     56293,     74304,     35398,     47330
       897,     50897,539.088776,      16.9,         0,     61608,      1555,      4990,        57,   1041179,     26286,     84329,       971,     -5780,     -6415,    -12195,    -97677,   -108420,   -206097,     38606,       213,      5422,       153,         0,         0,         0,         0,     -3514,     -5026,     -8540,         0,         0,         0,         0,      1555,         0,       213,     67388,     73803,     42120,     47145
       898,     50898,445.862546,      14.9,         0,     61006,      1584,      5764,         0,    908987,     23601,     85889,         0,     -4902,     -8554,    -13456,    -73036,   -127459,   -200495,     37785,       263,      5688,        15,         0,         0,         0,         0,     -3008,     -6590,     -9598,         0,         0,         0,         0,      1584,         0,       263,     65908,     74462,     40793,     47383
       899,     50899,609.627167,      26.7,      10.6,     65104,      1750,     10309,        11,   1738274,     46730,    275245,       283,     -5269,     -7041,    -12309,   -140672,   -187987,   -328659,     40534,       289,      8395,        27,    429663,      3064,     88989,       290,     -3263,     -5463,     -8726,    -34587,    -57907,    -92495,         0,      1750,         0,       289,     70373,     77413,     43797,     49260
       900,     50900,314.366865,       1.9,         0,     65412,      1860,     11098,        33,    124283,      3534,     21085,        63,     -5257,     -6104,    -11361,     -9988,    -11597,    -21586,     40771,       319,      9437,        84,         0,         0,         0,         0,     -3235,     -4957,     -8191,         0,         0,         0,         0,      1860,         0,       319,     70669,     76773,     44005,     48962
       901,     50901,204.689430,         0,         0,         0,         0,     13570,        60,         0,         0,         0,         0,         0,         0,         0,         0,         0,         0,         0,         0,     10942,       133,         0,         0,         0,         0,         0,         0,         0,         0,         0,         0,         0,         0,         0,         0,         0,         0,         0,         0
       902,     50902,181.630266,      12.7,      52.1,     62045,      5009,     15389,        57,    787977,     63619,    195446,       727,     -4611,     -9367,    -13978,    -58557,   -118963,   -177520,     38991,      2452,     11905,       171,   2031433,    127726,    620247,      8907,     -2806,     -6804,     -9610,   -146196,   -354470,   -500667,         0,      5009,         0,      2452,     66656,     76023,     41797,     48601
       903,     50903,266.168865,       3.3,         0,     60644,      2367,     16220,        54,    200124,      7813,     53526,       178,     -4607,    -10635,    -15242,    -15203,    -35095,    -50299,     38120,       420,     12420,       337,         0,         0,         0,         0,     -2804,     -7632,    -10436,         0,         0,         0,         0,      2367,         0,       420,     65251,     75886,     40924,     48556
       904,     50904,273.034156,         0,         0,     52726,       812,      9060,       102,         0,         0,         0,         0,     -4773,    -15442,    -20215,         0,         0,         0,     33605,       174,      8508,         2,         0,         0,         0,         0,     -2887,    -10234,    -13121,         0,         0,         0,         0,       812,         0,       174,     57499,     72941,     36492,     46726
       905,     50905,190.811150,         0,         0,     58654,      1742,     10694,        91,         0,         0,         0,         0,     -4811,    -10197,    -15008,         0,         0,         0,     37122,      1044,      9694,         1,         0,         0,         0,         0,     -2912,     -7188,    -10100,         0,         0,         0,         0,      1742,         0,      1044,     63465,     73662,     40034,     47222
       906,     50906,129.796623,         0,         0,     59252,      1935,     11645,       178,         0,         0,         0,         0,     -4756,    -10170,    -14926,         0,         0,         0,     37507,      1130,     10368,         6,         0,         0,         0,         0,     -2869,     -7201,    -10070,         0,         0,         0,         0,      1935,         0,      1130,     64008,     74178,     40376,     47577
       907,     50907,238.310667,         0,         0,     59690,      5193,     12321,        49,         0,         0,         0,         0,     -4887,     -8842,    -13729,         0,         0,         0,     37704,      2667,     10818,        52,         0,         0,         0,         0,     -2873,     -6740,     -9613,         0,         0,         0,         0,      5193,         0,      2667,     64577,     73419,     40577,     47317
       908,     50908,179.049217,         0,       7.3,     53989,      2248,      7985,        24,         0,         0,         0,         0,     -5031,    -15303,    -20335,         0,         0,         0,     34524,      1018,      7877,        71,    252024,      7428,     57505,       517,     -3024,     -9940,    -12963,    -22072,    -72560,    -94632,         0,      2248,         0,      1018,     59020,     74323,     37547,     47487
       909,     50909,140.618175,         0,      26.6,     55666,      2603,      8897,       336,         0,         0,         0,         0,     -4795,    -10504,    -15299,         0,         0,         0,     35485,      1319,      8697,       236,    943906,     35085,    231333,      6277,     -2901,     -7357,    -10258,    -77170,   -195684,   -272854,      1990,      2603,      1319,      1032,     60461,     70965,     38386,     45743
       910,     50910,120.902641,         0,     191.0,     56540,      2415,      9496,      1059,         0,         0,         0,         0,     -4663,    -10461,    -15125,         0,         0,         0,     35995,      1571,      9169,       219,   6875072,    300133,   1751243,     41778,     -2801,     -7365,    -10166,   -534977,  -1406759,  -1941736,      2343,      2415,      1571,      1067,     61203,     71665,     38796,     46161
       911,     50911,208.974382,         0,         0,     56482,      4395,      9725,      1975,         0,         0,         0,         0,     -4898,     -8460,    -13358,         0,         0,         0,     35864,      1852,      9329,        92,         0,         0,         0,         0,     -2890,     -6461,     -9352,         0,         0,         0,      2109,      4395,      1396,      1852,     61380,     69840,     38754,     45215
       912,     50912, 73.618746,       1.6,         0,     57485,      4273,     10289,       509,     91976,      6837,     16462,       815,     -4960,     -7493,    -12454,     -7937,    -11990,    -19926,     36229,      2005,      9634,       123,         0,         0,         0,         0,     -3035,     -5889,     -8924,         0,         0,         0,      2292,      4273,       916,      2005,     62446,     69939,     39264,     45153
       913,     50913, 84.238506,      28.0,         0,     60348,      6982,     10115,        72,   1689751,    195486,    283216,      2016,     -5427,     -4191,     -9618,   -151958,   -117352,   -269311,     37819,      2905,      9444,       291,         0,         0,         0,         0,     -3389,     -3882,     -7271,         0,         0,         0,      6982,      5336,      2905,      2583,     65775,     69967,     41208,     45090
       914,     50914, 74.456094,       4.8,         0,     64584,      9886,     19025,       248,    310003,     47455,     91320,      1188,     -4899,     -7899,    -12799,    -23517,    -37917,    -61433,     39999,      4631,     13809,       418,         0,         0,         0,         0,     -2963,     -6301,     -9264,         0,         0,         0,      9886,      8846,      4631,      3954,     69483,     77383,     42962,     49263
       915,     50915, 87.559148,       3.9,         0,     61309,      8884,     17735,       128,    239105,     34649,     69168,       498,     -4922,     -9426,    -14348,    -19196,    -36760,    -55956,     38234,      3973,     13102,       255,         0,         0,         0,         0,     -2945,     -7141,    -10086,         0,         0,         0,      8125,      8884,      3657,      3973,     66231,     75657,     41180,     48321
       916,     50916,119.342949,       5.3,         0,     60153,      8727,     14986,        40,    318812,     46251,     79424,       211,     -4913,     -7999,    -12912,    -26040,    -42396,    -68436,     37536,      3875,     11867,       290,         0,         0,         0,         0,     -2942,     -6324,     -9266,         0,         0,         0,      4989,      8727,      2816,      3875,     65066,     73065,     40478,     46803
       917,     50917, 89.519530,      10.6,         0,     61472,      8917,     15097,        49,    651601,     94523,    160028,       522,     -4923,     -7645,    -12568,    -52184,    -81038,   -133222,     38332,      3990,     11854,       146,         0,         0,         0,         0,     -2946,     -6137,     -9083,         0,         0,         0,         0,      8917,         0,      3990,     66395,     74040,     41278,     47415
       918,     50918,194.441028,       5.2,         0,     59568,      8651,     13462,        29,    309754,     44985,     70002,       152,     -4912,     -9818,    -14730,    -25540,    -51055,    -76595,     37181,      3861,     10894,        63,         0,         0,         0,         0,     -2940,     -7449,    -10389,         0,         0,         0,         0,      8651,         0,      3861,     64480,     74298,     40121,     47570
       919,     50919,144.809106,         0,         0,     58268,      8423,     11596,         9,         0,         0,         0,         0,     -4907,     -9440,    -14347,         0,         0,         0,     36388,      3897,     10027,        37,         0,         0,         0,         0,     -2930,     -7255,    -10186,         0,         0,         0,         0,      8423,         0,      3897,     63175,     72615,     39318,     46574
       920,     50920,435.404274,       5.0,       4.1,     54481,      7709,      9013,        41,    272406,     38544,     45067,       204,     -4868,     -9023,    -13891,    -24341,    -45116,    -69457,     34019,      3536,      8551,       131,    139479,     14498,     35058,       537,     -2902,     -7242,    -10144,    -11899,    -29693,    -41592,      1116,      7709,       532,      3536,     59349,     68373,     36921,     44164
       921,     50921,238.033042,       9.2,      19.2,     45878,      1112,      4399,        56,    422082,     10230,     40475,       515,     -5296,    -13852,    -19148,    -48720,   -127440,   -176160,     28963,       844,      5109,        38,    556092,     16210,     98097,       736,     -3276,     -9993,    -13269,    -62894,   -191866,   -254760,       842,      1112,       844,       262,     51174,     65026,     32239,     42232
       922,     50922,1018.47421,         0,         0,     38193,         0,       492,         0,         0,         0,         0,         0,     -6423,    -16534,    -22958,         0,         0,         0,     24074,         0,      1246,         0,         0,         0,         0,         0,     -3852,    -11348,    -15200,         0,         0,         0,         0,         0,         0,         0,     44616,     61151,     27926,     39274
       923,     50923,675.304596,         0,         0,     35345,         0,       109,         0,         0,         0,         0,         0,     -6792,     -9065,    -15857,         0,         0,         0,     22265,         0,       268,         0,         0,         0,         0,         0,     -4066,     -6865,    -10931,         0,         0,         0,         0,         0,         0,         0,     42137,     51201,     26331,     33196
       924,     50924,1174.09348,         0,         0,     29852,         0,        57,         0,         0,         0,         0,         0,     -6969,    -12847,    -19816,         0,         0,         0,     18827,         0,        64,         0,         0,         0,         0,         0,     -4068,     -9448,    -13516,         0,         0,         0,         0,         0,         0,         0,     36821,     49668,     22896,     32343
       925,     50925,928.280217,         0,         0,     30228,         0,       163,         0,         0,         0,         0,         0,     -6974,    -18757,    -25731,         0,         0,         0,     19058,         0,       356,         0,         0,         0,         0,         0,     -4085,    -13211,    -17296,         0,         0,         0,         0,         0,         0,         0,     37202,     55960,     23143,     36354
       926,     50926,1776.87760,      16.3,      46.6,     43411,         0,       399,        47,    707600,         0,      6498,       760,     -6559,     -6488,    -13047,   -106912,   -105760,   -212672,     27413,         0,       933,        16,   1277449,         0,     43466,       760,     -3953,     -5340,     -9294,   -184212,   -248867,   -433079,         0,         0,         0,         0,     49970,     56458,     31366,     36707
       927,     50927,374.393245,      20.6,         0,     48988,      2222,      5656,        93,   1009144,     45773,    116510,      1915,     -6065,    -14319,    -20384,   -124937,   -294980,   -419918,     31234,      1169,      5909,       148,         0,         0,         0,         0,     -3638,     -9747,    -13386,         0,         0,         0,         0,      2222,         0,      1169,     55053,     69372,     34872,     44619
       928,     50928,329.473252,      13.2,         0,     44467,       236,      4699,         0,    586961,      3110,     62030,         0,     -5973,    -14964,    -20937,    -78842,   -197530,   -276372,     28476,        17,      5019,        21,         0,         0,         0,         0,     -3553,    -10269,    -13823,         0,         0,         0,         0,       236,         0,        17,     50440,     65404,     32030,     42299
       929,     50929,2455.94204,      47.3,      27.5,     40988,        28,      1386,        28,   1938753,      1328,     65541,      1301,     -6124,     -9995,    -16118,   -289646,   -472750,   -762396,     26082,        23,      2012,        47,    717250,       638,     55342,      1301,     -3684,     -7560,    -11245,   -101315,   -207912,   -309227,         0,        28,         0,        23,     47112,     57107,     29766,     37326
       930,     50930,2859.48817,      55.0,       7.1,     38661,       332,      3121,         7,   2126376,     18258,    171631,       391,     -5323,    -15109,    -20432,   -292774,   -831004,  -1123779,     25267,        33,      3479,        55,    179393,       232,     24701,       391,     -3119,    -10277,    -13397,    -22147,    -72970,    -95117,         0,       332,         0,        33,     43985,     59094,     28386,     38663
       931,     50931, 26.145425,         0,         0,     44323,      1921,      5587,        15,         0,         0,         0,         0,     -5200,     -9190,    -14389,         0,         0,         0,     28390,      1280,      5642,       147,         0,         0,         0,         0,     -3209,     -6983,    -10192,         0,         0,         0,      1236,      1921,       697,      1280,     49523,     58713,     31599,     38581
       932,     50932,254.152039,      12.4,         0,     48667,      2194,      5131,        31,    603474,     27208,     63622,       388,     -5567,     -5682,    -11248,    -69026,    -70454,   -139480,     30917,      1187,      5104,       353,         0,         0,         0,         0,     -3434,     -4917,     -8351,         0,         0,         0,      1157,      2194,       913,      1187,     54234,     59916,     34352,     39269
       933,     50933, 51.860962,       4.0,         0,     42276,       753,      4553,        20,    169102,      3014,     18212,        79,     -5175,     -9202,    -14377,    -20700,    -36809,    -57510,     27146,        90,      4690,        39,         0,         0,         0,         0,     -3173,     -7038,    -10211,         0,         0,         0,         0,       753,         0,        90,     47451,     56653,     30319,     37357
       934,     50934,329.225636,       4.6,         0,     48777,      2230,      4384,        26,    224374,     10259,     20164,       119,     -5578,     -6050,    -11628,    -25660,    -27831,    -53490,     30899,      1227,      4520,       291,         0,         0,         0,         0,     -3454,     -5245,     -8698,         0,         0,         0,       793,      2230,       709,      1227,     54355,     60405,     34353,     39597
       935,     50935,284.339782,       1.9,         0,     43733,       956,      3317,       150,     83092,      1817,      6302,       285,     -5485,     -9802,    -15287,    -10422,    -18623,    -29046,     27700,       225,      3548,         8,         0,         0,         0,         0,     -3381,     -7645,    -11026,         0,         0,         0,         0,       956,         0,       225,     49218,     59020,     31081,     38726
       936,     50936,157.372750,      13.9,      23.6,     38976,       519,      3743,        26,    541772,      7216,     52030,       358,     -5354,    -14106,    -19460,    -74416,   -196076,   -270492,     25091,        56,      4000,        42,    592149,      1322,     94402,       998,     -3242,     -9889,    -13131,    -76521,   -233381,   -309901,         0,       519,         0,        56,     44330,     58436,     28333,     38222
       937,     50937,358.994988,      21.4,       2.7,     47403,      1208,      4089,        21,   1014426,     25843,     87513,       456,     -5564,     -4682,    -10246,   -119077,   -100191,   -219268,     30105,       280,      4279,        41,     81283,       755,     11552,       110,     -3434,     -4363,     -7797,     -9273,    -11780,    -21052,         0,      1208,         0,       280,     52967,     57649,     33539,     37902
       938,     50938,741.334786,       9.5,         0,     46187,      1127,      3436,         0,    438778,     10705,     32646,         0,     -5554,     -5119,    -10673,    -52759,    -48630,   -101389,     29268,       265,      3724,        11,         0,         0,         0,         0,     -3438,     -4736,     -8174,         0,         0,         0,         0,      1127,         0,       265,     51741,     56860,     32705,     37441
       939,     50939,493.417795,         0,       1.3,     41576,       811,      2562,         1,         0,         0,         0,         0,     -5486,     -9458,    -14943,         0,         0,         0,     26383,       193,      2871,         0,     34297,       251,      3733,         0,     -3357,     -7448,    -10805,     -4364,     -9682,    -14046,         0,       811,         0,       193,     47062,     56519,     29740,     37188
       940,     50940,138.669680,         0,         0,     41413,       795,      2901,        13,         0,         0,         0,         0,     -5510,     -8667,    -14177,         0,         0,         0,     26322,       190,      3281,        32,         0,         0,         0,         0,     -3364,     -6862,    -10226,         0,         0,         0,         0,       795,         0,       190,     46922,     55590,     29686,     36548
       941,     50941, 70.183779,      10.0,         0,     42062,       829,      2857,        15,    420624,      8287,     28567,       147,     -5514,     -8026,    -13540,    -55143,    -80255,   -135398,     26780,       192,      3258,        49,         0,         0,         0,         0,     -3374,     -6407,     -9781,         0,         0,         0,         0,       829,         0,       192,     47577,     55602,     30154,     36560
       942,     50942,174.301970,      27.3,       3.8,     41116,       777,      2068,        56,   1122480,     21219,     56463,      1518,     -5506,     -6248,    -11755,   -150320,   -170581,   -320901,     26148,       187,      2618,        70,     99362,       710,      9947,       265,     -3359,     -5369,     -8728,    -12763,    -20403,    -33166,         0,       777,         0,       187,     46623,     52871,     29507,     34876
       943,     50943, 40.503113,       7.5,         0,     45339,      1065,      2964,        11,    340039,      7989,     22227,        83,     -5558,     -4203,     -9761,    -41687,    -31519,    -73206,     28741,       250,      3361,        37,         0,         0,         0,         0,     -3437,     -4168,     -7605,         0,         0,         0,         0,      1065,         0,       250,     50897,     55099,     32178,     36345
