TAZID,CO_TAZID,DevAcres,HH,Job,Job_byAuto,Job_byTran,Job_byBike,Job_byWalk,act_Job_byAuto,act_Job_byTran,act_Job_byBike,act_Job_byWalk,Loss_Job_Cong,Loss_Job_Net,Loss_Job_Abs,act_Loss_Job_Cong,act_Loss_Job_Net,act_Loss_Job_Abs,HH_byAuto,HH_byTran,HH_byBike,HH_byWalk,act_HH_byAuto,act_HH_byTran,act_HH_byBike,act_HH_byWalk,Loss_HH_Cong,Loss_HH_Net,Loss_HH_Abs,act_Loss_HH_Cong,act_Loss_HH_Net,act_Loss_HH_Abs,tmp_Job_byTran_wk,tmp_Job_byTran_dr,tmp_HH_byTran_wk,tmp_HH_byTran_dr,tmp_Job_byAuto_FF,tmp_Job_byAuto_SL,tmp_HH_byAuto_FF,tmp_HH_byAuto_SL
         1,    530001,413.121263,      83.3,       1.9,     38313,         0,      1770,         7,   3191512,         0,    147454,       548,     -3868,    -18801,    -22669,   -322185,  -1566144,  -1888328,     27072,         0,      2532,       134,     51437,         0,      4812,       254,     -2164,    -15989,    -18152,     -4111,    -30378,    -34490,         0,         0,         0,         0,     42181,     60982,     29236,     45224
         2,    530002,208.841456,      41.7,         0,     39793,         0,      1937,       172,   1659358,         0,     80770,      7176,     -3882,    -18349,    -22231,   -161876,   -765167,   -927043,     28059,         0,      2932,       233,         0,         0,         0,         0,     -2203,    -15560,    -17763,         0,         0,         0,         0,         0,         0,         0,     43675,     62024,     30262,     45822
         3,    530003,286.385021,     164.6,      14.2,     48647,         0,      3402,        19,   8007317,         0,    559907,      3178,     -4098,    -16361,    -20459,   -674585,  -2692976,  -3367561,     33970,         0,      5279,       238,    482379,         0,     74956,      3385,     -2526,    -14063,    -16589,    -35863,   -199698,   -235560,         0,         0,         0,         0,     52745,     69106,     36496,     50559
         4,    530004, 85.802976,      43.2,       8.2,     40617,         0,      2361,        53,   1754634,         0,    101976,      2296,     -3892,    -19803,    -23695,   -168115,   -855498,  -1023612,     28610,         0,      3507,       191,    234599,         0,     28755,      1563,     -2227,    -16565,    -18793,    -18265,   -135835,   -154100,         0,         0,         0,         0,     44508,     64311,     30837,     47402
         5,    530005,309.773291,      58.7,       2.0,     49074,         0,      3269,        26,   2880653,         0,    191889,      1531,     -4116,    -15769,    -19885,   -241613,   -925634,  -1167247,     34258,         0,      5174,       284,     68516,         0,     10349,       568,     -2540,    -13604,    -16145,     -5081,    -27209,    -32290,         0,         0,         0,         0,     53190,     68959,     36798,     50403
         6,    530006,359.204413,         0,    1022.4,     58643,       946,      4849,      1029,         0,         0,         0,         0,     -3709,    -13251,    -16960,         0,         0,         0,     40463,       606,      7982,        75,  41369419,    619673,   8161099,     76311,     -2500,    -12051,    -14551,  -2555729, -12320896, -14876625,       946,         0,       606,         0,     62352,     75604,     42963,     55014
         7,    530007,215.036172,      58.2,      12.0,     41936,         0,      2656,       144,   2440688,         0,    154597,      8359,     -4369,    -18824,    -23193,   -254304,  -1095552,  -1349856,     29476,         0,      4112,       263,    353714,         0,     49340,      3155,     -2494,    -15793,    -18287,    -29927,   -189515,   -219442,         0,         0,         0,         0,     46306,     65130,     31970,     47763
         8,    530008,268.164181,     101.5,     185.5,     40648,         0,      2155,       195,   4125821,         0,    218739,     19760,     -4358,    -17550,    -21908,   -442321,  -1781306,  -2223627,     28617,         0,      3411,       183,   5308481,         0,    632738,     33898,     -2449,    -14932,    -17381,   -454315,  -2769907,  -3224222,         0,         0,         0,         0,     45006,     62556,     31066,     45998
         9,    530009,327.081259,      44.6,         0,     48731,         0,      2872,         3,   2173413,         0,    128107,       129,     -4381,    -13507,    -17888,   -195414,   -602399,   -797813,     33985,         0,      4790,        94,         0,         0,         0,         0,     -2629,    -12058,    -14686,         0,         0,         0,         0,         0,         0,         0,     53113,     66619,     36613,     48671
        10,    530010,223.386752,      87.5,       5.1,     52003,         0,      3592,       197,   4550229,         0,    314281,     17250,     -4156,    -14143,    -18299,   -363639,  -1237502,  -1601141,     36232,         0,      5982,       354,    184785,         0,     30509,      1805,     -2603,    -12327,    -14930,    -13275,    -62867,    -76142,         0,         0,         0,         0,     56158,     70301,     38835,     51162
        11,    530011,193.208258,     220.2,     341.4,     51854,      1393,      4312,       537,  11418299,    306808,    949554,    118169,     -4155,    -16530,    -20685,   -914950,  -3639941,  -4554891,     36132,      1179,      7142,       679,  12335631,    402376,   2438222,    231727,     -2600,    -13852,    -16452,   -887620,  -4729111,  -5616731,      1393,         0,      1179,         0,     56009,     72539,     38732,     52585
        12,    530012,739.354278,      29.0,     112.6,     52539,         0,      3554,       130,   1523630,         0,    103061,      3775,     -5282,    -12944,    -18226,   -153181,   -375384,   -528565,     36398,         0,      6284,       141,   4098377,         0,    707547,     15928,     -3321,    -11382,    -14703,   -373946,  -1281618,  -1655564,         0,         0,         0,         0,     57821,     70765,     39719,     51101
        13,    530013,151.470766,     299.2,      27.8,     62441,      3104,      6200,       578,  18682485,    928817,   1854935,    172898,     -3732,    -12511,    -16244,  -1116756,  -3743384,  -4860141,     43053,      1602,     10000,       517,   1196860,     44531,    278011,     14375,     -2554,    -11157,    -13711,    -71004,   -310162,   -381166,      3104,         0,      1602,         0,     66174,     78685,     45607,     56764
        14,    530014,170.998209,     233.9,     172.7,     57385,      2546,      4960,       695,  13422342,    595626,   1160108,    162613,     -3839,    -13185,    -17024,   -898006,  -3084002,  -3982007,     39661,      2130,      8210,       830,   6849541,    367822,   1417844,    143256,     -2604,    -11718,    -14322,   -449675,  -2023736,  -2473410,      2546,         0,      2130,         0,     61224,     74409,     42265,     53984
        15,    530015,163.744751,     137.9,     160.5,     60882,      2811,      5600,       437,   8395613,    387662,    772183,     60201,     -3771,    -12131,    -15902,   -520051,  -1672844,  -2192896,     41973,      2200,      9161,       724,   6736607,    353106,   1470386,    116122,     -2567,    -11012,    -13579,   -411938,  -1767498,  -2179436,      2811,         0,      2200,         0,     64653,     76784,     44539,     55552
        16,    530016,207.448398,     110.7,     270.8,     66481,      2798,      7411,       328,   7359431,    309704,    820452,     36345,     -3653,    -11601,    -15253,   -404348,  -1284207,  -1688555,     45566,      1492,     11442,       249,  12339253,    404139,   3098523,     67341,     -2526,    -10522,    -13049,   -684106,  -2849487,  -3533594,      2798,         0,      1492,         0,     70133,     81734,     48092,     58615
        17,    530017,233.559259,     149.7,      23.4,     52913,         0,      3905,       173,   7921060,         0,    584549,     25950,     -5293,    -13164,    -18457,   -792436,  -1970647,  -2763082,     36646,         0,      6718,       497,    857516,         0,    157194,     11638,     -3333,    -11595,    -14927,    -77981,   -271314,   -349294,         0,         0,         0,         0,     58206,     71370,     39979,     51573
        18,    530018,165.216789,     332.4,      75.4,     55264,      1738,      4714,       435,  18369623,    577636,   1566988,    144658,     -4098,    -14901,    -18999,  -1362261,  -4952934,  -6315195,     38423,      1794,      7911,      1086,   2897076,    135290,    596519,     81922,     -2623,    -12547,    -15169,   -197737,   -946028,  -1143765,      1738,         0,      1794,         0,     59362,     74262,     41045,     53592
        19,    530019, 84.363081,     112.8,      25.5,     57378,      3060,      5386,       500,   6472200,    345189,    607552,     56441,     -3815,    -14390,    -18206,   -430384,  -1623200,  -2053584,     39810,      2692,      8789,      1412,   1015149,     68647,    224127,     36000,     -2597,    -12123,    -14719,    -66215,   -309125,   -375340,      3060,         0,      2692,         0,     61193,     75583,     42406,     54529
        20,    530020, 85.323665,     121.9,      94.4,     58824,      2991,      5810,       463,   7170687,    364647,    708201,     56465,     -3824,    -14270,    -18094,   -466152,  -1739550,  -2205702,     40703,      2676,      9382,      1335,   3842373,    252644,    885683,    126004,     -2638,    -12061,    -14699,   -249036,  -1138540,  -1387576,      2991,         0,      2676,         0,     62648,     76919,     43341,     55402
        21,    530021, 67.002791,      85.6,       5.2,     59278,      2792,      6145,       467,   5074169,    239038,    526017,     39997,     -3851,    -14910,    -18762,   -329682,  -1276326,  -1606009,     40995,      2521,      9912,      1191,    213175,     13107,     51541,      6191,     -2654,    -12432,    -15085,    -13798,    -64644,    -78442,      2792,         0,      2521,         0,     63129,     78039,     43649,     56080
        22,    530022, 68.628745,      55.0,      70.5,     62822,      3031,      6425,       386,   3455187,    166717,    353382,     21222,     -3734,    -12050,    -15784,   -205376,   -662727,   -868103,     43246,      1846,     10353,       895,   3048870,    130159,    729858,     63120,     -2563,    -10792,    -13355,   -180696,   -760857,   -941553,      3031,         0,      1846,         0,     66556,     78605,     45809,     56602
        23,    530023, 96.921369,      27.6,      19.2,     64629,      3438,      7193,       398,   1783768,     94891,    198518,     10980,     -3682,    -12069,    -15751,   -101624,   -333103,   -434727,     44372,      1928,     11373,       614,    851948,     37020,    218356,     11787,     -2539,    -10781,    -13320,    -48747,   -206992,   -255739,      3438,         0,      1928,         0,     68311,     80380,     46911,     57692
        24,    530024,299.539259,         0,      50.0,     65027,      1786,      8148,       272,         0,         0,         0,         0,     -3653,    -13211,    -16864,         0,         0,         0,     44578,      1108,     12529,       229,   2228925,     55394,    626435,     11431,     -2528,    -11354,    -13882,   -126410,   -567713,   -694123,      1786,         0,      1108,         0,     68680,     81891,     47107,     58461
        25,    530025, 69.801838,      27.8,       4.5,     58458,      2639,      6648,       369,   1625127,     73369,    184810,     10253,     -3840,    -16556,    -20396,   -106762,   -460253,   -567015,     40406,      2214,     10653,       951,    181829,      9963,     47939,      4277,     -2634,    -13509,    -16144,    -11855,    -60792,    -72647,      2639,         0,      2214,         0,     62298,     78854,     43041,     56550
        26,    530026,131.205944,     310.1,      36.8,     56974,      1614,      7242,       375,  17667622,    500524,   2245678,    116221,     -3729,    -18829,    -22558,  -1156244,  -5838968,  -6995212,     39487,      1594,     11460,      1012,   1453137,     58678,    421725,     37253,     -2539,    -14750,    -17288,    -93421,   -542793,   -636214,      1614,         0,      1594,         0,     60703,     79532,     42026,     56776
        27,    530027,156.339084,     175.2,      41.5,     57415,      1637,      5148,       161,  10059040,    286735,    901968,     28270,     -5314,    -11928,    -17242,   -931041,  -2089805,  -3020846,     39634,      1999,      8610,      1018,   1644803,     82947,    357316,     42236,     -3435,    -10515,    -13950,   -142563,   -436365,   -578928,      1637,         0,      1999,         0,     62729,     74657,     43069,     53584
        28,    530028, 83.023239,     297.4,      15.0,     57398,      2618,      5848,       242,  17070120,    778449,   1739103,     71974,     -5156,    -13113,    -18269,  -1533387,  -3899814,  -5433200,     39691,      2793,      9588,      1308,    595372,     41900,    143823,     19613,     -3299,    -11203,    -14501,    -49484,   -168038,   -217522,      2618,         0,      2793,         0,     62554,     75667,     42990,     54193
        29,    530029, 83.266700,     306.2,      34.6,     57955,      2599,      6363,       321,  17745933,    795888,   1948198,     98198,     -4633,    -14145,    -18778,  -1418502,  -4331202,  -5749704,     40131,      2783,     10290,      1564,   1388535,     96299,    356041,     54115,     -2913,    -11826,    -14739,   -100788,   -409182,   -509971,      2599,         0,      2783,         0,     62588,     76733,     43044,     54870
        30,    530030, 51.466483,       2.0,         0,     57742,      2326,      6219,       179,    115483,      4652,     12438,       359,     -5266,    -13786,    -19052,    -10532,    -27571,    -38103,     39832,      2907,     10257,      1172,         0,         0,         0,         0,     -3412,    -11499,    -14910,         0,         0,         0,      2326,         0,      2907,         0,     63008,     76793,     43244,     54743
        31,    530031, 38.735251,      58.3,         0,     58687,      2330,      6782,       373,   3421458,    135857,    395384,     21734,     -4968,    -14372,    -19339,   -289616,   -837866,  -1127482,     40535,      2842,     11018,      1584,         0,         0,         0,         0,     -3186,    -11777,    -14963,         0,         0,         0,      2330,         0,      2842,         0,     63655,     78026,     43721,     55498
        32,    530032, 54.138728,     133.8,       8.5,     61589,      1981,      6881,       318,   8240666,    265055,    920693,     42502,     -4785,    -12187,    -16972,   -640179,  -1630655,  -2270834,     42431,      2713,     11250,      1252,    360668,     23058,     95625,     10644,     -3082,    -10371,    -13453,    -26200,    -88151,   -114351,      1981,         0,      2713,         0,     66374,     78561,     45514,     55885
        33,    530033,358.335183,         0,         0,     62083,      1734,      9339,       383,         0,         0,         0,         0,     -3836,    -15235,    -19071,         0,         0,         0,     42582,      3201,     13861,       340,         0,         0,         0,         0,     -2655,    -12512,    -15167,         0,         0,         0,         0,      1734,         0,      3201,     65919,     81154,     45237,     57749
        34,    530034,104.372358,     208.4,     118.8,     57843,      1382,      7527,       552,  12054585,    287953,   1568563,    115050,     -4741,    -16434,    -21175,   -988005,  -3424847,  -4412852,     39984,      1974,     11990,      1467,   4750046,    234476,   1424429,    174319,     -3001,    -13131,    -16132,   -356509,  -1559991,  -1916500,      1382,         0,      1974,         0,     62584,     79018,     42984,     56116
        35,    530035, 63.375686,         0,     263.5,     63495,      1686,      8684,       579,         0,         0,         0,         0,     -3818,    -13254,    -17072,         0,         0,         0,     43589,      3023,     13458,      1174,  11485645,    796557,   3546251,    309441,     -2683,    -11138,    -13821,   -706949,  -2934979,  -3641928,         0,      1686,         0,      3023,     67313,     80567,     46272,     57410
        36,    530036,106.408213,     318.7,      77.3,     61641,      1287,      7715,       567,  19644939,    410305,   2458755,    180733,     -4375,    -13810,    -18184,  -1394156,  -4401138,  -5795295,     42464,      1901,     12363,      1332,   3282442,    146978,    955624,    102931,     -2824,    -11274,    -14098,   -218328,   -871472,  -1089800,      1287,         0,      1901,         0,     66015,     79825,     45288,     56562
        37,    530037,235.279922,         0,         0,     63182,      1114,      6911,       100,         0,         0,         0,         0,     -5161,    -10767,    -15928,         0,         0,         0,     43315,      1975,     11532,       607,         0,         0,         0,         0,     -3413,     -9313,    -12726,         0,         0,         0,      1114,       965,      1975,      1916,     68344,     79110,     46728,     56041
        38,    530038,139.987087,     244.5,      75.6,     62578,         0,     10490,       480,  15300299,         0,   2564836,    117262,     -4784,    -12544,    -17328,  -1169664,  -3066963,  -4236627,     42900,         0,     14848,       926,   3243258,         0,   1122492,     70031,     -3161,    -10402,    -13563,   -238997,   -786388,  -1025385,         0,         0,         0,         0,     67362,     79906,     46062,     56464
        39,    530039, 88.044524,     257.7,      54.3,     62862,      1084,      7919,       476,  16199604,    279230,   2040644,    122771,     -4650,    -12833,    -17483,  -1198345,  -3307099,  -4505443,     43225,      1934,     12699,      1199,   2347123,    105018,    689565,     65080,     -2990,    -10596,    -13586,   -162362,   -575349,   -737712,      1084,       892,      1934,      1758,     67512,     80346,     46215,     56811
        40,    530040, 41.730559,      93.5,       7.8,     62036,         0,      9185,       585,   5800331,         0,    858751,     54704,     -4062,    -13690,    -17753,   -379835,  -1280053,  -1659888,     42721,         0,     13968,      1187,    333223,         0,    108948,      9255,     -2649,    -11283,    -13932,    -20662,    -88010,   -108672,         0,         0,         0,         0,     66098,     79788,     45370,     56653
        41,    530041,157.323283,      73.8,         0,     66351,      2156,     14419,       405,   4896689,    159087,   1064098,     29884,     -4658,    -12278,    -16936,   -343766,   -906109,  -1249875,     45227,      4540,     16400,       855,         0,         0,         0,         0,     -3125,    -10157,    -13283,         0,         0,         0,      2156,       810,      4540,      1531,     71009,     83287,     48352,     58510
        42,    530042,105.827727,     154.5,      16.9,     61874,         0,      8523,       340,   9559485,         0,   1316807,     52573,     -4065,    -13287,    -17352,   -628015,  -2052835,  -2680850,     42614,         0,     13408,       990,    720173,         0,    226598,     16736,     -2649,    -11025,    -13674,    -44763,   -186321,   -231084,         0,         0,         0,         0,     65939,     79225,     45263,     56287
        43,    530043,118.276162,     184.3,      97.1,     67752,       670,     11379,       347,  12486692,    123428,   2097109,     63944,     -4947,    -10280,    -15228,   -911779,  -1894680,  -2806460,     46165,      1283,     15179,       857,   4482637,    124561,   1473846,     83183,     -3293,     -8792,    -12085,   -319719,   -853742,  -1173461,         0,       670,         0,      1283,     72699,     82980,     49458,     58250
        44,    530044, 54.459441,      97.9,      68.3,     65165,       671,     12452,       389,   6379633,     65724,   1219057,     38069,     -4722,    -11980,    -16702,   -462299,  -1172853,  -1635152,     44530,      1404,     15716,       961,   3041398,     95926,   1073389,     65639,     -3157,     -9821,    -12978,   -215605,   -670773,   -886377,         0,       671,         0,      1404,     69887,     81867,     47687,     57508
        45,    530045,416.445842,     118.2,         0,     63369,       894,      8600,        27,   7490174,    105616,   1016570,      3178,     -5018,    -13123,    -18141,   -593139,  -1551131,  -2144270,     43317,      1793,     13135,       153,         0,         0,         0,         0,     -3337,    -10510,    -13847,         0,         0,         0,         0,       894,         0,      1793,     68387,     81510,     46654,     57164
        46,    530046, 36.094869,     100.7,      13.2,     67492,       765,     14204,       624,   6796457,     77000,   1430373,     62832,     -4655,    -11136,    -15791,   -468802,  -1121378,  -1590180,     45968,      1448,     16352,       947,    606783,     19108,    215851,     12497,     -3113,     -9414,    -12527,    -41092,   -124259,   -165351,         0,       765,         0,      1448,     72148,     83283,     49081,     58495
        47,    530047,123.030332,     185.7,      99.5,     70012,      2368,     17278,       890,  13001297,    439648,   3208441,    165323,     -4733,    -10707,    -15439,   -878826,  -1988198,  -2867024,     47550,      4828,     17169,       737,   4731269,    480433,   1708269,     73379,     -3180,     -9135,    -12315,   -316401,   -908971,  -1225371,      2368,       965,      4828,      2018,     74745,     85451,     50730,     59866
        48,    530048, 86.317784,      69.5,      71.8,     68973,       832,     12696,       460,   4793649,     57811,    882405,     31938,     -4851,     -9748,    -14599,   -337148,   -677489,  -1014637,     46910,      1515,     15630,       665,   3368162,    108760,   1122253,     47714,     -3246,     -8531,    -11776,   -233028,   -612503,   -845531,         0,       832,         0,      1515,     73824,     83572,     50156,     58687
        49,    530049,631.889034,      38.6,         0,     58618,         0,     14254,       115,   2262665,         0,    550186,      4420,     -4999,    -21274,    -26273,   -192967,   -821178,  -1014145,     40080,         0,     15588,        97,         0,         0,         0,         0,     -3282,    -15550,    -18833,         0,         0,         0,         0,         0,         0,         0,     63617,     84891,     43363,     58913
        50,    530050,171.684094,     161.2,     360.0,     72139,      1875,     18603,       831,  11628835,    302217,   2998833,    133891,     -4474,     -8900,    -13375,   -721256,  -1434747,  -2156003,     48859,      4321,     17415,       589,  17589086,   1555557,   6269533,    211927,     -3029,     -8024,    -11053,  -1090261,  -2888695,  -3978956,      1875,      1704,      4321,      2670,     76613,     85514,     51887,     59911
        51,    530051, 94.004735,     133.0,      72.6,     75050,      6300,     27292,      1443,   9981622,    837943,   3629790,    191864,     -3832,     -8546,    -12378,   -509702,  -1136601,  -1646302,     50608,      7875,     19118,      1403,   3674138,    571758,   1387995,    101824,     -2670,     -8016,    -10686,   -193806,   -581994,   -775800,      6300,      1349,      7875,      2410,     78882,     87428,     53277,     61294
        52,    530052,119.712115,     164.9,     128.7,     71696,      2055,     24156,       957,  11822719,    338853,   3983259,    157840,     -3760,    -11122,    -14882,   -620091,  -1833957,  -2454048,     48651,      4325,     18545,       996,   6261401,    556633,   2386699,    128192,     -2492,     -9358,    -11850,   -320693,  -1204392,  -1525085,      2055,      1580,      4325,      2389,     75457,     86578,     51143,     60501
        53,    530053,2366.67418,         0,         0,     63229,         0,      3123,         0,         0,         0,         0,         0,     -2730,    -22048,    -24778,         0,         0,         0,     41889,         0,      4409,         0,         0,         0,         0,         0,     -2070,    -19180,    -21250,         0,         0,         0,         0,         0,         0,         0,     65959,     88007,     43960,     63139
        54,    530054,309.402589,     172.9,      81.0,     63806,         0,      3004,        86,  11032080,         0,    519344,     14873,     -2855,    -14557,    -17411,   -493570,  -2516838,  -3010408,     42384,         0,      4585,       177,   3433121,         0,    371417,     14375,     -2147,    -14461,    -16608,   -173921,  -1171320,  -1345241,         0,         0,         0,         0,     66661,     81217,     44531,     58992
        55,    530055,275.563471,     227.8,      79.6,     58931,         0,      2122,       255,  13424489,         0,    483449,     58185,     -2894,    -19880,    -22774,   -659141,  -4528680,  -5187821,     38851,         0,      3062,       730,   3092530,         0,    243709,     58097,     -2150,    -18369,    -20519,   -171116,  -1462193,  -1633309,         0,         0,         0,         0,     61825,     81705,     41001,     59370
        56,    530056,440.066861,     355.6,     124.5,     63069,         0,      2390,       193,  22427362,         0,    850013,     68720,     -2814,    -17832,    -20645,  -1000544,  -6340913,  -7341457,     41844,         0,      3628,       552,   5209556,         0,    451688,     68768,     -2120,    -16616,    -18735,   -263906,  -2068630,  -2332536,         0,         0,         0,         0,     65883,     83714,     43964,     60579
        57,    530057,705.155130,      43.1,       6.8,     54998,         0,      5729,         7,   2370400,         0,    246941,       293,     -2817,    -27922,    -30738,   -121406,  -1203418,  -1324823,     36046,         0,      8442,        50,    245112,         0,     57409,       339,     -2039,    -22975,    -25015,    -13867,   -156233,   -170100,         0,         0,         0,         0,     57815,     85736,     38085,     61061
        58,    530058,630.971195,      28.7,         0,     70967,         0,      5042,         2,   2036763,         0,    144701,        46,     -2709,    -13497,    -16206,    -77760,   -387352,   -465112,     47490,         0,      7108,        39,         0,         0,         0,         0,     -2054,    -12918,    -14972,         0,         0,         0,         0,         0,         0,         0,     73677,     87173,     49545,     62463
        59,    530059,877.743697,         0,         0,     68234,         0,     15935,         0,         0,         0,         0,         0,     -3464,    -16026,    -19490,         0,         0,         0,     46370,         0,     14337,         0,         0,         0,         0,         0,     -2414,    -13259,    -15673,         0,         0,         0,         0,         0,         0,         0,     71698,     87725,     48784,     62043
        60,    530060,312.412483,     518.4,       8.6,     71239,      1297,     11026,       283,  36930511,    672588,   5715724,    146604,     -3455,    -10940,    -14395,  -1790913,  -5671245,  -7462157,     48528,      2130,     13800,       660,    417343,     18316,    118679,      5673,     -2413,     -9868,    -12281,    -20755,    -84863,   -105618,         0,      1297,         0,      2130,     74694,     85634,     50942,     60809
        61,    530061,223.894445,     160.2,     353.0,     73416,      1986,     13691,       525,  11761173,    318168,   2193359,     84027,     -3417,    -10003,    -13419,   -547365,  -1602438,  -2149803,     49949,      4760,     15396,       944,  17631929,   1680217,   5434635,    333186,     -2385,     -9103,    -11488,   -841873,  -3213488,  -4055360,      1986,      1330,      4760,      2031,     76832,     86835,     52334,     61437
        62,    530062,285.939531,     101.5,      20.3,     67666,      2151,     11899,       386,   6868124,    218290,   1207701,     39171,     -3677,    -12885,    -16562,   -373256,  -1307827,  -1681083,     46091,      4585,     15178,       442,    935645,     93085,    308118,      8972,     -2550,    -11033,    -13583,    -51768,   -223968,   -275735,      2151,      1680,      4585,      2429,     71344,     84229,     48641,     59674
        63,    530063,280.463159,     407.7,      40.3,     77084,      2992,     27321,       198,  31427253,   1219642,  11138661,     80829,     -3151,     -9312,    -12463,  -1284859,  -3796408,  -5081268,     52030,      5586,     18045,      1273,   2096826,    225123,    727222,     51293,     -2279,     -9225,    -11504,    -91833,   -371768,   -463601,      2949,      2992,      5586,      2679,     80236,     89548,     54309,     63534
        64,    530064,128.128059,     179.4,     128.2,     73814,      3203,     17136,       612,  13242210,    574561,   3074206,    109782,     -3371,    -10253,    -13625,   -604813,  -1839473,  -2444286,     50105,      6316,     16459,      1082,   6423417,    809687,   2110094,    138683,     -2360,     -9251,    -11610,   -302492,  -1185972,  -1488465,      3203,      1347,      6316,      1919,     77185,     87439,     52464,     61715
        65,    530065, 70.442462,     134.7,      39.2,     75242,      3721,     20417,       403,  10135159,    501205,   2750147,     54225,     -3422,     -9693,    -13115,   -460906,  -1305698,  -1766604,     50967,      6782,     17296,      1912,   1997919,    265858,    677987,     74948,     -2411,     -9054,    -11465,    -94502,   -354914,   -449417,      3721,      2873,      6782,      2448,     78664,     88358,     53378,     62432
        66,    530066, 94.466948,     147.8,      86.8,     70937,      3003,     17834,       474,  10484543,    443819,   2635828,     70064,     -3371,    -12711,    -16083,   -498290,  -1878751,  -2377041,     48381,      5845,     17170,      1475,   4199441,    507315,   1490398,    128046,     -2365,    -10454,    -12819,   -205254,   -907442,  -1112696,      3003,      1434,      5845,      2446,     74309,     87020,     50745,     61200
        67,    530067, 55.715045,      57.4,      25.4,     70772,      3020,     20409,       633,   4062296,    173338,   1171454,     36333,     -3373,    -13573,    -16946,   -193610,   -779091,   -972701,     48235,      5847,     17684,      2045,   1225164,    148504,    449176,     51948,     -2370,    -11070,    -13439,    -60188,   -281169,   -341358,      3020,      1555,      5847,      2749,     74145,     87718,     50604,     61674
        68,    530068, 24.859405,     209.9,      23.5,     73788,      3700,     18416,       484,  15488123,    776654,   3865603,    101614,     -3571,    -10422,    -13993,   -749520,  -2187521,  -2937041,     50063,      6800,     17043,      1525,   1176476,    159794,    400501,     35841,     -2493,     -9389,    -11882,    -58583,   -220638,   -279221,      3700,      1577,      6800,      2080,     77359,     87781,     52556,     61945
        69,    530069,118.038193,     591.5,      35.0,     77304,      3905,     27702,       693,  45725097,   2310101,  16385950,    410069,     -2889,     -9136,    -12026,  -1709026,  -5404184,  -7113210,     52263,      6451,     18690,      2761,   1829188,    225780,    654134,     96648,     -2117,     -8852,    -10970,    -74111,   -309833,   -383944,      3905,      2738,      6451,      2788,     80193,     89329,     54380,     63232
        70,    530070, 94.549551,     477.0,         0,     74689,      3763,     22208,       586,  35626471,   1794864,  10593159,    279735,     -2984,    -10716,    -13699,  -1423179,  -5111437,  -6534616,     50591,      6344,     17915,      2420,         0,         0,         0,         0,     -2147,     -9613,    -11760,         0,         0,         0,      3763,      1519,      6344,      2660,     77672,     88388,     52739,     62351
        71,    530071, 78.248280,     241.7,     132.2,     79716,      4020,     31615,      1308,  19267341,    971563,   7641252,    316132,     -2810,     -7418,    -10228,   -679094,  -1792916,  -2472009,     53747,      6548,     19338,      2428,   7105408,    865648,   2556454,    320975,     -2137,     -8034,    -10171,   -282485,  -1062107,  -1344592,      4020,      3005,      6548,      3082,     82526,     89944,     55884,     63918
        72,    530072,220.659658,      20.1,      43.4,     81371,     18282,     43672,       519,   1635551,    367462,    877799,     10427,     -2330,     -7033,     -9363,    -46828,   -141371,   -188200,     54516,     10068,     20923,       262,   2366004,    436971,    908074,     11365,     -1926,     -8362,    -10288,    -83567,   -362923,   -446490,     18282,      3430,     10068,      2412,     83700,     90734,     56442,     64804
        73,    530073,103.225974,         0,     255.6,     71656,      2320,     20951,      1065,         0,         0,         0,         0,     -4017,    -10401,    -14419,         0,         0,         0,     48482,      5649,     17967,      1535,  12391950,   1443865,   4592455,    392230,     -2747,     -9080,    -11827,   -702242,  -2320728,  -3022969,      2320,      1537,      5649,      2744,     75673,     86075,     51229,     60309
        74,    530074,100.968640,     561.4,         0,     75068,      4563,     26054,      1054,  42143309,   2561888,  14626829,    591819,     -2925,    -10932,    -13857,  -1642262,  -6137189,  -7779451,     50756,      7845,     18718,      2586,         0,         0,         0,         0,     -2016,    -10024,    -12041,         0,         0,         0,      4563,      1325,      7845,      2612,     77994,     88925,     52772,     62797
        75,    530075,142.958856,     222.0,     333.5,     75885,      4931,     26935,      1501,  16846482,   1094606,   5979569,    333191,     -3225,     -8503,    -11728,   -715865,  -1887702,  -2603567,     51257,      7880,     18960,      2075,  17094303,   2627872,   6323194,    692091,     -2166,     -8046,    -10212,   -722376,  -2683426,  -3405803,      4931,      1467,      7880,      2249,     79110,     87613,     53423,     61470
        76,    530076,107.961777,     205.5,      39.3,     79075,     17238,     37119,      2112,  16250006,   3542460,   7627991,    434081,     -2571,     -8013,    -10584,   -528268,  -1646659,  -2174926,     53031,      8570,     20182,      1239,   2084105,    336809,    793155,     48688,     -2027,     -8546,    -10574,    -79674,   -335865,   -415539,     17238,      2966,      8570,      2578,     81646,     89659,     55058,     63604
        77,    530077,282.982323,       4.0,         0,     82215,     15428,     51297,       399,    328862,     61711,    205188,      1597,     -1880,     -6214,     -8093,     -7518,    -24855,    -32373,     54745,      7504,     22578,       448,         0,         0,         0,         0,     -1733,     -7804,     -9537,         0,         0,         0,     15428,      4354,      7504,      3520,     84095,     90309,     56477,     64281
        78,    530078, 66.269316,      18.3,     568.8,     79546,     20577,     43285,      2726,   1455696,    376568,    792109,     49887,     -2997,     -6634,     -9631,    -54854,   -121401,   -176254,     53092,     11752,     21435,      1485,  30198861,   6684561,  12192499,    844597,     -2401,     -7383,     -9784,  -1365710,  -4199407,  -5565117,     20577,      3566,     11752,      3104,     82544,     89178,     55493,     62876
        79,    530079, 92.691294,     260.4,     622.0,     77439,     17269,     39552,      3121,  20165113,   4496893,  10299270,    812750,     -3335,     -7773,    -11108,   -868416,  -2024219,  -2892634,     51734,     10535,     20893,      2047,  32178324,   6552551,  12995634,   1273215,     -2518,     -8000,    -10518,  -1566377,  -4975869,  -6542247,     17269,      3079,     10535,      3031,     80774,     88547,     54252,     62252
        80,    530080, 85.891237,     426.8,     281.6,     73569,      6831,     32590,      2510,  31399318,   2915387,  13909336,   1071137,     -3564,    -10158,    -13722,  -1521287,  -4335295,  -5856583,     49583,      8189,     19820,      2567,  13962456,   2306031,   5581219,    722859,     -2453,     -9056,    -11509,   -690662,  -2550155,  -3240818,      6831,      2992,      8189,      3035,     77134,     87291,     52035,     61091
        81,    530081, 73.452734,     221.1,     536.0,     75479,     10674,     36051,      3193,  16688412,   2359920,   7970826,    705900,     -3722,     -8690,    -12412,   -822966,  -1921325,  -2744291,     50595,      9286,     20405,      2515,  27118696,   4977134,  10937108,   1348261,     -2669,     -8356,    -11025,  -1430518,  -4478776,  -5909293,     10674,      2922,      9286,      3251,     79201,     87891,     53263,     61619
        82,    530082,149.414257,     290.0,      23.4,     85640,      4130,     49604,      1150,  24835596,   1197598,  14385212,    333555,     -1080,     -4988,     -6068,   -313118,  -1446627,  -1759745,     57341,       940,     20202,       791,   1341782,     21993,    472732,     18508,     -1013,     -7162,     -8175,    -23714,   -167581,   -191295,         0,      4130,         0,       940,     86720,     91708,     58355,     65516
        83,    530083, 72.832767,         0,     958.1,     84590,      4762,     40911,      5471,         0,         0,         0,         0,     -1278,     -5650,     -6928,         0,         0,         0,     56670,      3631,     18565,      1158,  54295652,   3479204,  17787087,   1109161,      -987,     -7360,     -8347,   -945687,  -7051623,  -7997311,      3633,      4762,      3631,      1151,     85869,     91519,     57657,     65017
        84,    530084, 27.101639,      91.3,       2.9,     80048,     19796,     47520,      2303,   7308414,   1807345,   4338550,    210224,     -2441,     -6679,     -9120,   -222878,   -609822,   -832700,     53335,     10222,     22252,      1125,    154672,     29643,     64531,      3262,     -2009,     -7545,     -9554,     -5827,    -21880,    -27707,     19796,      4045,     10222,      3202,     82490,     89169,     55344,     62889
        85,    530085,115.843241,     178.8,     451.5,     76662,      9640,     32124,      1743,  13707173,   1723611,   5743726,    311688,     -3447,     -8153,    -11600,   -616381,  -1457767,  -2074148,     51659,      9487,     19935,      1963,  23324120,   4283259,   9000540,    886215,     -2441,     -7886,    -10327,  -1102123,  -3560436,  -4662558,      9640,      4173,      9487,      3002,     80109,     88262,     54100,     61986
        86,    530086, 77.030945,     153.5,     754.8,     78051,     17811,     41967,      3354,  11980904,   2734048,   6441890,    514904,     -3368,     -7493,    -10862,   -517037,  -1150228,  -1667265,     52192,     12131,     21453,      2368,  39394808,   9156774,  16193043,   1787330,     -2554,     -7817,    -10371,  -1927810,  -5900080,  -7827890,     17811,      2928,     12131,      3069,     81420,     88913,     54746,     62563
        87,    530087, 55.454890,     229.0,     170.7,     80647,     20559,     46699,      2977,  18468112,   4707905,  10694104,    681767,     -2478,     -6051,     -8529,   -567468,  -1385699,  -1953167,     53747,     11528,     22264,      1707,   9174610,   1967841,   3800482,    291336,     -2056,     -7040,     -9096,   -350898,  -1201791,  -1552690,     20559,      3781,     11528,      3077,     83125,     89176,     55803,     62843
        88,    530088, 40.335968,      24.3,     434.8,     84213,      7315,     44680,      4097,   2046370,    177763,   1085721,     99546,     -1275,     -5783,     -7058,    -30973,   -140528,   -171501,     56195,      5158,     19426,      1526,  24433639,   2242728,   8446397,    663289,     -1055,     -7420,     -8475,   -458585,  -3226315,  -3684901,      7315,      4920,      5158,      1162,     85487,     91270,     57250,     64670
        89,    530089,506.407375,     319.0,     152.6,     71301,      3785,     25478,       249,  22744958,   1207389,   8127617,     79463,     -1923,    -15422,    -17345,   -613538,  -4919506,  -5533044,     48884,      2981,     18388,       763,   7459757,    454864,   2806045,    116380,     -1244,    -11994,    -13238,   -189799,  -1830295,  -2020094,         0,      3785,         0,      2981,     73224,     88646,     50128,     62122
        90,    530090,277.217871,      76.8,    1742.2,     84389,     15872,     58590,      3710,   6481105,   1218960,   4499740,    284892,     -1333,     -5636,     -6970,   -102385,   -432881,   -535267,     55612,      3243,     23808,       183,  96886799,   5649408,  41477513,    319284,     -1330,     -8253,     -9583,  -2317099, -14378655, -16695754,     15872,      7609,      3243,      2738,     85723,     91359,     56942,     65195
        91,    530091, 89.478236,     131.0,     201.1,     85441,      8117,     51974,      2773,  11192719,   1063369,   6808537,    363254,     -1099,     -4749,     -5848,   -143982,   -622119,   -766101,     57130,      2484,     21169,      1270,  11488897,    499578,   4257045,    255383,     -1021,     -6811,     -7832,   -205227,  -1369736,  -1574963,         0,      8117,         0,      2484,     86540,     91289,     58151,     64962
        92,    530092, 72.572866,       5.0,         0,         0,         0,     37241,      5814,         0,         0,    186203,     29072,         0,         0,         0,         0,         0,         0,         0,         0,     18200,       852,         0,         0,         0,         0,         0,         0,         0,         0,         0,         0,         0,         0,         0,         0,         0,         0,         0,         0
        93,    530093,108.338329,     293.2,     419.5,     74443,      9460,     36475,      2647,  21826555,   2773799,  10694397,    776148,     -3546,     -9539,    -13086,  -1039796,  -2796932,  -3836728,     49985,      8723,     20660,      2609,  20968891,   3659189,   8667049,   1094278,     -2508,     -8748,    -11256,  -1052043,  -3669692,  -4721735,      9460,      2797,      8723,      2839,     77989,     87528,     52493,     61241
        94,    530094, 48.821432,     114.2,     283.7,     81799,     20782,     51325,      2878,   9341400,   2373318,   5861351,    328628,     -2179,     -5533,     -7711,   -248787,   -631826,   -880614,     54550,      9817,     23203,      1268,  15475852,   2784976,   6582819,    359844,     -1901,     -6822,     -8723,   -539239,  -1935462,  -2474701,     20782,      4302,      9817,      3139,     83977,     89510,     56451,     63273
        95,    530095,147.176297,     344.4,     420.3,     82750,     13852,     50121,      3505,  28498941,   4770774,  17261506,   1207033,     -1530,     -6531,     -8061,   -526913,  -2249432,  -2776345,     55058,      4818,     20903,      1901,  23141075,   2024898,   8785555,    799085,     -1177,     -8130,     -9307,   -494578,  -3417041,  -3911618,     13852,      4342,      4818,      1134,     84279,     90811,     56235,     64365
        96,    530096, 94.425125,      17.7,     153.3,         0,         0,     34447,      2876,         0,         0,    609720,     50910,         0,         0,         0,         0,         0,         0,         0,         0,     18067,       498,         0,         0,   2769747,     76413,         0,         0,         0,         0,         0,         0,         0,         0,         0,         0,         0,         0,         0,         0
        97,    530097, 50.331698,      71.3,         0,     85113,      7554,     56389,      4271,   6068540,    538628,   4020524,    304517,     -1058,     -5053,     -6111,    -75448,   -360284,   -435732,     56745,      2656,     22768,       600,         0,         0,         0,         0,     -1019,     -7252,     -8270,         0,         0,         0,         0,      7554,         0,      2656,     86171,     91224,     57763,     65015
        98,    530098, 64.716036,     465.8,      75.7,     76800,     18592,     45330,      2825,  35773495,   8660085,  21114789,   1315654,     -3137,     -8818,    -11955,  -1461328,  -4107350,  -5568678,     51286,     11139,     22247,      2458,   3882351,    843223,   1684069,    186033,     -2332,     -8703,    -11036,   -176549,   -658845,   -835395,     18592,      4377,     11139,      3273,     79937,     88755,     53618,     62322
        99,    530099,111.639405,     265.7,    1001.3,     82048,      9676,     42828,      5525,  21800188,   2570915,  11379440,   1467868,     -1933,     -7337,     -9270,   -513604,  -1949439,  -2463043,     54965,      4662,     19466,      1350,  55036854,   4668356,  19491497,   1351693,     -1436,     -8844,    -10280,  -1437972,  -8855005, -10292977,      9676,      4745,      4662,      1252,     83981,     91318,     56402,     65245
       100,    530100, 60.443710,     280.7,      24.4,     76279,     11844,     41894,      3155,  21411549,   3324722,  11759708,    885478,     -3355,     -8680,    -12036,   -941866,  -2436604,  -3378470,     51025,      9955,     21566,      2721,   1245012,    242896,    526212,     66387,     -2468,     -8395,    -10863,    -60219,   -204839,   -265059,     11844,      2787,      9955,      2914,     79635,     88315,     53493,     61888
       101,    530101, 44.317417,     161.6,       9.8,     83931,     18869,     53938,      3586,  13563239,   3049156,   8716316,    579428,     -1796,     -4770,     -6566,   -290313,   -770795,  -1061108,     56294,      7022,     23584,      1009,    551680,     68814,    231127,      9892,     -1711,     -6491,     -8202,    -16765,    -63613,    -80378,     18869,      4452,      7022,      3517,     85727,     90497,     58005,     64496
       102,    530102, 50.828225,      53.4,     360.3,     82069,     21276,     49663,      3019,   4382503,   1136149,   2652024,    161220,     -2040,     -5269,     -7309,   -108947,   -281347,   -390293,     54744,     10709,     22988,      1767,  19724409,   3858486,   8282587,    636803,     -1786,     -6539,     -8325,   -643518,  -2356149,  -2999667,     21276,      3819,     10709,      3199,     84110,     89378,     56530,     63070
       103,    530103, 45.477328,     274.0,       8.2,     82981,      7886,     46893,      3658,  22736905,   2160702,  12848681,   1002390,     -1304,     -6504,     -7809,   -357432,  -1782169,  -2139601,     55347,      4732,     20282,      1899,    453848,     38801,    166309,     15570,     -1043,     -8105,     -9148,     -8552,    -66464,    -75015,      7886,      4745,      4732,      1134,     84286,     90790,     56390,     64496
       104,    530104, 24.756044,      22.1,     233.0,     84721,     16215,     53891,      3123,   1872324,    358349,   1190997,     69014,     -1277,     -5196,     -6473,    -28211,   -114839,   -143050,     56513,      4320,     21989,      1560,  13167427,   1006656,   5123339,    363538,     -1063,     -7190,     -8252,   -247566,  -1675246,  -1922812,     16215,      9043,      4320,      2787,     85997,     91193,     57575,     64765
       105,    530105, 82.610702,       5.0,     958.7,     84598,      4759,     38612,      4970,    422991,     23794,    193061,     24850,     -1755,     -5580,     -7335,     -8773,    -27902,    -36675,     57049,      2549,     18838,       770,  54693300,   2444129,  18060215,    738410,     -1387,     -7484,     -8871,  -1329249,  -7175220,  -8504469,      4472,      4759,      2549,      1256,     86353,     91933,     58436,     65920
       106,    530106, 79.580605,      31.9,    1588.4,     85654,     13314,     56271,      3833,   2732366,    424719,   1795050,    122261,     -1153,     -4436,     -5589,    -36769,   -141512,   -178281,     57143,      3436,     22925,      1256,  90765254,   5457756,  36413621,   1994861,     -1197,     -6613,     -7810,  -1901503, -10504260, -12405764,     13314,      8063,      3436,      2096,     86807,     91243,     58340,     64953
       107,    530107,180.130158,     299.5,      14.5,     70783,      4643,     29439,       676,  21199378,   1390651,   8816905,    202440,     -2913,    -14188,    -17101,   -872540,  -4249159,  -5121699,     48471,      6578,     19306,      1218,    702836,     95382,    279939,     17659,     -1600,    -11458,    -13058,    -23193,   -166147,   -189340,      4643,       843,      6578,      1960,     73696,     87883,     50071,     61529
       108,    530108, 41.621500,      71.3,       3.2,     74078,      7215,     33271,       988,   5281769,    514428,   2372228,     70450,     -1871,    -13518,    -15389,   -133381,   -963832,  -1097213,     50881,      8283,     20004,      1726,    162819,     26506,     64013,      5524,     -1181,    -10982,    -12162,     -3778,    -35142,    -38920,      7215,      3638,      8283,      3455,     75949,     89467,     52061,     63043
       109,    530109,121.975397,     557.2,     150.6,     76050,      9342,     39688,      1361,  42375337,   5205195,  22114046,    758542,     -3022,     -9364,    -12386,  -1684120,  -5217368,  -6901487,     51217,      8013,     21205,      2601,   7713253,   1206685,   3193491,    391694,     -2085,     -8757,    -10842,   -314006,  -1318730,  -1632736,      9342,      2654,      8013,      3004,     79073,     88437,     53302,     62058
       110,    530110, 59.460871,     169.6,      33.1,     75186,     10507,     43239,      1322,  12751482,   1781937,   7333380,    224161,     -2964,    -10026,    -12990,   -502774,  -1700361,  -2203135,     50602,      9827,     21874,      2832,   1674915,    325266,    724021,     93728,     -1955,     -9164,    -11120,    -64722,   -303337,   -368059,     10507,      3895,      9827,      2552,     78150,     88176,     52557,     61721
       111,    530111,370.054165,      70.8,       2.5,     82949,     19718,     52027,       365,   5872800,   1396053,   3683494,     25812,     -1501,     -5164,     -6665,   -106252,   -365624,   -471876,     54764,      7770,     23827,       782,    136910,     19426,     59566,      1954,     -1479,     -6970,     -8448,     -3697,    -17424,    -21121,     19718,      7189,      7770,      2935,     84450,     89614,     56243,     63212
       112,    530112, 62.647274,      74.7,    1540.9,     85084,     24791,     58964,      9278,   6355785,   1851911,   4404590,    693033,     -1386,     -4296,     -5682,   -103505,   -320935,   -424439,     56650,      6531,     24840,      1210,  87291345,  10063985,  38275286,   1864509,     -1490,     -6562,     -8052,  -2295698, -10112029, -12407727,     24791,      6272,      6531,      2508,     86470,     90766,     58139,     64702
       113,    530113, 68.563160,     219.9,      52.3,     77002,      9225,     37048,       912,  16932787,   2028664,   8146862,    200462,     -2318,    -10571,    -12888,   -509663,  -2324467,  -2834130,     52552,      6472,     20616,      1912,   2748491,    338504,   1078232,    100002,     -1306,     -9753,    -11059,    -68291,   -510079,   -578370,      9225,      2127,      6472,      2680,     79320,     89890,     53858,     63611
       114,    530114, 35.843280,     114.2,     285.1,     83389,     18958,     53839,      4592,   9522988,   2165056,   6148409,    524387,     -1735,     -4863,     -6598,   -198186,   -555323,   -753509,     55620,      6180,     23846,      1364,  15857185,   1761974,   6798385,    388808,     -1601,     -6537,     -8139,   -456509,  -1863813,  -2320322,     18958,      3929,      6180,      3351,     85124,     89987,     57221,     63758
       115,    530115, 28.348757,      70.4,       7.1,     83703,     19473,     55848,      6748,   5892663,   1370890,   3931713,    475037,     -1660,     -4650,     -6309,   -116833,   -327347,   -444180,     55686,      6358,     24210,      1298,    395368,     45138,    171888,      9215,     -1623,     -6479,     -8102,    -11522,    -46003,    -57525,     19473,      4356,      6358,      3303,     85362,     90012,     57308,     63788
       116,    530116, 46.425298,     110.9,      72.6,     83039,     24324,     57180,      7972,   9209068,   2697552,   6341219,    884086,     -1782,     -5175,     -6957,   -197603,   -573894,   -771498,     55112,      6228,     24393,      1190,   4001155,    452156,   1770939,     86379,     -1682,     -6975,     -8656,   -122079,   -506366,   -628446,     24324,      4387,      6228,      3293,     84821,     89996,     56794,     63769
       117,    530117,126.339309,     149.1,      12.0,     84527,      9822,     58218,      4784,  12602909,   1464403,   8680252,    713231,     -1080,     -5578,     -6658,   -160983,   -831725,   -992708,     56087,      2654,     24221,      1585,    673041,     31852,    290653,     19023,      -920,     -7899,     -8819,    -11035,    -94787,   -105822,      9822,      2944,      2654,       741,     85606,     91185,     57006,     64905
       118,    530118, 37.978874,      61.8,     393.5,     82784,     24522,     53284,      4088,   5116052,   1515439,   3292948,    252645,     -2015,     -4968,     -6984,   -124552,   -307044,   -431596,     55100,      6767,     23882,      1551,  21682015,   2663001,   9397515,    610348,     -1811,     -6587,     -8398,   -712741,  -2591869,  -3304610,     24522,      3867,      6767,      3325,     84799,     89768,     56912,     63498
       119,    530119,183.701887,     212.1,      41.3,     85228,     15804,     59319,      6644,  18076942,   3352053,  12581570,   1409152,     -1132,     -5107,     -6239,   -240030,  -1083196,  -1323225,     56534,      3788,     24705,      1363,   2334836,    156441,   1020334,     56273,     -1271,     -7424,     -8694,    -52475,   -306602,   -359077,     15804,      7873,      3788,      2485,     86360,     91467,     57804,     65228
       120,    530120, 41.150676,     106.3,      16.1,     84548,      7279,     47029,      3507,   8987466,    773775,   4999189,    372767,     -1196,     -5814,     -7010,   -127107,   -618079,   -745186,     56769,      4321,     20562,      2166,    913984,     69576,    331051,     34868,      -985,     -7540,     -8525,    -15860,   -121392,   -137252,      7279,      4696,      4321,      1120,     85744,     91558,     57754,     65294
       121,    530121, 41.671605,      88.0,     240.2,         0,         0,     43358,      3755,         0,         0,   3815499,    330401,         0,         0,         0,         0,         0,         0,         0,         0,     20026,      1585,         0,         0,   4810286,    380683,         0,         0,         0,         0,         0,         0,         0,         0,         0,         0,         0,         0,         0,         0
       122,    530122, 91.901310,         0,    1127.3,         0,         0,     40496,      3264,         0,         0,         0,         0,         0,         0,         0,         0,         0,         0,         0,         0,     19560,      1066,         0,         0,  22050289,   1201658,         0,         0,         0,         0,         0,         0,         0,         0,         0,         0,         0,         0,         0,         0
       123,    530123, 79.093129,     280.5,     101.9,     77210,     14264,     47017,      1106,  21657501,   4001001,  13188358,    310112,     -2870,     -9346,    -12216,   -804963,  -2621662,  -3426625,     51905,      8324,     22709,      2324,   5289160,    848204,   2314028,    236861,     -1927,     -9289,    -11216,   -196350,   -946538,  -1142887,     14264,      4239,      8324,      3063,     80080,     89426,     53832,     63121
       124,    530124, 19.869867,      75.4,      10.1,     84195,     14634,     53298,      3156,   6348339,   1103372,   4018699,    237979,     -1409,     -5510,     -6919,   -106244,   -415419,   -521663,     56051,      4081,     22059,      2023,    566119,     41222,    222795,     20428,     -1144,     -7417,     -8560,    -11554,    -74907,    -86460,     14634,      8333,      4081,      2593,     85605,     91114,     57195,     64612
       125,    530125, 14.492598,         0,     174.5,     84787,     14296,     55033,      3197,         0,         0,         0,         0,     -1274,     -5105,     -6379,         0,         0,         0,     56583,      3391,     22607,      1750,   9873773,    591679,   3944986,    305293,     -1062,     -7085,     -8147,   -185277,  -1236327,  -1421604,     14296,      9055,      3391,      2793,     86061,     91167,     57645,     64730
       126,    530126,100.962955,         0,     135.3,     81714,      4795,     35856,      2376,         0,         0,         0,         0,     -1970,     -7607,     -9577,         0,         0,         0,     54893,      1461,     18649,       477,   7427032,    197673,   2523167,     64478,     -1317,     -8546,     -9864,   -178242,  -1156307,  -1334550,         0,      4795,         0,      1461,     83684,     91291,     56210,     64757
       127,    530127, 20.948628,      65.5,      12.0,     85751,      4487,     50857,      2895,   5616706,    293890,   3331138,    189620,     -1146,     -4623,     -5769,    -75084,   -302809,   -377893,     57685,      2507,     21411,      2287,    692220,     30085,    256938,     27444,     -1098,     -6590,     -7687,    -13170,    -79078,    -92249,      2520,      4487,      2507,       954,     86898,     91521,     58783,     65372
       128,    530128, 32.235187,         0,     420.5,     86905,     17500,     60091,      7567,         0,         0,         0,         0,     -1046,     -3753,     -4799,         0,         0,         0,     58326,      4756,     24698,       662,  24526199,   1999734,  10385662,    278260,     -1319,     -5910,     -7229,   -554514,  -2485296,  -3039810,     17500,      5799,      4756,      2448,     87950,     91704,     59645,     65555
       129,    530129, 57.669539,      37.2,    1576.2,     85440,     31443,     60405,      9266,   3178374,   1169670,   2247060,    344693,     -1294,     -4308,     -5602,    -48124,   -160273,   -208397,     56917,      8172,     25177,      1118,  89713210,  12881203,  39684029,   1762860,     -1434,     -6490,     -7924,  -2260520, -10228870, -12489389,     31443,      4057,      8172,      2261,     86734,     91042,     58352,     64841
       130,    530130, 45.746499,         0,     180.9,     86500,     26820,     60517,      6965,         0,         0,         0,         0,     -1303,     -3741,     -5043,         0,         0,         0,     58056,      6402,     25014,       628,  10502271,   1158132,   4525084,    113646,     -1530,     -5936,     -7466,   -276769,  -1073867,  -1350635,     26820,      6966,      6402,      2675,     87803,     91543,     59586,     65522
       131,    530131, 19.188459,         0,     452.7,     87044,     18145,     59930,      7299,         0,         0,         0,         0,     -1027,     -3656,     -4683,         0,         0,         0,     58517,      4915,     24641,       800,  26490722,   2225092,  11155153,    362066,     -1311,     -5740,     -7051,   -593422,  -2598422,  -3191844,     18145,      5817,      4915,      2449,     88071,     91728,     59828,     65568
       132,    530132, 23.162286,      28.8,     395.2,     84735,     27164,     55214,      5923,   2440370,    782326,   1590171,    170582,     -1463,     -3856,     -5318,    -42127,   -111040,   -153167,     56618,      7470,     24277,      1399,  22375261,   2952268,   9594255,    552983,     -1463,     -5775,     -7238,   -578079,  -2282429,  -2860508,     27164,      6199,      7470,      2547,     86198,     90053,     58080,     63856
       133,    530133, 35.470465,      85.5,     902.1,     84168,     28227,     56743,      7938,   7196354,   2413428,   4851553,    678674,     -1421,     -4561,     -5983,   -121535,   -389969,   -511505,     55948,      7704,     24553,      1586,  50470723,   6949920,  22149042,   1430321,     -1426,     -6543,     -7969,  -1286443,  -5902130,  -7188572,     28227,      5672,      7704,      2702,     85589,     90150,     57374,     63917
       134,    530134, 56.312267,     105.8,     139.4,     85366,     12429,     54162,      2979,   9031733,   1315022,   5730383,    315186,     -1119,     -4883,     -6001,   -118353,   -516591,   -634945,     57139,      3572,     22494,      2168,   7965120,    497974,   3135667,    302179,     -1071,     -7029,     -8100,   -149282,   -979837,  -1129120,     12429,      4820,      3572,      1002,     86485,     91367,     58209,     65238
       135,    530135, 28.963335,      36.3,     464.6,     85314,     26315,     58268,      9471,   3096908,    955217,   2115122,    343795,     -1313,     -3776,     -5089,    -47671,   -137073,   -184743,     56914,      7471,     24833,      1656,  26442274,   3471176,  11537211,    769498,     -1442,     -5928,     -7370,   -669903,  -2754173,  -3424076,     26315,      4836,      7471,      2460,     86628,     90404,     58356,     64284
       136,    530136, 59.209960,     255.6,      24.6,     84461,      6960,     51766,      2255,  21588140,   1778884,  13231460,    576473,     -1319,     -5590,     -6909,   -337100,  -1428890,  -1765990,     56494,      2888,     21826,      2491,   1389758,     71052,    536913,     61273,     -1113,     -7513,     -8625,    -27374,   -184810,   -212184,      6960,      4677,      2888,      1051,     85779,     91370,     57607,     65120
       137,    530137, 32.489524,     115.0,         0,     84449,      5744,     48974,      2167,   9711633,    660580,   5632011,    249192,     -1322,     -5535,     -6858,   -152068,   -636567,   -788636,     56485,      2925,     21158,      2396,         0,         0,         0,         0,     -1114,     -7374,     -8488,         0,         0,         0,      5744,      4677,      2925,      1051,     85771,     91307,     57599,     64973
       138,    530138, 30.016114,     114.5,      20.3,     83857,      5047,     46152,      2889,   9601577,    577935,   5284395,    330800,     -1221,     -6117,     -7338,   -139861,   -700358,   -840219,     55943,      2736,     20644,      1992,   1135639,     55543,    419069,     40438,      -978,     -7651,     -8629,    -19863,   -155314,   -175176,      5047,      4540,      2736,      1068,     85078,     91195,     56921,     64572
       139,    530139, 36.021473,         0,     330.1,     86488,     25008,     60771,      8160,         0,         0,         0,         0,     -1149,     -3960,     -5109,         0,         0,         0,     57914,      6091,     25078,       657,  19117434,   2010590,   8278170,    216916,     -1333,     -6285,     -7618,   -439956,  -2074834,  -2514790,     25008,      6646,      6091,      2627,     87638,     91597,     59247,     65532
       140,    530140, 50.955411,      47.7,     579.6,     87122,     28095,     61059,      8451,   4155741,   1340127,   2912515,    403128,     -1032,     -3377,     -4409,    -49205,   -161092,   -210297,     58791,      7371,     25297,       942,  34075172,   4272011,  14662343,    546018,     -1235,     -5494,     -6729,   -715596,  -3184587,  -3900184,     28095,      4221,      7371,      2526,     88154,     91531,     60025,     65520
       141,    530141, 40.626233,     164.0,     210.8,     86172,     10872,     57022,      3872,  14132158,   1782945,   9351667,    634936,      -985,     -4331,     -5316,   -161563,   -710279,   -871842,     57941,      2856,     23492,      1598,  12214057,    602135,   4952120,    336803,      -990,     -6472,     -7462,   -208772,  -1364322,  -1573094,     10872,      7775,      2856,      2542,     87157,     91488,     58932,     65404
       142,    530142, 24.435254,     111.1,      13.3,     86106,     10267,     56165,      3391,   9566352,   1140615,   6239963,    376745,      -988,     -4354,     -5342,   -109819,   -483696,   -593514,     57883,      2290,     23216,      1864,    769841,     30461,    308774,     24793,      -988,     -6468,     -7455,    -13137,    -86019,    -99156,     10267,      3387,      2290,       784,     87094,     91448,     58871,     65338
       143,    530143, 86.625323,     309.0,      24.3,     77548,      9108,     42623,       643,  23962201,   2814434,  13170444,    198803,     -2054,     -9908,    -11961,   -634556,  -3061430,  -3695986,     52711,      7900,     21631,      2308,   1280884,    191966,    525633,     56086,     -1140,     -9292,    -10432,    -27692,   -225802,   -253494,      9108,      2368,      7900,      1386,     79601,     89509,     53851,     63143
       144,    530144,108.550713,     478.2,      74.3,     77688,      7664,     48004,       489,  37150240,   3664813,  22955525,    234023,     -1949,    -10730,    -12679,   -932177,  -5130849,  -6063026,     52764,      7066,     22842,      1778,   3920375,    525001,   1697172,    132102,     -1105,    -10326,    -11430,    -82087,   -767187,   -849274,      7664,      1403,      7066,      1057,     79637,     90367,     53869,     64194
       145,    530145, 20.100330,      28.7,       2.9,     77951,      7199,     37515,       448,   2237190,    206618,   1076692,     12846,     -1834,    -10295,    -12130,    -52642,   -295478,   -348119,     53386,      6793,     20494,      1691,    154819,     19700,     59431,      4905,     -1184,     -9214,    -10397,     -3432,    -26719,    -30152,      7199,      2772,      6793,      2874,     79785,     90080,     54569,     63783
       146,    530146, 44.205198,     103.0,       8.0,     84041,      5781,     49835,      1377,   8656274,    595477,   5133000,    141824,     -1200,     -5919,     -7118,   -123563,   -609639,   -733202,     55971,      2337,     21574,      2205,    447764,     18699,    172593,     17640,      -997,     -7692,     -8689,     -7977,    -61532,    -69509,      5781,      3463,      2337,       910,     85241,     91160,     56968,     64659
       147,    530147, 37.309838,     130.0,       7.0,     83900,      6092,     47076,      1857,  10907015,    791896,   6119825,    241435,     -1352,     -6298,     -7650,   -175730,   -818793,   -994523,     56083,      2192,     20999,      1854,    392582,     15347,    146994,     12981,      -968,     -8018,     -8986,     -6773,    -56126,    -62899,      6092,      3288,      2192,       947,     85252,     91550,     57051,     65069
       148,    530148, 24.576884,         0,     438.6,     85263,     29211,     57022,      7610,         0,         0,         0,         0,     -1345,     -3635,     -4980,         0,         0,         0,     56914,      8149,     24724,      1635,  24962383,   3574297,  10844003,    717017,     -1448,     -5691,     -7139,   -635068,  -2496154,  -3131222,     29211,      5290,      8149,      2651,     86608,     90243,     58362,     64053
       149,    530149, 34.333331,      84.6,      71.9,     84234,     25384,     55488,      4534,   7126158,   2147494,   4694324,    383598,     -1443,     -4169,     -5612,   -122120,   -352680,   -474800,     56010,      6464,     24494,      1271,   4027151,    464739,   1761102,     91403,     -1438,     -6090,     -7528,   -103404,   -437887,   -541290,     25384,      6405,      6464,      2719,     85677,     89846,     57449,     63539
       150,    530150, 71.146669,     342.7,      12.9,     84034,      4833,     46417,      1453,  28798389,   1656341,  15907019,    498072,     -1341,     -6134,     -7474,   -459399,  -2101957,  -2561356,     56188,      1824,     20982,      1636,    724822,     23534,    270663,     21101,      -966,     -7804,     -8770,    -12458,   -100669,   -113128,      4833,      3302,      1824,       950,     85374,     91508,     57153,     64957
       151,    530151, 17.717862,     100.0,     337.7,     85652,     27491,     58892,     10130,   8565153,   2749107,   5889176,   1012990,     -1313,     -3485,     -4799,   -131336,   -348540,   -479876,     57254,      7703,     25074,      1971,  19334644,   2601152,   8467566,    665555,     -1478,     -5580,     -7058,   -499096,  -1884222,  -2383318,     27491,      3328,      7703,      2328,     86965,     90450,     58732,     64311
       152,    530152, 17.639651,         0,    1254.5,     85946,     25721,     59942,     10988,         0,         0,         0,         0,     -1277,     -3403,     -4680,         0,         0,         0,     57500,      7468,     25265,      1945,  72134012,   9368171,  31695554,   2439987,     -1454,     -5541,     -6995,  -1824399,  -6951452,  -8775851,     25721,      3286,      7468,      2266,     87223,     90625,     58954,     64496
       153,    530153, 17.396764,      35.9,     355.7,     86099,     26403,     60645,     11092,   3090955,    947881,   2177169,    398207,     -1266,     -3668,     -4934,    -45451,   -131690,   -177141,     57710,      7072,     25410,      1737,  20527445,   2515587,   9038347,    617894,     -1413,     -5748,     -7161,   -502724,  -2044397,  -2547121,     26403,      3400,      7072,      2206,     87365,     91033,     59123,     64871
       154,    530154, 25.710951,      42.3,     349.8,     86533,     32665,     61192,     10331,   3660356,   1381713,   2588405,    436987,     -1151,     -3534,     -4685,    -48675,   -149493,   -198168,     58059,      8589,     25486,      1432,  20309030,   3004508,   8914873,    501043,     -1372,     -5637,     -7009,   -479919,  -1971844,  -2451764,     32665,      5788,      8589,      2524,     87684,     91218,     59431,     65068
       155,    530155, 25.775736,      88.9,     435.7,     87155,     29394,     61437,      9467,   7748038,   2613087,   5461729,    841578,     -1040,     -3302,     -4341,    -92416,   -293536,   -385952,     58688,      7830,     25514,      1275,  25570564,   3411665,  11116656,    555583,     -1304,     -5405,     -6708,   -568029,  -2354773,  -2922802,     29394,      4094,      7830,      2409,     88194,     91496,     59992,     65397
       156,    530156, 27.344230,       5.7,     452.9,     86945,     29356,     61375,      9948,    495584,    167327,    349835,     56704,     -1071,     -3487,     -4558,     -6103,    -19875,    -25978,     58464,      7553,     25475,      1122,  26478491,   3420661,  11537728,    508015,     -1334,     -5581,     -6914,   -603991,  -2527495,  -3131486,     29356,      4407,      7553,      2574,     88015,     91502,     59798,     65379
       157,    530157, 31.167463,         0,     495.5,     86660,     17895,     61008,      9713,         0,         0,         0,         0,     -1009,     -3562,     -4571,         0,         0,         0,     58184,      4991,     25296,      1003,  28830202,   2473011,  12534098,    496843,     -1252,     -5918,     -7170,   -620566,  -2932212,  -3552777,     17895,      6646,      4991,      2700,     87669,     91231,     59436,     65354
       158,    530158,139.640003,     260.6,     222.2,     78470,      7928,     41485,       468,  20449221,   2066111,  10810966,    122084,     -1738,     -9949,    -11687,   -452992,  -2592672,  -3045664,     53757,      6799,     21186,      1896,  11944714,   1510747,   4707616,    421243,     -1160,     -8899,    -10059,   -257709,  -1977326,  -2235035,      7928,      2035,      6799,      1493,     80208,     90157,     54916,     63815
       159,    530159, 22.842236,     238.5,     159.7,     85105,     27245,     57460,      7546,  20297506,   6497848,  13704189,   1799674,     -1239,     -3785,     -5024,   -295521,   -902730,  -1198252,     56688,      7423,     24874,      1651,   9053138,   1185489,   3972435,    263588,     -1466,     -5757,     -7222,   -234106,   -919321,  -1153428,     27245,      3906,      7423,      2362,     86344,     90129,     58154,     63911
       160,    530160, 17.668989,       6.4,     887.1,     85469,     26267,     59178,     10306,    547002,    168110,    378739,     65959,     -1364,     -3576,     -4940,     -8730,    -22883,    -31613,     56990,      7202,     25201,      2067,  50555821,   6388664,  22356015,   1834031,     -1535,     -5692,     -7227,  -1361713,  -5049468,  -6411181,     26267,      3440,      7202,      2333,     86833,     90409,     58525,     64217
       161,    530161, 10.581485,         0,     444.8,     86894,     18707,     60616,      9048,         0,         0,         0,         0,      -999,     -3411,     -4411,         0,         0,         0,     58510,      4967,     25112,      1070,  26025056,   2209259,  11170015,    475827,     -1240,     -5651,     -6890,   -551357,  -2513344,  -3064702,     18707,      6203,      4967,      2693,     87893,     91305,     59749,     65400
       162,    530162, 32.170872,     102.0,      16.0,     84673,     10559,     57078,      3321,   8636622,   1077041,   5821910,    338773,     -1152,     -5383,     -6535,   -117542,   -549051,   -666593,     56304,      2620,     23732,      1836,    900868,     41915,    379716,     29376,     -1008,     -7644,     -8652,    -16127,   -122311,   -138438,     10559,      3050,      2620,       791,     85825,     91208,     57312,     64957
       163,    530163, 17.633321,      20.3,     657.8,     85732,     25666,     60192,     11612,   1740357,    521016,   1221891,    235729,     -1339,     -3493,     -4832,    -27177,    -70912,    -98090,     57209,      6940,     25397,      2189,  37632133,   4565070,  16705847,   1440128,     -1512,     -5673,     -7184,   -994400,  -3731398,  -4725797,     25666,      3287,      6940,      2241,     87071,     90564,     58721,     64393
       164,    530164, 62.986089,     172.9,      56.3,     84759,     10504,     55357,      1958,  14654808,   1816089,   9571267,    338510,     -1141,     -5297,     -6438,   -197242,   -915920,  -1113162,     56382,      3094,     23267,      2085,   3174287,    174191,   1309906,    117393,     -1006,     -7490,     -8496,    -56634,   -421683,   -478317,     10504,      3061,      3094,       793,     85900,     91197,     57388,     64877
       165,    530165, 17.493345,      99.9,     142.2,     85847,     30840,     60824,     11670,   8576066,   3080922,   6076303,   1165870,     -1328,     -3610,     -4938,   -132661,   -360657,   -493318,     57386,      8538,     25540,      2009,   8160357,   1214040,   3631767,    285629,     -1447,     -5796,     -7243,   -205722,   -824260,  -1029982,     30840,      5986,      8538,      2628,     87174,     90785,     58833,     64630
       166,    530166, 47.602470,     163.9,       8.7,     84103,      8220,     52917,      1441,  13784485,   1347325,   8673052,    236165,     -1161,     -6125,     -7286,   -190244,  -1003902,  -1194146,     56020,      2990,     22503,      2283,    487375,     26014,    195776,     19859,      -911,     -7927,     -8838,     -7924,    -68968,    -76892,      8220,      3348,      2990,       917,     85264,     91389,     56931,     64858
       167,    530167,1258.21654,       7.2,         0,     71225,      4369,     17374,         0,    512820,     31457,    125090,         0,     -2012,    -13247,    -15259,    -14486,    -95379,   -109865,     48721,      3026,     13838,         7,         0,         0,         0,         0,     -1355,    -10160,    -11515,         0,         0,         0,         0,      4369,         0,      3026,     73237,     86484,     50076,     60237
       168,    530168, 26.571409,      93.7,     286.2,     85909,     33906,     61360,     11074,   8049669,   3176953,   5749432,   1037610,     -1344,     -3777,     -5120,   -125891,   -353874,   -479765,     57532,      9008,     25626,      1747,  16465666,   2578010,   7334127,    500130,     -1419,     -5935,     -7354,   -406165,  -1698641,  -2104806,     33906,      6047,      9008,      2649,     87253,     91029,     58951,     64886
       169,    530169, 26.606803,      49.7,      94.1,     86511,     30812,     61679,      9836,   4299589,   1531373,   3065447,    488834,     -1227,     -3578,     -4804,    -60976,   -177805,   -238781,     58137,      8307,     25666,      1570,   5470710,    781701,   2415166,    147737,     -1384,     -5710,     -7094,   -130219,   -537283,   -667502,     30812,      4589,      8307,      2624,     87738,     91315,     59521,     65231
       170,    530170, 25.336415,     100.5,      16.3,     84092,      7536,     50788,      1252,   8451198,    757347,   5104190,    125829,     -1161,     -6053,     -7215,   -116717,   -608369,   -725085,     56010,      2322,     22013,      2013,    912959,     37850,    358811,     32814,      -912,     -7757,     -8669,    -14866,   -126435,   -141302,      7536,      3348,      2322,       917,     85253,     91306,     56922,     64679
       171,    530171, 57.303932,     168.5,     164.4,     84759,     24670,     57980,      6630,  14281846,   4156876,   9769629,   1117214,     -1235,     -3912,     -5147,   -208157,   -659101,   -867259,     56298,      5988,     25084,      1705,   9255457,    984475,   4123883,    280255,     -1409,     -5884,     -7292,   -231605,   -967255,  -1198860,     24670,      4478,      5988,      2446,     85994,     89906,     57707,     63591
       172,    530172, 52.918561,     227.0,      44.0,     85182,     23049,     59452,      9228,  19336262,   5232191,  13495574,   2094789,     -1191,     -3780,     -4971,   -270315,   -858047,  -1128362,     56595,      5818,     25378,      2127,   2490181,    255997,   1116614,     93573,     -1432,     -5830,     -7262,    -63012,   -256507,   -319519,     23049,      3413,      5818,      2275,     86373,     90153,     58027,     63857
       173,    530173, 52.753069,     225.5,     290.5,     85417,     24918,     60459,     10698,  19261424,   5619044,  13633404,   2412421,     -1167,     -3739,     -4906,   -263055,   -843227,  -1106281,     56790,      6175,     25576,      2369,  16497357,   1793790,   7429888,    688300,     -1412,     -5835,     -7247,   -410059,  -1695115,  -2105174,     24918,      2817,      6175,      2213,     86583,     90322,     58201,     64036
       174,    530174, 17.180460,      21.4,     123.4,     85719,     29691,     60932,     11660,   1834391,    635378,   1303951,    249523,     -1226,     -3796,     -5021,    -26227,    -81224,   -107451,     57202,      8130,     25641,      2222,   7058773,   1003278,   3164124,    274189,     -1444,     -5889,     -7332,   -178168,   -726642,   -904810,     29691,      6009,      8130,      2640,     86945,     90740,     58646,     64535
       175,    530175, 77.749602,     264.3,     464.4,     85423,     33280,     61576,     10576,  22577332,   8795926,  16274495,   2795145,     -1132,     -4000,     -5132,   -299288,  -1057175,  -1356463,     56845,      8230,     25830,      2294,  26398664,   3821960,  11995302,   1065483,     -1321,     -6267,     -7588,   -613347,  -2910461,  -3523809,     33280,      6206,      8230,      2457,     86556,     90555,     58165,     64433
       176,    530176, 31.663384,         0,     628.5,     85403,     16171,     60470,      9384,         0,         0,         0,         0,     -1103,     -4421,     -5524,         0,         0,         0,     56591,      3798,     25209,      1281,  35567209,   2387055,  15844010,    805062,     -1256,     -6975,     -8231,   -789407,  -4383722,  -5173130,     16171,      6829,      3798,      2930,     86506,     90927,     57847,     64822
       177,    530177, 90.722100,     241.0,    2324.3,     85819,     28140,     61858,     10897,  20682284,   6781817,  14907758,   2626061,     -1222,     -4117,     -5338,   -294391,   -992159,  -1286550,     57253,      7595,     25864,      2004, 133072046,  17652114,  60115215,   4657029,     -1378,     -6328,     -7706,  -3204032, -14707011, -17911043,     28140,      4685,      7595,      2571,     87040,     91157,     58631,     64959
       178,    530178, 60.399551,     275.9,     956.9,     86056,     20490,     61591,     12217,  23742864,   5653171,  16993041,   3370560,     -1106,     -3927,     -5033,   -305144,  -1083583,  -1388728,     57230,      4795,     25667,      1475,  54763828,   4588330,  24560656,   1411577,     -1327,     -6516,     -7843,  -1269899,  -6235056,  -7504954,     20490,      6418,      4795,      2962,     87162,     91089,     58558,     65073
       179,    530179, 43.833974,         0,     947.4,     86337,     18229,     61118,     11144,         0,         0,         0,         0,     -1075,     -3754,     -4829,         0,         0,         0,     57573,      4818,     25472,      1345,  54544289,   4564662,  24131739,   1274685,     -1320,     -6225,     -7545,  -1250737,  -5897395,  -7148132,     18229,      6458,      4818,      2980,     87412,     91166,     58893,     65118
       180,    530180,112.459078,     308.0,      44.5,     80061,      6801,     46003,       390,  24658811,   2094775,  14168919,    120085,     -1423,     -8902,    -10325,   -438357,  -2741825,  -3180182,     54566,      6131,     22228,      1494,   2428194,    272848,    989140,     66501,      -960,     -8511,     -9472,    -42742,   -378753,   -421495,      6801,      2186,      6131,      1077,     81484,     90386,     55527,     64038
       181,    530181,139.399524,     346.9,      12.8,     75263,      5926,     32745,       187,  26108696,   2055711,  11359067,     64989,     -1889,    -12224,    -14112,   -655203,  -4240334,  -4895537,     51598,      5282,     18928,      1009,    660453,     67614,    242281,     12912,     -1231,     -9997,    -11228,    -15755,   -127959,   -143714,      5926,      2685,      5282,      1723,     77152,     89375,     52829,     62826
       182,    530182, 18.779885,     106.6,     737.0,     85259,     30345,     61191,     10303,   9088635,   3234728,   6522958,   1098333,     -1220,     -4074,     -5294,   -130072,   -434272,   -564344,     56719,      7261,     25763,      2425,  41801562,   5351657,  18987166,   1787081,     -1346,     -6267,     -7613,   -991758,  -4618781,  -5610539,     30345,      5890,      7261,      2413,     86479,     90553,     58064,     64331
       183,    530183, 35.252745,     346.2,     245.0,     85260,     11327,     56519,      2537,  29516908,   3921268,  19566821,    878162,      -980,     -5129,     -6110,   -339438,  -1775759,  -2115197,     56795,      3164,     23877,      1395,  13914780,    775182,   5849900,    341729,      -819,     -7320,     -8138,   -200577,  -1793324,  -1993901,     11327,      2716,      3164,       656,     86240,     91369,     57614,     64933
       184,    530184, 17.506302,      80.0,       7.2,     85299,     22487,     60937,     10181,   6823889,   1798937,   4874958,    814495,     -1170,     -4049,     -5218,    -93571,   -323897,   -417468,     56638,      5452,     25707,      2449,    407794,     39254,    185088,     17636,     -1350,     -6236,     -7586,     -9721,    -44898,    -54620,     22487,      6181,      5452,      2666,     86468,     90517,     57988,     64224
       185,    530185, 48.968702,         0,      52.6,     82889,     16563,     55974,      2226,         0,         0,         0,         0,     -1504,     -5719,     -7223,         0,         0,         0,     54705,      4620,     24793,       892,   2877495,    243021,   1304116,     46919,     -1485,     -7560,     -9044,    -78103,   -397632,   -475735,     16563,      7163,      4620,      2930,     84393,     90112,     56190,     63750
       186,    530186, 53.842419,      47.2,     162.0,     82856,     10346,     54297,      1466,   3910811,    488326,   2562815,     69190,     -1246,     -6585,     -7831,    -58798,   -310814,   -369611,     54840,      3191,     23134,      1683,   8884065,    516989,   3747717,    272708,      -951,     -8193,     -9144,   -154043,  -1327324,  -1481368,     10346,      2968,      3191,       757,     84102,     90687,     55791,     63984
       187,    530187, 27.952576,         0,     231.3,     81021,     22504,     57651,      3997,         0,         0,         0,         0,     -1572,     -7046,     -8618,         0,         0,         0,     52946,      5280,     25167,      1361,  12246523,   1221358,   5821039,    314767,     -1512,     -8630,    -10142,   -349669,  -1996080,  -2345750,     22504,      7176,      5280,      2910,     82593,     89639,     54458,     63088
       188,    530188, 93.416001,     105.0,     621.1,     84689,      9234,     52291,      1515,   8892344,    969611,   5490535,    159115,     -1095,     -5479,     -6574,   -114992,   -575274,   -690266,     56370,      2956,     22685,      1236,  35011212,   1835899,  14089868,    767782,      -912,     -7351,     -8263,   -566386,  -4565561,  -5131948,      9234,      2941,      2956,       751,     85784,     91263,     57282,     64632
       189,    530189, 71.553562,     236.3,      83.8,     84663,     32317,     62182,      9592,  20005820,   7636554,  14693525,   2266527,     -1185,     -4760,     -5945,   -279990,  -1124719,  -1404709,     55700,      7324,     25973,      2410,   4667633,    613761,   2176505,    201924,     -1377,     -7268,     -8645,   -115392,   -609065,   -724456,     32317,      4418,      7324,      2880,     85848,     90607,     57077,     64345
       190,    530190,122.879088,     129.5,      59.2,     81107,      8033,     43860,       381,  10503376,   1040323,   5679815,     49275,     -1524,     -7806,     -9330,   -197318,  -1010886,  -1208205,     55324,      7326,     21576,      1779,   3275166,    433695,   1277314,    105337,     -1127,     -7583,     -8710,    -66728,   -448923,   -515651,      8033,      4033,      7326,      2533,     82631,     90437,     56451,     64034
       191,    530191,157.666440,     553.4,      79.6,     78878,      8054,     37299,       399,  43650975,   4457329,  20641421,    220915,     -1725,     -9277,    -11002,   -954592,  -5134021,  -6088613,     53963,      6862,     19837,      1918,   4295492,    546211,   1579042,    152690,     -1150,     -8224,     -9375,    -91579,   -654649,   -746228,      8054,      2835,      6862,      1951,     80603,     89880,     55114,     63338
       192,    530192, 59.325946,     221.4,     803.5,     85507,     14224,     59467,      7021,  18931225,   3149225,  13166075,   1554552,      -914,     -4345,     -5258,   -202342,   -961874,  -1164216,     57027,      3121,     25504,      1761,  45821205,   2507734,  20492407,   1414876,     -1107,     -6387,     -7494,   -889825,  -5131862,  -6021688,     14224,      3592,      3121,      2229,     86421,     90765,     58134,     64521
       193,    530193, 52.440383,     296.8,      98.6,     85102,     20360,     60630,      7949,  25258282,   6042832,  17995124,   2359184,     -1053,     -3940,     -4992,   -312449,  -1169262,  -1481711,     56485,      4608,     25692,      2084,   5569388,    454330,   2533248,    205466,     -1250,     -5965,     -7214,   -123229,   -588119,   -711348,     20360,      2825,      4608,      2106,     86155,     90094,     57734,     63699
       194,    530194, 26.318075,      83.0,     377.5,     84991,      8840,     61109,      7478,   7054284,    733733,   5072026,    620673,     -1132,     -4196,     -5328,    -93949,   -348285,   -442234,     56306,      2260,     25791,      2303,  21255413,    853302,   9735953,    869468,     -1326,     -6307,     -7633,   -500395,  -2380923,  -2881317,      8840,      2795,      2260,      2059,     86123,     90319,     57631,     63938
       195,    530195, 27.171166,      44.2,    1206.1,     84998,     24882,     61387,      7181,   3756897,   1099800,   2713314,    317390,     -1139,     -4246,     -5386,    -50366,   -187682,   -238048,     56341,      5586,     25846,      2384,  67953354,   6737364,  31172462,   2875353,     -1307,     -6385,     -7692,  -1576457,  -7700534,  -9276991,     24882,      5460,      5586,      2478,     86137,     90383,     57648,     64033
       196,    530196, 51.838059,     142.8,      55.5,     85169,     32395,     61708,      7392,  12162146,   4626020,   8811877,   1055575,     -1013,     -4070,     -5082,   -144585,   -581167,   -725752,     56443,      7388,     25917,      2477,   3132609,    410020,   1438379,    137491,     -1212,     -6278,     -7491,    -67286,   -348440,   -415726,     32395,      5189,      7388,      2434,     86182,     90251,     57656,     63934
       197,    530197, 26.775555,      84.1,      84.0,     85196,     27227,     61987,      8360,   7164989,   2289828,   5213088,    703111,     -1176,     -4242,     -5418,    -98909,   -356754,   -455663,     56324,      5796,     25971,      2511,   4731187,    486885,   2181559,    210939,     -1368,     -6691,     -8059,   -114913,   -562006,   -676918,     27227,      4426,      5796,      2852,     86372,     90614,     57692,     64382
       198,    530198, 86.774608,     273.9,    1534.7,     85216,     24046,     62029,     11363,  23340663,   6586226,  16989665,   3112307,     -1196,     -4372,     -5568,   -327540,  -1197540,  -1525080,     56060,      5548,     25826,      1911,  86035318,   8513828,  39634400,   2933200,     -1404,     -7039,     -8443,  -2154892, -10802384, -12957276,     24046,      5435,      5548,      2729,     86412,     90784,     57464,     64503
       199,    530199, 39.039150,         0,    2681.3,     85015,     20858,     61036,      8941,         0,         0,         0,         0,     -1295,     -4558,     -5853,         0,         0,         0,     55840,      5083,     25405,      1397, 149722830,  13629903,  68117277,   3745741,     -1482,     -7267,     -8750,  -3974413, -19485938, -23460352,     20858,      6572,      5083,      2829,     86310,     90869,     57322,     64589
       200,    530200, 26.449588,         0,     298.6,     84781,     20372,     60454,      7758,         0,         0,         0,         0,     -1243,     -4743,     -5986,         0,         0,         0,     55654,      4426,     25201,      1225,  16618175,   1321619,   7524922,    365903,     -1384,     -7387,     -8771,   -413123,  -2205847,  -2618970,     20372,      6508,      4426,      2441,     86023,     90767,     57037,     64424
       201,    530201, 37.824908,         0,     160.7,     85377,      8622,     54999,      1683,         0,         0,         0,         0,     -1075,     -4820,     -5896,         0,         0,         0,     56803,      2780,     23512,      1032,   9128186,    446770,   3778392,    165786,      -976,     -7019,     -7995,   -156893,  -1127920,  -1284813,      8622,      2428,      2780,       722,     86453,     91273,     57779,     64798
       202,    530202, 86.409108,     101.8,    1174.6,     86063,     11094,     57995,      4983,   8761217,   1129403,   5903849,    507223,      -845,     -3777,     -4622,    -86019,   -384526,   -470545,     57489,      2485,     25179,       496,  67526921,   2918852,  29575562,    582692,      -954,     -5886,     -6840,  -1120745,  -6913212,  -8033957,     11094,      5548,      2254,      2485,     86908,     90685,     58443,     64329
       203,    530203, 42.676169,         0,      18.9,     80992,     12402,     55526,      2547,         0,         0,         0,         0,     -1573,     -7176,     -8749,         0,         0,         0,     52920,      2748,     24743,       346,   1000193,     51942,    467649,      6544,     -1512,     -8837,    -10349,    -28586,   -167014,   -195599,     12402,      3367,      2748,      2151,     82566,     89742,     54433,     63269
       204,    530204, 28.798157,         0,      18.9,     78186,     13589,     57216,      3897,         0,         0,         0,         0,     -1644,     -9383,    -11026,         0,         0,         0,     50497,      3222,     25125,       708,    954398,     60903,    474860,     13380,     -1522,    -10479,    -12000,    -28757,   -198045,   -226802,     13589,      3354,      3222,      2140,     79829,     89212,     52019,     62497
       205,    530205,188.940274,     125.2,     208.1,     84946,      5508,     54851,       754,  10635302,    689600,   6867338,     94437,     -1184,     -4925,     -6109,   -148241,   -616585,   -764826,     56225,      1465,     23525,       436,  11700515,    304887,   4895449,     90636,     -1104,     -7262,     -8366,   -229834,  -1511210,  -1741043,      4056,      5508,      1465,      1408,     86131,     91055,     57330,     64592
       206,    530206, 56.336092,       2.9,    1086.2,     86333,     14460,     59213,      6093,    250366,     41934,    171716,     17669,      -856,     -3560,     -4416,     -2482,    -10324,    -12807,     57819,      3263,     25420,       855,  62803262,   3543805,  27611579,    929182,      -968,     -5724,     -6693,  -1051944,  -6217683,  -7269626,     14460,      3598,      3263,      2320,     87189,     90749,     58788,     64512
       207,    530207,130.053348,      82.2,      35.8,     85135,     14984,     58466,      3572,   6998129,   1231693,   4805872,    293659,     -1107,     -4662,     -5769,    -90974,   -383202,   -474175,     56247,      2736,     24538,       589,   2013653,     97938,    878467,     21102,     -1142,     -7111,     -8252,    -40873,   -254561,   -295434,     14984,      4526,      2736,      1137,     86242,     90904,     57389,     64500
       208,    530208,152.681732,     113.3,     679.5,     82955,     12742,     60596,      7401,   9398775,   1443693,   6865522,    838525,     -1323,     -5273,     -6596,   -149862,   -597452,   -747314,     54023,      3470,     25574,      1439,  36708420,   2358052,  17377773,    977755,     -1422,     -7547,     -8969,   -966422,  -5128249,  -6094671,     12742,      2679,      3470,      2165,     84277,     89551,     55445,     62992
       209,    530209,171.726141,     696.3,     109.3,     77691,      7302,     38509,       252,  54096017,   5084721,  26814013,    175142,     -1876,    -10134,    -12010,  -1306356,  -7056495,  -8362851,     52645,      6138,     19966,      1590,   5754114,    670935,   2182334,    173803,     -1325,     -9019,    -10344,   -144828,   -985760,  -1130588,      7302,      3716,      6138,      2641,     79567,     89701,     53970,     62989
       210,    530210, 63.114890,     209.5,     299.9,     84677,     27610,     61646,      5987,  17739795,   5784333,  12914871,   1254359,     -1196,     -4241,     -5436,   -250497,   -888408,  -1138905,     55809,      5745,     25820,      2050,  16737069,   1722782,   7743466,    614760,     -1408,     -6431,     -7839,   -422207,  -1928764,  -2350971,     27610,      7481,      5745,      2973,     85873,     90113,     57217,     63648
       211,    530211, 44.314025,     103.2,     259.4,     82506,     22656,     61921,      5661,   8514623,   2338113,   6390280,    584183,     -1502,     -6275,     -7777,   -155005,   -647583,   -802588,     53641,      5296,     25785,      2193,  13914455,   1373809,   6688540,    568814,     -1450,     -8704,    -10154,   -376219,  -2257690,  -2633909,     22656,      6942,      5296,      1997,     84008,     90283,     55091,     63795
       212,    530212, 68.240874,     273.1,     609.4,     85043,     25584,     61980,      8099,  23225319,   6986916,  16926775,   2211728,     -1207,     -4371,     -5578,   -329548,  -1193811,  -1523360,     55797,      5787,     25695,      1879,  34002961,   3526299,  15658521,   1145140,     -1388,     -6990,     -8378,   -845822,  -4259896,  -5105718,     25584,      6257,      5787,      2639,     86250,     90621,     57185,     64176
       213,    530213, 23.451209,      68.4,      62.0,     85237,     25301,     61380,      7949,   5830213,   1730578,   4198403,    543711,     -1302,     -4255,     -5557,    -89063,   -291015,   -380078,     56066,      5589,     25460,      1337,   3476116,    346535,   1578506,     82895,     -1463,     -6808,     -8271,    -90710,   -422098,   -512809,     25301,      5849,      5589,      2652,     86539,     90794,     57529,     64338
       214,    530214, 26.600515,         0,     373.0,     84577,     22773,     60779,      7444,         0,         0,         0,         0,     -1305,     -4865,     -6170,         0,         0,         0,     55330,      5039,     25279,      1158,  20638033,   1879546,   9429142,    431875,     -1457,     -7518,     -8975,   -543495,  -2804339,  -3347834,     22773,      6442,      5039,      2205,     85882,     90747,     56787,     64305
       215,    530215,254.020411,      60.9,     349.3,     78656,      4414,     49620,      1099,   4790170,    268785,   3021853,     66950,     -2373,     -9616,    -11989,   -144502,   -585620,   -730123,     51746,      1628,     22086,       435,  18074819,    568542,   7714755,    152046,     -1621,    -10440,    -12062,   -566359,  -3646724,  -4213083,      4414,       788,      1628,       377,     81029,     90645,     53367,     63807
       216,    530216,128.051078,         0,         0,     78311,      4823,     33395,       151,         0,         0,         0,         0,     -1869,     -9145,    -11014,         0,         0,         0,     53091,      4302,     18379,      1028,         0,         0,         0,         0,     -1326,     -8121,     -9447,         0,         0,         0,      4823,      3752,      4302,      2555,     80180,     89325,     54416,     62537
       217,    530217, 34.762970,      63.2,       6.5,     82864,      5666,     46897,      1269,   5236980,    358107,   2963916,     80174,     -1152,     -6476,     -7628,    -72828,   -409289,   -482117,     56172,      5334,     22318,       936,    365116,     34668,    145068,      6083,      -908,     -7002,     -7910,     -5901,    -45516,    -51416,      5666,      1951,      5334,      1916,     84016,     90492,     57080,     64082
       218,    530218, 57.282941,         0,      18.9,     78501,     11041,     54250,      2403,         0,         0,         0,         0,     -1638,     -9155,    -10793,         0,         0,         0,     50758,      2188,     24338,       142,    959327,     41348,    459989,      2692,     -1521,    -10412,    -11933,    -28747,   -196785,   -225532,     11041,      3746,      2188,      2166,     80138,     89294,     52279,     62691
       219,    530219, 25.235918,         0,         0,     78772,     14711,     55981,      3604,         0,         0,         0,         0,     -1635,     -9065,    -10700,         0,         0,         0,     50988,      2975,     24735,       203,         0,         0,         0,         0,     -1520,    -10392,    -11911,         0,         0,         0,     14711,      3617,      2975,      2156,     80407,     89472,     52508,     62899
       220,    530220,154.061250,     228.1,         0,     79995,      6845,     42258,      2282,  18246856,   1561349,   9639041,    520543,     -1763,     -8243,    -10006,   -402249,  -1880152,  -2282401,     53603,      6115,     20733,       914,         0,         0,         0,         0,     -1288,     -8432,     -9719,         0,         0,         0,      6845,      3208,      6115,      3226,     81758,     90001,     54891,     63322
       221,    530221, 94.095006,     285.3,     228.8,     84019,     18117,     60972,      5196,  23970675,   5168755,  17395300,   1482294,      -954,     -5755,     -6709,   -272106,  -1642027,  -1914133,     55716,      3616,     25434,      1390,  12747745,    827234,   5819188,    318023,      -889,     -7711,     -8600,   -203447,  -1764301,  -1967748,     18117,      6708,      3616,      2074,     84973,     90728,     56605,     64316
       222,    530222, 53.741564,      68.4,     104.3,     81758,     21772,     61278,      4223,   5592231,   1489218,   4191406,    288821,     -1558,     -6695,     -8253,   -106578,   -457936,   -564514,     52973,      4777,     25450,      1875,   5525105,    498256,   2654479,    195564,     -1461,     -8979,    -10440,   -152424,   -936493,  -1088917,     21772,      7393,      4777,      1963,     83316,     90011,     54435,     63413
       223,    530223, 49.014318,     133.2,      69.0,     83098,     21597,     61241,      4454,  11068616,   2876657,   8157295,    593241,     -1578,     -5596,     -7175,   -210232,   -745435,   -955667,     53983,      4877,     25366,      1787,   3724846,    336495,   1750246,    123328,     -1545,     -8180,     -9726,   -106633,   -564451,   -671084,     21597,      7387,      4877,      3051,     84676,     90272,     55529,     63709
       224,    530224, 27.663642,     109.7,      26.6,     84690,     23294,     61104,      5390,   9290495,   2555383,   6703096,    591284,     -1465,     -4456,     -5921,   -160657,   -488872,   -649529,     55565,      5116,     25287,      1448,   1478030,    136080,    672621,     38513,     -1505,     -7068,     -8573,    -40023,   -188020,   -228042,     23294,      7188,      5116,      2822,     86155,     90611,     57070,     64138
       225,    530225, 34.198319,      69.9,     246.2,     84519,     22305,     60428,      5480,   5907865,   1559137,   4223906,    383083,     -1487,     -4561,     -6048,   -103945,   -318790,   -422734,     55397,      4769,     25066,      1164,  13638772,   1174163,   6171178,    286499,     -1509,     -7155,     -8664,   -371574,  -1761561,  -2133135,     22305,      7181,      4769,      2900,     86006,     90567,     56906,     64061
       226,    530226,167.048788,      32.0,         0,     82552,     11921,     49466,      2789,   2641652,    381467,   1582912,     89253,     -1147,     -6705,     -7852,    -36709,   -214545,   -251255,     55574,      6839,     22913,       267,         0,         0,         0,         0,      -908,     -7464,     -8372,         0,         0,         0,     11921,       176,      6839,       100,     83699,     90403,     56481,     63945
       227,    530227,2033.56532,     108.3,         0,     74398,         0,     23212,         0,   8057310,         0,   2513833,         0,     -1655,    -11136,    -12791,   -179191,  -1206056,  -1385247,     48820,         0,     14228,       108,         0,         0,         0,         0,     -1241,    -10392,    -11633,         0,         0,         0,         0,         0,         0,         0,     76053,     87189,     50061,     60453
       228,    530228,112.214651,         0,    1747.8,     83685,     15686,     59033,      6056,         0,         0,         0,         0,     -1097,     -5627,     -6724,         0,         0,         0,     55308,      3676,     24891,       624,  96667180,   6424596,  43503888,   1090188,     -1016,     -7604,     -8620,  -1775842, -13289893, -15065735,     15686,      7837,      3676,      1550,     84783,     90410,     56324,     63928
       229,    530229, 31.447022,         0,     261.9,     86517,     14246,     58684,      6953,         0,         0,         0,         0,      -812,     -3380,     -4192,         0,         0,         0,     57887,      2692,     24992,       504,  15160511,    705006,   6545419,    132058,      -896,     -5515,     -6411,   -234583,  -1444355,  -1678938,     14246,      6371,      2692,      2575,     87329,     90709,     58782,     64297
       230,    530230, 28.864278,         0,     640.9,     86055,     14991,     60292,      3196,         0,         0,         0,         0,     -1151,     -3795,     -4946,         0,         0,         0,     57110,      3002,     24963,      1436,  36602116,   1924038,  15998985,    920585,     -1312,     -6257,     -7569,   -840940,  -4009873,  -4850814,     14991,      7056,      3002,      2616,     87206,     91001,     58423,     64679
       231,    530231, 30.000571,      35.1,       9.9,     83886,     14935,     59311,      3044,   2944387,    524206,   2081828,    106844,     -1639,     -4796,     -6434,    -57512,   -168337,   -225849,     54841,      2789,     24594,      1044,    542931,     27613,    243477,     10338,     -1560,     -7355,     -8914,    -15439,    -72812,    -88252,     14935,      4726,      2789,      1262,     85524,     90320,     56401,     63756
       232,    530232,104.840964,     103.0,      25.5,     81574,       621,     51031,       559,   8402103,     63936,   5256203,     57587,     -2227,     -6967,     -9194,   -229391,   -717567,   -946959,     53317,       260,     22425,       660,   1359595,      6626,    571850,     16822,     -1739,     -9023,    -10762,    -44333,   -230085,   -274418,         0,       621,         0,       260,     83801,     90768,     55056,     64079
       233,    530233, 91.534125,     112.4,      27.9,     81028,       746,     45607,       504,   9107600,     83817,   5126245,     56694,     -2154,     -7361,     -9515,   -242161,   -827379,  -1069540,     53172,       362,     21026,       435,   1483506,     10089,    586624,     12137,     -1550,     -8949,    -10499,    -43247,   -249685,   -292931,         0,       746,         0,       362,     83183,     90544,     54722,     63672
       234,    530234, 98.048344,         0,     772.1,     85299,      7459,     47216,      2906,         0,         0,         0,         0,     -1213,     -4072,     -5285,         0,         0,         0,     57408,      6162,     22106,       444,  44324564,   4757525,  17068252,    343145,     -1012,     -5789,     -6801,   -781037,  -4470068,  -5251106,      6349,      7459,      6162,      4419,     86512,     90584,     58419,     64209
       235,    530235,141.932307,         0,         0,         0,         0,     52874,      3389,         0,         0,         0,         0,         0,         0,         0,         0,         0,         0,         0,         0,     23832,       133,         0,         0,         0,         0,         0,         0,         0,         0,         0,         0,         0,         0,         0,         0,         0,         0,         0,         0
       236,    530236,101.561839,         0,     981.5,     87011,     16293,     54451,      4231,         0,         0,         0,         0,      -738,     -3301,     -4039,         0,         0,         0,     58526,      7458,     24037,       194,  57443117,   7319837,  23592657,    190504,      -789,     -5469,     -6258,   -774323,  -5368298,  -6142620,     16293,      6913,      7458,      2766,     87749,     91050,     59315,     64784
       237,    530237, 76.862258,     127.0,     766.9,     83935,     17202,     59418,      4131,  10659793,   2184638,   7546129,    524685,      -958,     -5599,     -6557,   -121655,   -711092,   -832747,     55641,      3659,     24820,      1125,  42671082,   2806279,  19034419,    862870,      -890,     -7424,     -8313,   -682489,  -5693094,  -6375583,     17202,      6815,      3659,      2070,     84893,     90492,     56531,     63954
       238,    530238, 98.647958,     119.4,     439.5,     84655,      9779,     56909,      1499,  10107809,   1167644,   6794979,    179002,     -1867,     -4325,     -6191,   -222871,   -516386,   -739258,     55571,      1775,     23785,       677,  24423303,    779925,  10453288,    297419,     -1874,     -6986,     -8860,   -823673,  -3070174,  -3893848,      9779,      5549,      1775,      1707,     86522,     90846,     57445,     64430
       239,    530239,146.768076,     233.7,      92.8,     85227,     12673,     59218,      2570,  19917587,   2961593,  13839206,    600625,      -891,     -4640,     -5531,   -208287,  -1084362,  -1292649,     56507,      2345,     24639,      1349,   5243889,    217646,   2286489,    125227,      -895,     -6843,     -7738,    -83026,   -635074,   -718099,     12673,      5493,      2345,      1875,     86118,     90758,     57402,     64246
       240,    530240, 45.135736,         0,    1785.7,     84172,      5668,     45083,      2887,         0,         0,         0,         0,     -1547,     -4744,     -6291,         0,         0,         0,     56681,      6348,     21416,       567, 101215632,  11335356,  38243419,   1012437,     -1207,     -6128,     -7335,  -2154608, -10943486, -13098094,      5668,      2457,      6348,      2948,     85719,     90463,     57888,     64016
       241,    530241,127.696080,     122.7,     142.3,     83054,      3459,     54087,       779,  10190766,    424415,   6636450,     95594,     -2252,     -5222,     -7473,   -276277,   -640696,   -916974,     54065,      1445,     22883,       550,   7693412,    205653,   3256186,     78315,     -2056,     -7864,     -9921,   -292587,  -1119107,  -1411694,         0,      3459,         0,      1445,     85306,     90528,     56121,     63985
       242,    530242,105.704546,      42.0,     801.8,     87399,     14875,     54534,      4033,   3670771,    624756,   2290442,    169400,      -692,     -2856,     -3548,    -29078,   -119951,   -149029,     59038,      3369,     23807,       211,  47336543,   2701274,  19088168,    169241,      -769,     -4815,     -5584,   -616570,  -3860753,  -4477322,     14875,      7837,      3369,      1667,     88092,     90948,     59807,     64622
       243,    530243,431.892008,     428.4,      96.5,     80112,       750,     48027,       317,  34320025,    321149,  20574815,    135919,     -2348,     -7703,    -10051,  -1006069,  -3299969,  -4306039,     52239,       363,     21257,       900,   5041027,     35067,   2051337,     86828,     -1760,     -9328,    -11088,   -169825,   -900147,  -1069973,         0,       750,         0,       363,     82461,     90164,     53998,     63326
       244,    530244,244.423989,     258.6,     296.2,     81539,      8375,     56752,      1455,  21085918,   2165712,  14676152,    376376,     -2501,     -6193,     -8695,   -646845,  -1601629,  -2248473,     52785,      1836,     23721,      1313,  15635030,    543970,   7026077,    389031,     -2118,     -8781,    -10900,   -627496,  -2601039,  -3228535,      8375,       621,      1836,       260,     84040,     90234,     54904,     63685
       245,    530245,256.117527,     272.7,     324.7,     84647,      8082,     41870,      3035,  23083281,   2203846,  11417901,    827721,     -1271,     -4231,     -5502,   -346731,  -1153796,  -1500527,     56884,      5451,     20099,       812,  18470321,   1770078,   6526194,    263520,     -1027,     -5653,     -6680,   -333491,  -1835442,  -2168932,      6143,      8082,      5451,      4492,     85919,     90150,     57911,     63564
       246,    530246, 40.272530,         0,         0,     85905,     15648,     55589,      3885,         0,         0,         0,         0,      -838,     -3735,     -4572,         0,         0,         0,     57372,      3436,     23866,       671,         0,         0,         0,         0,      -817,     -5741,     -6559,         0,         0,         0,     15648,      7285,      3436,      1572,     86742,     90477,     58189,     63930
       247,    530247,130.693546,     187.3,      27.7,     78681,       714,     39733,       220,  14736865,    133794,   7442029,     41232,     -2316,     -9092,    -11407,   -433759,  -1702865,  -2136624,     51712,       348,     19078,       534,   1432420,      9628,    528449,     14779,     -1485,     -9889,    -11374,    -41144,   -273913,   -315057,         0,       714,         0,       348,     80996,     90088,     53197,     63086
       248,    530248,121.206465,      44.0,         0,     78756,       715,     34551,       203,   3465259,     31459,   1520251,      8940,     -2313,     -8855,    -11168,   -101783,   -389604,   -491387,     51762,       348,     17915,       648,         0,         0,         0,         0,     -1485,     -9522,    -11007,         0,         0,         0,         0,       715,         0,       348,     81069,     89924,     53247,     62769
       249,    530249,451.222990,     813.5,      82.6,     78790,      7726,     52696,       442,  64095310,   6285311,  42868564,    359703,     -3068,     -7990,    -11058,  -2496066,  -6499533,  -8995600,     50729,      1583,     22693,      1095,   4190229,    130795,   1874474,     90486,     -2386,    -10064,    -12451,   -197116,   -831302,  -1028417,      7726,       735,      1583,       357,     81858,     89847,     53116,     63180
       250,    530250, 23.772330,         0,     258.9,     87801,      7606,     50866,      2357,         0,         0,         0,         0,      -651,     -2592,     -3244,         0,         0,         0,     59500,      6814,     22919,       483,  15404634,   1764247,   5933818,    125104,      -779,     -4428,     -5207,   -201692,  -1146442,  -1348135,      6983,      7606,      6814,      2809,     88452,     91044,     60279,     64707
       251,    530251,229.785138,     416.2,     140.9,     84633,      5973,     46336,      1442,  35224205,   2485810,  19285126,    599955,     -1245,     -4482,     -5727,   -517970,  -1865605,  -2383575,     56656,      5043,     21370,       640,   7982854,    710582,   3010984,     90189,     -1027,     -6072,     -7099,   -144707,   -855588,  -1000296,      5973,      5813,      5043,      1313,     85877,     90360,     57683,     63755
       252,    530252, 52.016616,         0,         0,     87215,     10241,     50535,      1959,         0,         0,         0,         0,      -687,     -2985,     -3672,         0,         0,         0,     58782,      2341,     22544,       501,         0,         0,         0,         0,      -754,     -4899,     -5652,         0,         0,         0,     10241,      7277,      2341,      1427,     87902,     90887,     59536,     64435
       253,    530253,132.908541,     223.9,      33.0,     81769,      5557,     41689,       726,  18308160,   1244261,   9334061,    162562,     -1558,     -6599,     -8157,   -348827,  -1477552,  -1826379,     54416,      4660,     19749,      1119,   1795725,    153774,    651710,     36922,     -1220,     -7585,     -8805,    -40267,   -250306,   -290573,      5557,       176,      4660,       100,     83327,     89926,     55636,     63221
       254,    530254,210.069188,     429.3,     256.1,     80647,       750,     45423,       310,  34621840,    322012,  19500087,    133031,     -2783,     -6262,     -9045,  -1194714,  -2688289,  -3883003,     52273,       364,     20183,       744,  13387143,     93114,   5168850,    190540,     -2242,     -8358,    -10601,   -574300,  -2140526,  -2714826,         0,       750,         0,       364,     83430,     89692,     54516,     62874
       255,    530255,273.322035,     389.3,     139.8,     78441,       726,     42408,       324,  30537245,    282614,  16509610,    126145,     -2962,     -8589,    -11552,  -1153255,  -3343836,  -4497091,     51008,       353,     19328,       986,   7130861,     49320,   2702056,    137806,     -2129,    -10028,    -12157,   -297612,  -1401905,  -1699517,         0,       726,         0,       353,     81404,     89993,     53136,     63164
       256,    530256,125.782440,     333.9,     180.9,     82139,       177,     36285,       500,  27426228,     59064,  12115697,    166988,     -1557,     -5903,     -7459,   -519842,  -1970850,  -2490691,     54707,       101,     18025,       882,   9896474,     18212,   3260777,    159524,     -1220,     -6869,     -8089,   -220656,  -1242559,  -1463215,         0,       177,         0,       101,     83696,     89598,     55927,     62795
       257,    530257,162.543458,      22.2,      92.8,     76757,         0,     35811,       259,   1704013,         0,    795001,      5755,     -2411,    -10613,    -13024,    -53527,   -235609,   -289136,     50482,         0,     17698,       515,   4684764,         0,   1642358,     47788,     -1509,    -10701,    -12210,   -140061,   -993030,  -1133092,         0,         0,         0,         0,     79168,     89781,     51992,     62692
       258,    530258,160.354761,      48.9,      97.6,     76870,         0,     29600,       199,   3758919,         0,   1447453,      9748,     -2352,    -10311,    -12662,   -115003,   -504187,   -619191,     50620,         0,     16225,       483,   4940490,         0,   1583531,     47140,     -1447,    -10196,    -11643,   -141237,   -995159,  -1136397,         0,         0,         0,         0,     79221,     89532,     52067,     62263
       259,    530259,308.732470,      43.3,      23.2,     76177,      2997,     46243,       428,   3298480,    129792,   2002329,     18525,     -3311,     -9715,    -13026,   -143368,   -420642,   -564010,     49111,      2316,     20771,       668,   1139365,     53735,    481896,     15509,     -2395,    -10877,    -13272,    -55559,   -252343,   -307902,      2997,       709,      2316,       345,     79488,     89203,     51505,     62382
       260,    530260, 95.538665,      35.8,     903.7,     84780,       766,     41494,      1229,   3035117,     27433,   1485491,     43994,     -1725,     -4146,     -5871,    -61757,   -148431,   -210188,     56342,       294,     19345,       424,  50916703,    265506,  17481751,    383256,     -1528,     -6203,     -7731,  -1381022,  -5605917,  -6986939,         0,       766,         0,       294,     86505,     90651,     57871,     64074
       261,    530261, 98.951969,     116.3,      10.6,     81078,       205,     34968,       237,   9429322,     23862,   4066753,     27549,     -1403,     -6890,     -8293,   -163140,   -801340,   -964480,     53988,       186,     17285,       810,    572273,      1972,    183221,      8588,     -1060,     -7377,     -8437,    -11236,    -78198,    -89434,         0,       205,         0,       186,     82480,     89371,     55048,     62425
       262,    530262,209.136747,         0,     364.6,     83689,      4885,     41164,       827,         0,         0,         0,         0,     -2199,     -4795,     -6994,         0,         0,         0,     55627,      4309,     19098,        78,  20281464,   1571033,   6963186,     28445,     -1799,     -6643,     -8442,   -655785,  -2422032,  -3077816,      4885,       754,      4309,       289,     85888,     90683,     57425,     64068
       263,    530263, 69.930612,      26.5,         0,     82209,       177,     39912,      1131,   2178552,      4690,   1057658,     29966,     -1390,     -5879,     -7270,    -36845,   -155802,   -192648,     54751,       101,     18907,       841,         0,         0,         0,         0,     -1092,     -6714,     -7806,         0,         0,         0,         0,       177,         0,       101,     83600,     89479,     55843,     62557
       264,    530264,295.515648,     435.9,      64.2,     77261,         0,     37593,       301,  33678043,         0,  16386602,    131164,     -2684,    -10377,    -13061,  -1170158,  -4523238,  -5693396,     50896,         0,     17853,       842,   3267549,         0,   1146188,     54085,     -1892,    -10617,    -12509,   -121472,   -681633,   -803105,         0,         0,         0,         0,     79945,     90322,     52788,     63406
       265,    530265, 61.536123,      74.4,         0,     78621,       964,     29756,       286,   5849437,     71749,   2213882,     21315,     -1531,     -8695,    -10226,   -113933,   -646882,   -760815,     52161,       432,     15634,       852,         0,         0,         0,         0,     -1154,     -8513,     -9667,         0,         0,         0,         0,       964,         0,       432,     80153,     88847,     53315,     61828
       266,    530266,177.524784,     277.4,      70.2,     78337,       725,     37713,       446,  21730563,    201137,  10461524,    123859,     -2973,     -8220,    -11193,   -824684,  -2280160,  -3104844,     50932,       352,     17947,      1017,   3575458,     24738,   1259851,     71427,     -2131,     -9491,    -11622,   -149599,   -666283,   -815882,         0,       725,         0,       352,     81309,     89529,     53063,     62555
       267,    530267,129.171313,       6.8,         0,     77256,         0,     31128,       285,    525342,         0,    211669,      1940,     -2914,     -9150,    -12064,    -19816,    -62219,    -82035,     50613,         0,     16237,       672,         0,         0,         0,         0,     -1813,     -9743,    -11555,         0,         0,         0,         0,         0,         0,         0,     80170,     89320,     52425,     62168
       268,    530268, 86.996133,     137.2,       9.0,     75785,         0,     25865,       178,  10397665,         0,   3548730,     24361,     -2911,    -10454,    -13365,   -399393,  -1434296,  -1833689,     49817,         0,     14939,       581,    448353,         0,    134455,      5233,     -1815,    -10330,    -12144,    -16331,    -92968,   -109300,         0,         0,         0,         0,     78696,     89150,     51632,     61961
       269,    530269,313.634112,       5.0,         0,     71463,         0,     17345,        37,    357316,         0,     86725,       186,     -2458,    -13757,    -16215,    -12289,    -68787,    -81076,     47315,         0,     12415,       344,         0,         0,         0,         0,     -1512,    -11758,    -13270,         0,         0,         0,         0,         0,         0,         0,     73921,     87678,     48827,     60585
       270,    530270,165.257238,     271.9,      14.5,     74472,         0,     21003,        75,  20248881,         0,   5710849,     20323,     -2894,    -10850,    -13744,   -786933,  -2949988,  -3736921,     49006,         0,     13397,       971,    710584,         0,    194259,     14075,     -1799,    -10142,    -11942,    -26091,   -147064,   -173154,         0,         0,         0,         0,     77366,     88216,     50805,     60947
       271,    530271, 94.347555,      80.3,       7.7,     76645,         0,     34232,       552,   6154624,         0,   2748815,     44326,     -1619,    -10941,    -12560,   -130000,   -878572,  -1008572,     50819,         0,     16906,       530,    391310,         0,    130174,      4082,     -1175,    -10196,    -11372,     -9050,    -78513,    -87563,         0,         0,         0,         0,     78264,     89205,     51995,     62191
       272,    530272,311.196543,     472.7,     200.3,     77027,         0,     24088,       278,  36410750,         0,  11386614,    131401,     -1575,     -9006,    -10581,   -744488,  -4257232,  -5001720,     51025,         0,     13549,       916,  10220338,         0,   2713822,    183487,     -1163,     -8516,     -9680,   -233045,  -1705825,  -1938871,         0,         0,         0,         0,     78602,     87608,     52189,     60705
       273,    530273,121.940803,     160.4,      88.0,     82151,       568,     36956,       230,  13177090,     91178,   5927770,     36958,     -2338,     -6011,     -8348,   -374940,   -964100,  -1339040,     54584,       164,     17633,       585,   4803394,     14438,   1551743,     51491,     -1772,     -7345,     -9118,   -155967,   -646388,   -802355,         0,       568,         0,       164,     84489,     90500,     56356,     63702
       274,    530274,132.600563,      78.0,       5.9,     75113,         0,     25837,       270,   5858781,         0,   2015321,     21082,     -2989,    -10230,    -13219,   -233170,   -797930,  -1031100,     49259,         0,     14643,      1107,    290631,         0,     86397,      6533,     -1883,     -9992,    -11875,    -11111,    -58954,    -70065,         0,         0,         0,         0,     78102,     88332,     51143,     61135
       275,    530275,242.901873,     310.3,     217.0,     73553,         0,     30514,       411,  22823450,         0,   9468636,    127400,     -3049,    -12168,    -15216,   -946063,  -3775595,  -4721658,     48287,         0,     15825,       930,  10478322,         0,   3434034,    201734,     -1829,    -11518,    -13347,   -396921,  -2499319,  -2896240,         0,         0,         0,         0,     76602,     88769,     50116,     61634
       276,    530276,118.282186,     176.2,      17.1,     76335,         0,     22181,       240,  13450182,         0,   3908258,     42287,     -1554,     -9673,    -11227,   -273875,  -1704366,  -1978241,     50425,         0,     12972,       773,    862272,         0,    221817,     13212,     -1155,     -9088,    -10243,    -19752,   -155409,   -175161,         0,         0,         0,         0,     77889,     87562,     51580,     60669
       277,    530277,253.502894,     181.3,     139.2,     79227,      1467,     32671,       677,  14363774,    266006,   5923250,    122695,     -2187,     -8230,    -10417,   -396564,  -1492111,  -1888675,     52004,       573,     16325,       421,   7238926,     79762,   2272478,     58572,     -1651,     -9071,    -10722,   -229756,  -1262712,  -1492467,         0,      1467,         0,       573,     81414,     89644,     53654,     62726
       278,    530278,1161.82128,     924.7,     629.5,     77735,      2352,     27929,       630,  71881354,   2175251,  25825858,    582099,     -2575,     -8948,    -11523,  -2381129,  -8273891, -10655020,     51269,      1799,     14682,       925,  32273631,   1132779,   9242154,    582099,     -1862,     -9068,    -10930,  -1171850,  -5708374,  -6880224,      2352,         0,      1799,         0,     80310,     89257,     53130,     62198
       279,    530279,588.871224,     449.6,    1168.2,     76875,         0,     24328,      1246,  34563208,         0,  10937973,    560256,     -2664,     -9966,    -12630,  -1197829,  -4480754,  -5678583,     50871,         0,     13829,       588,  59427381,         0,  16155156,    686705,     -1851,     -9652,    -11504,  -2162824, -11275585, -13438409,         0,         0,         0,         0,     79540,     89506,     52722,     62374
       280,    530280,965.635451,         0,         0,     67884,         0,      8430,         0,         0,         0,         0,         0,     -2023,    -12292,    -14315,         0,         0,         0,     44452,         0,      7425,         0,         0,         0,         0,         0,     -1386,    -11018,    -12404,         0,         0,         0,         0,         0,         0,         0,     69907,     82199,     45838,     56856
       281,    530281,198.245626,     225.2,     117.6,     74322,         0,     24388,       618,  16737296,         0,   5492164,    139131,     -3106,    -10229,    -13335,   -699518,  -2303539,  -3003057,     48704,         0,     13970,      1033,   5727616,         0,   1642822,    121533,     -1905,    -10275,    -12180,   -224018,  -1208350,  -1432367,         0,         0,         0,         0,     77428,     87657,     50609,     60884
       282,    530282,113.262809,     234.6,      39.3,     72516,         0,     20871,       295,  17012217,         0,   4896372,     69298,     -2889,    -12568,    -15457,   -677850,  -2948418,  -3626268,     47835,         0,     13079,      1371,   1879923,         0,    513989,     53876,     -1744,    -11199,    -12943,    -68559,   -440119,   -508677,         0,         0,         0,         0,     75405,     87973,     49580,     60779
       283,    530283, 90.980464,     293.3,      13.4,     71960,         0,     17210,       106,  21105944,         0,   5047736,     31018,     -2948,    -12635,    -15583,   -864614,  -3705914,  -4570527,     47292,         0,     12067,      1194,    633707,         0,    161704,     16004,     -1850,    -11335,    -13185,    -24785,   -151889,   -176675,         0,         0,         0,         0,     74908,     87543,     49141,     60476
       284,    530284,1375.86149,         0,      91.4,     57446,         0,      6810,       142,         0,         0,         0,         0,      -915,    -31611,    -32526,         0,         0,         0,     38586,         0,      7189,         0,   3526775,         0,    657041,         0,      -509,    -23848,    -24357,    -46565,  -2179666,  -2226231,         0,         0,         0,         0,     58361,     89972,     39096,     62943
       285,    530285,530.985057,     516.6,     159.2,     73945,         0,     16161,       402,  38200115,         0,   8348681,    207759,     -2440,    -10543,    -12983,  -1260349,  -5446589,  -6706938,     48833,         0,     10625,       960,   7774266,         0,   1691499,    152817,     -1565,     -9621,    -11186,   -249084,  -1531664,  -1780748,         0,         0,         0,         0,     76385,     86928,     50398,     60019
       286,    530286,272.737675,     203.6,     196.9,     79081,      1465,     23898,       264,  16100930,    298276,   4865608,     53702,     -2193,     -7399,     -9592,   -446498,  -1506396,  -1952894,     51896,       572,     13290,       291,  10218367,    112661,   2616877,     57236,     -1651,     -8089,     -9741,   -325171,  -1592749,  -1917921,         0,      1465,         0,       572,     81274,     88673,     53548,     61637
       287,    530287,112.362303,     112.9,      70.2,     79710,       683,     27960,       881,   8999291,     77112,   3156646,     99435,     -2518,     -7561,    -10080,   -284300,   -853676,  -1137976,     52882,       316,     14865,       565,   3712343,     22165,   1043558,     39697,     -1830,     -8010,     -9840,   -128446,   -562298,   -690744,         0,       683,         0,       316,     82228,     89790,     54712,     62722
       288,    530288,132.373746,     252.0,      13.0,     70114,         0,     14068,       105,  17668669,         0,   3545173,     26345,     -2972,    -13527,    -16498,   -748868,  -3408754,  -4157622,     46042,         0,     10774,       975,    598542,         0,    140062,     12681,     -1860,    -11924,    -13784,    -24179,   -155010,   -179189,         0,         0,         0,         0,     73085,     86612,     47902,     59825
       289,    530289,318.245187,     260.4,     124.2,     67643,         0,     17422,       385,  17614307,         0,   4536603,    100290,     -3203,    -14720,    -17923,   -834169,  -3833053,  -4667222,     44150,         0,     11567,       613,   5483491,         0,   1436582,     76088,     -1854,    -13166,    -15020,   -230210,  -1635214,  -1865424,         0,         0,         0,         0,     70847,     85567,     46004,     59170
       290,    530290,126.546561,         0,         0,         0,         0,      6101,         6,         0,         0,         0,         0,         0,         0,         0,         0,         0,         0,         0,         0,      7655,        21,         0,         0,         0,         0,         0,         0,         0,         0,         0,         0,         0,         0,         0,         0,         0,         0,         0,         0
       291,    530291,211.794941,         0,         0,         0,         0,      4076,         0,         0,         0,         0,         0,         0,         0,         0,         0,         0,         0,         0,         0,      6231,         0,         0,         0,         0,         0,         0,         0,         0,         0,         0,         0,         0,         0,         0,         0,         0,         0,         0,         0
       292,    530292,130.557447,     235.4,      59.5,     69758,         0,     16932,       256,  16421085,         0,   3985905,     60374,     -3187,    -13047,    -16234,   -750293,  -3071187,  -3821480,     45625,         0,     11613,      1095,   2714661,         0,    690973,     65172,     -1842,    -12086,    -13928,   -109589,   -719127,   -828716,         0,         0,         0,         0,     72946,     85992,     47466,     59553
       293,    530293,499.553778,         0,         0,         0,         0,      2140,         0,         0,         0,         0,         0,         0,         0,         0,         0,         0,         0,         0,         0,      3737,         0,         0,         0,         0,         0,         0,         0,         0,         0,         0,         0,         0,         0,         0,         0,         0,         0,         0,         0
       294,    530294,651.383895,         0,    2356.9,     70857,         0,     15197,      2709,         0,         0,         0,         0,     -3045,    -13187,    -16232,         0,         0,         0,     46470,         0,     10230,        22, 109526079,         0,  24111422,     52753,     -2086,    -11813,    -13899,  -4915665, -27842974, -32758639,         0,         0,         0,         0,     73902,     87089,     48556,     60369
       295,    530295,470.691208,         0,         0,         0,         0,      9706,         0,         0,         0,         0,         0,         0,         0,         0,         0,         0,         0,         0,         0,      8092,         6,         0,         0,         0,         0,         0,         0,         0,         0,         0,         0,         0,         0,         0,         0,         0,         0,         0,         0
       296,    530296,248.362511,     300.2,     531.3,     79236,      1569,     13170,       697,  23786637,    471078,   3953769,    209224,     -1027,     -9372,    -10399,   -308261,  -2813564,  -3121825,     52081,       655,      9068,       858,  27670776,    347915,   4817630,    455891,      -808,     -9877,    -10685,   -429154,  -5247800,  -5676953,         0,      1569,         0,       655,     80263,     89635,     52889,     62766
       297,    530297,207.682415,         0,         0,     76129,         0,     14577,       488,         0,         0,         0,         0,      -955,    -12359,    -13314,         0,         0,         0,     49676,         0,      9767,       276,         0,         0,         0,         0,      -742,    -12098,    -12840,         0,         0,         0,         0,         0,         0,         0,     77084,     89443,     50418,     62516
       298,    530298,443.955051,     646.9,     223.9,     78929,      1565,     10579,       592,  51059217,   1012356,   6843802,    382802,     -1023,     -9252,    -10274,   -661531,  -5984944,  -6646475,     51779,       653,      7818,      1085,  11593338,    146227,   1750433,    242925,      -810,     -9768,    -10578,   -181341,  -2187135,  -2368477,         0,      1565,         0,       653,     79952,     89203,     52589,     62357
       299,    530299,274.048621,         0,     127.9,         0,         0,      4406,       164,         0,         0,         0,         0,         0,         0,         0,         0,         0,         0,         0,         0,      5725,        17,         0,         0,    732203,      2208,         0,         0,         0,         0,         0,         0,         0,         0,         0,         0,         0,         0,         0,         0
       300,    530300,348.422114,         0,         0,         0,         0,      3097,        97,         0,         0,         0,         0,         0,         0,         0,         0,         0,         0,         0,         0,      4718,         0,         0,         0,         0,         0,         0,         0,         0,         0,         0,         0,         0,         0,         0,         0,         0,         0,         0,         0
       301,    530301,394.497791,         0,    1454.5,     73488,         0,     14071,      2067,         0,         0,         0,         0,     -2688,    -11461,    -14150,         0,         0,         0,     48551,         0,      9966,        16,  70617897,         0,  14495780,     23977,     -1808,    -10446,    -12254,  -2629546, -15193613, -17823159,         0,         0,         0,         0,     76177,     87638,     50359,     60805
       302,    530302, 84.791430,       9.1,         0,         0,         0,     13049,       208,         0,         0,    118742,      1889,         0,         0,         0,         0,         0,         0,         0,         0,      9647,       242,         0,         0,         0,         0,         0,         0,         0,         0,         0,         0,         0,         0,         0,         0,         0,         0,         0,         0
       303,    530303,226.746061,      47.7,     120.7,     69548,         0,     12710,       623,   3317433,         0,    606291,     29734,     -2726,    -14507,    -17233,   -130023,   -692003,   -822026,     45481,         0,      9451,        57,   5489507,         0,   1140780,      6838,     -1840,    -12681,    -14522,   -222118,  -1530656,  -1752775,         0,         0,         0,         0,     72274,     86781,     47321,     60002
       304,    530304,177.272511,     124.7,         0,     66926,         0,     14266,       423,   8345647,         0,   1778998,     52753,     -3055,    -16004,    -19059,   -380940,  -1995660,  -2376600,     43495,         0,      9698,       125,         0,         0,         0,         0,     -2081,    -13922,    -16002,         0,         0,         0,         0,         0,         0,         0,     69981,     85984,     45575,     59497
       305,    530305,166.139773,         0,         0,     77342,      1538,     12640,         0,         0,         0,         0,         0,      -956,    -11008,    -11964,         0,         0,         0,     50576,       642,      8801,        95,         0,         0,         0,         0,      -744,    -10997,    -11742,         0,         0,         0,         0,      1538,         0,       642,     78297,     89305,     51321,     62318
       306,    530306,320.920011,         0,         0,         0,         0,      8146,         0,         0,         0,         0,         0,         0,         0,         0,         0,         0,         0,         0,         0,      6990,         2,         0,         0,         0,         0,         0,         0,         0,         0,         0,         0,         0,         0,         0,         0,         0,         0,         0,         0
       307,    530307,157.052985,      76.3,       2.5,     79707,      1578,      8441,       287,   6081666,    120420,    644047,     21935,     -1014,     -7792,     -8807,    -77394,   -594545,   -671939,     52370,       659,      6648,      1156,    130925,      1646,     16620,      2891,      -808,     -8522,     -9330,     -2019,    -21306,    -23325,         0,      1578,         0,       659,     80722,     88514,     53178,     61700
       308,    530308,487.031268,         0,         0,         0,         0,      9766,       424,         0,         0,         0,         0,         0,         0,         0,         0,         0,         0,         0,         0,      7836,        34,         0,         0,         0,         0,         0,         0,         0,         0,         0,         0,         0,         0,         0,         0,         0,         0,         0,         0
       309,    530309, 73.663706,     116.5,         0,     81062,      1527,      9178,       337,   9443668,    177846,   1069282,     39271,     -1009,     -6415,     -7424,   -117511,   -747340,   -864851,     53410,       638,      6939,       604,         0,         0,         0,         0,      -802,     -7467,     -8269,         0,         0,         0,         0,      1527,         0,       638,     82070,     88485,     54211,     61679
       310,    530310,630.119154,     819.1,      12.4,     75227,         0,      5428,        14,  61618423,         0,   4445810,     11092,     -1042,    -10446,    -11488,   -853584,  -8556524,  -9410108,     49028,         0,      5201,       854,    607951,         0,     64496,     10589,      -809,    -10298,    -11107,    -10035,   -127698,   -137733,         0,         0,         0,         0,     76269,     86715,     49838,     60136
       311,    530311,124.163182,         0,         0,     79010,      1565,     10353,         0,         0,         0,         0,         0,      -941,     -8818,     -9759,         0,         0,         0,     51834,       653,      7470,        69,         0,         0,         0,         0,      -744,     -9274,    -10018,         0,         0,         0,         0,      1565,         0,       653,     79950,     88769,     52578,     61852
       312,    530312, 52.084461,       5.0,         0,     79184,      1568,      9314,       128,    395922,      7841,     46570,       638,      -954,     -8437,     -9391,     -4771,    -42185,    -46956,     51963,       654,      6959,       267,         0,         0,         0,         0,      -751,     -9010,     -9761,         0,         0,         0,         0,      1568,         0,       654,     80139,     88575,     52714,     61724
       313,    530313,385.990702,         0,         0,         0,         0,     10162,       279,         0,         0,         0,         0,         0,         0,         0,         0,         0,         0,         0,         0,      7651,         0,         0,         0,         0,         0,         0,         0,         0,         0,         0,         0,         0,         0,         0,         0,         0,         0,         0,         0
       314,    530314, 93.694178,         0,         0,     67285,         0,     11601,         0,         0,         0,         0,         0,     -3054,    -14418,    -17471,         0,         0,         0,     43769,         0,      8348,       119,         0,         0,         0,         0,     -2079,    -12853,    -14933,         0,         0,         0,         0,         0,         0,         0,     70338,     84756,     45848,     58701
       315,    530315,176.707736,         0,         0,     76168,         0,      9801,         0,         0,         0,         0,         0,      -957,    -11096,    -12053,         0,         0,         0,     49704,         0,      7249,        17,         0,         0,         0,         0,      -743,    -10836,    -11579,         0,         0,         0,         0,         0,         0,         0,     77125,     88221,     50448,     61283
       316,    530316, 68.088339,         0,         0,         0,         0,      8322,         3,         0,         0,         0,         0,         0,         0,         0,         0,         0,         0,         0,         0,      6373,       120,         0,         0,         0,         0,         0,         0,         0,         0,         0,         0,         0,         0,         0,         0,         0,         0,         0,         0
       317,    530317,152.147102,      74.1,         0,         0,         0,      3824,        30,         0,         0,    283359,      2208,         0,         0,         0,         0,         0,         0,         0,         0,      4458,        74,         0,         0,         0,         0,         0,         0,         0,         0,         0,         0,         0,         0,         0,         0,         0,         0,         0,         0
       318,    530318,254.661689,         0,         0,     63298,         0,      2760,         0,         0,         0,         0,         0,      -913,    -23769,    -24682,         0,         0,         0,     42802,         0,      3632,        62,         0,         0,         0,         0,      -517,    -17724,    -18241,         0,         0,         0,         0,         0,         0,         0,     64211,     87980,     43319,     61043
       319,    530319,128.809645,      27.1,         0,     79679,      1576,      7533,         5,   2159289,     42706,    204144,       134,      -935,     -7276,     -8211,    -25338,   -197186,   -222523,     52354,       658,      5975,       163,         0,         0,         0,         0,      -739,     -8041,     -8780,         0,         0,         0,         0,      1576,         0,       658,     80614,     87890,     53093,     61134
       320,    530320,396.997758,         0,         0,     62936,         0,      3813,         0,         0,         0,         0,         0,      -917,    -23437,    -24354,         0,         0,         0,     42542,         0,      3810,        43,         0,         0,         0,         0,      -517,    -17341,    -17858,         0,         0,         0,         0,         0,         0,         0,     63853,     87290,     43059,     60400
       321,    530321, 86.513377,      19.3,       2.6,     74612,         0,      6473,         5,   1440004,         0,    124929,       106,      -971,    -12198,    -13169,    -18743,   -235413,   -254157,     48544,         0,      5461,       153,    126214,         0,     14197,       397,      -748,    -11694,    -12442,     -1946,    -30404,    -32349,         0,         0,         0,         0,     75583,     87780,     49292,     60986
       322,    530322,169.463808,         0,         0,         0,         0,      9120,         0,         0,         0,         0,         0,         0,         0,         0,         0,         0,         0,         0,         0,      6852,         0,         0,         0,         0,         0,         0,         0,         0,         0,         0,         0,         0,         0,         0,         0,         0,         0,         0,         0
       323,    530323,677.347051,         0,         0,     68464,         0,      7304,         0,         0,         0,         0,         0,      -831,    -15177,    -16008,         0,         0,         0,     45120,         0,      5448,         0,         0,         0,         0,         0,      -469,    -13027,    -13496,         0,         0,         0,         0,         0,         0,         0,     69296,     84472,     45589,     58617
       324,    530324,193.163620,         0,         0,         0,         0,      6536,         0,         0,         0,         0,         0,         0,         0,         0,         0,         0,         0,         0,         0,      5043,         0,         0,         0,         0,         0,         0,         0,         0,         0,         0,         0,         0,         0,         0,         0,         0,         0,         0,         0
       325,    530325,267.420809,         0,         0,     77185,         0,      7942,         1,         0,         0,         0,         0,      -926,    -10247,    -11173,         0,         0,         0,     50544,         0,      6046,        11,         0,         0,         0,         0,      -718,    -10155,    -10873,         0,         0,         0,         0,         0,         0,         0,     78111,     88358,     51262,     61417
       326,    530326,760.310064,     195.1,         0,     64004,         0,      1084,         0,  12487160,         0,    211585,         0,      -889,    -20334,    -21223,   -173445,  -3967168,  -4140613,     43313,         0,      1976,       195,         0,         0,         0,         0,      -511,    -15260,    -15772,         0,         0,         0,         0,         0,         0,         0,     64893,     85227,     43824,     59084
       327,    530327,381.701679,         0,         0,         0,         0,      4632,         0,         0,         0,         0,         0,         0,         0,         0,         0,         0,         0,         0,         0,      3572,         0,         0,         0,         0,         0,         0,         0,         0,         0,         0,         0,         0,         0,         0,         0,         0,         0,         0,         0
       328,    530328, 67.397586,         0,         0,     76756,         0,      6965,         4,         0,         0,         0,         0,      -971,     -9827,    -10798,         0,         0,         0,     50134,         0,      5508,        97,         0,         0,         0,         0,      -751,     -9866,    -10617,         0,         0,         0,         0,         0,         0,         0,     77727,     87554,     50885,     60750
       329,    530329,174.910379,      19.3,         0,     72681,         0,      3904,         3,   1402739,         0,     75347,        59,      -971,    -11954,    -12924,    -18736,   -230707,   -249442,     47128,         0,      3952,        43,         0,         0,         0,         0,      -748,    -11450,    -12197,         0,         0,         0,         0,         0,         0,         0,     73652,     85605,     47876,     59325
       330,    530330,162.152669,      74.8,       2.6,     75456,         0,      5940,         6,   5644126,         0,    444320,       444,      -970,    -10146,    -11116,    -72519,   -758936,   -831455,     49168,         0,      4956,       124,    127838,         0,     12885,       322,      -749,    -10077,    -10826,     -1949,    -26200,    -28148,         0,         0,         0,         0,     76426,     86572,     49918,     59995
       331,    530331,168.853904,      20.5,       2.6,     71538,         0,      4856,         7,   1466532,         0,     99551,       135,      -972,    -13674,    -14646,    -19931,   -280320,   -300251,     46296,         0,      4423,       129,    120370,         0,     11501,       335,      -747,    -12657,    -13404,     -1941,    -32909,    -34851,         0,         0,         0,         0,     72510,     86185,     47043,     59701
       332,    530332,191.251612,         0,         0,         0,         0,      7069,         0,         0,         0,         0,         0,         0,         0,         0,         0,         0,         0,         0,         0,      5094,         0,         0,         0,         0,         0,         0,         0,         0,         0,         0,         0,         0,         0,         0,         0,         0,         0,         0,         0
       333,    530333,148.618970,         0,         0,         0,         0,      7065,         0,         0,         0,         0,         0,         0,         0,         0,         0,         0,         0,         0,         0,      5207,         0,         0,         0,         0,         0,         0,         0,         0,         0,         0,         0,         0,         0,         0,         0,         0,         0,         0,         0
       334,    530334, 92.071684,         0,         0,         0,         0,      6417,         3,         0,         0,         0,         0,         0,         0,         0,         0,         0,         0,         0,         0,      4841,        22,         0,         0,         0,         0,         0,         0,         0,         0,         0,         0,         0,         0,         0,         0,         0,         0,         0,         0
       335,    530335,234.065149,      20.5,       2.6,     73640,         0,      5452,         3,   1509611,         0,    111774,        59,      -970,    -11246,    -12217,    -19890,   -230553,   -250443,     47828,         0,      4051,        35,    124352,         0,     10533,        91,      -749,    -10838,    -11587,     -1947,    -28180,    -30127,         0,         0,         0,         0,     74610,     85856,     48577,     59415
       336,    530336,314.289726,         0,         0,         0,         0,      5691,         0,         0,         0,         0,         0,         0,         0,         0,         0,         0,         0,         0,         0,      3829,         0,         0,         0,         0,         0,         0,         0,         0,         0,         0,         0,         0,         0,         0,         0,         0,         0,         0,         0
       337,    530337,134.183651,         0,         0,         0,         0,      6394,         0,         0,         0,         0,         0,         0,         0,         0,         0,         0,         0,         0,         0,      4386,         0,         0,         0,         0,         0,         0,         0,         0,         0,         0,         0,         0,         0,         0,         0,         0,         0,         0,         0
       338,    530338,334.717687,         0,         0,     58444,         0,       991,         3,         0,         0,         0,         0,      -887,    -23789,    -24676,         0,         0,         0,     39305,         0,      1611,       164,         0,         0,         0,         0,      -505,    -17697,    -18203,         0,         0,         0,         0,         0,         0,         0,     59331,     83120,     39810,     57508
       339,    530339,243.004362,     209.6,       7.4,     63155,         0,      2036,        18,  13237314,         0,    426773,      3708,      -826,    -22378,    -23204,   -173132,  -4690507,  -4863639,     42262,         0,      2027,       377,    312737,         0,     15001,      2787,      -478,    -17001,    -17480,     -3540,   -125810,   -129350,         0,         0,         0,         0,     63981,     86360,     42740,     59741
       340,    530340,144.806355,      10.2,         0,     74216,         0,      4779,         5,    757006,         0,     48747,        49,      -971,    -10450,    -11421,     -9902,   -106595,   -116497,     48252,         0,      3855,        92,         0,         0,         0,         0,      -749,    -10314,    -11063,         0,         0,         0,         0,         0,         0,         0,     75187,     85638,     49001,     59316
       341,    530341,222.655551,     358.5,      22.1,     65305,         0,      2787,        26,  23412007,         0,    999075,      9158,      -827,    -20916,    -21742,   -296352,  -7498268,  -7794619,     43828,         0,      2293,       456,    968605,         0,     50684,     10080,      -479,    -15902,    -16381,    -10580,   -351432,   -362012,         0,         0,         0,         0,     66132,     87048,     44307,     60209
       342,    530342,216.807794,         0,         0,     71617,         0,      3801,         3,         0,         0,         0,         0,      -972,    -12342,    -13314,         0,         0,         0,     46352,         0,      3526,        53,         0,         0,         0,         0,      -748,    -11716,    -12464,         0,         0,         0,         0,         0,         0,         0,     72588,     84930,     47100,     58816
       343,    530343,120.851790,         0,         0,         0,         0,      5851,         1,         0,         0,         0,         0,         0,         0,         0,         0,         0,         0,         0,         0,      4082,        10,         0,         0,         0,         0,         0,         0,         0,         0,         0,         0,         0,         0,         0,         0,         0,         0,         0,         0
       344,    530344,188.293531,         0,         0,     69537,         0,      3757,         5,         0,         0,         0,         0,      -797,    -17556,    -18352,         0,         0,         0,     46459,         0,      2713,        87,         0,         0,         0,         0,      -469,    -13899,    -14368,         0,         0,         0,         0,         0,         0,         0,     70333,     87889,     46927,     60826
       345,    530345,117.793973,         0,         0,         0,         0,      5803,         0,         0,         0,         0,         0,         0,         0,         0,         0,         0,         0,         0,         0,      3853,         0,         0,         0,         0,         0,         0,         0,         0,         0,         0,         0,         0,         0,         0,         0,         0,         0,         0,         0
       346,    530346,193.443695,         0,         0,     69686,         0,      4850,         0,         0,         0,         0,         0,      -791,    -17529,    -18321,         0,         0,         0,     46396,         0,      3167,         0,         0,         0,         0,         0,      -471,    -14173,    -14643,         0,         0,         0,         0,         0,         0,         0,     70477,     88006,     46867,     61040
       347,    530347,435.073625,     336.1,     206.3,     66932,         0,      6220,       366,  22495679,         0,   2090665,    122887,     -5947,    -16442,    -22388,  -1998732,  -5526014,  -7524746,     46277,         0,      5194,       560,   9546903,         0,   1071597,    115475,     -3522,    -13754,    -17276,   -726584,  -2837514,  -3564098,         0,         0,         0,         0,     72878,     89320,     49799,     63553
       348,    530348,111.237385,     119.7,         0,     75345,         0,     14476,        22,   9018746,         0,   1732797,      2693,     -2904,    -14372,    -17275,   -347557,  -1720301,  -2067858,     50886,         0,      8840,       444,         0,         0,         0,         0,     -1813,    -13918,    -15731,         0,         0,         0,         0,         0,         0,         0,     78248,     92620,     52698,     66616
       349,    530349,364.859565,         0,         0,         0,         0,     15302,        51,         0,         0,         0,         0,         0,         0,         0,         0,         0,         0,         0,         0,     10349,       211,         0,         0,         0,         0,         0,         0,         0,         0,         0,         0,         0,         0,         0,         0,         0,         0,         0,         0
       350,    530350,175.711153,     200.1,     131.4,     67925,         0,      6439,       509,  13591836,         0,   1288389,    101820,     -5949,    -15722,    -21671,  -1190307,  -3146061,  -4336368,     47009,         0,      5396,       718,   6176935,         0,    709040,     94383,     -3525,    -13189,    -16715,   -463205,  -1733098,  -2196303,         0,         0,         0,         0,     73874,     89596,     50534,     63723
       351,    530351,106.671663,      51.2,         0,     70365,         0,      5150,       107,   3602694,         0,    263668,      5455,     -7549,    -11502,    -19050,   -386493,   -588883,   -975376,     48845,         0,      4445,       326,         0,         0,         0,         0,     -4614,    -10399,    -15013,         0,         0,         0,         0,         0,         0,         0,     77914,     89415,     53459,     63858
       352,    530352,110.785104,     152.1,       2.0,     73657,         0,     18777,        63,  11203217,         0,   2856056,      9623,     -2313,    -14598,    -16912,   -351877,  -2220417,  -2572294,     48541,         0,      9770,       604,     97082,         0,     19539,      1208,     -1521,    -14361,    -15882,     -3043,    -28721,    -31764,         0,         0,         0,         0,     75970,     90569,     50062,     64423
       353,    530353, 37.548208,      44.2,         0,     76514,         0,     17306,        75,   3381919,         0,    764929,      3294,     -2325,    -11146,    -13472,   -102770,   -492671,   -595441,     51658,         0,     10116,       638,         0,         0,         0,         0,     -1457,    -11124,    -12581,         0,         0,         0,         0,         0,         0,         0,     78839,     89986,     53115,     64239
       354,    530354,152.081248,         0,         0,     81142,      1608,     11186,        59,         0,         0,         0,         0,     -2733,     -7949,    -10682,         0,         0,         0,     54777,       671,      9484,       255,         0,         0,         0,         0,     -1870,     -8912,    -10782,         0,         0,         0,         0,      1608,         0,       671,     83876,     91825,     56647,     65559
       355,    530355,282.534931,     217.2,      38.4,     66123,         0,      8765,        43,  14361873,         0,   1903786,      9231,     -5945,    -19004,    -24949,  -1291165,  -4127768,  -5418933,     45681,         0,      7648,       277,   1754169,         0,    293682,     10648,     -3520,    -15442,    -18962,   -135176,   -592977,   -728153,         0,         0,         0,         0,     72067,     91072,     49202,     64644
       356,    530356, 79.774437,         0,         0,     79815,      1585,      9030,        26,         0,         0,         0,         0,     -2765,     -8272,    -11037,         0,         0,         0,     53805,       661,      7885,       175,         0,         0,         0,         0,     -1884,     -9137,    -11021,         0,         0,         0,         0,      1585,         0,       661,     82580,     90852,     55688,     64826
       357,    530357, 29.685618,      48.4,      10.4,     75807,      1545,     18033,        94,   3669040,     74776,    872778,      4571,     -2306,    -12260,    -14566,   -111610,   -593397,   -705007,     50152,       645,     10072,       744,    521583,      6707,    104753,      7738,     -1519,    -12710,    -14228,    -15792,   -132182,   -147974,         0,      1545,         0,       645,     78113,     90373,     51671,     64381
       358,    530358,269.568877,     143.4,     170.1,     70225,         0,      6701,       338,  10070217,         0,    960953,     48436,     -4024,    -15969,    -19993,   -577054,  -2290011,  -2867065,     48807,         0,      5655,       447,   8301987,         0,    961845,     76022,     -2377,    -12931,    -15307,   -404279,  -2199525,  -2603805,         0,         0,         0,         0,     74249,     90218,     51183,     64114
       359,    530359,124.047735,     175.9,      22.4,     77663,      1575,     22824,       137,  13660969,    277112,   4014822,     24024,     -2296,    -11210,    -13506,   -403875,  -1971901,  -2375776,     51527,       657,     11143,       727,   1154199,     14725,    249601,     16293,     -1509,    -11877,    -13386,    -33795,   -266051,   -299845,         0,      1575,         0,       657,     79959,     91170,     53035,     64913
       360,    530360,162.627250,         0,         0,     81588,      1616,     13578,        91,         0,         0,         0,         0,     -2723,     -7904,    -10627,         0,         0,         0,     55043,       674,     10394,       305,         0,         0,         0,         0,     -1908,     -9080,    -10988,         0,         0,         0,         0,      1616,         0,       674,     84311,     92215,     56951,     66031
       361,    530361,236.593848,     329.5,     122.7,     79700,      3364,     25996,       238,  26261261,   1108584,   8565622,     78508,     -2353,     -9451,    -11804,   -775313,  -3114151,  -3889464,     53067,      1654,     12783,      1111,   6511299,    202898,   1568469,    136298,     -1527,    -10648,    -12175,   -187333,  -1306533,  -1493866,      3364,      1609,      1654,       671,     82053,     91504,     54594,     65242
       362,    530362,1581.51526,         0,         0,         0,         0,      4731,         0,         0,         0,         0,         0,         0,         0,         0,         0,         0,         0,         0,         0,      4512,         4,         0,         0,         0,         0,         0,         0,         0,         0,         0,         0,         0,         0,         0,         0,         0,         0,         0,         0
       363,    530363,330.575687,         0,         0,     62160,         0,      5614,        53,         0,         0,         0,         0,     -2876,    -20036,    -22912,         0,         0,         0,     42599,         0,      4955,        46,         0,         0,         0,         0,     -1730,    -16992,    -18722,         0,         0,         0,         0,         0,         0,         0,     65036,     85072,     44328,     61320
       364,    530364,297.178905,         0,         0,     70410,         0,      6435,       222,         0,         0,         0,         0,     -4026,    -15556,    -19582,         0,         0,         0,     48943,         0,      5527,       235,         0,         0,         0,         0,     -2378,    -12634,    -15011,         0,         0,         0,         0,         0,         0,         0,     74436,     89992,     51320,     63954
       365,    530365, 99.425989,     130.8,         0,     77742,      2486,     21466,       236,  10168643,    325155,   2807772,     30844,     -2371,    -10493,    -12864,   -310159,  -1372419,  -1682578,     51618,      1847,     11989,      1056,         0,         0,         0,         0,     -1533,    -11316,    -12848,         0,         0,         0,      2486,      1575,      1847,       657,     80113,     90606,     53151,     64466
       366,    530366, 71.339693,      60.1,       4.1,     71873,         0,      8140,       176,   4319563,         0,    489194,     10553,     -2874,    -13089,    -15963,   -172725,   -786652,   -959377,     49584,         0,      7095,       412,    203295,         0,     29088,      1690,     -1741,    -11525,    -13266,     -7139,    -47251,    -54391,         0,         0,         0,         0,     74747,     87836,     51325,     62850
       367,    530367, 50.196603,         0,         0,     81183,      1609,     10160,        46,         0,         0,         0,         0,     -2731,     -7447,    -10177,         0,         0,         0,     54807,       671,      8796,       394,         0,         0,         0,         0,     -1869,     -8470,    -10338,         0,         0,         0,         0,      1609,         0,       671,     83913,     91360,     56675,     65145
       368,    530368,117.398562,     147.8,       7.1,     80056,      2681,     11976,       119,  11832275,    396216,   1770026,     17640,     -2778,     -8601,    -11379,   -410616,  -1271227,  -1681843,     54073,      2109,     10010,       518,    383920,     14973,     71072,      3675,     -1901,     -9130,    -11031,    -13501,    -64821,    -78322,      2681,      1589,      2109,       663,     82834,     91435,     55975,     65105
       369,    530369,198.898937,     163.9,         0,     80694,      2054,     15265,       277,  13225800,    336660,   2501990,     45419,     -2799,     -8715,    -11514,   -458682,  -1428394,  -1887075,     54472,      1006,     11127,       729,         0,         0,         0,         0,     -1897,     -9567,    -11464,         0,         0,         0,      2054,      1601,      1006,       668,     83493,     92208,     56369,     65936
       370,    530370,136.940529,         0,         0,     74653,         0,     10785,        55,         0,         0,         0,         0,     -2783,    -12461,    -15244,         0,         0,         0,     51019,         0,      9342,       508,         0,         0,         0,         0,     -1707,    -11170,    -12876,         0,         0,         0,         0,         0,         0,         0,     77436,     89897,     52726,     63896
       371,    530371,106.506269,     282.5,     127.6,     78323,      2725,     19811,       316,  22126238,    769674,   5596544,     89367,     -2423,     -8686,    -11108,   -684409,  -2453701,  -3138110,     53072,      1694,     12277,      1223,   6771984,    216195,   1566492,    156002,     -1574,     -9054,    -10628,   -200795,  -1155301,  -1356096,      2725,      1559,      1694,       651,     80746,     89431,     54646,     63700
       372,    530372,151.575887,     317.9,      75.5,     82545,      3899,     29581,       756,  26241053,   1239373,   9403862,    240404,     -2241,     -7200,     -9441,   -712413,  -2288724,  -3001137,     55151,      2690,     14491,      1475,   4163936,    203089,   1094108,    111393,     -1539,     -9114,    -10654,   -116200,   -688142,   -804343,      3899,      1625,      2690,       658,     84786,     91985,     56691,     65805
       373,    530373,110.201722,       5.0,      58.6,     81697,      4095,     15291,       290,    408486,     20474,     76455,      1449,     -2703,     -7809,    -10511,    -13513,    -39043,    -52556,     55180,      3126,     11313,       976,   3233558,    183166,    662920,     57218,     -1862,     -8872,    -10734,   -109112,   -519891,   -629003,      4095,      1617,      3126,       674,     84400,     92208,     57042,     65914
       374,    530374,196.738239,     423.5,      44.4,     81140,      3459,     26065,       867,  34362648,   1464996,  11038437,    367271,     -2282,     -7573,     -9855,   -966397,  -3207127,  -4173524,     54434,      2007,     13966,      1474,   2416875,     89112,    620107,     65444,     -1429,     -8739,    -10168,    -63426,   -388026,   -451451,      3459,      1626,      2007,       678,     83422,     90995,     55863,     64602
       375,    530375,234.476299,     224.3,      50.4,     83721,      4791,     36127,       673,  18778708,   1074536,   8103358,    151036,     -2033,     -6444,     -8477,   -456019,  -1445385,  -1901404,     56039,      2908,     16039,       810,   2824390,    146540,    808386,     40814,     -1442,     -8636,    -10079,    -72688,   -435270,   -507959,      4095,      4791,      2908,      1505,     85754,     92198,     57482,     66118
       376,    530376, 81.264377,     110.3,      65.5,     81649,      4522,     14978,       273,   9005919,    498729,   1652067,     30079,     -2723,     -7812,    -10535,   -300315,   -861667,  -1161982,     55233,      3410,     11351,      1177,   3617776,    223360,    743498,     77102,     -1883,     -8725,    -10608,   -123318,   -571479,   -694797,      4522,      1616,      3410,       674,     84372,     92184,     57116,     65841
       377,    530377,170.455031,     283.3,      27.8,     80253,      2425,     13590,       167,  22735666,    687121,   3850054,     47311,     -2708,     -8789,    -11497,   -767247,  -2489845,  -3257093,     54340,      2447,     10924,       933,   1510656,     68030,    303693,     25924,     -1795,     -9181,    -10976,    -49888,   -255239,   -305126,      2425,      1590,      2447,       663,     82961,     91750,     56135,     65316
       378,    530378,154.546825,     428.4,     140.0,     76212,      2559,     19416,       731,  32649103,   1096195,   8317787,    313249,     -2721,    -10143,    -12863,  -1165472,  -4345073,  -5510545,     51603,      3075,     12640,      1360,   7224473,    430557,   1769600,    190456,     -1700,     -9929,    -11628,   -237964,  -1390012,  -1627976,      2559,         0,      3075,         0,     78932,     89075,     53303,     63232
       379,    530379,282.454235,         0,         0,     68474,         0,     11124,       102,         0,         0,         0,         0,     -2878,    -19672,    -22550,         0,         0,         0,     47169,         0,      9899,        82,         0,         0,         0,         0,     -1735,    -15537,    -17272,         0,         0,         0,         0,         0,         0,         0,     71352,     91024,     48904,     64441
       380,    530380, 76.137165,     148.7,      39.7,     80370,      1964,     24132,      1465,  11950963,    291995,   3588404,    217909,     -2494,     -7894,    -10388,   -370839,  -1173794,  -1544633,     54370,      3411,     13998,      1682,   2158508,    135425,    555735,     66773,     -1587,     -8471,    -10058,    -63001,   -336288,   -399289,      1964,      1599,      3411,       667,     82863,     90757,     55957,     64428
       381,    530381, 41.794157,      88.6,       9.2,     80597,      2980,     27115,      2364,   7140870,    264050,   2402353,    209429,     -2560,     -8165,    -10725,   -226823,   -723390,   -950213,     54402,      2981,     14844,      1581,    500496,     27427,    136562,     14547,     -1661,     -8866,    -10527,    -15279,    -81569,    -96848,      2980,      1606,      2981,       670,     83157,     91321,     56062,     64929
       382,    530382,154.480497,      61.2,         0,     75749,       189,     12826,        59,   4635830,     11571,    784939,      3597,     -2775,    -12561,    -15336,   -169827,   -768729,   -938556,     51830,       659,     10749,       454,         0,         0,         0,         0,     -1706,    -11008,    -12714,         0,         0,         0,       189,         0,       659,         0,     78524,     91085,     53536,     64544
       383,    530383,103.898398,     155.9,     329.5,     81863,      4848,     34720,      3331,  12762492,    755825,   5412792,    519227,     -2254,     -7290,     -9544,   -351436,  -1136505,  -1487941,     54649,      2968,     16473,      1191,  18006734,    977979,   5427943,    392344,     -1516,     -8847,    -10363,   -499361,  -2915186,  -3414547,      3675,      4848,      2968,      1508,     84118,     91408,     56164,     65011
       384,    530384,342.334683,         0,     106.3,     66487,         0,      9699,       106,         0,         0,         0,         0,     -2876,    -21033,    -23909,         0,         0,         0,     45728,         0,      8923,        11,   4860871,         0,    948555,      1209,     -1731,    -16530,    -18261,   -183963,  -1757159,  -1941121,         0,         0,         0,         0,     69363,     90396,     47458,     63989
       385,    530385, 87.237685,     381.5,      54.5,     77626,      2145,     17024,       284,  29614261,    818207,   6494465,    108164,     -2722,     -8295,    -11017,  -1038389,  -3164698,  -4203087,     53005,      2759,     12255,      1257,   2888793,    150356,    667903,     68531,     -1675,     -8341,    -10016,    -91284,   -454606,   -545889,      2145,      1535,      2759,       641,     80348,     88643,     54680,     63022
       386,    530386, 72.803102,       5.0,         0,     78764,      2649,     19225,       466,    393818,     13246,     96127,      2332,     -2634,     -8153,    -10788,    -13172,    -40767,    -53939,     53670,      3592,     12964,      1480,         0,         0,         0,         0,     -1625,     -8289,     -9914,         0,         0,         0,      2649,      1555,      3592,       649,     81398,     89551,     55295,     63584
       387,    530387,149.081807,     241.7,     123.8,     80165,      2925,     22500,      1219,  19375976,    706883,   5438216,    294631,     -2538,     -7675,    -10213,   -613458,  -1855090,  -2468548,     54461,      3788,     13910,      1413,   6742322,    469012,   1722072,    174891,     -1568,     -8050,     -9618,   -194158,   -996574,  -1190732,      2925,      1588,      3788,       663,     82703,     90379,     56030,     64080
       388,    530388, 67.762616,      90.7,     276.9,     80735,      4807,     29871,      3460,   7322651,    435982,   2709324,    313833,     -2400,     -7766,    -10167,   -217700,   -704404,   -922105,     54161,      2974,     15778,      1347,  14997173,    823557,   4369042,    372893,     -1601,     -8720,    -10321,   -443399,  -2414501,  -2857900,      4660,      4807,      2974,      1505,     83135,     90901,     55762,     64482
       389,    530389, 45.452859,      13.9,         0,     78224,      2064,     14810,       143,   1087315,     28691,    205856,      1988,     -2704,    -10422,    -13126,    -37588,   -144866,   -182454,     53368,      2286,     11535,      1078,         0,         0,         0,         0,     -1643,     -9846,    -11489,         0,         0,         0,      2064,      1551,      2286,       647,     80928,     91350,     55011,     64856
       390,    530390, 44.780703,      70.7,     747.3,     79454,      2318,     26571,      2026,   5617412,    163911,   1878588,    143212,     -2446,     -7878,    -10324,   -172928,   -556960,   -729889,     53648,      3514,     15100,      1430,  40091061,   2626305,  11284371,   1068330,     -1516,     -8240,     -9757,  -1133175,  -6157948,  -7291123,      2318,      1632,      3514,       680,     81900,     89778,     55164,     63405
       391,    530391, 71.949134,     123.3,     657.9,     82874,      4622,     34958,      4302,  10218348,    569866,   4310270,    530416,     -2242,     -6424,     -8666,   -276394,   -792093,  -1068487,     55506,      3560,     16930,       974,  36517426,   2342333,  11138408,    641105,     -1638,     -7988,     -9626,  -1077396,  -5255297,  -6332693,      3824,      4622,      3560,      1268,     85116,     91540,     57144,     65132
       392,    530392,121.064744,     208.3,     291.3,     86030,      4571,     43148,      2801,  17919960,    952072,   8987670,    583420,     -1054,     -5089,     -6143,   -219548,  -1059964,  -1279512,     57821,      1375,     18581,      1036,  16843303,    400655,   5412573,    301759,      -924,     -7226,     -8150,   -269025,  -2104953,  -2373978,      2296,      4571,      1229,      1375,     87084,     92172,     58745,     65971
       393,    530393,133.606858,     359.9,      23.2,     77068,      1830,     18519,       131,  27736596,    658688,   6664979,     47215,     -2725,     -9267,    -11992,   -980861,  -3335106,  -4315967,     52605,      2168,     13026,       810,   1220427,     50305,    302193,     18800,     -1682,     -8764,    -10445,    -39012,   -203319,   -242331,      1830,         0,      2168,         0,     79793,     89060,     54286,     63050
       394,    530394, 45.553666,         0,      22.4,     79952,      2186,     21095,       399,         0,         0,         0,         0,     -2612,     -7769,    -10380,         0,         0,         0,     54514,      3240,     13788,      1336,   1221105,     72578,    308851,     29935,     -1615,     -7909,     -9524,    -36181,   -177163,   -213344,      2186,      1576,      3240,       658,     82564,     90333,     56129,     64038
       395,    530395, 22.196008,      42.4,      30.2,     83592,      4833,     31389,      3895,   3544302,    204924,   1330906,    165168,     -2230,     -6226,     -8455,    -94540,   -263968,   -358509,     56248,      2352,     16530,      1022,   1698696,     71038,    499220,     30871,     -1582,     -7908,     -9490,    -47785,   -238812,   -286597,      2850,      4833,      2352,      1501,     85822,     92047,     57831,     65738
       396,    530396, 20.790710,      39.4,      49.4,     83063,      4764,     29593,      3021,   3272676,    187714,   1165978,    119018,     -2255,     -6096,     -8351,    -88860,   -240167,   -329027,     56056,      2419,     16097,      1149,   2769175,    119476,    795171,     56777,     -1475,     -7494,     -8969,    -72866,   -370203,   -443069,      2748,      4764,      2419,      1494,     85318,     91414,     57531,     65025
       397,    530397, 20.668683,      43.3,      46.4,     79447,      2505,     28281,      2243,   3440076,    108453,   1224564,     97142,     -2445,     -8123,    -10568,   -105877,   -351712,   -457590,     53733,      2249,     15869,      1162,   2493224,    104344,    736324,     53910,     -1512,     -8267,     -9779,    -70134,   -383595,   -453729,      2505,      1631,      2249,       680,     81893,     90015,     55245,     63512
       398,    530398, 49.806596,     205.7,         0,     81321,      1877,     24807,      1180,  16727686,    385999,   5102814,    242749,     -2507,     -7107,     -9614,   -515591,  -1461965,  -1977556,     55322,      3453,     14925,      1153,         0,         0,         0,         0,     -1557,     -7627,     -9184,         0,         0,         0,      1877,      1609,      3453,       671,     83827,     90935,     56879,     64506
       399,    530399, 66.299709,      60.7,    1345.9,     82875,      4622,     35708,      5229,   5030536,    280542,   2167488,    317404,     -2242,     -6426,     -8668,   -136062,   -390065,   -526126,     55507,      3573,     17439,       864,  74706643,   4809087,  23471519,   1162870,     -1638,     -7960,     -9598,  -2203959, -10713431, -12917390,      3838,      4622,      3573,      1268,     85117,     91543,     57144,     65104
       400,    530400,415.629415,         0,         0,         0,         0,      6181,        17,         0,         0,         0,         0,         0,         0,         0,         0,         0,         0,         0,         0,      6102,        27,         0,         0,         0,         0,         0,         0,         0,         0,         0,         0,         0,         0,         0,         0,         0,         0,         0,         0
       401,    530401, 10.872975,      19.9,         0,     81517,      4443,     32549,      4287,   1622181,     88419,    647718,     85319,     -2341,     -7478,     -9819,    -46582,   -148816,   -195398,     54936,      2383,     16907,       930,         0,         0,         0,         0,     -1487,     -8480,     -9967,         0,         0,         0,      4443,      1626,      2383,       678,     83857,     91336,     56423,     64903
       402,    530402, 21.450428,      37.2,       2.6,     82135,      2529,     31019,      3233,   3055434,     94062,   1153925,    120261,     -2304,     -6992,     -9297,    -85724,   -260117,   -345840,     55571,      2135,     16692,       944,    144484,      5551,     43400,      2455,     -1463,     -7962,     -9425,     -3804,    -20702,    -24505,      2529,      1602,      2135,       648,     84440,     91432,     57034,     64996
       403,    530403, 20.029659,      48.3,       5.1,     80851,      2326,     28742,      2058,   3905101,    112326,   1388229,     99378,     -2475,     -7973,    -10449,   -119559,   -385110,   -504669,     55001,      2040,     16163,      1060,    280505,     10403,     82434,      5405,     -1519,     -8269,     -9787,     -7745,    -42170,    -49915,      2326,      1603,      2040,       669,     83326,     91300,     56520,     64788
       404,    530404,135.580949,      83.3,       4.5,     78874,      2012,     24277,       520,   6570202,    167571,   2022273,     43318,     -2509,     -8989,    -11498,   -209041,   -748742,   -957784,     53822,      2736,     15016,      1070,    242199,     12312,     67574,      4813,     -1526,     -8506,    -10032,     -6867,    -38277,    -45144,      2012,      1560,      2736,       651,     81383,     90372,     55348,     63854
       405,    530405, 17.578673,       8.2,         0,     80852,      4449,     33203,      4306,    662988,     36481,    272261,     35306,     -2351,     -8142,    -10493,    -19282,    -66763,    -86045,     54656,      2235,     17215,       857,         0,         0,         0,         0,     -1470,     -8769,    -10239,         0,         0,         0,      4449,      1612,      2235,       672,     83204,     91345,     56126,     64894
       406,    530406, 28.083918,       7.4,         0,     81084,      2266,     32197,      3065,    600023,     16767,    238256,     22684,     -2345,     -7948,    -10293,    -17354,    -58817,    -76171,     54822,      1910,     17170,       743,         0,         0,         0,         0,     -1469,     -8601,    -10070,         0,         0,         0,      2266,      1616,      1910,       674,     83429,     91378,     56290,     64892
       407,    530407, 22.440861,      39.9,      17.1,     81105,      1613,     30030,      2121,   3236090,     64357,   1198208,     84614,     -2375,     -7788,    -10163,    -94766,   -310756,   -405523,     54970,      1696,     16637,       894,    939990,     29006,    284484,     15291,     -1440,     -8315,     -9755,    -24624,   -142193,   -166817,      1026,      1613,      1696,       673,     83480,     91268,     56410,     64726
       408,    530408, 39.036270,      38.8,       2.0,     79904,      1579,     28193,       575,   3100282,     61273,   1093897,     22299,     -2297,     -8720,    -11016,    -89107,   -338323,   -427431,     54381,      1207,     16403,       835,    108762,      2413,     32805,      1669,     -1479,     -8785,    -10264,     -2959,    -17569,    -20528,       292,      1579,      1207,       659,     82201,     90920,     55860,     64645
       409,    530409,114.040685,     212.6,      90.9,     77053,         0,     24507,       214,  16381489,         0,   5210179,     45565,     -2282,    -10864,    -13146,   -485058,  -2309765,  -2794823,     52302,         0,     15382,       687,   4754286,         0,   1398219,     62409,     -1473,    -10179,    -11651,   -133851,   -925244,  -1059095,         0,         0,         0,         0,     79335,     90199,     53775,     63954
       410,    530410,208.291728,      17.4,     128.3,     68751,         0,     13028,       178,   1196267,         0,    226686,      3089,     -2588,    -15863,    -18451,    -45038,   -276016,   -321054,     47080,         0,     11049,        34,   6040391,         0,   1417614,      4375,     -1535,    -13793,    -15328,   -196905,  -1769678,  -1966583,         0,         0,         0,         0,     71339,     87202,     48615,     62408
       411,    530411,266.812737,      45.0,      56.9,     71102,         0,     19871,       547,   3199607,         0,    894208,     24625,     -2588,    -15549,    -18137,   -116444,   -699706,   -816150,     48434,         0,     13790,       454,   2755898,         0,    784669,     25822,     -1552,    -13246,    -14799,    -88334,   -753718,   -842052,         0,         0,         0,         0,     73690,     89239,     49987,     63233
       412,    530412, 27.004968,      70.0,      23.7,     79898,      1579,     30553,      1127,   5592880,    110544,   2138697,     78891,     -2294,     -8898,    -11192,   -160559,   -622886,   -783445,     54376,       659,     17060,       728,   1288715,     15616,    404331,     17251,     -1479,     -8947,    -10426,    -35060,   -212042,   -247101,         0,      1579,         0,       659,     82192,     91090,     55855,     64802
       413,    530413, 26.940105,         0,         0,     78637,      1544,     27472,       351,         0,         0,         0,         0,     -2262,     -9747,    -12009,         0,         0,         0,     53381,       645,     16316,       733,         0,         0,         0,         0,     -1476,     -9522,    -10999,         0,         0,         0,         0,      1544,         0,       645,     80899,     90645,     54857,     64379
       414,    530414, 47.844784,         0,       1.4,     79834,      1576,     31413,      1303,         0,         0,         0,         0,     -1867,     -8641,    -10507,         0,         0,         0,     53815,       658,     17473,       605,     75341,       921,     24463,       847,     -1086,     -8924,    -10010,     -1520,    -12494,    -14014,         0,      1576,         0,       658,     81701,     90342,     54900,     63825
       415,    530415,262.210654,      27.2,      17.1,     63584,         0,      6824,        17,   1729477,         0,    185616,       465,     -2550,    -18390,    -20941,    -69368,   -500214,   -569582,     43739,         0,      6766,        27,    747930,         0,    115696,       465,     -1507,    -15659,    -17167,    -25775,   -267775,   -293549,         0,         0,         0,         0,     66134,     84524,     45246,     60905
       416,    530416, 52.813344,      93.2,      10.0,     77774,         0,     29718,       360,   7248554,         0,   2769745,     33554,     -2362,    -10776,    -13138,   -220105,  -1004336,  -1224441,     52861,         0,     17168,       599,    528606,         0,    171682,      5989,     -1475,    -10096,    -11571,    -14751,   -100956,   -115707,         0,         0,         0,         0,     80136,     90912,     54336,     64431
       417,    530417,540.724329,     126.8,     528.4,     72445,         0,     17495,       679,   9186033,         0,   2218367,     86123,     -2572,    -13932,    -16504,   -326192,  -1766535,  -2092727,     49371,         0,     12995,       351,  26087857,         0,   6866702,    185276,     -1552,    -12067,    -13619,   -819883,  -6376322,  -7196205,         0,         0,         0,         0,     75018,     88949,     50923,     62990
       418,    530418, 90.982602,      74.4,      34.3,     76970,         0,     26151,       354,   5726599,         0,   1945636,     26336,     -2370,    -11093,    -13463,   -176354,   -825299,  -1001652,     52304,         0,     16120,       646,   1794011,         0,    552914,     22164,     -1479,    -10178,    -11656,    -50725,   -349091,   -399816,         0,         0,         0,         0,     79341,     90433,     53782,     63960
       419,    530419,114.744676,     106.9,       8.3,     74932,         0,     34018,      1031,   8010249,         0,   3636477,    110173,     -2224,    -12330,    -14554,   -237701,  -1318076,  -1555777,     50165,         0,     18344,       558,    416373,         0,    152259,      4635,     -1304,    -11133,    -12437,    -10819,    -92407,   -103227,         0,         0,         0,         0,     77156,     89486,     51469,     62602
       420,    530420,139.130666,     160.5,      40.1,     77662,         0,     39684,      1318,  12464732,         0,   6369281,    211489,     -2138,    -10132,    -12270,   -343196,  -1626181,  -1969377,     51673,         0,     19700,      1055,   2072091,         0,    789990,     42313,     -1293,    -10012,    -11305,    -51868,   -401469,   -453337,         0,         0,         0,         0,     79800,     89932,     52967,     62978
       421,    530421, 65.843552,      42.5,       8.7,     76734,         0,     30381,       297,   3261191,         0,   1291184,     12622,     -2477,    -11436,    -13912,   -105252,   -486013,   -591265,     52035,         0,     17452,       634,    452704,         0,    151835,      5516,     -1456,    -10577,    -12033,    -12670,    -92020,   -104689,         0,         0,         0,         0,     79210,     90646,     53491,     64068
       422,    530422, 87.822950,     102.6,      74.1,     76313,         0,     26151,       320,   7829726,         0,   2683055,     32834,     -2482,    -11319,    -13801,   -254635,  -1161353,  -1415987,     51745,         0,     16208,       688,   3834286,         0,   1200995,     50954,     -1459,    -10457,    -11916,   -108115,   -774879,   -882994,         0,         0,         0,         0,     78795,     90114,     53204,     63661
       423,    530423,262.588659,     172.5,     101.2,     72932,         0,     20384,       696,  12580712,         0,   3516167,    120087,     -2564,    -13537,    -16101,   -442266,  -2335195,  -2777460,     49428,         0,     14155,       676,   5002158,         0,   1432498,     68422,     -1566,    -11879,    -13445,   -158500,  -1202107,  -1360607,         0,         0,         0,         0,     75496,     89033,     50995,     62873
       424,    530424,175.160042,     144.3,      42.4,     79127,      5709,     46995,      1089,  11418046,    823763,   6781414,    157203,     -2168,     -9613,    -11781,   -312891,  -1387124,  -1700014,     52321,      2066,     21320,      1278,   2218409,     87589,    903987,     54170,     -1400,    -10285,    -11685,    -59380,   -436077,   -495457,      5709,       791,      2066,       378,     81295,     90908,     53721,     64006
       425,    530425,726.834154,      44.3,       3.6,     62009,         0,     10318,         4,   2746981,         0,    457103,       159,     -2016,    -19209,    -21225,    -89300,   -850958,   -940258,     41344,         0,      9693,        44,    148837,         0,     34894,       159,     -1116,    -16471,    -17587,     -4018,    -59295,    -63313,         0,         0,         0,         0,     64024,     83233,     42460,     58931
       426,    530426,150.825782,      60.4,      68.0,     76166,         0,     30942,       264,   4600410,         0,   1868893,     15966,     -2194,    -10799,    -12992,   -132509,   -652231,   -784740,     51012,         0,     17603,       613,   3468788,         0,   1197038,     41687,     -1298,     -9870,    -11168,    -88294,   -671158,   -759452,         0,         0,         0,         0,     78360,     89158,     52310,     62180
       427,    530427,120.030741,     245.3,     166.2,     80273,       802,     41741,       440,  19690931,    196797,  10238977,    107958,     -2100,     -8384,    -10484,   -515069,  -2056568,  -2571638,     53130,       383,     20284,       838,   8830238,     63700,   3371200,    139254,     -1387,     -9196,    -10583,   -230515,  -1528393,  -1758908,         0,       802,         0,       383,     82373,     90756,     54517,     63713
       428,    530428, 80.731545,     177.4,      47.6,     78922,       802,     37140,       420,  14000703,    142247,   6588649,     74498,     -2064,     -8823,    -10887,   -366070,  -1565251,  -1931321,     52488,       410,     19225,       763,   2498426,     19525,    915095,     36318,     -1277,     -8985,    -10262,    -60804,   -427681,   -488486,         0,       802,         0,       410,     80985,     89808,     53765,     62750
       429,    530429,180.013073,     256.5,      51.1,     72556,         0,     19942,       268,  18610565,         0,   5115202,     68769,     -2338,    -13200,    -15538,   -599798,  -3385732,  -3985530,     49011,         0,     14012,       616,   2504467,         0,    715996,     31484,     -1319,    -11503,    -12822,    -67408,   -587797,   -655205,         0,         0,         0,         0,     74894,     88094,     50330,     61833
       430,    530430, 51.261573,      42.8,      16.4,     74691,         0,     25500,       249,   3196773,         0,   1091383,     10651,     -2206,    -12681,    -14887,    -94400,   -542759,   -637159,     50461,         0,     15959,       671,    827562,         0,    261731,     10997,     -1287,    -11068,    -12355,    -21106,   -181521,   -202626,         0,         0,         0,         0,     76897,     89578,     51748,     62816
       431,    530431, 33.099208,         0,         0,     80771,       810,     48696,      1416,         0,         0,         0,         0,     -2224,     -7923,    -10147,         0,         0,         0,     53278,       387,     21840,       673,         0,         0,         0,         0,     -1584,     -9217,    -10801,         0,         0,         0,         0,       810,         0,       387,     82995,     90918,     54861,     64078
       432,    530432,165.479049,      99.4,      43.6,     77782,         0,     29991,       222,   7731568,         0,   2981104,     22046,     -2076,     -9435,    -11511,   -206363,   -937864,  -1144227,     51891,         0,     17203,       532,   2262467,         0,    750055,     23209,     -1227,     -9086,    -10313,    -53503,   -396142,   -449645,         0,         0,         0,         0,     79858,     89294,     53119,     62204
       433,    530433,160.892188,         0,     134.5,     80283,       802,     40925,       542,         0,         0,         0,         0,     -2201,     -8148,    -10349,         0,         0,         0,     52991,       383,     20112,       629,   7127256,     51550,   2705036,     84603,     -1500,     -9059,    -10559,   -201707,  -1218458,  -1420165,         0,       802,         0,       383,     82484,     90632,     54490,     63550
       434,    530434, 68.150139,      89.5,       6.9,     71876,         0,     21158,       109,   6432869,         0,   1893617,      9765,     -2013,    -14030,    -16043,   -180153,  -1255716,  -1435868,     48192,         0,     14415,       579,    332522,         0,     99464,      3995,     -1163,    -11991,    -13154,     -8024,    -82736,    -90760,         0,         0,         0,         0,     73889,     87919,     49354,     61345
       435,    530435, 80.234648,      22.7,         0,     79043,       806,     35521,       423,   1794282,     18288,    806320,      9595,     -2042,     -8866,    -10908,    -46350,   -201261,   -247611,     52347,       412,     18782,       667,         0,         0,         0,         0,     -1276,     -9203,    -10479,         0,         0,         0,         0,       806,         0,       412,     81085,     89951,     53623,     62826
       436,    530436, 72.203274,      47.2,         0,     75101,         0,     24204,       152,   3544787,         0,   1142439,      7191,     -1984,    -11790,    -13774,    -93661,   -556471,   -650131,     50573,         0,     15459,       565,         0,         0,         0,         0,     -1121,    -10290,    -11411,         0,         0,         0,         0,         0,         0,         0,     77086,     88875,     51694,     61984
       437,    530437,155.745329,      93.1,      17.9,     78159,       710,     38107,       236,   7276620,     66075,   3547770,     22001,     -2225,    -10062,    -12287,   -207135,   -936781,  -1143916,     51596,       346,     19252,       553,    923568,      6185,    344615,      9901,     -1367,    -10381,    -11748,    -24468,   -185814,   -210282,         0,       710,         0,       346,     80384,     90446,     52963,     63344
       438,    530438, 81.931531,     155.1,      52.1,     78057,         0,     32772,       223,  12106621,         0,   5082929,     34663,     -1972,     -9488,    -11460,   -305862,  -1471624,  -1777486,     51740,         0,     17868,       671,   2695671,         0,    930911,     34956,     -1144,     -9489,    -10633,    -59618,   -494357,   -553975,         0,         0,         0,         0,     80029,     89517,     52885,     62373
       439,    530439,161.341894,      88.8,      48.0,     76408,         0,     27333,       167,   6785038,         0,   2427134,     14861,     -2151,    -11132,    -13283,   -191031,   -988510,  -1179540,     50897,         0,     16282,       692,   2443049,         0,    781558,     33220,     -1293,    -10482,    -11774,    -62042,   -503114,   -565157,         0,         0,         0,         0,     78559,     89691,     52189,     62671
       440,    530440, 78.218940,      13.9,         0,     76067,         0,     22046,       120,   1057328,         0,    306435,      1663,     -2051,    -10821,    -12873,    -28509,   -150419,   -178928,     51004,         0,     14634,       591,         0,         0,         0,         0,     -1186,     -9841,    -11028,         0,         0,         0,         0,         0,         0,         0,     78118,     88939,     52190,     62031
       441,    530441,148.611517,     164.4,      18.6,     72510,         0,     17735,        47,  11920643,         0,   2915573,      7710,     -2014,    -12888,    -14902,   -331093,  -2118730,  -2449823,     48632,         0,     13047,       423,    904550,         0,    242680,      7874,     -1156,    -11156,    -12313,    -21510,   -207503,   -229013,         0,         0,         0,         0,     74524,     87412,     49788,     60944
       442,    530442,329.104060,     345.2,      34.2,     73312,         0,     13244,        62,  25307201,         0,   4571692,     21357,     -2188,    -12136,    -14324,   -755160,  -4189406,  -4944566,     49314,         0,     11087,       464,   1686536,         0,    379172,     15869,     -1337,    -10582,    -11919,    -45734,   -361909,   -407644,         0,         0,         0,         0,     75499,     87635,     50651,     61233
       443,    530443, 40.354802,      57.9,       1.4,     79157,       718,     33667,       163,   4583206,     41563,   1949293,      9411,     -2183,     -8798,    -10981,   -126375,   -509404,   -635779,     52222,       349,     17841,       759,     73111,       489,     24978,      1063,     -1369,     -9394,    -10763,     -1917,    -13151,    -15068,         0,       718,         0,       349,     81340,     90138,     53591,     62985
       444,    530444, 95.027643,     121.4,      15.0,     77815,         0,     27735,       150,   9446763,         0,   3367016,     18248,     -2166,     -9446,    -11612,   -262986,  -1146714,  -1409701,     51636,         0,     16241,       743,    774545,         0,    243621,     11138,     -1322,     -9346,    -10668,    -19827,   -140194,   -160021,         0,         0,         0,         0,     79981,     89427,     52958,     62304
       445,    530445,150.002837,     109.9,      12.7,     73793,         0,     20155,       117,   8109847,         0,   2215020,     12896,     -2167,    -12936,    -15103,   -238142,  -1421629,  -1659771,     49516,         0,     13822,       670,    628856,         0,    175545,      8509,     -1327,    -11121,    -12449,    -16856,   -141243,   -158098,         0,         0,         0,         0,     75960,     88896,     50843,     61965
       446,    530446,627.300806,         0,         0,     65139,         0,      6470,        11,         0,         0,         0,         0,     -2169,    -19411,    -21580,         0,         0,         0,     44013,         0,      7679,       108,         0,         0,         0,         0,     -1316,    -15325,    -16642,         0,         0,         0,         0,         0,         0,         0,     67308,     86719,     45329,     60655
       447,    530447, 79.138693,     161.3,       6.8,     75928,         0,     26531,       146,  12247109,         0,   4279399,     23620,     -2246,    -11060,    -13306,   -362326,  -1783976,  -2146302,     50198,         0,     15708,       592,    341348,         0,    106814,      4022,     -1371,    -10535,    -11906,     -9322,    -71636,    -80958,         0,         0,         0,         0,     78174,     89234,     51569,     62104
       448,    530448,156.177057,      10.0,         0,     73868,         0,     23270,       130,    738682,         0,    232700,      1299,     -2222,    -12582,    -14804,    -22220,   -125816,   -148036,     48847,         0,     14526,       380,         0,         0,         0,         0,     -1362,    -11249,    -12610,         0,         0,         0,         0,         0,         0,         0,     76090,     88672,     50208,     61457
       449,    530449,116.207262,         0,      32.7,     72296,         0,     18001,        71,         0,         0,         0,         0,     -2196,    -13975,    -16171,         0,         0,         0,     48625,         0,     12865,       412,   1590034,         0,    420692,     13481,     -1337,    -11561,    -12899,    -43729,   -378054,   -421783,         0,         0,         0,         0,     74492,     88467,     49962,     61523
       450,    530450,497.785380,     115.8,      34.8,     70330,         0,      9594,        38,   8144257,         0,   1110960,      4347,     -2164,    -15397,    -17561,   -250552,  -1783019,  -2033571,     47581,         0,      9578,       117,   1655833,         0,    333309,      4070,     -1319,    -12217,    -13536,    -45906,   -425153,   -471059,         0,         0,         0,         0,     72494,     87891,     48901,     61118
       451,    530451, 83.807041,         0,         0,     69913,         0,      7619,        35,         0,         0,         0,         0,     -2162,    -15136,    -17298,         0,         0,         0,     47294,         0,      8614,       116,         0,         0,         0,         0,     -1317,    -12205,    -13522,         0,         0,         0,         0,         0,         0,         0,     72075,     87211,     48611,     60816
       452,    530452, 78.959569,         0,         0,     70255,         0,      5304,        25,         0,         0,         0,         0,     -2166,    -13606,    -15772,         0,         0,         0,     47530,         0,      7303,        84,         0,         0,         0,         0,     -1318,    -11225,    -12543,         0,         0,         0,         0,         0,         0,         0,     72421,     86027,     48848,     60074
       453,    530453,225.537307,     163.2,      12.6,     55429,         0,      2854,        13,   9045939,         0,    465795,      2056,     -3427,    -13948,    -17375,   -559291,  -2276317,  -2835608,     37825,         0,      2605,       163,    476598,         0,     32817,      2056,     -2144,    -13748,    -15892,    -27012,   -173227,   -200239,         0,         0,         0,         0,     58856,     72804,     39969,     53717
       454,    530454,155.102541,         0,     622.6,     63099,         0,      4259,       720,         0,         0,         0,         0,     -7684,    -11421,    -19105,         0,         0,         0,     43411,         0,      3068,         0,  27027764,         0,   1909995,         0,     -4789,    -11507,    -16296,  -2981590,  -7164346, -10145936,         0,         0,         0,         0,     70783,     82204,     48200,     59707
       455,    530455,500.120537,         0,     139.1,     60413,         0,      4441,       530,         0,         0,         0,         0,     -7679,    -11813,    -19493,         0,         0,         0,     41389,         0,      3530,         0,   5757206,         0,    491014,        20,     -4782,    -12045,    -16828,   -665222,  -1675511,  -2340733,         0,         0,         0,         0,     68092,     79906,     46171,     58217
       456,    530456, 46.019509,      76.9,       2.5,     32420,         0,      4773,        61,   2493130,         0,    367014,      4677,    -12330,    -15204,    -27534,   -948169,  -1169159,  -2117328,     24309,         0,      6258,       584,     60774,         0,     15645,      1460,     -7360,    -12851,    -20211,    -18400,    -32128,    -50528,         0,         0,         0,         0,     44750,     59954,     31669,     44521
       457,    530457, 55.527827,     135.7,       3.4,     27915,         0,      4608,       233,   3788082,         0,    625264,     31640,    -12158,    -16819,    -28976,  -1649780,  -2282281,  -3932061,     21399,         0,      5956,       733,     72755,         0,     20250,      2492,     -7060,    -13988,    -21048,    -24004,    -47560,    -71564,         0,         0,         0,         0,     40073,     56891,     28458,     42447
       458,    530458,434.809863,       3.8,      91.5,     60998,         0,      4381,        97,    231792,         0,     16646,       368,     -7639,    -10845,    -18485,    -29029,    -41213,    -70242,     42379,         0,      3913,         4,   3877709,         0,    358067,       348,     -4746,    -10789,    -15535,   -434243,   -987202,  -1421445,         0,         0,         0,         0,     68637,     79482,     47125,     57914
       459,    530459,453.978134,     210.6,      12.0,     43821,         0,      4714,        80,   9228729,         0,    992858,     16848,    -11591,    -14043,    -25634,  -2441070,  -2957537,  -5398607,     31595,         0,      6387,       320,    379136,         0,     76648,      3845,     -7171,    -12344,    -19515,    -86054,   -148123,   -234178,         0,         0,         0,         0,     55412,     69456,     38766,     51109
       460,    530460,294.071880,         0,         0,     37333,         0,      4856,         0,         0,         0,         0,         0,    -11796,    -15906,    -27702,         0,         0,         0,     27392,         0,      6781,         0,         0,         0,         0,         0,     -7188,    -13496,    -20684,         0,         0,         0,         0,         0,         0,         0,     49129,     65035,     34580,     48076
       461,    530461,104.349599,       7.1,         0,     31378,         0,      4884,        32,    222786,         0,     34680,       227,    -12292,    -17138,    -29430,    -87276,   -121676,   -208953,     23634,         0,      6501,       266,         0,         0,         0,         0,     -7294,    -14217,    -21512,         0,         0,         0,         0,         0,         0,         0,     43671,     60808,     30928,     45146
       462,    530462,102.189811,         0,         0,     35191,         0,      4987,        42,         0,         0,         0,         0,    -11753,    -15475,    -27228,         0,         0,         0,     26064,         0,      6784,        21,         0,         0,         0,         0,     -7083,    -13110,    -20193,         0,         0,         0,         0,         0,         0,         0,     46944,     62419,     33147,     46257
       463,    530463,520.413043,     258.2,         0,     50505,         0,      4419,         0,  13040338,         0,   1140902,         0,    -11361,    -13035,    -24397,  -2933531,  -3365670,  -6299201,     35935,         0,      5205,       387,         0,         0,         0,         0,     -7077,    -11908,    -18985,         0,         0,         0,         0,         0,         0,         0,     61866,     74901,     43012,     54920
       464,    530464,223.339269,         0,         0,     40208,         0,      5045,       469,         0,         0,         0,         0,    -11844,    -13692,    -25536,         0,         0,         0,     29307,         0,      6970,       224,         0,         0,         0,         0,     -7280,    -11894,    -19174,         0,         0,         0,         0,         0,         0,         0,     52052,     65744,     36587,     48481
       465,    530465, 57.085447,         0,      46.1,     37244,         0,      5004,       719,         0,         0,         0,         0,    -11805,    -13809,    -25614,         0,         0,         0,     27409,         0,      6783,       313,   1263551,         0,    312712,     14444,     -7169,    -11926,    -19096,   -330512,   -549798,   -880310,         0,         0,         0,         0,     49049,     62858,     34578,     46505
       466,    530466,108.833227,      43.4,         0,     33764,         0,      4917,       467,   1465351,         0,    213415,     20254,    -12376,    -15856,    -28232,   -537103,   -688167,  -1225270,     25181,         0,      6564,       635,         0,         0,         0,         0,     -7438,    -13285,    -20724,         0,         0,         0,         0,         0,         0,         0,     46139,     61996,     32619,     45905
       467,    530467, 75.934216,     175.2,       3.6,     34253,         0,      4801,       239,   6001160,         0,    841138,     41817,    -12389,    -14150,    -26540,  -2170599,  -2479159,  -4649758,     25497,         0,      6280,       825,     91789,         0,     22607,      2972,     -7465,    -12090,    -19556,    -26875,    -43526,    -70400,         0,         0,         0,         0,     46642,     60793,     32962,     45053
       468,    530468, 42.065571,      23.9,      11.8,     34662,         0,      4549,       197,    828433,         0,    108716,      4718,    -12445,    -13003,    -25449,   -297441,   -310783,   -608224,     25752,         0,      5782,       456,    303878,         0,     68229,      5381,     -7513,    -11260,    -18773,    -88654,   -132871,   -221525,         0,         0,         0,         0,     47108,     60111,     33265,     44526
       469,    530469, 61.170327,      57.8,      43.5,     34559,         0,      4663,       231,   1997497,         0,    269498,     13346,    -12415,    -13675,    -26090,   -717559,   -790440,  -1507999,     25693,         0,      5999,       721,   1117663,         0,    260935,     31366,     -7490,    -11733,    -19223,   -325811,   -510379,   -836190,         0,         0,         0,         0,     46973,     60649,     33183,     44916
       470,    530470,469.738089,         0,         0,     28347,         0,      3940,         0,         0,         0,         0,         0,    -12139,    -18228,    -30367,         0,         0,         0,     21565,         0,      4857,         5,         0,         0,         0,         0,     -7104,    -14836,    -21940,         0,         0,         0,         0,         0,         0,         0,     40486,     58714,     28669,     43505
       471,    530471,239.950407,     255.1,         0,     49940,         0,      4685,       418,  12739804,         0,   1195222,    106630,    -11364,    -14529,    -25892,  -2898890,  -3706239,  -6605129,     35541,         0,      5434,       565,         0,         0,         0,         0,     -7074,    -12877,    -19951,         0,         0,         0,         0,         0,         0,         0,     61304,     75833,     42614,     55492
       472,    530472,224.938024,         0,         0,         0,         0,      4768,        98,         0,         0,         0,         0,         0,         0,         0,         0,         0,         0,         0,         0,      5967,       613,         0,         0,         0,         0,         0,         0,         0,         0,         0,         0,         0,         0,         0,         0,         0,         0,         0,         0
       473,    530473,188.357592,     436.8,      40.9,     45011,         0,      4866,       388,  19660959,         0,   2125687,    169560,    -11338,    -15455,    -26793,  -4952422,  -6750932, -11703354,     32365,         0,      6408,       778,   1323713,         0,    262088,     31820,     -7013,    -13287,    -20300,   -286839,   -543444,   -830283,         0,         0,         0,         0,     56349,     71805,     39378,     52665
       474,    530474,164.034744,     197.2,     243.7,     45267,         0,      5046,       478,   8926609,         0,    994989,     94188,    -11997,    -13592,    -25589,  -2365886,  -2680319,  -5046205,     32608,         0,      6734,       999,   7946564,         0,   1641036,    243494,     -7458,    -11910,    -19367,  -1817476,  -2902363,  -4719839,         0,         0,         0,         0,     57264,     70856,     40066,     51975
       475,    530475,230.081303,     184.9,     154.8,     44279,         0,      5076,       582,   8187147,         0,    938577,    107640,    -11992,    -12428,    -24420,  -2217277,  -2297986,  -4515263,     31930,         0,      6947,       734,   4942690,         0,   1075433,    113578,     -7445,    -11090,    -18535,  -1152477,  -1716782,  -2869259,         0,         0,         0,         0,     56271,     68699,     39374,     50465
       476,    530476,189.425679,     147.2,     251.4,     40138,         0,      5069,      1090,   5908301,         0,    746155,    160424,    -12325,    -14488,    -26813,  -1814266,  -2132660,  -3946926,     29275,         0,      6987,       514,   7359679,         0,   1756476,    129193,     -7607,    -12376,    -19983,  -1912322,  -3111360,  -5023681,         0,         0,         0,         0,     52463,     66951,     36881,     49258
       477,    530477,195.363167,     136.9,     719.2,     40429,         0,      5018,      1745,   5534718,         0,    687002,    238863,    -12335,    -12568,    -24903,  -1688721,  -1720567,  -3409288,     29485,         0,      6788,       719,  21205766,         0,   4882124,    517283,     -7615,    -11017,    -18632,  -5476510,  -7923309, -13399819,         0,         0,         0,         0,     52764,     65332,     37100,     48117
       478,    530478, 58.336513,      84.5,      16.0,     35124,         0,      4745,       573,   2967954,         0,    400927,     48455,    -12383,    -13234,    -25616,  -1046343,  -1118250,  -2164593,     26054,         0,      6113,       811,    416858,         0,     97808,     12968,     -7489,    -11437,    -18925,   -119818,   -182987,   -302805,         0,         0,         0,         0,     47506,     60740,     33542,     44979
       479,    530479, 39.453410,      80.4,      14.0,     36507,         0,      4829,       878,   2935146,         0,    388262,     70562,    -12447,    -13098,    -25545,  -1000723,  -1053081,  -2053804,     26947,         0,      6303,       947,    377251,         0,     88248,     13257,     -7578,    -11355,    -18933,   -106089,   -158971,   -265060,         0,         0,         0,         0,     48954,     62052,     34524,     45879
       480,    530480, 93.135733,      88.9,         0,     35202,         0,      4919,      1414,   3129430,         0,    437300,    125710,    -12414,    -15104,    -27518,  -1103570,  -1342769,  -2446339,     26093,         0,      6550,       875,         0,         0,         0,         0,     -7518,    -12757,    -20275,         0,         0,         0,         0,         0,         0,         0,     47615,     62720,     33611,     46368
       481,    530481,503.536620,      20.3,         0,     29963,         0,      4004,         0,    608253,         0,     81276,         0,    -12209,    -18796,    -31006,   -247847,   -381567,   -629414,     22645,         0,      4789,        26,         0,         0,         0,         0,     -7207,    -15158,    -22365,         0,         0,         0,         0,         0,         0,         0,     42172,     60969,     29852,     45009
       482,    530482,241.921348,      11.5,         0,     30806,         0,      4503,       349,    354264,         0,     51782,      4014,    -12244,    -17051,    -29294,   -140802,   -196083,   -336885,     23172,         0,      5510,       290,         0,         0,         0,         0,     -7264,    -14075,    -21339,         0,         0,         0,         0,         0,         0,         0,     43049,     60100,     30436,     44511
       483,    530483, 33.380336,      35.6,      83.8,     37585,         0,      4693,       765,   1338030,         0,    167088,     27245,    -12473,    -12033,    -24506,   -444033,   -428390,   -872424,     27639,         0,      5966,       638,   2316177,         0,    499954,     53453,     -7625,    -10581,    -18207,   -639001,   -886722,  -1525723,         0,         0,         0,         0,     50058,     62091,     35265,     45846
       484,    530484,588.595925,      98.3,    1393.0,     68060,         0,      4388,      1470,   6690255,         0,    431343,    144472,     -7666,     -9724,    -17390,   -753599,   -955881,  -1709480,     47009,         0,      3289,       135,  65483534,         0,   4582241,    188710,     -4778,     -9941,    -14719,  -6656436, -13847769, -20504205,         0,         0,         0,         0,     75726,     85450,     51787,     61728
       485,    530485,224.411111,     305.5,      10.1,     55780,         0,      4618,       110,  17040850,         0,   1410881,     33720,    -11180,    -13216,    -24396,  -3415530,  -4037552,  -7453082,     39410,         0,      4617,       677,    398046,         0,     46636,      6838,     -7037,    -11894,    -18931,    -71075,   -120132,   -191207,         0,         0,         0,         0,     66960,     80177,     46448,     58342
       486,    530486,128.060079,     332.2,      33.3,     55622,         0,      4669,       431,  18477697,         0,   1551111,    143045,    -11156,    -11609,    -22766,  -3706188,  -3856613,  -7562801,     39320,         0,      5044,       761,   1309342,         0,    167977,     25326,     -7009,    -10832,    -17841,   -233401,   -360698,   -594100,         0,         0,         0,         0,     66779,     78388,     46329,     57160
       487,    530487, 92.885603,     139.5,     329.6,     39707,         0,      4901,      2061,   5539162,         0,    683654,    287547,    -12415,    -12018,    -24433,  -1731920,  -1676490,  -3408409,     29021,         0,      6469,      1065,   9565211,         0,   2132295,    351121,     -7652,    -10597,    -18249,  -2522254,  -3492667,  -6014920,         0,         0,         0,         0,     52122,     64140,     36673,     47270
       488,    530488, 39.855986,      93.1,     100.6,     38456,         0,      4817,      1376,   3580231,         0,    448426,    128127,    -12470,    -12216,    -24686,  -1160924,  -1137355,  -2298279,     28210,         0,      6234,      1021,   2837877,         0,    627151,    102682,     -7653,    -10719,    -18371,   -769855,  -1078300,  -1848155,         0,         0,         0,         0,     50925,     63142,     35862,     46581
       489,    530489, 39.931019,      73.6,      33.0,     37493,         0,      4754,      1100,   2759491,         0,    349900,     80961,    -12452,    -12347,    -24799,   -916485,   -908749,  -1825234,     27576,         0,      6088,       849,    910019,         0,    200890,     28014,     -7611,    -10814,    -18426,   -251176,   -356867,   -608044,         0,         0,         0,         0,     49945,     62292,     35188,     46002
       490,    530490, 35.733820,      25.2,      16.4,         0,         0,      4901,       312,         0,         0,    123518,      7857,         0,         0,         0,         0,         0,         0,         0,         0,      6397,       686,         0,         0,    104915,     11255,         0,         0,         0,         0,         0,         0,         0,         0,         0,         0,         0,         0,         0,         0
       491,    530491,125.038764,     117.1,     112.9,     50261,         0,      4955,       326,   5885564,         0,    580186,     38185,    -11769,    -11729,    -23497,  -1378123,  -1373418,  -2751541,     35958,         0,      6525,       755,   4059664,         0,    736728,     85275,     -7351,    -10571,    -17921,   -829878,  -1193456,  -2023335,         0,         0,         0,         0,     62030,     73758,     43309,     53880
       492,    530492,144.880462,     333.0,         0,     46537,         0,      5082,       317,  15496677,         0,   1692391,    105590,    -11971,    -12152,    -24123,  -3986287,  -4046577,  -8032863,     33479,         0,      6855,       698,         0,         0,         0,         0,     -7452,    -10801,    -18253,         0,         0,         0,         0,         0,         0,         0,     58507,     70659,     40930,     51731
       493,    530493, 81.427017,         0,      16.8,     52231,         0,      4810,       362,         0,         0,         0,         0,    -11580,    -12336,    -23917,         0,         0,         0,     37225,         0,      5916,       291,    625378,         0,     99381,      4885,     -7245,    -11147,    -18392,   -121716,   -187263,   -308979,         0,         0,         0,         0,     63812,     76148,     44470,     55616
       494,    530494, 66.074281,      16.8,      36.2,     43196,         0,      5074,       484,    725690,         0,     85242,      8133,    -12067,    -14006,    -26073,   -202720,   -235309,   -438029,     31250,         0,      6898,       776,   1131266,         0,    249696,     28078,     -7488,    -12042,    -19531,   -271082,   -435925,   -707007,         0,         0,         0,         0,     55263,     69269,     38739,     50781
       495,    530495, 96.733872,      72.6,     101.5,     41007,         0,      5029,       993,   2977090,         0,    365069,     72127,    -12311,    -14408,    -26718,   -893763,  -1045986,  -1939749,     29843,         0,      6851,       736,   3029083,         0,    695392,     74739,     -7622,    -12261,    -19883,   -773585,  -1244499,  -2018084,         0,         0,         0,         0,     53318,     67725,     37465,     49726
       496,    530496, 37.015487,     117.5,     193.3,     42545,         0,      5004,      1788,   4999054,         0,    587928,    210039,    -12328,    -12196,    -24524,  -1448562,  -1433025,  -2881588,     30884,         0,      6732,       823,   5969936,         0,   1301356,    159170,     -7639,    -10724,    -18363,  -1476668,  -2072917,  -3549584,         0,         0,         0,         0,     54873,     67069,     38524,     49247
       497,    530497, 56.244028,      84.8,     266.6,     40151,         0,      4948,      1888,   3404783,         0,    419569,    160088,    -12532,    -13454,    -25986,  -1062719,  -1140860,  -2203580,     29311,         0,      6557,       959,   7814292,         0,   1748206,    255620,     -7744,    -11549,    -19293,  -2064418,  -3079013,  -5143432,         0,         0,         0,         0,     52683,     66136,     37054,     48604
       498,    530498,123.381184,     182.9,     390.1,     39085,         0,      4862,      1866,   7148573,         0,    889282,    341375,    -12518,    -12790,    -25309,  -2289567,  -2339377,  -4628943,     28609,         0,      6344,      1087,  11160341,         0,   2474926,    424223,     -7712,    -11099,    -18811,  -3008289,  -4329892,  -7338181,         0,         0,         0,         0,     51603,     64393,     36321,     47420
       499,    530499, 27.444721,      26.8,     249.5,     38152,         0,      4788,      1487,   1022484,         0,    128308,     39861,    -12460,    -13059,    -25519,   -333930,   -349984,   -683914,     28008,         0,      6146,      1005,   6987889,         0,   1533520,    250836,     -7639,    -11269,    -18908,  -1905912,  -2811517,  -4717429,         0,         0,         0,         0,     50612,     63672,     35646,     46915
       500,    530500, 37.900815,      52.4,     178.0,     36737,         0,      4708,      1093,   1925033,         0,    246688,     57269,    -12445,    -13453,    -25898,   -652108,   -704938,  -1357046,     27070,         0,      5936,       785,   4818462,         0,   1056621,    139679,     -7593,    -11550,    -19143,  -1351532,  -2055951,  -3407482,         0,         0,         0,         0,     49182,     62635,     34663,     46213
       501,    530501,105.055709,         0,     382.7,     54472,         0,      4735,       460,         0,         0,         0,         0,    -11360,    -11204,    -22563,         0,         0,         0,     38585,         0,      5484,       577,  14766501,         0,   2098562,    220670,     -7135,    -10520,    -17655,  -2730397,  -4025991,  -6756389,         0,         0,         0,         0,     65831,     77035,     45720,     56240
       502,    530502,156.751280,         0,     205.8,     66517,         0,      4475,       827,         0,         0,         0,         0,     -7676,    -10343,    -18019,         0,         0,         0,     45891,         0,      3459,        24,   9444340,         0,    711951,      4995,     -4784,    -10471,    -15254,   -984447,  -2154907,  -3139354,         0,         0,         0,         0,     74194,     84536,     50674,     61145
       503,    530503,516.826326,     173.8,      17.1,     40646,         0,      4923,        39,   7064244,         0,    855601,      6855,    -11936,    -18077,    -30013,  -2074457,  -3141768,  -5216226,     29407,         0,      6572,       290,    502857,         0,    112386,      4967,     -7389,    -14965,    -22354,   -126346,   -255902,   -382247,         0,         0,         0,         0,     52582,     70659,     36795,     51761
       504,    530504,154.965161,     190.1,       9.0,     61969,         0,      4603,       175,  11780350,         0,    875046,     33230,     -9482,    -11200,    -20682,  -1802602,  -2129128,  -3931730,     43499,         0,      4306,       291,    391491,         0,     38756,      2619,     -5938,    -10439,    -16376,    -53439,    -93949,   -147388,         0,         0,         0,         0,     71452,     82652,     49437,     59875
       505,    530505, 61.630689,         0,         0,         0,         0,      4796,       346,         0,         0,         0,         0,         0,         0,         0,         0,         0,         0,         0,         0,      5910,       108,         0,         0,         0,         0,         0,         0,         0,         0,         0,         0,         0,         0,         0,         0,         0,         0,         0,         0
       506,    530506, 37.328806,         0,         0,         0,         0,      4851,       144,         0,         0,         0,         0,         0,         0,         0,         0,         0,         0,         0,         0,      6198,       264,         0,         0,         0,         0,         0,         0,         0,         0,         0,         0,         0,         0,         0,         0,         0,         0,         0,         0
       507,    530507, 40.320135,      45.9,       4.5,     41347,         0,      4978,      1303,   1897842,         0,    228482,     59823,    -12318,    -13112,    -25430,   -565412,   -601825,  -1167237,     30078,         0,      6649,       745,    135351,         0,     29919,      3350,     -7630,    -11338,    -18968,    -34335,    -51023,    -85357,         0,         0,         0,         0,     53666,     66777,     37708,     49046
       508,    530508, 26.854206,      48.5,       4.4,     37453,         0,      4749,      1349,   1816466,         0,    230345,     65412,    -12441,    -13390,    -25831,   -603369,   -649429,  -1252798,     27545,         0,      6045,       922,    121200,         0,     26599,      4058,     -7607,    -11502,    -19109,    -33469,    -50611,    -84080,         0,         0,         0,         0,     49894,     63284,     35152,     46655
       509,    530509, 51.968623,         0,         0,         0,         0,      4735,       453,         0,         0,         0,         0,         0,         0,         0,         0,         0,         0,         0,         0,      5544,       378,         0,         0,         0,         0,         0,         0,         0,         0,         0,         0,         0,         0,         0,         0,         0,         0,         0,         0
       510,    530510, 32.319475,      30.4,      44.6,     56161,         0,      4687,       374,   1707296,         0,    142479,     11378,    -11327,    -12071,    -23398,   -344338,   -366965,   -711304,     39762,         0,      5100,       642,   1773365,         0,    227439,     28642,     -7142,    -10993,    -18135,   -318546,   -490289,   -808835,         0,         0,         0,         0,     67488,     79559,     46904,     57897
       511,    530511, 50.015999,      26.1,       4.4,     43903,         0,      5042,       150,   1145876,         0,    131599,      3916,    -12073,    -14033,    -26106,   -315102,   -366269,   -681371,     31736,         0,      6802,       589,    139639,         0,     29928,      2591,     -7497,    -12017,    -19515,    -32989,    -52875,    -85864,         0,         0,         0,         0,     55976,     70009,     39234,     51251
       512,    530512, 61.367376,      36.1,       6.6,     41819,         0,      4994,       385,   1509666,         0,    180299,     13907,    -12052,    -14293,    -26345,   -435074,   -515969,   -951044,     30366,         0,      6737,       553,    200417,         0,     44462,      3649,     -7462,    -12166,    -19628,    -49252,    -80292,   -129544,         0,         0,         0,         0,     53871,     68164,     37829,     49994
       513,    530513, 42.187246,      33.4,       3.1,     39932,         0,      4951,       725,   1333719,         0,    165377,     24203,    -12303,    -14579,    -26883,   -410937,   -486947,   -897884,     29133,         0,      6592,       650,     90314,         0,     20435,      2015,     -7600,    -12336,    -19936,    -23560,    -38242,    -61802,         0,         0,         0,         0,     52235,     66814,     36733,     49069
       514,    530514, 42.727552,      33.3,       7.6,     38697,         0,      4894,       924,   1288608,         0,    162967,     30782,    -12300,    -14501,    -26800,   -409581,   -482869,   -892450,     28334,         0,      6436,       758,    215338,         0,     48913,      5761,     -7565,    -12271,    -19836,    -57492,    -93260,   -150752,         0,         0,         0,         0,     50997,     65497,     35899,     48170
       515,    530515, 28.291441,      30.4,         0,     36948,         0,      4785,      1352,   1123217,         0,    145474,     41092,    -12530,    -14381,    -26911,   -380897,   -437197,   -818094,     27201,         0,      6155,       957,         0,         0,         0,         0,     -7662,    -12190,    -19852,         0,         0,         0,         0,         0,         0,         0,     49477,     63859,     34863,     47053
       516,    530516, 59.220586,     134.9,      28.6,     35508,         0,      4657,       781,   4790073,         0,    628207,    105312,    -12415,    -14940,    -27355,  -1674800,  -2015427,  -3690227,     26264,         0,      5815,       704,    751144,         0,    166302,     20139,     -7543,    -12555,    -20097,   -215723,   -359060,   -574783,         0,         0,         0,         0,     47923,     62864,     33807,     46361
       517,    530517, 35.713435,      69.0,       9.9,     37497,         0,      4826,      1104,   2587314,         0,    332977,     76155,    -12581,    -15008,    -27589,   -868081,  -1035527,  -1903609,     27545,         0,      6253,       912,    272699,         0,     61903,      9027,     -7722,    -12606,    -20328,    -76446,   -124804,   -201250,         0,         0,         0,         0,     50078,     65086,     35267,     47874
       518,    530518,257.219640,         0,     190.9,     63867,         0,      4585,       643,         0,         0,         0,         0,     -7674,    -15577,    -23251,         0,         0,         0,     44421,         0,      3669,       125,   8480025,         0,    700456,     23884,     -4754,    -13485,    -18239,   -907454,  -2574302,  -3481757,         0,         0,         0,         0,     71541,     87118,     49175,     62660
       519,    530519,332.597194,         0,     375.4,     62570,         0,      4630,       423,         0,         0,         0,         0,     -7651,    -13948,    -21599,         0,         0,         0,     43451,         0,      3978,         2,  16311671,         0,   1493280,       827,     -4751,    -12622,    -17373,  -1783662,  -4738173,  -6521835,         0,         0,         0,         0,     70221,     84169,     48203,     60824
       520,    530520, 36.830867,         0,         0,         0,         0,      4674,       281,         0,         0,         0,         0,         0,         0,         0,         0,         0,         0,         0,         0,      5077,       568,         0,         0,         0,         0,         0,         0,         0,         0,         0,         0,         0,         0,         0,         0,         0,         0,         0,         0
       521,    530521,110.891691,         0,         0,         0,         0,      4705,        72,         0,         0,         0,         0,         0,         0,         0,         0,         0,         0,         0,         0,      5906,         0,         0,         0,         0,         0,         0,         0,         0,         0,         0,         0,         0,         0,         0,         0,         0,         0,         0,         0
       522,    530522, 76.401260,         0,         0,         0,         0,      4744,        27,         0,         0,         0,         0,         0,         0,         0,         0,         0,         0,         0,         0,      6182,        35,         0,         0,         0,         0,         0,         0,         0,         0,         0,         0,         0,         0,         0,         0,         0,         0,         0,         0
       523,    530523,122.118699,         0,         0,     41003,         0,      4789,        87,         0,         0,         0,         0,    -11942,    -19802,    -31744,         0,         0,         0,     29653,         0,      6308,       167,         0,         0,         0,         0,     -7396,    -16180,    -23576,         0,         0,         0,         0,         0,         0,         0,     52944,     72746,     37049,     53229
       524,    530524,154.898029,         0,         0,         0,         0,      4717,       311,         0,         0,         0,         0,         0,         0,         0,         0,         0,         0,         0,         0,      5692,        31,         0,         0,         0,         0,         0,         0,         0,         0,         0,         0,         0,         0,         0,         0,         0,         0,         0,         0
       525,    530525, 22.784930,      24.0,       4.8,     34195,         0,      4745,      1047,    820675,         0,    113879,     25121,    -12361,    -16661,    -29022,   -296668,   -399857,   -696525,     25391,         0,      6056,       891,    121879,         0,     29066,      4277,     -7468,    -13772,    -21239,    -35844,    -66105,   -101949,         0,         0,         0,         0,     46556,     63217,     32859,     46631
       526,    530526, 58.184794,         0,         0,     52415,         0,      4602,       239,         0,         0,         0,         0,    -11214,    -16005,    -27218,         0,         0,         0,     37103,         0,      4697,       555,         0,         0,         0,         0,     -7001,    -13852,    -20852,         0,         0,         0,         0,         0,         0,         0,     63629,     79633,     44104,     57955
       527,    530527,172.325391,         0,      76.7,     65011,         0,      4591,       597,         0,         0,         0,         0,     -7698,    -13636,    -21334,         0,         0,         0,     45273,         0,      3709,         0,   3472402,         0,    284483,         0,     -4761,    -12171,    -16932,   -365165,   -933551,  -1298716,         0,         0,         0,         0,     72709,     86345,     50033,     62205
       528,    530528, 47.786640,         0,         0,         0,         0,      4653,       201,         0,         0,         0,         0,         0,         0,         0,         0,         0,         0,         0,         0,      5166,       308,         0,         0,         0,         0,         0,         0,         0,         0,         0,         0,         0,         0,         0,         0,         0,         0,         0,         0
       529,    530529, 71.625122,     114.0,       5.8,     32927,         0,      4547,       152,   3753647,         0,    518397,     17284,    -12317,    -17028,    -29345,  -1404134,  -1941172,  -3345306,     24557,         0,      5591,       492,    142430,         0,     32427,      2853,     -7396,    -14008,    -21404,    -42898,    -81244,   -124142,         0,         0,         0,         0,     45244,     62272,     31953,     45961
       530,    530530,323.882542,      92.9,         0,     39705,         0,      4916,        16,   3688632,         0,    456660,      1472,    -12038,    -16845,    -28883,  -1118320,  -1564935,  -2683255,     28889,         0,      6509,       212,         0,         0,         0,         0,     -7432,    -13942,    -21374,         0,         0,         0,         0,         0,         0,         0,     51743,     68589,     36321,     50263
       531,    530531, 41.280283,      20.0,       6.7,     38865,         0,      4893,       286,    777293,         0,     97850,      5728,    -12031,    -15890,    -27921,   -240616,   -317804,   -558421,     28410,         0,      6445,       528,    190349,         0,     43182,      3540,     -7398,    -13228,    -20626,    -49568,    -88628,   -138196,         0,         0,         0,         0,     50895,     66786,     35809,     49037
       532,    530532, 42.130786,      14.0,         0,     36639,         0,      4846,       523,    512949,         0,     67840,      7324,    -12582,    -16902,    -29484,   -176149,   -236624,   -412772,     26970,         0,      6328,       656,         0,         0,         0,         0,     -7707,    -13902,    -21609,         0,         0,         0,         0,         0,         0,         0,     49221,     66123,     34677,     48579
       533,    530533, 52.302765,         0,         0,     56526,         0,      4586,       227,         0,         0,         0,         0,    -11144,    -13461,    -24606,         0,         0,         0,     39973,         0,      4766,       364,         0,         0,         0,         0,     -7007,    -11938,    -18945,         0,         0,         0,         0,         0,         0,         0,     67671,     81132,     46980,     58918
       534,    530534, 42.254268,      15.2,      66.0,     36697,         0,      4763,       458,    557791,         0,     72391,      6969,    -12581,    -15984,    -28565,   -191225,   -242960,   -434185,     27010,         0,      6103,       752,   1782657,         0,    402795,     49625,     -7707,    -13257,    -20963,   -508637,   -874930,  -1383568,         0,         0,         0,         0,     49277,     65262,     34717,     47973
       535,    530535, 41.352718,      33.0,       6.2,     34863,         0,      4685,       492,   1150480,         0,    154599,     16244,    -12516,    -16265,    -28781,   -413041,   -536742,   -949782,     25827,         0,      5909,       736,    160129,         0,     36638,      4566,     -7597,    -13467,    -21064,    -47104,    -83495,   -130599,         0,         0,         0,         0,     47379,     63644,     33425,     46892
       536,    530536, 77.371180,       4.1,     182.0,     55183,         0,      4523,       192,    226249,         0,     18544,       786,    -11173,    -16061,    -27234,    -45808,    -65851,   -111659,     39197,         0,      4567,       228,   7133882,         0,    831225,     41499,     -6986,    -13609,    -20596,  -1271477,  -2476910,  -3748387,         0,         0,         0,         0,     66355,     82417,     46183,     59793
       537,    530537,155.248869,         0,         0,         0,         0,      4406,         2,         0,         0,         0,         0,         0,         0,         0,         0,         0,         0,         0,         0,      5525,        22,         0,         0,         0,         0,         0,         0,         0,         0,         0,         0,         0,         0,         0,         0,         0,         0,         0,         0
       538,    530538, 84.985971,     207.7,       4.5,     70700,         0,      4822,       357,  14684453,         0,   1001587,     74131,     -7548,     -9895,    -17443,  -1567777,  -2055189,  -3622966,     49090,         0,      3968,       261,    220906,         0,     17857,      1177,     -4613,     -9415,    -14028,    -20760,    -42365,    -63126,         0,         0,         0,         0,     78249,     88144,     53704,     63118
       539,    530539,309.077013,         0,         0,         0,         0,      4325,       134,         0,         0,         0,         0,         0,         0,         0,         0,         0,         0,         0,         0,      4643,        52,         0,         0,         0,         0,         0,         0,         0,         0,         0,         0,         0,         0,         0,         0,         0,         0,         0,         0
       540,    530540,139.556538,         0,         0,     46993,         0,      4412,        38,         0,         0,         0,         0,    -11523,    -19783,    -31306,         0,         0,         0,     33520,         0,      4979,        15,         0,         0,         0,         0,     -7174,    -16350,    -23524,         0,         0,         0,         0,         0,         0,         0,     58516,     78299,     40694,     57043
       541,    530541, 77.435799,         0,         0,     63441,         0,      4533,       459,         0,         0,         0,         0,     -9144,    -11827,    -20971,         0,         0,         0,     44500,         0,      4167,       116,         0,         0,         0,         0,     -5707,    -10724,    -16432,         0,         0,         0,         0,         0,         0,         0,     72584,     84411,     50208,     60932
       542,    530542,159.791808,         0,         0,     52721,         0,      4407,         0,         0,         0,         0,         0,    -11424,    -14626,    -26051,         0,         0,         0,     37297,         0,      5192,        13,         0,         0,         0,         0,     -7159,    -12829,    -19988,         0,         0,         0,         0,         0,         0,         0,     64145,     78771,     44455,     57284
       543,    530543,136.350338,         0,         0,     19794,         0,      4161,        13,         0,         0,         0,         0,    -11542,    -30293,    -41835,         0,         0,         0,     15915,         0,      4923,       110,         0,         0,         0,         0,     -6344,    -23242,    -29586,         0,         0,         0,         0,         0,         0,         0,     31336,     61629,     22259,     45501
       544,    530544, 82.473397,      25.6,         0,     30699,         0,      4776,        68,    785894,         0,    122263,      1740,    -12424,    -23115,    -35539,   -318047,   -591741,   -909788,     23002,         0,      6192,       332,         0,         0,         0,         0,     -7414,    -18257,    -25672,         0,         0,         0,         0,         0,         0,         0,     43123,     66238,     30416,     48674
       545,    530545, 83.884054,      75.1,       3.8,     34698,         0,      4711,       142,   2605800,         0,    353782,     10690,    -12550,    -18960,    -31509,   -942477,  -1423867,  -2366344,     25674,         0,      6028,       411,     97560,         0,     22907,      1562,     -7639,    -15296,    -22936,    -29029,    -58127,    -87156,         0,         0,         0,         0,     47247,     66207,     33313,     48609
       546,    530546, 84.754609,      41.2,         0,     34696,         0,      4632,       179,   1429491,         0,    190823,      7360,    -12548,    -18017,    -30565,   -516986,   -742284,  -1259269,     25674,         0,      5817,       495,         0,         0,         0,         0,     -7638,    -14643,    -22280,         0,         0,         0,         0,         0,         0,         0,     47245,     65261,     33311,     47954
       547,    530547, 83.569777,      52.3,      18.5,     32765,         0,      4542,       163,   1713619,         0,    237527,      8526,    -12434,    -18312,    -30746,   -650312,   -957715,  -1608027,     24436,         0,      5601,       483,    452062,         0,    103616,      8944,     -7479,    -14866,    -22346,   -138369,   -275025,   -413394,         0,         0,         0,         0,     45199,     63511,     31915,     46781
       548,    530548,132.215590,         0,         0,         0,         0,      4389,         0,         0,         0,         0,         0,         0,         0,         0,         0,         0,         0,         0,         0,      5909,         0,         0,         0,         0,         0,         0,         0,         0,         0,         0,         0,         0,         0,         0,         0,         0,         0,         0,         0
       549,    530549,140.384813,         0,         0,         0,         0,      4506,         0,         0,         0,         0,         0,         0,         0,         0,         0,         0,         0,         0,         0,      5837,         0,         0,         0,         0,         0,         0,         0,         0,         0,         0,         0,         0,         0,         0,         0,         0,         0,         0,         0
       550,    530550, 65.067939,         0,         0,     52088,         0,      4411,       270,         0,         0,         0,         0,    -11168,    -20371,    -31539,         0,         0,         0,     37163,         0,      4275,       100,         0,         0,         0,         0,     -6975,    -16369,    -23344,         0,         0,         0,         0,         0,         0,         0,     63256,     83627,     44138,     60507
       551,    530551,152.611580,         0,         0,         0,         0,      4388,         0,         0,         0,         0,         0,         0,         0,         0,         0,         0,         0,         0,         0,      6040,         0,         0,         0,         0,         0,         0,         0,         0,         0,         0,         0,         0,         0,         0,         0,         0,         0,         0,         0
       552,    530552,290.765448,         0,         0,         0,         0,      4400,         6,         0,         0,         0,         0,         0,         0,         0,         0,         0,         0,         0,         0,      6111,        57,         0,         0,         0,         0,         0,         0,         0,         0,         0,         0,         0,         0,         0,         0,         0,         0,         0,         0
       553,    530553,119.627760,         0,         0,     62034,         0,      4686,        91,         0,         0,         0,         0,     -7645,    -17681,    -25326,         0,         0,         0,     43050,         0,      3895,         0,         0,         0,         0,         0,     -4750,    -14941,    -19691,         0,         0,         0,         0,         0,         0,         0,     69679,     87361,     47801,     62741
       554,    530554,305.645937,         0,         0,     59741,         0,      4486,       260,         0,         0,         0,         0,     -7641,    -17935,    -25576,         0,         0,         0,     41327,         0,      3896,         6,         0,         0,         0,         0,     -4745,    -15414,    -20158,         0,         0,         0,         0,         0,         0,         0,     67383,     85317,     46072,     61486
       555,    530555,117.273976,         0,         0,         0,         0,      4544,         5,         0,         0,         0,         0,         0,         0,         0,         0,         0,         0,         0,         0,      6056,       103,         0,         0,         0,         0,         0,         0,         0,         0,         0,         0,         0,         0,         0,         0,         0,         0,         0,         0
       556,    530556,274.090434,      10.2,      57.4,     47679,         0,      4262,       138,    486322,         0,     43472,      1413,    -11124,    -26340,    -37464,   -113465,   -268665,   -382130,     34201,         0,      4002,        16,   1963127,         0,    229707,       930,     -6905,    -20310,    -27215,   -396328,  -1165823,  -1562150,         0,         0,         0,         0,     58803,     85142,     41105,     61416
       557,    530557, 47.614903,      15.2,       2.3,     31499,         0,      4523,        71,    478789,         0,     68744,      1086,    -12452,    -22869,    -35322,   -189276,   -347613,   -536890,     23535,         0,      5841,       265,     54130,         0,     13434,       609,     -7467,    -18020,    -25486,    -17173,    -41445,    -58618,         0,         0,         0,         0,     43952,     66821,     31001,     49021
       558,    530558, 43.165703,      22.4,      17.3,     32847,         0,      4480,       148,    735767,         0,    100361,      3305,    -12503,    -20864,    -33367,   -280077,   -467352,   -747429,     24436,         0,      5666,       359,    422744,         0,     98024,      6212,     -7549,    -16604,    -24153,   -130598,   -287244,   -417842,         0,         0,         0,         0,     45350,     66214,     31985,     48589
       559,    530559,252.352933,     153.1,     116.7,     30660,         0,      4104,       142,   4694102,         0,    628300,     21701,    -12428,    -21571,    -33999,  -1902667,  -3302589,  -5205257,     22978,         0,      5029,       247,   2681527,         0,    586912,     28802,     -7414,    -17115,    -24529,   -865200,  -1997313,  -2862514,         0,         0,         0,         0,     43088,     64659,     30392,     47507
       560,    530560,250.888880,      57.9,         0,     49270,         0,      4000,         9,   2852730,         0,    231590,       513,    -11170,    -22218,    -33388,   -646737,  -1286408,  -1933145,     35277,         0,      4311,       120,         0,         0,         0,         0,     -6946,    -17615,    -24562,         0,         0,         0,         0,         0,         0,         0,     60440,     82658,     42223,     59839
       561,    530561,486.304414,         0,         0,     23969,         0,      2708,         0,         0,         0,         0,         0,    -11937,    -25603,    -37540,         0,         0,         0,     18675,         0,      3098,         0,         0,         0,         0,         0,     -6782,    -19809,    -26591,         0,         0,         0,         0,         0,         0,         0,     35906,     61508,     25457,     45266
       562,    530562,260.030050,         0,         0,         0,         0,      3744,         0,         0,         0,         0,         0,         0,         0,         0,         0,         0,         0,         0,         0,      5469,         0,         0,         0,         0,         0,         0,         0,         0,         0,         0,         0,         0,         0,         0,         0,         0,         0,         0,         0
       563,    530563,146.831712,         0,         0,     16458,         0,      3654,       143,         0,         0,         0,         0,    -11302,    -42776,    -54077,         0,         0,         0,     13772,         0,      5267,         0,         0,         0,         0,         0,     -5994,    -31800,    -37794,         0,         0,         0,         0,         0,         0,         0,     27760,     70536,     19766,     51566
       564,    530564,277.389965,         0,         0,     24882,         0,      3935,        55,         0,         0,         0,         0,    -12205,    -31703,    -43908,         0,         0,         0,     19133,         0,      5439,         7,         0,         0,         0,         0,     -7022,    -24197,    -31219,         0,         0,         0,         0,         0,         0,         0,     37087,     68789,     26155,     50352
       565,    530565,143.487116,      14.3,         0,     30015,         0,      4062,       111,    429216,         0,     58085,      1586,    -12407,    -23981,    -36388,   -177414,   -342934,   -520348,     22549,         0,      5258,       231,         0,         0,         0,         0,     -7374,    -18774,    -26147,         0,         0,         0,         0,         0,         0,         0,     42422,     66403,     29922,     48696
       566,    530566, 83.224721,      14.9,         0,     48168,         0,      4000,        16,    717703,         0,     59607,       242,    -11523,    -18483,    -30006,   -171698,   -275391,   -447089,     34380,         0,      4900,        86,         0,         0,         0,         0,     -7187,    -15304,    -22491,         0,         0,         0,         0,         0,         0,         0,     59691,     78174,     41567,     56871
       567,    530567, 92.734065,         0,         0,     47687,         0,      3972,        13,         0,         0,         0,         0,    -11515,    -19972,    -31486,         0,         0,         0,     34041,         0,      4661,       124,         0,         0,         0,         0,     -7183,    -16307,    -23491,         0,         0,         0,         0,         0,         0,         0,     59202,     79173,     41224,     57532
       568,    530568,158.590605,      38.0,       5.9,     44438,         0,      3774,        37,   1688648,         0,    143423,      1414,    -11417,    -20822,    -32238,   -433831,   -791229,  -1225060,     31807,         0,      4870,       155,    187662,         0,     28734,       917,     -7136,    -16888,    -24024,    -42100,    -99641,   -141742,         0,         0,         0,         0,     55855,     76677,     38943,     55831
       569,    530569, 74.676968,         0,         0,         0,         0,      3882,         6,         0,         0,         0,         0,         0,         0,         0,         0,         0,         0,         0,         0,      5210,        47,         0,         0,         0,         0,         0,         0,         0,         0,         0,         0,         0,         0,         0,         0,         0,         0,         0,         0
       570,    530570,139.241485,         0,         0,         0,         0,      3769,         3,         0,         0,         0,         0,         0,         0,         0,         0,         0,         0,         0,         0,      5302,        18,         0,         0,         0,         0,         0,         0,         0,         0,         0,         0,         0,         0,         0,         0,         0,         0,         0,         0
       571,    530571,130.928551,         0,         0,         0,         0,      3704,         0,         0,         0,         0,         0,         0,         0,         0,         0,         0,         0,         0,         0,      5353,         0,         0,         0,         0,         0,         0,         0,         0,         0,         0,         0,         0,         0,         0,         0,         0,         0,         0,         0
       572,    530572,262.241983,       9.5,         0,     42091,         0,      4039,        24,    399867,         0,     38369,       223,    -11028,    -36093,    -47120,   -104762,   -342880,   -447642,     30252,         0,      3784,        12,         0,         0,         0,         0,     -6832,    -26559,    -33391,         0,         0,         0,         0,         0,         0,         0,     53119,     89211,     37084,     63643
       573,    530573,307.127852,       5.0,      51.7,     43936,         0,      3898,        52,    219680,         0,     19491,       259,    -11045,    -32500,    -43544,    -55224,   -162498,   -217721,     31563,         0,      3515,        12,   1631799,         0,    181718,       639,     -6854,    -24276,    -31131,   -354368,  -1255091,  -1609459,         0,         0,         0,         0,     54981,     87480,     38417,     62694
       574,    530574,414.926652,       5.0,         0,     47581,         0,      3686,        36,    237904,         0,     18431,       178,    -11066,    -27498,    -38564,    -55329,   -137489,   -192818,     34245,         0,      3479,        18,         0,         0,         0,         0,     -6854,    -20802,    -27656,         0,         0,         0,         0,         0,         0,         0,     58647,     86144,     41100,     61901
       575,    530575,100.084256,         0,         0,     48408,         0,      3672,        27,         0,         0,         0,         0,    -11121,    -23947,    -35067,         0,         0,         0,     34758,         0,      3945,       507,         0,         0,         0,         0,     -6894,    -18639,    -25533,         0,         0,         0,         0,         0,         0,         0,     59528,     83475,     41651,     60290
       576,    530576, 46.360187,         0,         0,     38786,         0,      3628,        60,         0,         0,         0,         0,    -11135,    -29354,    -40489,         0,         0,         0,     28109,         0,      4193,       592,         0,         0,         0,         0,     -6859,    -22597,    -29456,         0,         0,         0,         0,         0,         0,         0,     49920,     79274,     34969,     57565
       577,    530577, 60.516680,         0,         0,     46179,         0,      3621,        81,         0,         0,         0,         0,    -11456,    -21630,    -33086,         0,         0,         0,     33034,         0,      4360,       470,         0,         0,         0,         0,     -7160,    -17337,    -24497,         0,         0,         0,         0,         0,         0,         0,     57635,     79265,     40194,     57531
       578,    530578,221.395326,     145.9,      10.1,     26818,         0,      3175,        10,   3912782,         0,    463295,      1474,    -12293,    -27608,    -39901,  -1793574,  -4027958,  -5821532,     20423,         0,      4237,       153,    206275,         0,     42795,      1548,     -7165,    -21248,    -28413,    -72371,   -214605,   -286976,         0,         0,         0,         0,     39111,     66719,     27589,     48837
       579,    530579,130.193202,     208.9,      42.3,     44497,         0,      3072,       103,   9295414,         0,    641834,     21487,    -11366,    -23621,    -34987,  -2374373,  -4934376,  -7308749,     32004,         0,      3873,       683,   1353783,         0,    163844,     28878,     -7071,    -18545,    -25616,   -299091,   -784463,  -1083553,         0,         0,         0,         0,     55863,     79484,     39075,     57620
       580,    530580,268.251269,     401.9,      22.2,     43430,         0,      3282,        42,  17454633,         0,   1318841,     16986,    -10946,    -28727,    -39673,  -4399259, -11545479, -15944738,     31389,         0,      3641,       595,    696834,         0,     80823,     13207,     -6780,    -21817,    -28597,   -150516,   -484338,   -634854,         0,         0,         0,         0,     54376,     83104,     38169,     59986
       581,    530581,352.303499,     155.8,       4.6,     42097,         0,      2207,        47,   6558771,         0,    343846,      7326,    -11324,    -24874,    -36198,  -1764356,  -3875360,  -5639717,     30329,         0,      3385,       320,    139514,         0,     15569,      1472,     -7035,    -19376,    -26410,    -32360,    -89127,   -121487,         0,         0,         0,         0,     53422,     78296,     37364,     56739
       582,    530582, 82.037140,      67.5,         0,     41022,         0,      3163,        89,   2768973,         0,    213498,      5984,    -11154,    -27729,    -38883,   -752881,  -1871741,  -2624622,     29674,         0,      3780,       756,         0,         0,         0,         0,     -6911,    -21324,    -28235,         0,         0,         0,         0,         0,         0,         0,     52176,     79905,     36585,     57909
       583,    530583, 81.342709,     151.4,      47.9,     44760,         0,      3086,        96,   6776681,         0,    467296,     14573,    -11404,    -22165,    -33569,  -1726515,  -3355774,  -5082289,     32128,         0,      4112,       504,   1538926,         0,    196985,     24124,     -7110,    -17622,    -24732,   -340572,   -844102,  -1184673,         0,         0,         0,         0,     56164,     78329,     39238,     56860
       584,    530584,169.571469,         0,         0,         0,         0,      2917,         3,         0,         0,         0,         0,         0,         0,         0,         0,         0,         0,         0,         0,      4438,         8,         0,         0,         0,         0,         0,         0,         0,         0,         0,         0,         0,         0,         0,         0,         0,         0,         0,         0
       585,    530585,174.802500,         0,         0,         0,         0,      2437,        20,         0,         0,         0,         0,         0,         0,         0,         0,         0,         0,         0,         0,      3894,       145,         0,         0,         0,         0,         0,         0,         0,         0,         0,         0,         0,         0,         0,         0,         0,         0,         0,         0
       586,    530586,210.505506,         0,         0,         0,         0,      2843,         0,         0,         0,         0,         0,         0,         0,         0,         0,         0,         0,         0,         0,      4423,         0,         0,         0,         0,         0,         0,         0,         0,         0,         0,         0,         0,         0,         0,         0,         0,         0,         0,         0
       587,    530587,455.731445,         0,         0,     16665,         0,      2782,        18,         0,         0,         0,         0,    -11339,    -45149,    -56488,         0,         0,         0,     13891,         0,      4395,         1,         0,         0,         0,         0,     -6039,    -33326,    -39365,         0,         0,         0,         0,         0,         0,         0,     28004,     73153,     19930,     53256
       588,    530588,159.524673,         0,     143.2,     18124,         0,      3166,       143,         0,         0,         0,         0,    -11554,    -40928,    -52482,         0,         0,         0,     14777,         0,      4668,         8,   2116118,         0,    668451,      1159,     -6280,    -30484,    -36764,   -899362,  -4365278,  -5264640,         0,         0,         0,         0,     29678,     70606,     21058,     51542
       589,    530589,161.200222,         0,         0,     25848,         0,      3159,       123,         0,         0,         0,         0,    -12253,    -30725,    -42978,         0,         0,         0,     19775,         0,      4461,       137,         0,         0,         0,         0,     -7097,    -23404,    -30501,         0,         0,         0,         0,         0,         0,         0,     38100,     68826,     26872,     50276
       590,    530590,129.072887,         0,         0,     23919,         0,      2537,         8,         0,         0,         0,         0,    -12157,    -31119,    -43276,         0,         0,         0,     18501,         0,      3441,       128,         0,         0,         0,         0,     -6949,    -23656,    -30605,         0,         0,         0,         0,         0,         0,         0,     36076,     67195,     25450,     49106
       591,    530591,474.874995,      74.7,         0,     42909,         0,      2533,         5,   3205265,         0,    189230,       396,    -10942,    -30007,    -40949,   -817358,  -2241508,  -3058866,     31018,         0,      2902,       171,         0,         0,         0,         0,     -6775,    -22542,    -29316,         0,         0,         0,         0,         0,         0,         0,     53850,     83857,     37793,     60335
       592,    530592,157.763944,       7.4,         0,     20344,         0,      2526,       115,    150542,         0,     18692,       850,    -11852,    -38729,    -50581,    -87708,   -286593,   -374301,     16167,         0,      3878,        13,         0,         0,         0,         0,     -6599,    -28895,    -35493,         0,         0,         0,         0,         0,         0,         0,     32196,     70925,     22765,     51660
       593,    530593,218.152625,         0,         0,     43992,         0,      2924,        19,         0,         0,         0,         0,    -10794,    -31548,    -42342,         0,         0,         0,     31826,         0,      2864,       106,         0,         0,         0,         0,     -6725,    -23522,    -30247,         0,         0,         0,         0,         0,         0,         0,     54786,     86334,     38551,     62073
       594,    530594,158.778806,       7.1,         0,     23933,         0,      2525,        46,    169927,         0,     17927,       330,    -12158,    -32971,    -45130,    -86323,   -234096,   -320420,     18510,         0,      3661,        56,         0,         0,         0,         0,     -6950,    -24905,    -31855,         0,         0,         0,         0,         0,         0,         0,     36092,     69063,     25460,     50365
       595,    530595,329.526850,         0,         0,     57514,         0,      3644,       138,         0,         0,         0,         0,     -2622,    -21943,    -24565,         0,         0,         0,     39744,         0,      3990,       170,         0,         0,         0,         0,     -1509,    -18781,    -20290,         0,         0,         0,         0,         0,         0,         0,     60136,     82079,     41254,     60034
       596,    530596,695.599170,     259.0,     209.7,     36664,         0,      2837,       210,   9496085,         0,    734839,     54312,    -10634,    -41088,    -51722,  -2754137, -10641850, -13395987,     26686,         0,      3185,       259,   5596069,         0,    667925,     54312,     -6491,    -29763,    -36254,  -1361243,  -6241319,  -7602562,         0,         0,         0,         0,     47298,     88386,     33177,     62941
       597,    530597,395.852168,         0,     135.0,     40551,         0,      1084,       135,         0,         0,         0,         0,    -10025,    -30763,    -40788,         0,         0,         0,     29318,         0,      1979,         0,   3957871,         0,    267223,         0,     -6170,    -23727,    -29897,   -832903,  -3203182,  -4036085,         0,         0,         0,         0,     50576,     81340,     35487,     59214
       598,    530598,445.300495,         0,         0,         0,         0,      1395,         0,         0,         0,         0,         0,         0,         0,         0,         0,         0,         0,         0,         0,      2811,         2,         0,         0,         0,         0,         0,         0,         0,         0,         0,         0,         0,         0,         0,         0,         0,         0,         0,         0
       599,    530599, 80.160442,         0,         0,         0,         0,      1644,         0,         0,         0,         0,         0,         0,         0,         0,         0,         0,         0,         0,         0,      3095,         0,         0,         0,         0,         0,         0,         0,         0,         0,         0,         0,         0,         0,         0,         0,         0,         0,         0,         0
       600,    530600, 84.323581,         0,         0,         0,         0,      1696,         0,         0,         0,         0,         0,         0,         0,         0,         0,         0,         0,         0,         0,      3124,         0,         0,         0,         0,         0,         0,         0,         0,         0,         0,         0,         0,         0,         0,         0,         0,         0,         0,         0
       601,    530601,193.647341,         0,         0,     18120,         0,      1794,         0,         0,         0,         0,         0,    -11552,    -43211,    -54763,         0,         0,         0,     14774,         0,      3125,         3,         0,         0,         0,         0,     -6280,    -31852,    -38132,         0,         0,         0,         0,         0,         0,         0,     29672,     72883,     21055,     52907
       602,    530602,695.533412,       4.1,         0,     18169,         0,      1348,         2,     74491,         0,      5525,         9,    -11560,    -40579,    -52138,    -47395,   -166372,   -213767,     14804,         0,      2340,         9,         0,         0,         0,         0,     -6288,    -29982,    -36270,         0,         0,         0,         0,         0,         0,         0,     29728,     70307,     21092,     51074
       603,    530603,345.405041,      63.4,      29.4,     20740,         0,      1356,        29,   1314934,         0,     85978,      1864,    -11893,    -35092,    -46985,   -754039,  -2224839,  -2978878,     16418,         0,      2089,        64,    482700,         0,     61428,      1873,     -6647,    -26261,    -32908,   -195412,   -772075,   -967488,         0,         0,         0,         0,     32634,     67726,     23065,     49326
       604,    530604,265.899856,     127.7,      24.4,     43349,         0,      2347,        24,   5535628,         0,    299694,      3116,    -10789,    -32261,    -43050,  -1377731,  -4119715,  -5497446,     31370,         0,      2461,       150,    765419,         0,     60058,      3666,     -6718,    -23917,    -30635,   -163918,   -583565,   -747483,         0,         0,         0,         0,     54138,     86398,     38088,     62004
       605,    530605, 68.776188,         0,         0,         0,         0,      1123,         0,         0,         0,         0,         0,         0,         0,         0,         0,         0,         0,         0,         0,      2452,         0,         0,         0,         0,         0,         0,         0,         0,         0,         0,         0,         0,         0,         0,         0,         0,         0,         0,         0
       606,    530606,102.188260,         0,         0,         0,         0,      1168,         0,         0,         0,         0,         0,         0,         0,         0,         0,         0,         0,         0,         0,      2467,         0,         0,         0,         0,         0,         0,         0,         0,         0,         0,         0,         0,         0,         0,         0,         0,         0,         0,         0
       607,    530607,158.012528,         0,         0,         0,         0,      1263,         0,         0,         0,         0,         0,         0,         0,         0,         0,         0,         0,         0,         0,      2466,         2,         0,         0,         0,         0,         0,         0,         0,         0,         0,         0,         0,         0,         0,         0,         0,         0,         0,         0
       608,    530608,330.026956,      31.8,         0,     40912,         0,      1741,        17,   1301007,         0,     55359,       550,    -10604,    -34793,    -45397,   -337195,  -1106426,  -1443621,     29633,         0,      2038,       122,         0,         0,         0,         0,     -6592,    -25595,    -32187,         0,         0,         0,         0,         0,         0,         0,     51516,     86309,     36225,     61819
       609,    530609,423.192608,         0,         0,     36778,         0,      1926,        63,         0,         0,         0,         0,    -10319,    -38894,    -49213,         0,         0,         0,     26632,         0,      2498,        78,         0,         0,         0,         0,     -6303,    -28451,    -34754,         0,         0,         0,         0,         0,         0,         0,     47097,     85991,     32935,     61386
       610,    530610,188.296215,         0,         0,         0,         0,       778,         0,         0,         0,         0,         0,         0,         0,         0,         0,         0,         0,         0,         0,      1804,         0,         0,         0,         0,         0,         0,         0,         0,         0,         0,         0,         0,         0,         0,         0,         0,         0,         0,         0
       611,    530611,834.172433,     178.3,       4.6,     14955,         0,       343,         5,   2666428,         0,     61183,       820,    -11020,    -43707,    -54726,  -1964798,  -7792901,  -9757698,     12950,         0,       966,       178,     59568,         0,      4442,       820,     -5617,    -31886,    -37504,    -25840,   -146678,   -172517,         0,         0,         0,         0,     25974,     69681,     18567,     50453
       612,    530612,110.480145,         0,         0,         0,         0,       680,         0,         0,         0,         0,         0,         0,         0,         0,         0,         0,         0,         0,         0,      1655,         0,         0,         0,         0,         0,         0,         0,         0,         0,         0,         0,         0,         0,         0,         0,         0,         0,         0,         0
       613,    530613,570.236031,         0,         0,         0,         0,       442,         0,         0,         0,         0,         0,         0,         0,         0,         0,         0,         0,         0,         0,      1238,         0,         0,         0,         0,         0,         0,         0,         0,         0,         0,         0,         0,         0,         0,         0,         0,         0,         0,         0
       614,    530614,132.692896,         0,         0,         0,         0,       673,         0,         0,         0,         0,         0,         0,         0,         0,         0,         0,         0,         0,         0,      1688,         0,         0,         0,         0,         0,         0,         0,         0,         0,         0,         0,         0,         0,         0,         0,         0,         0,         0,         0
       615,    530615,125.922595,         0,         0,         0,         0,       594,         0,         0,         0,         0,         0,         0,         0,         0,         0,         0,         0,         0,         0,      1400,         0,         0,         0,         0,         0,         0,         0,         0,         0,         0,         0,         0,         0,         0,         0,         0,         0,         0,         0
       616,    530616,154.425644,         0,         0,         0,         0,       399,         0,         0,         0,         0,         0,         0,         0,         0,         0,         0,         0,         0,         0,      1188,         0,         0,         0,         0,         0,         0,         0,         0,         0,         0,         0,         0,         0,         0,         0,         0,         0,         0,         0
       617,    530617, 59.368640,         0,         0,         0,         0,       575,         0,         0,         0,         0,         0,         0,         0,         0,         0,         0,         0,         0,         0,      1397,         0,         0,         0,         0,         0,         0,         0,         0,         0,         0,         0,         0,         0,         0,         0,         0,         0,         0,         0
       618,    530618,396.190312,         0,         0,         0,         0,       325,         0,         0,         0,         0,         0,         0,         0,         0,         0,         0,         0,         0,         0,       919,         0,         0,         0,         0,         0,         0,         0,         0,         0,         0,         0,         0,         0,         0,         0,         0,         0,         0,         0
       619,    530619,261.140800,         0,         0,         0,         0,       355,         0,         0,         0,         0,         0,         0,         0,         0,         0,         0,         0,         0,         0,       937,         0,         0,         0,         0,         0,         0,         0,         0,         0,         0,         0,         0,         0,         0,         0,         0,         0,         0,         0
       620,    530620,158.210605,         0,         0,         0,         0,       304,         0,         0,         0,         0,         0,         0,         0,         0,         0,         0,         0,         0,         0,       889,         0,         0,         0,         0,         0,         0,         0,         0,         0,         0,         0,         0,         0,         0,         0,         0,         0,         0,         0
       621,    530621,235.589343,         0,         0,         0,         0,       279,         0,         0,         0,         0,         0,         0,         0,         0,         0,         0,         0,         0,         0,       817,         0,         0,         0,         0,         0,         0,         0,         0,         0,         0,         0,         0,         0,         0,         0,         0,         0,         0,         0
       622,    530622,472.005874,         0,         0,         0,         0,       222,         0,         0,         0,         0,         0,         0,         0,         0,         0,         0,         0,         0,         0,       603,         0,         0,         0,         0,         0,         0,         0,         0,         0,         0,         0,         0,         0,         0,         0,         0,         0,         0,         0
       623,    530623,3265.88830,       4.7,         0,     19386,         0,       749,         0,     91116,         0,      3521,         0,     -7195,    -17994,    -25190,    -33817,    -84574,   -118391,     15251,         0,      1747,         5,         0,         0,         0,         0,     -3855,    -14702,    -18557,         0,         0,         0,         0,         0,         0,         0,     26581,     44576,     19106,     33808
       624,    530624,1271.77123,         0,         0,      8806,         0,       519,         0,         0,         0,         0,         0,     -4814,    -26057,    -30871,         0,         0,         0,      9402,         0,      1022,         0,         0,         0,         0,         0,     -1659,    -19306,    -20965,         0,         0,         0,         0,         0,         0,         0,     13619,     39677,     11061,     30367
       625,    530625, 34.726881,      32.3,         0,     31586,         0,      2114,         4,   1020237,         0,     68269,       125,     -3928,    -28413,    -32341,   -126870,   -917739,  -1044609,     23044,         0,      3304,       166,         0,         0,         0,         0,     -2200,    -21876,    -24076,         0,         0,         0,         0,         0,         0,         0,     35514,     63927,     25244,     47120
       626,    530626,274.922928,      72.7,         0,     27672,         0,      2258,        29,   2011764,         0,    164191,      2074,     -4618,    -18413,    -23031,   -335700,  -1338645,  -1674345,     20574,         0,      3420,       149,         0,         0,         0,         0,     -2563,    -15089,    -17652,         0,         0,         0,         0,         0,         0,         0,     32290,     50703,     23137,     38226
       627,    530627,169.006196,      14.1,         0,     28116,         0,      2514,        50,    396439,         0,     35446,       708,     -4626,    -19750,    -24376,    -65226,   -278477,   -343703,     20867,         0,      3725,       334,         0,         0,         0,         0,     -2573,    -16071,    -18644,         0,         0,         0,         0,         0,         0,         0,     32742,     52492,     23440,     39511
       628,    530628,1113.08961,         0,         0,     17212,         0,      2656,         0,         0,         0,         0,         0,     -7026,    -26901,    -33928,         0,         0,         0,     13885,         0,      3715,        29,         0,         0,         0,         0,     -3576,    -21009,    -24585,         0,         0,         0,         0,         0,         0,         0,     24238,     51139,     17461,     38470
       629,    530629, 88.459293,     147.7,       2.0,     31210,         0,      3244,       329,   4609739,         0,    479128,     48583,     -5205,    -19520,    -24726,   -768809,  -2883164,  -3651973,     22962,         0,      4563,       682,     45925,         0,      9125,      1364,     -2986,    -15897,    -18884,     -5973,    -31795,    -37767,         0,         0,         0,         0,     36415,     55936,     25949,     41846
       630,    530630, 39.611684,      38.1,      41.3,     32205,         0,      3125,       448,   1227029,         0,    119074,     17067,     -7150,    -16091,    -23241,   -272416,   -613064,   -885480,     23717,         0,      4372,       863,    979498,         0,    180572,     35644,     -4213,    -13512,    -17726,   -174015,   -558060,   -732075,         0,         0,         0,         0,     39356,     55446,     27930,     41442
       631,    530631, 50.343178,     108.0,     106.5,     31590,         0,      3273,       452,   3411677,         0,    353490,     48832,     -7132,    -17182,    -24314,   -770279,  -1855674,  -2625953,     23310,         0,      4558,       875,   2482506,         0,    485383,     93219,     -4181,    -14290,    -18470,   -445272,  -1521833,  -1967105,         0,         0,         0,         0,     38722,     55904,     27491,     41780
       632,    530632, 73.388308,     133.5,      54.7,     29526,         0,      2915,       361,   3941667,         0,    389093,     48210,     -7747,    -16411,    -24157,  -1034171,  -2190808,  -3224980,     21922,         0,      4115,       675,   1199149,         0,    225071,     36921,     -4522,    -13783,    -18305,   -247338,   -753952,  -1001290,         0,         0,         0,         0,     37272,     53683,     26444,     40227
       633,    530633, 59.267278,      97.3,       1.0,     29588,         0,      3136,       406,   2878915,         0,    305111,     39541,     -8160,    -15853,    -24013,   -794001,  -1542489,  -2336491,     21990,         0,      4331,       674,     21990,         0,      4331,       674,     -4786,    -13371,    -18156,     -4786,    -13371,    -18156,         0,         0,         0,         0,     37748,     53601,     26776,     40147
       634,    530634, 71.660072,     100.1,         0,     28714,         0,      3790,       401,   2874284,         0,    379356,     40134,     -8547,    -19243,    -27790,   -855583,  -1926225,  -2781808,     21443,         0,      5163,       773,         0,         0,         0,         0,     -5034,    -15752,    -20786,         0,         0,         0,         0,         0,         0,         0,     37261,     56504,     26477,     42229
       635,    530635, 67.366225,     133.9,     118.9,     31668,         0,      3562,       571,   4240366,         0,    476935,     76434,     -8596,    -16290,    -24885,  -1150969,  -2181194,  -3332163,     23380,         0,      4851,      1056,   2779847,         0,    576805,    125578,     -5167,    -13654,    -18821,   -614384,  -1623417,  -2237801,         0,         0,         0,         0,     40264,     56554,     28547,     42201
       636,    530636, 33.997465,      23.7,      90.6,     32280,         0,      3417,       587,    765026,         0,     80991,     13902,     -8610,    -15230,    -23840,   -204054,   -360951,   -565005,     23777,         0,      4670,      1005,   2154208,         0,    423120,     91012,     -5200,    -12902,    -18103,   -471157,  -1168938,  -1640095,         0,         0,         0,         0,     40889,     56119,     28978,     41880
       637,    530637, 32.482857,      68.7,       8.2,     30834,         0,      3341,       562,   2118324,         0,    229548,     38594,     -8801,    -15403,    -24204,   -604636,  -1058164,  -1662800,     22826,         0,      4568,       873,    187173,         0,     37457,      7161,     -5257,    -13046,    -18302,    -43106,   -106973,   -150079,         0,         0,         0,         0,     39636,     55038,     28083,     41128
       638,    530638, 65.029551,      98.9,         0,     28550,         0,      4130,       372,   2823644,         0,    408433,     36765,     -9943,    -18500,    -28443,   -983346,  -1829673,  -2813019,     21464,         0,      5496,       691,         0,         0,         0,         0,     -5857,    -15228,    -21086,         0,         0,         0,         0,         0,         0,         0,     38493,     56994,     27321,     42550
       639,    530639, 44.434112,      57.5,      75.8,     31738,         0,      3832,       642,   1824928,         0,    220329,     36930,     -9917,    -15517,    -25434,   -570227,   -892214,  -1462441,     23536,         0,      5105,       970,   1784017,         0,    386961,     73530,     -5979,    -13086,    -19065,   -453242,   -991886,  -1445128,         0,         0,         0,         0,     41655,     57172,     29515,     42601
       640,    530640, 23.279764,      18.1,         0,     32347,         0,      3678,       635,    585487,         0,     66570,     11489,     -9935,    -14473,    -24408,   -179829,   -261956,   -441785,     23936,         0,      4912,       889,         0,         0,         0,         0,     -6012,    -12340,    -18352,         0,         0,         0,         0,         0,         0,         0,     42283,     56755,     29948,     42288
       641,    530641, 43.588816,      71.9,         0,     30521,         0,      3510,       533,   2194471,         0,    252386,     38306,     -9791,    -14803,    -24594,   -703953,  -1064361,  -1768314,     22702,         0,      4716,       694,         0,         0,         0,         0,     -5854,    -12607,    -18461,         0,         0,         0,         0,         0,         0,         0,     40312,     55115,     28557,     41164
       642,    530642, 37.368862,      65.3,       2.0,     29703,         0,      4419,       315,   1939589,         0,    288540,     20554,    -11469,    -17496,    -28965,   -748913,  -1142511,  -1891424,     22427,         0,      5737,       699,     44853,         0,     11473,      1397,     -6755,    -14470,    -21225,    -13509,    -28941,    -42450,         0,         0,         0,         0,     41172,     58668,     29181,     43652
       643,    530643, 33.184096,      60.7,       2.0,     30492,         0,      4202,       466,   1850892,         0,    255088,     28309,    -11031,    -16394,    -27425,   -669576,   -995097,  -1664673,     22883,         0,      5507,       800,     45766,         0,     11014,      1599,     -6541,    -13700,    -20241,    -13081,    -27401,    -40482,         0,         0,         0,         0,     41523,     57917,     29424,     43124
       644,    530644, 31.685198,      66.0,      84.6,     32174,         0,      4035,       535,   2123471,         0,    266315,     35323,    -10980,    -14741,    -25721,   -724689,   -972918,  -1697607,     23967,         0,      5297,       825,   2027591,         0,    448122,     69757,     -6584,    -12523,    -19107,   -557004,  -1059422,  -1616426,         0,         0,         0,         0,     43154,     57895,     30551,     43073
       645,    530645, 59.258453,      33.4,      80.6,     31923,         0,      3968,       485,   1066244,         0,    132533,     16198,    -10973,    -14407,    -25380,   -366503,   -481201,   -847704,     23804,         0,      5187,       638,   1918599,         0,    418099,     51447,     -6570,    -12278,    -18848,   -529513,   -989608,  -1519121,         0,         0,         0,         0,     42897,     57304,     30374,     42652
       646,    530646, 46.130057,      61.0,      49.1,     30128,         0,      3751,       438,   1837790,         0,    228805,     26709,    -10663,    -14589,    -25252,   -650448,   -889907,  -1540355,     22595,         0,      4945,       504,   1109402,         0,    242818,     24761,     -6316,    -12427,    -18742,   -310099,   -610142,   -920241,         0,         0,         0,         0,     40791,     55379,     28910,     41337
       647,    530647, 38.812177,      47.7,      89.5,     32322,         0,      4268,       410,   1541766,         0,    203607,     19556,    -12084,    -14275,    -26360,   -576426,   -680930,  -1257356,     24200,         0,      5520,       672,   2165924,         0,    493996,     60152,     -7213,    -12181,    -19395,   -645581,  -1090230,  -1735812,         0,         0,         0,         0,     44407,     58682,     31413,     43595
       648,    530648, 55.991230,      34.4,      26.9,     32244,         0,      4244,       374,   1109195,         0,    145978,     12879,    -12410,    -13565,    -25975,   -426893,   -466643,   -893536,     24191,         0,      5446,       472,    650739,         0,    146492,     12698,     -7393,    -11671,    -19065,   -198879,   -313958,   -512837,         0,         0,         0,         0,     44654,     58219,     31584,     43256
       649,    530649,758.020053,         0,         0,     48339,         0,       258,         0,         0,         0,         0,         0,     -2858,    -15499,    -18357,         0,         0,         0,     33042,         0,       600,         0,         0,         0,         0,         0,     -1733,    -14632,    -16366,         0,         0,         0,         0,         0,         0,         0,     51197,     66696,     34776,     49408
       650,    530650,1314.75716,      15.1,         0,     50731,         0,       225,         0,    766040,         0,      3405,         0,     -2868,    -10262,    -13130,    -43313,   -154951,   -198265,     34828,         0,       543,        15,         0,         0,         0,         0,     -1741,    -10688,    -12429,         0,         0,         0,         0,         0,         0,         0,     53600,     63861,     36569,     47257
       651,    530651,181.477393,         0,         0,     51988,         0,       271,         0,         0,         0,         0,         0,     -2871,    -11523,    -14394,         0,         0,         0,     35728,         0,       655,         7,         0,         0,         0,         0,     -1744,    -11571,    -13315,         0,         0,         0,         0,         0,         0,         0,     54859,     66382,     37472,     49044
       652,    530652,261.766827,         0,         0,     47759,         0,       380,         0,         0,         0,         0,         0,     -2858,    -17056,    -19914,         0,         0,         0,     32625,         0,       956,         0,         0,         0,         0,         0,     -1733,    -15720,    -17453,         0,         0,         0,         0,         0,         0,         0,     50617,     67673,     34358,     50078
       653,    530653,326.923239,         0,         0,     48031,         0,       457,         1,         0,         0,         0,         0,     -2918,    -16529,    -19447,         0,         0,         0,     33146,         0,      1176,        11,         0,         0,         0,         0,     -1761,    -14873,    -16634,         0,         0,         0,         0,         0,         0,         0,     50949,     67478,     34908,     49781
       654,    530654,774.898796,         0,         0,     39455,         0,       607,         0,         0,         0,         0,         0,     -3335,    -19000,    -22335,         0,         0,         0,     27522,         0,      1534,         0,         0,         0,         0,         0,     -2013,    -15960,    -17973,         0,         0,         0,         0,         0,         0,         0,     42790,     61790,     29535,     45495
       655,    530655, 79.153814,      45.1,     105.7,     45347,         0,       525,       114,   2045159,         0,     23668,      5163,     -3212,    -16382,    -19594,   -144855,   -738837,   -883692,     31511,         0,      1336,       114,   3330663,         0,    141228,     12035,     -1953,    -14253,    -16206,   -206408,  -1506544,  -1712952,         0,         0,         0,         0,     48559,     64941,     33463,     47716
       656,    530656, 55.747683,         0,         0,         0,         0,       615,        76,         0,         0,         0,         0,         0,         0,         0,         0,         0,         0,         0,         0,      1566,       141,         0,         0,         0,         0,         0,         0,         0,         0,         0,         0,         0,         0,         0,         0,         0,         0,         0,         0
       657,    530657,225.704389,         0,         0,         0,         0,       544,         1,         0,         0,         0,         0,         0,         0,         0,         0,         0,         0,         0,         0,      1393,        18,         0,         0,         0,         0,         0,         0,         0,         0,         0,         0,         0,         0,         0,         0,         0,         0,         0,         0
       658,    530658,106.734230,      48.7,       2.5,     44792,         0,       589,       131,   2181359,         0,     28669,      6357,     -3209,    -17852,    -21061,   -156281,   -869392,  -1025673,     31131,         0,      1498,       165,     77828,         0,      3745,       413,     -1947,    -15319,    -17266,     -4867,    -38298,    -43165,         0,         0,         0,         0,     48001,     65853,     33078,     48397
       659,    530659,149.735465,      83.5,      26.1,     41887,         0,       754,        78,   3497544,         0,     62988,      6522,     -3418,    -20524,    -23942,   -285431,  -1713754,  -1999184,     29325,         0,      1858,       200,    765375,         0,     48483,      5216,     -2076,    -17025,    -19100,    -54172,   -444344,   -498515,         0,         0,         0,         0,     45305,     65829,     31400,     48425
       660,    530660,273.574130,         0,         0,         0,         0,       832,        12,         0,         0,         0,         0,         0,         0,         0,         0,         0,         0,         0,         0,      1924,         7,         0,         0,         0,         0,         0,         0,         0,         0,         0,         0,         0,         0,         0,         0,         0,         0,         0,         0
       661,    530661, 68.047533,         0,         0,         0,         0,       693,        41,         0,         0,         0,         0,         0,         0,         0,         0,         0,         0,         0,         0,      1761,       128,         0,         0,         0,         0,         0,         0,         0,         0,         0,         0,         0,         0,         0,         0,         0,         0,         0,         0
       662,    530662, 55.222738,         0,         0,         0,         0,       973,        83,         0,         0,         0,         0,         0,         0,         0,         0,         0,         0,         0,         0,      2131,       174,         0,         0,         0,         0,         0,         0,         0,         0,         0,         0,         0,         0,         0,         0,         0,         0,         0,         0
       663,    530663,181.385006,     101.7,       8.4,     37554,         0,      1265,        60,   3819221,         0,    128699,      6125,     -3482,    -24141,    -27623,   -354130,  -2455124,  -2809254,     26373,         0,      2439,       209,    221533,         0,     20490,      1753,     -2087,    -19564,    -21651,    -17530,   -164335,   -181865,         0,         0,         0,         0,     41036,     65177,     28460,     48024
       664,    530664,185.883702,      33.4,      52.8,     36171,         0,      1358,        69,   1208125,         0,     45346,      2301,     -3478,    -26474,    -29951,   -116155,   -884220,  -1000375,     25426,         0,      2513,       197,   1342492,         0,    132691,     10416,     -2061,    -21266,    -23327,   -108831,  -1122834,  -1231664,         0,         0,         0,         0,     39649,     66123,     27487,     48753
       665,    530665,162.138815,         0,         0,     32043,         0,      1429,        45,         0,         0,         0,         0,     -3393,    -31400,    -34792,         0,         0,         0,     22581,         0,      2604,        47,         0,         0,         0,         0,     -1945,    -24816,    -26762,         0,         0,         0,         0,         0,         0,         0,     35435,     66835,     24527,     49343
       666,    530666,269.537873,      72.7,         0,     32044,         0,      1967,        49,   2329618,         0,    143014,      3598,     -3393,    -30438,    -33831,   -246661,  -2212823,  -2459484,     22583,         0,      3203,       165,         0,         0,         0,         0,     -1945,    -24087,    -26032,         0,         0,         0,         0,         0,         0,         0,     35437,     65875,     24528,     48615
       667,    530667,103.521311,         0,         0,     32080,         0,      1841,        27,         0,         0,         0,         0,     -3393,    -32009,    -35402,         0,         0,         0,     22607,         0,      3105,        57,         0,         0,         0,         0,     -1947,    -25233,    -27180,         0,         0,         0,         0,         0,         0,         0,     35473,     67482,     24553,     49787
       668,    530668,125.810245,      70.6,         0,     35412,         0,      2009,         5,   2500099,         0,    141826,       365,     -3829,    -25684,    -29514,   -270354,  -1813312,  -2083666,     25432,         0,      3195,       159,         0,         0,         0,         0,     -2234,    -20229,    -22463,         0,         0,         0,         0,         0,         0,         0,     39242,     64926,     27666,     47895
       669,    530669,143.489885,         0,         0,     30224,         0,      2251,         0,         0,         0,         0,         0,     -3352,    -34009,    -37361,         0,         0,         0,     21342,         0,      3619,        26,         0,         0,         0,         0,     -1897,    -26631,    -28528,         0,         0,         0,         0,         0,         0,         0,     33576,     67585,     23238,     49870
       670,    530670, 52.668241,         0,         0,     36238,         0,      2310,         6,         0,         0,         0,         0,     -3842,    -26122,    -29964,         0,         0,         0,     25994,         0,      3551,       210,         0,         0,         0,         0,     -2255,    -20534,    -22789,         0,         0,         0,         0,         0,         0,         0,     40080,     66202,     28249,     48783
       671,    530671, 41.009718,      19.5,       3.9,     34040,         0,      2239,         6,    663778,         0,     43663,       112,     -3445,    -28542,    -31987,    -67177,   -556577,   -623754,     23952,         0,      3486,       211,     93412,         0,     13595,       821,     -2012,    -22692,    -24703,     -7846,    -88498,    -96343,         0,         0,         0,         0,     37485,     66027,     25963,     48655
       672,    530672,498.096670,         0,         0,     27694,         0,      2870,         0,         0,         0,         0,         0,     -3316,    -37023,    -40338,         0,         0,         0,     19623,         0,      4395,         0,         0,         0,         0,         0,     -1821,    -28730,    -30552,         0,         0,         0,         0,         0,         0,         0,     31010,     68033,     21445,     50175
       673,    530673, 21.444201,         0,         0,     31647,         0,      2515,         4,         0,         0,         0,         0,     -3381,    -31805,    -35186,         0,         0,         0,     22312,         0,      3855,       111,         0,         0,         0,         0,     -1935,    -25014,    -26949,         0,         0,         0,         0,         0,         0,         0,     35029,     66833,     24247,     49261
       674,    530674,212.301661,         0,         0,     30680,         0,      2841,         5,         0,         0,         0,         0,     -3361,    -32896,    -36258,         0,         0,         0,     21652,         0,      4245,        80,         0,         0,         0,         0,     -1908,    -25766,    -27674,         0,         0,         0,         0,         0,         0,         0,     34041,     66937,     23561,     49326
       675,    530675, 17.346520,         0,         0,         0,         0,      2610,         7,         0,         0,         0,         0,         0,         0,         0,         0,         0,         0,         0,         0,      3906,       195,         0,         0,         0,         0,         0,         0,         0,         0,         0,         0,         0,         0,         0,         0,         0,         0,         0,         0
       676,    530676, 22.956749,         0,         0,         0,         0,      2802,         6,         0,         0,         0,         0,         0,         0,         0,         0,         0,         0,         0,         0,      4164,       136,         0,         0,         0,         0,         0,         0,         0,         0,         0,         0,         0,         0,         0,         0,         0,         0,         0,         0
       677,    530677, 83.808169,      82.5,       2.9,     33696,         0,      2885,        45,   2779908,         0,    237977,      3676,     -3970,    -28468,    -32438,   -327513,  -2348629,  -2676142,     24463,         0,      4191,       300,     70942,         0,     12154,       871,     -2250,    -21808,    -24058,     -6526,    -63242,    -69768,         0,         0,         0,         0,     37666,     66134,     26713,     48521
       678,    530678,117.997709,      19.3,         0,     29328,         0,      3571,       106,    566035,         0,     68916,      2047,     -3895,    -32918,    -36813,    -75167,   -635318,   -710484,     21572,         0,      5013,       434,         0,         0,         0,         0,     -2122,    -24876,    -26998,         0,         0,         0,         0,         0,         0,         0,     33223,     66141,     23694,     48570
       679,    530679,1013.32259,      52.9,       9.7,     10861,         0,       444,        33,    574529,         0,     23464,      1734,     -6112,    -23970,    -30082,   -323314,  -1268016,  -1591330,     10511,         0,       478,        74,    101956,         0,      4636,       713,     -2225,    -18247,    -20473,    -21587,   -176998,   -198585,         0,         0,         0,         0,     16972,     40943,     12736,     30984
       680,    530680,445.429221,         0,         0,     15526,         0,       934,         1,         0,         0,         0,         0,     -6894,    -23059,    -29953,         0,         0,         0,     12927,         0,      1622,        34,         0,         0,         0,         0,     -3254,    -18145,    -21399,         0,         0,         0,         0,         0,         0,         0,     22420,     45479,     16181,     34326
       681,    530681,553.877404,      17.4,      73.1,      8871,         0,       328,        73,    154347,         0,      5708,      1272,     -4492,    -24284,    -28777,    -78166,   -422547,   -500713,      9139,         0,       220,        17,    668061,         0,     16047,      1272,     -1627,    -17697,    -19325,   -118964,  -1293663,  -1412627,         0,         0,         0,         0,     13363,     37647,     10766,     28464
       682,    530682,347.953642,      49.8,       2.0,     15937,         0,      1182,         2,    793642,         0,     58846,       100,     -6959,    -23880,    -30839,   -346545,  -1189215,  -1535761,     13139,         0,      1841,        50,     26278,         0,      3683,       100,     -3353,    -18733,    -22086,     -6705,    -37466,    -44172,         0,         0,         0,         0,     22895,     46775,     16492,     35225
       683,    530683,492.066662,      97.7,     109.3,     12283,         0,       458,       111,   1200061,         0,     44698,     10879,     -6485,    -23581,    -30066,   -633633,  -2303816,  -2937448,     11221,         0,       457,       109,   1226508,         0,     49989,     11900,     -2547,    -18141,    -20688,   -278342,  -1982815,  -2261157,         0,         0,         0,         0,     18769,     42349,     13768,     31909
       684,    530684,754.879517,         0,         0,      5679,         0,      1777,         0,         0,         0,         0,         0,      -718,    -25546,    -26263,         0,         0,         0,      6526,         0,      2357,         0,         0,         0,         0,         0,      -521,    -18173,    -18694,         0,         0,         0,         0,         0,         0,         0,      6397,     31943,      7047,     25220
       685,    530685,2800.74441,       1.3,         0,      5592,         0,       808,         0,      7270,         0,      1051,         0,      -664,    -21758,    -22422,      -863,    -28286,    -29149,      6427,         0,      1063,         1,         0,         0,         0,         0,      -489,    -15455,    -15944,         0,         0,         0,         0,         0,         0,         0,      6256,     28015,      6916,     22371
       686,    530686,1084.43011,      11.6,     134.8,      8799,         0,       327,       135,    102072,         0,      3792,      1564,     -4405,    -25343,    -29749,    -51103,   -293979,   -345083,      9086,         0,       210,        12,   1224733,         0,     28286,      1564,     -1603,    -18348,    -19951,   -216116,  -2473306,  -2689422,         0,         0,         0,         0,     13205,     38548,     10689,     29037
       687,    530687,443.366322,         0,         0,      5938,         0,       219,         0,         0,         0,         0,         0,      -450,    -18653,    -19103,         0,         0,         0,      5535,         0,       241,         0,         0,         0,         0,         0,      -418,    -13038,    -13456,         0,         0,         0,         0,         0,         0,         0,      6388,     25041,      5952,     18990
       688,    530688,808.647901,      53.4,      69.9,      5967,         0,       655,        70,    318652,         0,     34999,      3733,      -436,    -16736,    -17172,    -23294,   -893692,   -916986,      5431,         0,       293,        53,    379601,         0,     20489,      3733,      -409,    -11793,    -12202,    -28567,   -824352,   -852919,         0,         0,         0,         0,      6403,     23139,      5839,     17633
       689,    530689,522.846888,      47.2,      11.9,      5412,         0,      1094,        12,    255430,         0,     51654,       562,      -409,    -14499,    -14908,    -19312,   -684330,   -703642,      4743,         0,       358,        47,     56440,         0,      4261,       562,      -341,    -10635,    -10976,     -4057,   -126553,   -130611,         0,         0,         0,         0,      5821,     20319,      5084,     15719
       690,    530690,130.686895,      13.8,         0,      5327,         0,      1421,        25,     73516,         0,     19610,       350,      -400,    -11218,    -11618,     -5517,   -154815,   -160332,      4605,         0,       399,        54,         0,         0,         0,         0,      -335,     -8497,     -8832,         0,         0,         0,         0,         0,         0,         0,      5727,     16946,      4940,     13437
       691,    530691,311.490445,      14.0,         0,      5082,         0,       849,         0,     71150,         0,     11882,         0,      -363,    -12741,    -13103,     -5078,   -178368,   -183446,      4353,         0,       321,        14,         0,         0,         0,         0,      -299,     -9563,     -9862,         0,         0,         0,         0,         0,         0,         0,      5445,     18185,      4651,     14214
       692,    530692,365.925806,         0,         0,      5251,         0,       616,         0,         0,         0,         0,         0,      -381,    -13974,    -14355,         0,         0,         0,      4567,         0,       290,         5,         0,         0,         0,         0,      -312,    -10291,    -10603,         0,         0,         0,         0,         0,         0,         0,      5632,     19606,      4879,     15169
       693,    530693,1899.25270,         0,         0,      4165,         0,       104,         0,         0,         0,         0,         0,      -163,    -14623,    -14786,         0,         0,         0,      3258,         0,       179,         0,         0,         0,         0,         0,      -206,    -11226,    -11432,         0,         0,         0,         0,         0,         0,         0,      4328,     18951,      3464,     14690
       694,    530694,538.322112,     121.3,     805.0,      4312,         0,      2010,       805,    523016,         0,    243872,     97647,      -155,     -7402,     -7557,    -18752,   -897884,   -916636,      3051,         0,       402,       121,   2456012,         0,    323534,     97647,      -228,     -7322,     -7550,   -183152,  -5894406,  -6077559,         0,         0,         0,         0,      4466,     11869,      3278,     10601
       695,    530695,646.994445,     125.8,     875.9,      4343,         0,      2130,       876,    546319,         0,    267973,    110188,      -158,     -5709,     -5867,    -19885,   -718188,   -738073,      3094,         0,       382,       126,   2709827,         0,    334496,    110188,      -230,     -6213,     -6442,   -201066,  -5441648,  -5642714,         0,         0,         0,         0,      4501,     10210,      3323,      9536
       696,    530696,461.585638,      88.1,      55.8,      4943,         0,      1746,        56,    435488,         0,    153838,      4916,      -319,    -10789,    -11109,    -28134,   -950532,   -978666,      4093,         0,       438,        94,    228412,         0,     24433,      5266,      -288,     -8552,     -8840,    -16065,   -477205,   -493270,         0,         0,         0,         0,      5262,     16052,      4381,     12933
       697,    530697,362.377653,       6.6,      40.8,      4805,         0,      2020,        41,     31711,         0,     13331,       269,      -274,     -8117,     -8391,     -1810,    -53574,    -55384,      3853,         0,       436,         7,    157192,         0,     17807,       269,      -286,     -7100,     -7385,    -11650,   -289660,   -301310,         0,         0,         0,         0,      5079,     13196,      4138,     11238
       698,    530698,6779.27904,         0,         0,        20,         0,        19,         0,         0,         0,         0,         0,        -0,     -4524,     -4525,         0,         0,         0,        34,         0,        16,         0,         0,         0,         0,         0,        -0,     -5127,     -5127,         0,         0,         0,         0,         0,         0,         0,        20,      4544,        34,      5161
       699,    530699,29721.3573,       0.9,         0,      2664,         0,       301,         0,      2398,         0,       271,         0,       -97,     -5780,     -5877,       -87,     -5202,     -5289,      1162,         0,        46,         1,         0,         0,         0,         0,      -112,     -7083,     -7194,         0,         0,         0,         0,         0,         0,         0,      2762,      8541,      1273,      8356
       700,    530700,4737.13181,         0,         0,      1299,         0,         0,         0,         0,         0,         0,         0,        -4,     -2159,     -2163,         0,         0,         0,       294,         0,         0,         0,         0,         0,         0,         0,        -3,     -2731,     -2734,         0,         0,         0,         0,         0,         0,         0,      1304,      3462,       298,      3028
       701,    530701,2696.99483,         0,         0,      2234,         0,         0,         0,         0,         0,         0,         0,       -67,     -3113,     -3180,         0,         0,         0,       816,         0,         0,         0,         0,         0,         0,         0,       -79,     -3856,     -3935,         0,         0,         0,         0,         0,         0,         0,      2301,      5415,       895,      4751
       702,    530702,3830.90864,         0,     544.8,      2752,         0,      1408,       545,         0,         0,         0,         0,       -96,     -3562,     -3658,         0,         0,         0,      1020,         0,       135,         0,    555719,         0,     73440,         0,      -104,     -4627,     -4731,    -56505,  -2520963,  -2577468,         0,         0,         0,         0,      2848,      6410,      1124,      5751
       703,    530703,5073.76495,     175.0,       9.0,      5425,         0,        21,         9,    949307,         0,      3681,      1575,     -2486,    -28030,    -30515,   -434963,  -4905225,  -5340188,      6885,         0,       219,       175,     61964,         0,      1970,      1575,     -1224,    -18230,    -19454,    -11013,   -164069,   -175083,         0,         0,         0,         0,      7910,     35940,      8109,     26338
       704,    530704,2495.99820,       2.3,      13.8,     10424,         0,        18,        14,     23975,         0,        42,        32,     -9575,    -29658,    -39232,    -22021,    -68212,    -90234,     10839,         0,        85,         2,    149575,         0,      1166,        32,     -3886,    -21659,    -25544,    -53621,   -298890,   -352511,         0,         0,         0,         0,     19999,     49656,     14724,     36383
       705,    530705,4737.10058,       2.3,         0,      4021,         0,         9,         0,      9247,         0,        20,         0,      -378,    -22626,    -23005,      -870,    -52040,    -52911,      5096,         0,       168,         2,         0,         0,         0,         0,      -357,    -14375,    -14732,         0,         0,         0,         0,         0,         0,         0,      4399,     27025,      5453,     19828
       706,    530706,940.757449,      32.2,         0,      6422,         0,        18,         0,    206783,         0,       564,         0,     -4790,    -27881,    -32671,   -154234,   -897780,  -1052015,      7899,         0,       219,        32,         0,         0,         0,         0,     -1828,    -18706,    -20534,         0,         0,         0,         0,         0,         0,         0,     11212,     39093,      9727,     28433
       707,    530707,1767.76548,      11.1,       2.0,      4824,         0,         7,         2,     53548,         0,        73,        22,     -1109,    -27511,    -28620,    -12309,   -305370,   -317679,      6128,         0,       146,        11,     12255,         0,       291,        22,      -767,    -17271,    -18038,     -1535,    -34541,    -36076,         0,         0,         0,         0,      5933,     33444,      6895,     24166
       708,    530708,4623.28907,      68.0,       2.2,      2895,         0,       137,         2,    196872,         0,      9327,       150,      -234,    -15508,    -15742,    -15889,  -1054574,  -1070463,      3751,         0,       107,        68,      8253,         0,       235,       150,      -141,     -9997,    -10138,      -309,    -21994,    -22304,         0,         0,         0,         0,      3129,     18637,      3892,     13889
       709,    530709,3455.37220,      13.2,         0,      3131,         0,         3,         0,     41324,         0,        40,         0,      -257,    -24421,    -24678,     -3389,   -322357,   -325746,      4025,         0,        70,        13,         0,         0,         0,         0,      -166,    -15894,    -16059,         0,         0,         0,         0,         0,         0,         0,      3387,     27808,      4191,     20085
       710,    530710,1146.69835,     131.7,      93.1,      1339,         0,       333,        93,    176360,         0,     43828,     12261,       -21,     -4269,     -4290,     -2734,   -562293,   -565027,      1461,         0,       253,       132,    136059,         0,     23570,     12261,       -35,     -3498,     -3533,     -3267,   -325685,   -328952,         0,         0,         0,         0,      1360,      5629,      1497,      4995
       711,    530711,796.933062,      30.9,     178.5,      2132,         0,       388,       194,     65887,         0,     11989,      5990,       -56,     -9110,     -9166,     -1733,   -281487,   -283220,      2663,         0,       268,        31,    475268,         0,     47779,      5516,       -73,     -6504,     -6577,    -13113,  -1160929,  -1174042,         0,         0,         0,         0,      2188,     11298,      2736,      9240
       712,    530712,262.636222,         0,     121.6,      2276,         0,       375,       144,         0,         0,         0,         0,       -92,     -9778,     -9870,         0,         0,         0,      2890,         0,       243,         4,    351365,         0,     29577,       474,       -91,     -6705,     -6796,    -11055,   -815363,   -826418,         0,         0,         0,         0,      2368,     12146,      2980,      9686
       713,    530713,231.236682,      96.2,      10.7,      1951,         0,       404,        11,    187656,         0,     38878,      1029,       -31,     -6122,     -6153,     -2965,   -588928,   -591893,      2380,         0,       266,        96,     25470,         0,      2847,      1029,       -53,     -4738,     -4791,      -567,    -50699,    -51266,         0,         0,         0,         0,      1982,      8103,      2433,      7172
       714,    530714,1882.18734,         0,         0,       605,         0,       325,         0,         0,         0,         0,         0,        -0,      -408,      -408,         0,         0,         0,      1031,         0,       428,         0,         0,         0,         0,         0,        -2,      -929,      -931,         0,         0,         0,         0,         0,         0,         0,       606,      1014,      1033,      1962
       715,    530715,320.253511,      56.5,         0,       628,         0,       551,         6,     35468,         0,     31132,       361,        -1,      -466,      -467,       -46,    -26339,    -26385,      1138,         0,       652,        80,         0,         0,         0,         0,        -3,     -1019,     -1022,         0,         0,         0,         0,         0,         0,         0,       629,      1095,      1141,      2161
       716,    530716,226.165161,      87.0,     203.2,       644,         0,       552,       315,     56065,         0,     48028,     27406,        -1,      -760,      -760,       -66,    -66089,    -66155,      1209,         0,       663,       191,    245569,         0,    134685,     38825,        -3,     -1436,     -1439,      -579,   -291878,   -292457,         0,         0,         0,         0,       645,      1405,      1211,      2648
       717,    530717,116.598512,      27.0,       7.3,       632,         0,       551,        88,     17064,         0,     14872,      2373,        -1,      -632,      -633,       -22,    -17055,    -17078,      1157,         0,       650,       254,      8446,         0,      4747,      1851,        -3,     -1285,     -1288,       -22,     -9381,     -9403,         0,         0,         0,         0,       633,      1265,      1160,      2445
       718,    530718,103.262727,         0,         0,       623,         0,       526,         1,         0,         0,         0,         0,        -1,      -545,      -545,         0,         0,         0,      1118,         0,       622,         5,         0,         0,         0,         0,        -3,     -1172,     -1175,         0,         0,         0,         0,         0,         0,         0,       623,      1168,      1121,      2293
       719,    530719,163.604576,       3.6,         0,       669,         0,       552,        92,      2407,         0,      1988,       331,        -1,     -1131,     -1132,        -2,     -4073,     -4076,      1311,         0,       665,        62,         0,         0,         0,         0,        -2,     -1950,     -1952,         0,         0,         0,         0,         0,         0,         0,       669,      1801,      1313,      3263
       720,    530720,1070.55582,       8.9,         0,       609,         0,       415,         0,      5420,         0,      3693,         0,        -0,      -616,      -617,        -3,     -5487,     -5490,      1049,         0,       531,         9,         0,         0,         0,         0,        -2,     -1351,     -1353,         0,         0,         0,         0,         0,         0,         0,       609,      1226,      1051,      2403
       721,    530721,306.462030,     233.9,     106.4,       636,         0,       551,       158,    148828,         0,    128850,     36883,        -1,      -824,      -825,      -192,   -192721,   -192912,      1175,         0,       652,       297,    124974,         0,     69345,     31553,        -3,     -1580,     -1583,      -317,   -168122,   -168439,         0,         0,         0,         0,       637,      1461,      1178,      2758
       722,    530722,426.029813,     196.0,     212.5,       639,         0,       552,       342,    125231,         0,    108155,     67096,        -1,      -961,      -962,      -151,   -188334,   -188486,      1185,         0,       659,       293,    251864,         0,    140013,     62219,        -3,     -1791,     -1794,      -586,   -380616,   -381202,         0,         0,         0,         0,       640,      1601,      1188,      2979
       723,    530723,196.554895,         0,         0,       666,         0,       551,        86,         0,         0,         0,         0,        -1,     -1360,     -1361,         0,         0,         0,      1298,         0,       656,        82,         0,         0,         0,         0,        -2,     -2288,     -2291,         0,         0,         0,         0,         0,         0,         0,       666,      2027,      1300,      3589
       724,    530724,422.175422,       9.2,         0,       638,         0,       546,         0,      5870,         0,      5027,         0,        -1,     -1249,     -1250,        -6,    -11490,    -11496,      1181,         0,       641,         9,         0,         0,         0,         0,        -2,     -2217,     -2219,         0,         0,         0,         0,         0,         0,         0,       639,      1888,      1183,      3400
       725,    530725,282.703671,      26.8,         0,      2106,         0,        51,         0,     56454,         0,      1365,         5,      -280,    -31785,    -32065,     -7496,   -851849,   -859346,      2644,         0,       270,        31,         0,         0,         0,         0,      -160,    -23267,    -23427,         0,         0,         0,         0,         0,         0,         0,      2386,     34172,      2804,     26071
       726,    530726,264.847251,      44.8,       2.8,      2221,         0,        73,         5,     99511,         0,      3268,       221,      -326,    -30651,    -30978,    -14617,  -1373180,  -1387797,      2758,         0,       335,        73,      7723,         0,       939,       203,      -168,    -22402,    -22571,      -471,    -62726,    -63198,         0,         0,         0,         0,      2548,     33199,      2927,     25329
       727,    530727,293.444646,      35.2,       2.9,      3257,         0,        88,         5,    114631,         0,      3112,       175,      -778,    -31239,    -32017,    -27394,  -1099620,  -1127014,      3633,         0,       373,        68,     10535,         0,      1083,       198,      -242,    -22929,    -23171,      -702,    -66495,    -67197,         0,         0,         0,         0,      4035,     35274,      3875,     26804
       728,    530728,2223.30935,      69.4,      39.3,     42905,         0,       293,        39,   2977635,         0,     20358,      2727,     -2801,    -20055,    -22856,   -194392,  -1391798,  -1586190,     28500,         0,       733,        69,   1120035,         0,     28797,      2727,     -1724,    -18866,    -20591,    -67764,   -741447,   -809211,         0,         0,         0,         0,     45706,     65761,     30224,     49090
       729,    530729,1591.59931,     125.2,      21.5,     61947,         0,       553,        26,   7755718,         0,     69184,      3219,     -2909,    -12364,    -15273,   -364194,  -1548028,  -1912222,     42077,         0,      1208,       134,    904646,         0,     25963,      2885,     -1801,    -12915,    -14716,    -38713,   -277674,   -316387,         0,         0,         0,         0,     64856,     77220,     43877,     56792
       730,    530730,420.414943,     135.6,      94.2,     58379,         0,       640,        94,   7916251,         0,     86806,     12774,     -2899,    -10791,    -13691,   -393122,  -1463325,  -1856447,     39646,         0,      1629,       136,   3734625,         0,    153433,     12774,     -1783,    -11736,    -13519,   -167981,  -1105498,  -1273479,         0,         0,         0,         0,     61279,     72070,     41429,     53165
       731,    530731,130.400915,      57.9,      34.7,     62598,         0,       531,        57,   3624409,         0,     30768,      3299,     -2911,    -10081,    -12992,   -168525,   -583693,   -752219,     42626,         0,      1391,       141,   1479111,         0,     48277,      4895,     -1799,    -11157,    -12956,    -62420,   -387152,   -449572,         0,         0,         0,         0,     65508,     75589,     44425,     55582
       732,    530732,406.904769,      89.7,      25.4,     62889,         0,       896,        54,   5641138,         0,     80329,      4847,     -2909,    -10724,    -13633,   -260968,   -961945,  -1222914,     42774,         0,      1831,       141,   1086449,         0,     46515,      3585,     -1800,    -11616,    -13416,    -45722,   -295043,   -340765,         0,         0,         0,         0,     65798,     76522,     44574,     56190
       733,    530733,12701.7097,       0.9,         0,         0,         0,         0,         0,         0,         0,         0,         0,        -0,      -531,      -531,        -0,      -478,      -478,         7,         0,         5,         1,         0,         0,         0,         0,        -0,     -1086,     -1086,         0,         0,         0,         0,         0,         0,         0,         0,       531,         7,      1093
       734,    530734,5994.84908,       7.5,         0,         0,         0,         0,         0,         0,         0,         0,         0,         0,      -238,      -238,         0,     -1786,     -1786,         9,         0,         8,         8,         0,         0,         0,         0,         0,      -545,      -545,         0,         0,         0,         0,         0,         0,         0,         0,       238,         9,       554
       735,    530735,48561.8523,       0.9,         0,        41,         0,         0,         0,        37,         0,         0,         0,        -0,      -194,      -194,        -0,      -174,      -175,        56,         0,         1,         1,         0,         0,         0,         0,        -0,      -435,      -435,         0,         0,         0,         0,         0,         0,         0,        41,       235,        56,       491
       736,    530736,6965.60528,       6.7,         0,       505,         0,         0,         0,      3383,         0,         0,         0,        -0,      -192,      -193,        -2,     -1289,     -1292,       763,         0,         9,         7,         0,         0,         0,         0,        -1,      -650,      -651,         0,         0,         0,         0,         0,         0,         0,       505,       698,       764,      1414
       737,    530737,1721.35707,         0,         0,       608,         0,       478,         0,         0,         0,         0,         0,        -0,      -266,      -267,         0,         0,         0,      1043,         0,       571,         0,         0,         0,         0,         0,        -2,      -734,      -736,         0,         0,         0,         0,         0,         0,         0,       608,       875,      1045,      1779
       738,    530738,1087.54858,       9.6,      19.6,       626,         0,       551,        20,      6012,         0,      5294,       188,        -1,      -417,      -418,        -7,     -4003,     -4011,      1131,         0,       661,        10,     22170,         0,     12957,       188,        -3,      -951,      -954,       -57,    -18642,    -18699,         0,         0,         0,         0,       627,      1044,      1134,      2085
       739,    530739,1751.58142,       9.8,         0,       625,         0,       455,         0,      6129,         0,      4457,         0,        -1,      -589,      -589,        -6,     -5770,     -5776,      1127,         0,       520,        10,         0,         0,         0,         0,        -2,     -1186,     -1189,         0,         0,         0,         0,         0,         0,         0,       626,      1215,      1129,      2316
       740,    530740,1256.11725,      33.5,       2.4,       618,         0,       241,         2,     20707,         0,      8077,        80,        -0,      -801,      -802,       -10,    -26850,    -26860,      1093,         0,       272,        34,      2623,         0,       652,        80,        -1,     -1511,     -1512,        -3,     -3625,     -3629,         0,         0,         0,         0,       618,      1420,      1094,      2605
       741,    530741,2439.88227,         0,         0,       582,         0,        25,         0,         0,         0,         0,         0,        -0,      -921,      -921,         0,         0,         0,       973,         0,        56,         0,         0,         0,         0,         0,        -1,     -1733,     -1734,         0,         0,         0,         0,         0,         0,         0,       583,      1503,       975,      2708
       742,    530742,1129.22549,       6.7,       1.8,       639,         0,       525,         2,      4283,         0,      3517,        12,        -1,     -1066,     -1067,        -4,     -7143,     -7147,      1186,         0,       597,         7,      2135,         0,      1075,        12,        -2,     -1931,     -1934,        -4,     -3476,     -3481,         0,         0,         0,         0,       640,      1706,      1189,      3120
       743,    530743,1428.00871,         0,         0,       472,         0,         0,         0,         0,         0,         0,         0,        -0,      -329,      -329,         0,         0,         0,       697,         0,         6,         0,         0,         0,         0,         0,        -1,      -852,      -853,         0,         0,         0,         0,         0,         0,         0,       473,       801,       698,      1550
       744,    530744,6305.82724,       1.9,         0,       664,         0,       203,         0,      1261,         0,       386,         0,        -2,     -2105,     -2106,        -3,     -3999,     -4002,      1355,         0,       223,         2,         0,         0,         0,         0,        -5,     -3144,     -3149,         0,         0,         0,         0,         0,         0,         0,       665,      2770,      1359,      4504
       745,    530745,780.757723,         0,         0,       535,         0,         8,         0,         0,         0,         0,         0,        -0,      -464,      -464,         0,         0,         0,       825,         0,        37,         0,         0,         0,         0,         0,        -2,     -1065,     -1067,         0,         0,         0,         0,         0,         0,         0,       536,      1000,       827,      1892
       746,    530746,394.086162,         0,         0,       618,         0,       547,        56,         0,         0,         0,         0,        -0,      -795,      -795,         0,         0,         0,      1093,         0,       641,       124,         0,         0,         0,         0,        -2,     -1600,     -1602,         0,         0,         0,         0,         0,         0,         0,       618,      1413,      1095,      2695
       747,    530747,21489.7898,       4.7,         0,       442,         0,         0,         0,      2076,         0,         0,         0,        -0,     -1656,     -1656,        -1,     -7784,     -7785,       634,         0,         6,         5,         0,         0,         0,         0,        -1,     -3166,     -3167,         0,         0,         0,         0,         0,         0,         0,       442,      2098,       635,      3801
       748,    530748,8542.61495,         0,         0,       607,         0,       128,         0,         0,         0,         0,         0,        -1,     -6461,     -6462,         0,         0,         0,      1218,         0,       143,         0,         0,         0,         0,         0,        -2,     -6664,     -6667,         0,         0,         0,         0,         0,         0,         0,       608,      7069,      1221,      7885
       749,    530749,10797.3356,       7.2,         0,         0,         0,         0,         0,         0,         0,         0,         0,         0,      -331,      -331,         0,     -2381,     -2381,        15,         0,         7,         7,         0,         0,         0,         0,         0,     -1050,     -1050,         0,         0,         0,         0,         0,         0,         0,         0,       331,        15,      1065
       750,    530750,1245.35776,       2.0,         0,       510,         0,         0,         0,      1021,         0,         1,         0,        -1,     -2019,     -2020,        -2,     -4038,     -4040,      1121,         0,         9,         2,         0,         0,         0,         0,        -3,     -3078,     -3081,         0,         0,         0,         0,         0,         0,         0,       511,      2530,      1123,      4201
       751,    530751,38693.4599,         0,         0,         0,         0,         0,         0,         0,         0,         0,         0,         0,         0,         0,         0,         0,         0,         0,         0,         0,         0,         0,         0,         0,         0,         0,        -0,        -0,         0,         0,         0,         0,         0,         0,         0,         0,         0,         0,         0
       752,    530752,25363.5092,      12.2,         0,       443,         0,         0,         0,      5405,         0,         5,         0,        -1,    -17123,    -17124,        -9,   -208904,   -208913,      1017,         0,        23,        12,         0,         0,         0,         0,        -2,    -14511,    -14514,         0,         0,         0,         0,         0,         0,         0,       444,     17567,      1020,     15531
       753,    530753,1515.38034,         0,         0,       469,         0,         0,         0,         0,         0,         0,         0,        -1,     -2832,     -2833,         0,         0,         0,      1021,         0,         8,         0,         0,         0,         0,         0,        -2,     -4088,     -4091,         0,         0,         0,         0,         0,         0,         0,       469,      3302,      1023,      5111
       754,    530754,20950.4920,         0,         0,       553,         0,        25,         0,         0,         0,         0,         0,       -19,    -37572,    -37591,         0,         0,         0,      1134,         0,       141,         0,         0,         0,         0,         0,       -22,    -28053,    -28075,         0,         0,         0,         0,         0,         0,         0,       572,     38144,      1156,     29209
       755,    530755,1780.57240,         0,         0,       227,         0,        30,         0,         0,         0,         0,         0,        -4,    -18113,    -18117,         0,         0,         0,       642,         0,       173,         0,         0,         0,         0,         0,        -9,    -14032,    -14041,         0,         0,         0,         0,         0,         0,         0,       230,     18344,       651,     14683
       756,    530756,1754.41031,       5.3,         0,       866,         0,         1,         0,      4589,         0,         5,         0,       -16,    -15067,    -15083,       -86,    -79856,    -79942,      1789,         0,        33,         5,         0,         0,         0,         0,       -23,    -12210,    -12234,         0,         0,         0,         0,         0,         0,         0,       882,     15949,      1812,     14022
       757,    530757,566.907568,         0,         0,      1068,         0,         0,         0,         0,         0,         0,         0,       -47,    -13674,    -13721,         0,         0,         0,      2107,         0,         9,         0,         0,         0,         0,         0,       -53,    -11145,    -11198,         0,         0,         0,         0,         0,         0,         0,      1115,     14789,      2159,     13304
       758,    530758,1169.05654,      18.7,       4.7,      1098,         0,        51,         5,     20532,         0,       948,        88,       -92,    -27485,    -27577,     -1719,   -513967,   -515686,      1726,         0,       272,        19,      8111,         0,      1281,        88,       -56,    -20294,    -20350,      -262,    -95381,    -95643,         0,         0,         0,         0,      1190,     28675,      1782,     22075
       759,    530759,1606.97322,      21.6,       1.1,      3169,         0,        68,         1,     68447,         0,      1462,        24,      -728,    -24692,    -25420,    -15717,   -533358,   -549075,      3566,         0,       319,        22,      3923,         0,       351,        24,      -236,    -18047,    -18283,      -259,    -19852,    -20111,         0,         0,         0,         0,      3897,     28589,      3802,     21850
       760,    530760,1286.98007,         0,         0,      5305,         0,        76,         0,         0,         0,         0,         0,     -1680,    -20884,    -22564,         0,         0,         0,      4879,         0,       315,         0,         0,         0,         0,         0,      -410,    -15919,    -16329,         0,         0,         0,         0,         0,         0,         0,      6985,     27869,      5289,     21208
       761,    530761,454.610150,       3.1,         0,      1394,         0,        43,         0,      4322,         0,       132,         0,      -144,    -29876,    -30021,      -448,    -92617,    -93065,      2006,         0,       242,         4,         0,         0,         0,         0,       -84,    -21991,    -22075,         0,         0,         0,         0,         0,         0,         0,      1539,     31415,      2090,     24081
       762,    530762,16497.9488,         0,         0,      1257,         0,         0,         0,         0,         0,         0,         0,      -209,    -11401,    -11611,         0,         0,         0,      2267,         0,        41,         0,         0,         0,         0,         0,      -135,     -9433,     -9569,         0,         0,         0,         0,         0,         0,         0,      1466,     12868,      2402,     11835
       763,    530763,27477.8629,      24.4,      22.7,        20,         0,        23,        23,       477,         0,       554,       554,         0,     -1776,     -1776,         0,    -43327,    -43327,        50,         0,        24,        24,      1138,         0,       554,       554,         0,     -1269,     -1269,         0,    -28795,    -28795,         0,         0,         0,         0,        20,      1795,        50,      1319
       764,    530764,1425.37767,      98.5,      40.7,      3567,         0,       117,        41,    351365,         0,     11544,      4009,      -956,    -29889,    -30845,    -94173,  -2944084,  -3038257,      3857,         0,       442,        99,    156993,         0,     17991,      4009,      -263,    -22027,    -22290,    -10698,   -896505,   -907203,         0,         0,         0,         0,      4523,     34412,      4120,     26147
       765,    530765,2182.84240,      21.1,         0,      5489,         0,       156,         0,    115827,         0,      3294,         0,     -1727,    -25520,    -27247,    -36437,   -538470,   -574907,      4973,         0,       466,        21,         0,         0,         0,         0,      -425,    -19410,    -19836,         0,         0,         0,         0,         0,         0,         0,      7216,     32736,      5398,     24809
       766,    530766,1178.79002,      73.3,      21.5,      9968,         0,       154,        22,    730662,         0,     11310,      1576,     -2049,    -20301,    -22350,   -150169,  -1488090,  -1638259,      7150,         0,       385,        73,    153734,         0,      8275,      1576,      -677,    -16533,    -17210,    -14557,   -355465,   -370022,         0,         0,         0,         0,     12017,     32318,      7828,     24361
       767,    530767,6453.65162,      29.1,      56.6,      1717,         0,       146,        57,     49974,         0,      4259,      1647,      -137,    -29824,    -29961,     -3991,   -867879,   -871870,      2187,         0,       241,        29,    123781,         0,     13643,      1647,       -86,    -21909,    -21995,     -4860,  -1240072,  -1244932,         0,         0,         0,         0,      1854,     31678,      2273,     24182
       768,    530768,414.079902,       1.9,         0,      2210,         0,        64,         0,      4199,         0,       121,         0,      -321,    -33367,    -33688,      -610,    -63398,    -64007,      2747,         0,       302,        18,         0,         0,         0,         0,      -168,    -24427,    -24594,         0,         0,         0,         0,         0,         0,         0,      2531,     35898,      2915,     27341
       769,    530769,11180.3328,      29.9,         0,        21,         0,         0,         0,       642,         0,         0,         0,        -0,     -3382,     -3382,        -2,   -101129,   -101131,        56,         0,        30,        30,         0,         0,         0,         0,        -0,     -3476,     -3476,         0,         0,         0,         0,         0,         0,         0,        22,      3404,        56,      3532
       770,    530770,204.648995,         0,         0,      1611,         0,        95,         1,         0,         0,         0,         0,      -165,    -33809,    -33974,         0,         0,         0,      2194,         0,       380,         8,         0,         0,         0,         0,      -105,    -24850,    -24955,         0,         0,         0,         0,         0,         0,         0,      1776,     35585,      2299,     27148
       771,    530771,399.924001,      26.3,       3.2,      1442,         0,       121,         3,     37935,         0,      3180,        84,      -153,    -33602,    -33755,     -4018,   -883741,   -887760,      2048,         0,       434,        26,      6554,         0,      1388,        84,       -89,    -24736,    -24825,      -283,    -79156,    -79439,         0,         0,         0,         0,      1595,     35198,      2137,     26873
       772,    530772,9992.80004,       1.9,         0,        11,         0,        20,         0,        21,         0,        37,         0,        -0,     -3099,     -3099,        -0,     -5888,     -5888,        38,         0,        34,         2,         0,         0,         0,         0,        -0,     -4389,     -4389,         0,         0,         0,         0,         0,         0,         0,        11,      3110,        38,      4427
       773,    530773,563.342046,         0,         0,      1106,         0,       162,         0,         0,         0,         0,         0,       -94,    -34095,    -34189,         0,         0,         0,      1728,         0,       457,         0,         0,         0,         0,         0,       -57,    -25205,    -25262,         0,         0,         0,         0,         0,         0,         0,      1200,     35295,      1785,     26990
       774,    530774,2944.25304,     195.4,      90.9,      1113,         0,       182,        91,    217427,         0,     35635,     17762,       -90,    -32003,    -32093,    -17500,  -6253480,  -6270981,      1736,         0,       382,       195,    157822,         0,     34680,     17762,       -54,    -23625,    -23679,     -4895,  -2147504,  -2152399,         0,         0,         0,         0,      1202,     33206,      1790,     25415
       775,    530775,4870.18132,         0,         0,        40,         0,         0,         0,         0,         0,         0,         0,        -0,      -882,      -882,         0,         0,         0,       126,         0,         0,         0,         0,         0,         0,         0,        -0,     -1664,     -1664,         0,         0,         0,         0,         0,         0,         0,        40,       922,       127,      1791
       776,    530776,562.518473,     210.9,       7.9,      5188,         0,        16,         8,   1094110,         0,      3468,      1666,     -1096,    -25709,    -26805,   -231051,  -5422074,  -5653125,      5384,         0,       329,       211,     42537,         0,      2603,      1666,      -322,    -19955,    -20277,     -2542,   -157648,   -160190,         0,         0,         0,         0,      6283,     31993,      5706,     25662
       777,    530777,13500.5377,         0,         0,         0,         0,         0,         0,         0,         0,         0,         0,         0,      -150,      -150,         0,         0,         0,         0,         0,         0,         0,         0,         0,         0,         0,         0,      -523,      -523,         0,         0,         0,         0,         0,         0,         0,         0,       150,         0,       523
       778,    530778,452.715409,      90.4,         0,      5324,         0,        21,         0,    481262,         0,      1906,         0,     -1120,    -26661,    -27782,   -101272,  -2410186,  -2511458,      5457,         0,       371,        90,         0,         0,         0,         0,      -326,    -20579,    -20905,         0,         0,         0,         0,         0,         0,         0,      6444,     33105,      5783,     26362
       779,    530779,9206.19951,         0,         0,      1244,         0,        20,         0,         0,         0,         0,         0,      -163,    -39188,    -39350,         0,         0,         0,      2339,         0,       172,         0,         0,         0,         0,         0,      -125,    -29456,    -29580,         0,         0,         0,         0,         0,         0,         0,      1406,     40594,      2464,     31919
       780,    530780,1122.52657,      26.1,       4.9,      3372,         0,        21,         5,     88019,         0,       553,       128,      -768,    -28927,    -29695,    -20053,   -754987,   -775040,      4275,         0,       362,        26,     20947,         0,      1773,       128,      -252,    -21909,    -22162,     -1237,   -107356,   -108593,         0,         0,         0,         0,      4141,     33067,      4527,     26437
       781,    530781,4634.72369,       9.4,         0,     16104,         0,       118,         0,    151382,         0,      1112,         0,     -2091,    -19477,    -21568,    -19654,   -183082,   -202737,     11189,         0,       394,         9,         0,         0,         0,         0,     -1242,    -16971,    -18213,         0,         0,         0,         0,         0,         0,         0,     18195,     37672,     12431,     29402
       782,    530782,4534.74238,       1.9,       7.9,      6690,         0,        59,         8,     12711,         0,       112,        15,     -1439,    -34549,    -35988,     -2734,    -65644,    -68378,      6130,         0,       388,         2,     48429,         0,      3065,        15,      -424,    -26599,    -27023,     -3353,   -210132,   -213485,         0,         0,         0,         0,      8129,     42679,      6555,     33154
       783,    530783,569.537328,       7.7,      40.3,        45,         0,        43,        40,       349,         0,       334,       310,        -0,     -7574,     -7574,        -0,    -58319,    -58319,       190,         0,       143,        25,      7666,         0,      5759,      1027,        -0,     -8615,     -8615,        -7,   -347176,   -347182,         0,         0,         0,         0,        45,      7619,       190,      8805
       784,    530784,929.376642,     101.3,       3.1,        46,         0,        43,         3,      4613,         0,      4396,       314,        -0,     -8706,     -8706,        -1,   -881906,   -881907,       195,         0,       142,       101,       603,         0,       441,       314,        -0,     -9337,     -9338,        -1,    -28946,    -28946,         0,         0,         0,         0,        46,      8751,       195,      9532
       785,    530785,12880.1375,       4.0,         0,     22225,         0,         0,         0,     88902,         0,         0,         0,     -2581,    -19018,    -21600,    -10325,    -76074,    -86399,     14568,         0,         5,         4,         0,         0,         0,         0,     -1337,    -17332,    -18669,         0,         0,         0,         0,         0,         0,         0,     24807,     43825,     15905,     33236
       786,    530786,12949.3820,         0,         0,         0,         0,         0,         0,         0,         0,         0,         0,         0,      -135,      -135,         0,         0,         0,         0,         0,         0,         0,         0,         0,         0,         0,         0,      -399,      -399,         0,         0,         0,         0,         0,         0,         0,         0,       135,         0,       399
       787,    530787,305.472997,      33.0,         0,        43,         0,        43,        22,      1433,         0,      1432,       717,        -0,     -7116,     -7116,        -0,   -234826,   -234826,       144,         0,       143,        37,         0,         0,         0,         0,        -0,     -8306,     -8306,         0,         0,         0,         0,         0,         0,         0,        43,      7159,       144,      8450
       788,    530788,5273.09550,         0,         0,        24,         0,        30,         0,         0,         0,         0,         0,         0,    -11672,    -11672,         0,         0,         0,        85,         0,       101,         0,         0,         0,         0,         0,         0,    -11340,    -11340,         0,         0,         0,         0,         0,         0,         0,        24,     11696,        85,     11425
       789,    530789,4691.14697,       0.9,         0,      3961,         0,        99,         0,      3565,         0,        89,         0,      -875,    -26878,    -27753,      -788,    -24190,    -24978,      4407,         0,       223,         1,         0,         0,         0,         0,      -261,    -20108,    -20369,         0,         0,         0,         0,         0,         0,         0,      4836,     31714,      4668,     24776
       790,    530790,6211.15347,       5.3,         0,      1149,         0,         0,         0,      6089,         0,         0,         0,       -94,     -9363,     -9457,      -500,    -49624,    -50124,      1268,         0,         5,         5,         0,         0,         0,         0,       -89,     -9078,     -9167,         0,         0,         0,         0,         0,         0,         0,      1243,     10606,      1358,     10436
       791,    530791,1239.46624,     167.3,      14.0,     18257,         0,       140,        14,   3054353,         0,     23434,      2342,     -2232,    -23381,    -25614,   -373469,  -3911720,  -4285190,     12607,         0,       502,       167,    176501,         0,      7029,      2342,     -1317,    -19954,    -21271,    -18438,   -279349,   -297787,         0,         0,         0,         0,     20489,     43871,     13924,     33878
       792,    530792,1105.26844,      67.7,      40.5,     21867,         0,       166,        41,   1480414,         0,     11246,      2742,     -2494,    -18595,    -21090,   -168869,  -1258902,  -1427771,     14946,         0,       531,        68,    605316,         0,     21513,      2742,     -1462,    -16617,    -18079,    -59220,   -672997,   -732217,         0,         0,         0,         0,     24362,     42957,     16408,     33026
       793,    530793,8881.71267,         0,         0,      1364,         0,         9,         0,         0,         0,         0,         0,      -182,    -34785,    -34967,         0,         0,         0,      1360,         0,        17,         0,         0,         0,         0,         0,       -85,    -27477,    -27562,         0,         0,         0,         0,         0,         0,         0,      1546,     36330,      1445,     28922
       794,    530794,5846.26960,      18.5,         0,     27509,         0,         2,         0,    508923,         0,        44,         0,     -2645,    -10758,    -13402,    -48932,   -199014,   -247946,     18237,         0,        24,        19,         0,         0,         0,         0,     -1445,    -11307,    -12752,         0,         0,         0,         0,         0,         0,         0,     30154,     40912,     19681,     30988
       795,    530795,9500.60889,         0,         0,       454,         0,         0,         0,         0,         0,         0,         0,       -65,    -22651,    -22716,         0,         0,         0,       585,         0,        13,         0,         0,         0,         0,         0,       -55,    -18391,    -18445,         0,         0,         0,         0,         0,         0,         0,       519,     23171,       640,     19030
       796,    530796,853.444066,      88.3,      54.9,     21756,         0,       183,        55,   1921015,         0,     16179,      4848,     -2488,    -22632,    -25120,   -219659,  -1998420,  -2218079,     14873,         0,       655,        88,    816511,         0,     35954,      4848,     -1458,    -19557,    -21015,    -80037,  -1073706,  -1153742,         0,         0,         0,         0,     24243,     46875,     16331,     35888
       797,    530797,4476.27759,       1.8,         0,     24161,         0,       137,         0,     43490,         0,       247,         0,     -2511,    -21943,    -24455,     -4520,    -39498,    -44018,     16269,         0,       559,         2,         0,         0,         0,         0,     -1480,    -19591,    -21072,         0,         0,         0,         0,         0,         0,         0,     26672,     48616,     17749,     37341
       798,    530798,511.664983,      74.6,      27.2,     21024,         0,       182,        27,   1568398,         0,     13572,      2029,     -2435,    -23123,    -25558,   -181674,  -1724967,  -1906642,     14376,         0,       568,        75,    391028,         0,     15460,      2029,     -1422,    -19703,    -21125,    -38670,   -535925,   -574596,         0,         0,         0,         0,     23459,     46582,     15798,     35501
       799,    530799,9048.43022,         0,         0,     27822,         0,        72,         0,         0,         0,         0,         0,     -2462,    -25456,    -27918,         0,         0,         0,     18479,         0,       301,         0,         0,         0,         0,         0,     -1472,    -22477,    -23949,         0,         0,         0,         0,         0,         0,         0,     30284,     55740,     19951,     42428
       800,    530800,7477.01521,         0,         0,       386,         0,         0,         0,         0,         0,         0,         0,        -3,    -54173,    -54176,         0,         0,         0,       433,         0,         0,         0,         0,         0,         0,         0,        -4,    -40326,    -40330,         0,         0,         0,         0,         0,         0,         0,       389,     54562,       437,     40763
       801,    530801,12680.4227,         0,         0,      1891,         0,         2,         0,         0,         0,         0,         0,      -112,    -20227,    -20340,         0,         0,         0,      2088,         0,         6,         0,         0,         0,         0,         0,      -121,    -15826,    -15947,         0,         0,         0,         0,         0,         0,         0,      2003,     22230,      2209,     18035
       802,    530802,5615.40700,       8.1,      16.6,     21616,         0,       146,        17,    175088,         0,      1185,       134,     -2428,    -24540,    -26969,    -19670,   -198777,   -218448,     14581,         0,       453,         8,    242044,         0,      7521,       134,     -1417,    -20841,    -22258,    -23524,   -345964,   -369488,         0,         0,         0,         0,     24044,     48585,     15998,     36839
       803,    530803,1580.88040,     118.7,      16.6,     31953,         0,       148,        17,   3792771,         0,     17610,      1970,     -2595,    -20431,    -23026,   -308010,  -2425146,  -2733156,     21466,         0,       592,       119,    356332,         0,      9834,      1970,     -1589,    -18624,    -20213,    -26369,   -309162,   -335532,         0,         0,         0,         0,     34547,     54978,     23054,     41679
       804,    530804,14031.1892,         0,         0,        61,         0,        18,         0,         0,         0,         0,         0,        -1,     -4668,     -4668,         0,         0,         0,       135,         0,        33,         0,         0,         0,         0,         0,        -3,     -6760,     -6763,         0,         0,         0,         0,         0,         0,         0,        62,      4729,       138,      6898
       805,    530805,56642.5286,         0,         0,         0,         0,         0,         0,         0,         0,         0,         0,         0,      -130,      -130,         0,         0,         0,         0,         0,         0,         0,         0,         0,         0,         0,         0,      -297,      -297,         0,         0,         0,         0,         0,         0,         0,         0,       130,         0,       297
       806,    530806,1230.13352,     226.6,      33.2,     31930,         0,       143,        33,   7235354,         0,     32470,      7523,     -2593,    -21299,    -23892,   -587643,  -4826318,  -5413961,     21452,         0,       538,       227,    712198,         0,     17875,      7523,     -1588,    -19099,    -20687,    -52709,   -634087,   -686796,         0,         0,         0,         0,     34523,     55822,     23039,     42138
       807,    530807,8241.47764,       1.0,         0,     26479,         0,        56,         0,     26479,         0,        56,         0,     -2371,    -33983,    -36355,     -2371,    -33983,    -36355,     17430,         0,       173,         1,         0,         0,         0,         0,     -1400,    -28428,    -29827,         0,         0,         0,         0,         0,         0,         0,     28851,     62834,     18829,     47257
       808,    530808,1051.83681,      22.3,       1.1,      6898,         0,        44,         1,    153816,         0,       975,        25,     -2249,    -27907,    -30156,    -50150,   -622335,   -672485,      8543,         0,        74,        22,      9398,         0,        81,        25,      -650,    -19324,    -19974,      -715,    -21257,    -21972,         0,         0,         0,         0,      9146,     37054,      9193,     28517
       809,    530809,529.332184,      25.3,      24.8,      6720,         0,        45,        25,    170004,         0,      1132,       627,     -2182,    -32667,    -34848,    -55194,   -826469,   -881663,      8432,         0,        86,        25,    209104,         0,      2136,       627,      -633,    -22582,    -23215,    -15700,   -560022,   -575721,         0,         0,         0,         0,      8901,     41568,      9065,     31646
       810,    530810,14763.3302,       2.0,         0,     42230,         0,      1668,         0,     84459,         0,      3337,         0,     -3370,    -19647,    -23017,     -6741,    -39294,    -46035,     29365,         0,      2115,         2,         0,         0,         0,         0,     -2075,    -17132,    -19207,         0,         0,         0,         0,         0,         0,         0,     45600,     65247,     31440,     48572
       811,    530811,1817.13129,         0,         0,      1926,         0,        47,         0,         0,         0,         0,         0,      -430,    -50157,    -50587,         0,         0,         0,      1841,         0,       125,         0,         0,         0,         0,         0,      -131,    -38015,    -38146,         0,         0,         0,         0,         0,         0,         0,      2356,     52513,      1972,     39987
       812,    530812,2223.96335,     292.6,      95.4,     44297,         0,       227,        95,  12961209,         0,     66395,     27914,     -2593,    -23066,    -25659,   -758711,  -6749046,  -7507757,     29560,         0,       656,       293,   2819985,         0,     62543,     27914,     -1765,    -20678,    -22443,   -168385,  -1972709,  -2141094,         0,         0,         0,         0,     46890,     69955,     31325,     52003
       813,    530813,2313.68996,       8.1,         0,     53296,         0,       710,         0,    431698,         0,      5752,         0,     -2713,    -17224,    -19937,    -21972,   -139518,   -161490,     35551,         0,      1140,         8,         0,         0,         0,         0,     -1928,    -16764,    -18693,         0,         0,         0,         0,         0,         0,         0,     56009,     73233,     37479,     54243
       814,    530814,2487.40196,         0,         0,     43067,         0,       185,         0,         0,         0,         0,         0,     -2801,    -27954,    -30755,         0,         0,         0,     28617,         0,       519,         0,         0,         0,         0,         0,     -1725,    -24347,    -26072,         0,         0,         0,         0,         0,         0,         0,     45867,     73822,     30342,     54689
       815,    530815,1752.43300,      90.5,         0,     49910,         0,       709,         0,   4516888,         0,     64199,         0,     -2874,    -13799,    -16673,   -260065,  -1248842,  -1508907,     33799,         0,      1707,        91,         0,         0,         0,         0,     -1748,    -13872,    -15621,         0,         0,         0,         0,         0,         0,         0,     52784,     66583,     35548,     49420
       816,    530816,2964.66274,         0,         0,     52744,         0,      1654,         0,         0,         0,         0,         0,     -2825,    -27840,    -30665,         0,         0,         0,     35022,         0,       785,         0,         0,         0,         0,         0,     -1758,    -24222,    -25980,         0,         0,         0,         0,         0,         0,         0,     55568,     83408,     36780,     61002
       817,    530817,6981.11681,      12.3,         0,      6056,         0,       206,         0,     74487,         0,      2532,         0,      -685,    -20988,    -21673,     -8426,   -258156,   -266582,      6241,         0,        97,        12,         0,         0,         0,         0,      -559,    -14472,    -15031,         0,         0,         0,         0,         0,         0,         0,      6741,     27729,      6800,     21272
       818,    530818,12740.5890,       3.7,      89.0,     65423,         0,      5223,        89,    242065,         0,     19325,       329,     -1750,    -17272,    -19021,     -6474,    -63905,    -70379,     40778,         0,      3852,         4,   3629269,         0,    342808,       329,     -1362,    -19112,    -20475,   -121249,  -1700995,  -1822244,         0,         0,         0,         0,     67172,     84444,     42141,     61253
       819,    530819,1071.51528,         0,         0,         0,         0,      2320,         0,         0,         0,         0,         0,         0,         0,         0,         0,         0,         0,         0,         0,      3761,         0,         0,         0,         0,         0,         0,         0,         0,         0,         0,         0,         0,         0,         0,         0,         0,         0,         0,         0
       820,    530820,2386.48667,         0,         0,     37635,         0,       412,         0,         0,         0,         0,         0,     -2446,    -37015,    -39461,         0,         0,         0,     24956,         0,      1013,         0,         0,         0,         0,         0,     -1553,    -30014,    -31567,         0,         0,         0,         0,         0,         0,         0,     40081,     77096,     26509,     56523
       821,    530821,12808.3519,         0,         0,     64296,         0,      1574,         0,         0,         0,         0,         0,     -2891,    -14381,    -17272,         0,         0,         0,     42472,         0,      1887,         0,         0,         0,         0,         0,     -1954,    -14885,    -16839,         0,         0,         0,         0,         0,         0,         0,     67187,     81568,     44426,     59311
       822,    530822,3578.05941,         0,         0,     52246,         0,      2521,         0,         0,         0,         0,         0,     -2836,    -20656,    -23492,         0,         0,         0,     35090,         0,      3477,         0,         0,         0,         0,         0,     -1766,    -18792,    -20559,         0,         0,         0,         0,         0,         0,         0,     55082,     75738,     36856,     55648
       823,    530823,1189.95533,      15.0,      16.5,     51158,         0,      2471,        41,    767377,         0,     37058,       617,     -3653,    -19950,    -23603,    -54793,   -299256,   -354048,     35677,         0,      3407,        68,    588671,         0,     56216,      1116,     -2354,    -16834,    -19188,    -38838,   -277758,   -316596,         0,         0,         0,         0,     54811,     74762,     38031,     54865
       824,    530824,4949.09559,      23.5,         0,     32064,         0,       340,         0,    753492,         0,      7986,         0,     -4769,    -16077,    -20846,   -112071,   -377809,   -489880,     22924,         0,       641,        24,         0,         0,         0,         0,     -2612,    -13779,    -16392,         0,         0,         0,         0,         0,         0,         0,     36832,     52909,     25536,     39316
       825,    530825,6239.44096,         0,         0,     19899,         0,         4,         0,         0,         0,         0,         0,     -4298,    -17429,    -21727,         0,         0,         0,     14962,         0,         7,         0,         0,         0,         0,         0,     -2180,    -13564,    -15744,         0,         0,         0,         0,         0,         0,         0,     24197,     41626,     17142,     30706
       826,    530826,1140.47685,         0,         0,         0,         0,      4190,         0,         0,         0,         0,         0,         0,         0,         0,         0,         0,         0,         0,         0,      6043,         0,         0,         0,         0,         0,         0,         0,         0,         0,         0,         0,         0,         0,         0,         0,         0,         0,         0,         0
       827,    530827,394.848059,     219.5,      76.9,     59966,         0,      1839,       148,  13162453,         0,    403736,     32396,     -2895,    -16981,    -19877,   -635533,  -3727411,  -4362944,     39593,         0,      2413,       422,   3044722,         0,    185528,     32436,     -2164,    -16624,    -18788,   -166401,  -1278400,  -1444801,         0,         0,         0,         0,     62861,     79842,     41757,     58381
       828,    530828,375.086889,         0,         0,     25961,         0,      4332,         0,         0,         0,         0,         0,    -12064,    -19708,    -31772,         0,         0,         0,     20083,         0,      5933,         2,         0,         0,         0,         0,     -6925,    -16137,    -23062,         0,         0,         0,         0,         0,         0,         0,     38025,     57733,     27008,     43145
       829,    530829,1455.11948,       2.0,         0,      8971,         0,      3490,         0,     17943,         0,      6981,         0,     -8461,    -30068,    -38529,    -16922,    -60136,    -77058,      9770,         0,      4378,         2,         0,         0,         0,         0,     -3089,    -23278,    -26367,         0,         0,         0,         0,         0,         0,         0,     17432,     47500,     12858,     36137
       830,    530830,6747.36759,         0,      12.8,     14993,         0,       640,        13,         0,         0,         0,         0,     -3973,    -45397,    -49370,         0,         0,         0,     11990,         0,      1435,         0,    153477,         0,     18367,         0,     -1767,    -32387,    -34154,    -22623,   -414548,   -437171,         0,         0,         0,         0,     18966,     64362,     13758,     46144
       831,    530831,9228.33020,         0,         0,      6080,         0,       187,         0,         0,         0,         0,         0,     -4226,    -28489,    -32714,         0,         0,         0,      7542,         0,       194,         0,         0,         0,         0,         0,     -1678,    -19650,    -21329,         0,         0,         0,         0,         0,         0,         0,     10305,     38794,      9220,     28871
       832,    530832,51456.7120,         0,         0,       265,         0,         0,         0,         0,         0,         0,         0,        -9,    -12762,    -12770,         0,         0,         0,       614,         0,         0,         0,         0,         0,         0,         0,       -11,     -9907,     -9918,         0,         0,         0,         0,         0,         0,         0,       273,     13035,       625,     10532
       833,    530833,2591.71651,         0,         0,         0,         0,      3064,         0,         0,         0,         0,         0,         0,         0,         0,         0,         0,         0,         0,         0,      5937,         0,         0,         0,         0,         0,         0,         0,         0,         0,         0,         0,         0,         0,         0,         0,         0,         0,         0,         0
       834,    530834,2506.44609,         0,         0,     18320,         0,         9,         0,         0,         0,         0,         0,     -4228,    -30873,    -35101,         0,         0,         0,     13997,         0,         1,         0,         0,         0,         0,         0,     -2075,    -22388,    -24463,         0,         0,         0,         0,         0,         0,         0,     22548,     53421,     16072,     38459
       835,    530835,2553.99802,         0,         0,      4985,         0,        90,         0,         0,         0,         0,         0,      -393,    -21117,    -21511,         0,         0,         0,      4558,         0,       242,         0,         0,         0,         0,         0,      -306,    -15139,    -15445,         0,         0,         0,         0,         0,         0,         0,      5378,     26495,      4864,     20003
       836,    530836,18115.7551,         0,         0,      3005,         0,        11,         0,         0,         0,         0,         0,      -111,     -4271,     -4382,         0,         0,         0,      1766,         0,        15,         0,         0,         0,         0,         0,      -146,     -5084,     -5231,         0,         0,         0,         0,         0,         0,         0,      3116,      7388,      1913,      6997
       837,    530837,659.572809,         0,       2.2,     56290,       692,      4852,         2,         0,         0,         0,         0,     -5265,    -13206,    -18471,         0,         0,         0,     38798,      1346,      8528,         0,     85356,      2961,     18761,         0,     -3381,    -11201,    -14583,     -7439,    -24643,    -32082,       692,         0,      1346,         0,     61554,     74761,     42179,     53381
       838,    530838,6106.23234,      11.8,       9.0,     12648,         0,       833,         9,    149242,         0,      9827,       106,    -10224,    -39674,    -49899,   -120647,   -468156,   -588803,     11844,         0,      1213,        12,    106600,         0,     10921,       106,     -4696,    -29241,    -33937,    -42267,   -263169,   -305436,         0,         0,         0,         0,     22872,     62546,     16541,     45782
       839,    530839,4041.15021,         0,         0,     13338,         0,        73,         0,         0,         0,         0,         0,    -10384,    -32518,    -42902,         0,         0,         0,     12243,         0,       199,         0,         0,         0,         0,         0,     -4900,    -24072,    -28971,         0,         0,         0,         0,         0,         0,         0,     23723,     56240,     17143,     41215
       840,    530840,2098.95016,         0,         0,     11700,         0,        44,         0,         0,         0,         0,         0,     -9950,    -27175,    -37125,         0,         0,         0,     11469,         0,       104,         0,         0,         0,         0,         0,     -4341,    -20133,    -24474,         0,         0,         0,         0,         0,         0,         0,     21650,     48825,     15810,     35943
       841,    530841,31610.8978,         0,         0,      1271,         0,         0,         0,         0,         0,         0,         0,      -139,    -44321,    -44460,         0,         0,         0,      2191,         0,         0,         0,         0,         0,         0,         0,      -191,    -29394,    -29585,         0,         0,         0,         0,         0,         0,         0,      1410,     45731,      2382,     31776
       842,    530842,4026.72200,         0,         0,      3258,         0,        29,         0,         0,         0,         0,         0,      -990,    -65425,    -66416,         0,         0,         0,      4883,         0,        40,         0,         0,         0,         0,         0,      -408,    -43664,    -44072,         0,         0,         0,         0,         0,         0,         0,      4249,     69674,      5291,     48955
       843,    530843,3195.46561,         0,         0,         0,         0,      1080,         0,         0,         0,         0,         0,         0,         0,         0,         0,         0,         0,         0,         0,      2456,         0,         0,         0,         0,         0,         0,         0,         0,         0,         0,         0,         0,         0,         0,         0,         0,         0,         0,         0
       844,    530844,6499.83795,         0,         0,       499,         0,        74,         0,         0,         0,         0,         0,        -4,     -3500,     -3504,         0,         0,         0,       473,         0,       116,         0,         0,         0,         0,         0,        -3,     -2522,     -2525,         0,         0,         0,         0,         0,         0,         0,       503,      4004,       476,      2998
       845,    530845,4558.21002,         0,         0,     46786,         0,      6285,         0,         0,         0,         0,         0,     -4702,    -30575,    -35277,         0,         0,         0,     31840,         0,      7184,         0,         0,         0,         0,         0,     -2901,    -21635,    -24535,         0,         0,         0,         0,         0,         0,         0,     51489,     82064,     34741,     56375
       846,    530846,1183.07621,         0,         0,         0,         0,      2988,         0,         0,         0,         0,         0,         0,         0,         0,         0,         0,         0,         0,         0,      4011,         0,         0,         0,         0,         0,         0,         0,         0,         0,         0,         0,         0,         0,         0,         0,         0,         0,         0,         0
       847,    530847,715.211457,         0,         0,         0,         0,      7453,         3,         0,         0,         0,         0,         0,         0,         0,         0,         0,         0,         0,         0,      7867,        41,         0,         0,         0,         0,         0,         0,         0,         0,         0,         0,         0,         0,         0,         0,         0,         0,         0,         0
       848,    530848,15852.5296,         0,         0,     28667,         0,       155,         0,         0,         0,         0,         0,    -10056,    -37155,    -47211,         0,         0,         0,     21052,         0,       296,         0,         0,         0,         0,         0,     -5835,    -27672,    -33507,         0,         0,         0,         0,         0,         0,         0,     38723,     75878,     26886,     54559
       849,    530849,19852.6517,         0,         0,      3612,         0,         7,         0,         0,         0,         0,         0,      -288,    -37937,    -38225,         0,         0,         0,      4634,         0,        15,         0,         0,         0,         0,         0,      -271,    -25376,    -25647,         0,         0,         0,         0,         0,         0,         0,      3900,     41838,      4905,     30281
       850,    530850,180.301602,         0,         0,         0,         0,       294,         3,         0,         0,         0,         0,         0,         0,         0,         0,         0,         0,         0,         0,       772,       112,         0,         0,         0,         0,         0,         0,         0,         0,         0,         0,         0,         0,         0,         0,         0,         0,         0,         0
       851,    530851,7084.67283,         0,         0,     57863,         0,       237,         0,         0,         0,         0,         0,     -1036,    -19646,    -20682,         0,         0,         0,     36512,         0,       954,         0,         0,         0,         0,         0,      -783,    -17235,    -18018,         0,         0,         0,         0,         0,         0,         0,     58899,     78544,     37295,     54530
       852,    530852,2490.65463,         0,         0,      4824,         0,        20,         0,         0,         0,         0,         0,     -2030,    -52063,    -54093,         0,         0,         0,      6204,         0,       156,         0,         0,         0,         0,         0,     -1124,    -34778,    -35902,         0,         0,         0,         0,         0,         0,         0,      6854,     58917,      7328,     42105
       853,    530853,2707.01839,         0,         0,     60761,         0,      1124,         0,         0,         0,         0,         0,     -2166,    -18283,    -20449,         0,         0,         0,     40901,         0,      2740,         0,         0,         0,         0,         0,     -1298,    -15465,    -16763,         0,         0,         0,         0,         0,         0,         0,     62927,     81210,     42199,     57665
       854,    530854,6124.24947,         0,         0,      2025,         0,         1,         0,         0,         0,         0,         0,      -154,    -39284,    -39438,         0,         0,         0,      2702,         0,        21,         0,         0,         0,         0,         0,      -112,    -26641,    -26752,         0,         0,         0,         0,         0,         0,         0,      2178,     41462,      2814,     29454
       855,    530855,2455.45077,         0,         0,     39253,         0,        55,         0,         0,         0,         0,         0,     -2115,    -22535,    -24650,         0,         0,         0,     25430,         0,       195,         0,         0,         0,         0,         0,     -1200,    -19491,    -20691,         0,         0,         0,         0,         0,         0,         0,     41368,     63903,     26630,     46122
       856,    530856,2077.77035,         0,         0,         0,         0,       484,         0,         0,         0,         0,         0,         0,         0,         0,         0,         0,         0,         0,         0,      1703,         0,         0,         0,         0,         0,         0,         0,         0,         0,         0,         0,         0,         0,         0,         0,         0,         0,         0,         0
       857,    530857,1868.69283,         0,         0,     44041,         0,       376,         0,         0,         0,         0,         0,     -2137,    -24135,    -26272,         0,         0,         0,     28833,         0,      1531,         0,         0,         0,         0,         0,     -1241,    -19795,    -21036,         0,         0,         0,         0,         0,         0,         0,     46178,     70313,     30074,     49869
       858,    530858,2902.93084,         0,         0,      1086,         0,       310,         0,         0,         0,         0,         0,       -13,     -7230,     -7242,         0,         0,         0,      1109,         0,       225,         0,         0,         0,         0,         0,       -24,     -6424,     -6448,         0,         0,         0,         0,         0,         0,         0,      1099,      8328,      1134,      7557
       859,    530859,2223.81741,         0,         0,      6150,         0,         0,         0,         0,         0,         0,         0,     -1262,    -29447,    -30709,         0,         0,         0,      5249,         0,         7,         0,         0,         0,         0,         0,      -332,    -21918,    -22250,         0,         0,         0,         0,         0,         0,         0,      7412,     36859,      5580,     27499
       860,    530860,3255.26617,         0,         0,      1106,         0,         0,         0,         0,         0,         0,         0,       -31,    -38583,    -38613,         0,         0,         0,      1328,         0,         0,         0,         0,         0,         0,         0,       -54,    -26090,    -26144,         0,         0,         0,         0,         0,         0,         0,      1137,     39719,      1382,     27473
       861,    530861,8114.33849,         0,         0,         0,         0,         0,         0,         0,         0,         0,         0,         0,     -5861,     -5861,         0,         0,         0,         1,         0,         0,         0,         0,         0,         0,         0,         0,     -5993,     -5993,         0,         0,         0,         0,         0,         0,         0,         0,      5861,         1,      5994
       862,    530862,2984.20332,         0,         0,     65682,         0,       641,         0,         0,         0,         0,         0,     -1044,    -12397,    -13441,         0,         0,         0,     42123,         0,      2168,         0,         0,         0,         0,         0,      -792,    -11769,    -12561,         0,         0,         0,         0,         0,         0,         0,     66725,     79123,     42915,     54684
       863,    530863,3226.45414,         0,         0,         0,         0,         0,         0,         0,         0,         0,         0,         0,         0,         0,         0,         0,         0,         0,         0,         0,         0,         0,         0,         0,         0,         0,         0,         0,         0,         0,         0,         0,         0,         0,         0,         0,         0,         0,         0
       864,    530864,1394.85991,         0,         0,     11604,         0,        28,         0,         0,         0,         0,         0,     -1586,    -32761,    -34348,         0,         0,         0,      8093,         0,       210,         0,         0,         0,         0,         0,      -432,    -24573,    -25006,         0,         0,         0,         0,         0,         0,         0,     13191,     45952,      8526,     33099
       865,    530865,1627.89645,         0,         0,      2166,         0,         1,         0,         0,         0,         0,         0,       -78,    -23828,    -23906,         0,         0,         0,      2760,         0,        29,         0,         0,         0,         0,         0,       -87,    -15901,    -15988,         0,         0,         0,         0,         0,         0,         0,      2244,     26072,      2848,     18748
       866,    530866,2288.03385,         0,         0,      2412,         0,       120,         0,         0,         0,         0,         0,      -134,    -18681,    -18815,         0,         0,         0,      3104,         0,        76,         0,         0,         0,         0,         0,       -99,    -12240,    -12339,         0,         0,         0,         0,         0,         0,         0,      2546,     21227,      3203,     15442
       867,    530867,1715.47572,         0,         0,      2470,         0,       325,         0,         0,         0,         0,         0,      -147,    -13733,    -13880,         0,         0,         0,      3194,         0,       181,         0,         0,         0,         0,         0,      -101,     -8978,     -9079,         0,         0,         0,         0,         0,         0,         0,      2618,     16350,      3295,     12273
       868,    530868,522.283943,         0,         0,      2645,         0,       352,         0,         0,         0,         0,         0,      -195,    -12760,    -12956,         0,         0,         0,      3445,         0,       223,         0,         0,         0,         0,         0,      -111,     -8287,     -8398,         0,         0,         0,         0,         0,         0,         0,      2840,     15600,      3556,     11843
